League,Country,Team,Stadium,Latitude,Longitude,Directions,Food_and_Stay,Ticket_Info
Premier League,England,Arsenal,Emirates Stadium,51.55667,-0.10611,"The Emirates Stadium is located in the Islington area, toward the north of London at just over 2 miles from Kings Cross St Pancras railway station. There are multiple ways to reach the stadium by public transport. Theunderground(tube) is one option – the nearest tube station is Arsenal, which is on the Piccadilly line. Decent alternatives are stations Finsbury Park (Victoria and Piccadilly line) and Highbury & Islington (Victoria line and London overground). From both stations it is an approximate 10-minute walk to the stadium. On non-matchdays, Holloway Road station (Piccadilly line) is located closest, but will be closed pre-match and is exit-only after the match. Alternatively, one can catch atrainto Finsbury Park or Highbury & Islington main line stations. It is a 5 to 10-minute journey coming from Kings Cross station. During the week trains depart from Moorgate as well. Drayton Park rail station, closest to the stadium, closes on matchdays. Supporters are not advised to arrive by car on matchdays, and there is little parking available around the Emirates Stadium on non-matchdays. Address: Emirates Stadium, London N5 1BU","The Emirates Stadium is located in the recently regenerated and rather quiet Highbury area. There are a few pubs and cafés in the immediate surroundings of the stadium, which is mainly residential, and some options to eat and drink along Holloway Road and Highbury Park road. More nightlife can be found in the Islington area on Upper Street starting south of Highbury & Islington tube station – an approximate 15 to 20-minute walk from the stadium. There are no hotels right near the Emirates Stadium, but a fair few options further north on Seven Sisters Road near Finsbury Park, which is a 15-minute walk from the stadium. TheQueens HotelandBest Western Highburyget the best reviews and go for about £100 a night, whereas thePembury Hotel,Woodberry Down Hotel, andCentral Park Hotelare more basic options. Clickherefor all hotels near the Emirates Stadium. Of course, as there are various tube lines passing by the stadium, you can just as well choose a stadium in any part ofCentral London.","Tickets for Arsenal matches can be boughtonline, or by phone 0844 277 3625 (+44 207 649 9003 if calling from abroad). Arsenal is one of the clubs in the Premier League for which it is hardest to get tickets and one will often need an Arsenal membership to be able to acquire tickets. The most basic Red level membership currently costs £33.00 and with it tickets will generally be available in pre-sale. Arsenal matches fall into three pricing categories. Tickets for category C matches, the cheapest, start at £26.00 for most lower-tier seats and range up to £51.00 for a central upper-tier seat. Tickets for category A matches, the most expensive, range from £63.50 for most lower-tier seats to £126.00 for a central upper-tier seat. A further booking fee of about £2.00 applies. Tickets for members are a little bit cheaper."
Premier League,England,Aston Villa,Villa Park,52.50917,-1.88472,Info not available,"Villa Park is located in a typical English urban area. This means that there are a few pubs around as well as some easy eating options, though if you have more time on your hands, Birmingham’s city centre might be a better option. If you arrive by car, you could stop at theStar Cityshopping centre just off exit 6 of the M6. It has the typical food outlets you tend to find at a shopping centre as well as various entertainment options. The nightlife in Birmingham’s city centre is mostly located west and south of Birmingham New Street Station. There are few hotels in the immediate vicinity of the stadium. TheHoliday Inn Expresslocated across Star City shopping centre is probably closest, but is mostly convenient if you get in by car. You can about just walk to the stadium from there. Further toward the centre, there are aCampanile HotelandPremier Inn. They are affordable and get good reviews, but are again most of all convenient for those arriving by car. If travelling by public transport, it is likely best to find a hotel in Birmingham’s centre, and take a bus or train to the match. For all hotels near Villa Park clickhere. For all options in the city centre gohere.","Tickets for Aston Villa matches can be boughtonline, by phone +44 (0) 800 6120 970, or at the Villa Village store at Villa Park. Tickets can also be bought at the same store before the start of the match. Aston Villa only very occasionally sell out. Aston Villa have divided their home games in three pricing categories. Tickets for category A matches, the most expensive, range in price from £25.00 for a lower-tier seat at the North Stand to £45.00 for a central seat at one of the long sides. Tickets for category VV matches, the cheapest, range in price from £20.00 to £37.00."
Premier League,England,Bournemouth,Dean Court,50.73528,-1.83833,"The Vitality Stadium is located in the north-east of Bournemouth at a little over 2 miles from The Square and the Bournemouth Pier in the town centre. The main railway station lies roughly halfway the town centre and the stadium. The walk from the mainrailstation to the stadium will take just under half an hour. The stadium furthermore lies at walking distance from Pokesdown station, which lies south-east of the stadium. If arriving by car, take the A338 towards Bournemouth and exit towards Boscombe. Take the second exit on the roundabout and follow King’s Park Drive to the stadium. There are signs that point to the stadium (or Dean Court) along the way. Address: Dean Court, Kings Park, Bournemouth BH7 7AF","The Vitality Stadium is located in a quiet residential neighbourhood, and apart from a local pub, there is therefore little in the immediate vicinity of the stadium in terms of eating and drinking, which is best done in and around Bournemouth’s town centre. There are neither any hotels directly near the Vitality Stadium, but plenty of options in Bournemouth’stown centre, or even closer in the nearby Boscombe area (which while regenerated, still has a somewhat negative reputation in terms of safety).","Tickets for Bournemouth games can be boughtonline, over the phone +44 (0) 344 576 1910, or in person at the ticket office at the Vitality Stadium or the BIC & Pavilion ticket office on Exeter Road right off The Square in Bournemouth’s town centre. Ticket prices range from £32.00 for a seat behind the goal to £45.00 for a central seat at the Main Stand. Bournemouth currently sell out every match in their first season in the Premier League and one generally needs to have accrued a certain number of loyalty points to be able to obtain tickets. student@example.invalid call +44 (0) 344 576 1910 for more information."
Premier League,England,Brentford,Brentford Community Stadium,51.49083,-0.28861,"Brentford Community Stadium is located in the west of London just north of the river Thames at about 6 miles from central London. There are multiple ways to travel to Brentford Community Stadium by public transport. The nearest station is Kew Bridge station, which is on the rail network. Trains depart from Waterloo station roughly every 20-30 minutes on the weekend. The journey takes about half an hour. Kew Bridge station is right next to the stadium. If you prefer the London Underground, get a District Line train to Gunnersbury, which can be boarded at any of various stop in Central London including Bank, Westminster, Victoria, and South Kensington. The journey takes max. 30 minutes and it is a further 15-minute walk to the stadium. Gunnersbury is also a station on the Overground network with trains running from Stratford in the east and Richmond in the south. It is particularly useful if coming from various places in North or East London. Finally, the stadium is also at walking distance from Acton Town underground station (app. 25 minutes), which is on the Piccadilly Line and runs through central London to Heathrow.",Info not available,"Brentford tickets can be boughtonline, or at the ticket office at Brentford Community Stadium. Ticket prices depend on the game. Games are split between high-profile Cat A games and regular Cat B games. Tickets for Cat A games range in price from £40.00 to £50.00 and those in Cat B games from £35.00 to £45.00. student@example.invalid more information."
Premier League,England,Brighton & Hove Albion,Falmer Stadium,50.86194,-0.08333,Info not available,"The Amex is located outside of the city of Brighton, bordered by the University of Sussex campus, some residential housing and farmlands. There is little around in terms of eating and drinking, which is recommended to be done in pleasant Brighton. The are neither any hotels in the close vicinity of The Amex, but there is plenty of choice in Brighton on the seafront. Clickherefor an overview of hotels in Brighton.","Tickets for Brighton matches can be boughtonline, or at the Ticket Office at The Amex Stadium. Tickets are also sold at the stadium on the day of the match. Brighton often sell out though so booking in advance is recommended. Ticket prices depend on the opponent. Prices for category C matches, the cheapest, range from £30.00 for a seat behind the goal to £46.00 for a central seat at one of the sides. Prices for category A matches, the most expensive, start at £45.00 and range up to £65.00 for the most expensive seats."
Premier League,England,Chelsea,Stamford Bridge,51.48167,-0.19111,Info not available,"Stamford Bridge is located on the border of the well-off Chelsea and Fulham areas. While somewhat quieter than the Chelsea area north-east of the stadium, there are some coffee shops, restaurants, and pubs near the stadium, mainly on Fulham Road and King’s Road a little further south. Right next to the stadium is the Chelsea Village complex, which houses a few restaurants, a sports bar, and theMillennium Hotel, which, as you may expect, is of the more luxurious type. There are a few more hotels at short walking distance from Stamford Bridge, and lots of them a little further away near Earl’s Court tube station.Hotel Ibis Earls Courtand aHoliday Inn Expresslie just north of the stadium, whereas the exclusiveWyndham Grand Londonsits on the banks of the river Thames. Decent hotels near Earl’s Court station, a short 15-minute walk from the stadium, include theLondon Town Hotel,Rushmore Hotel,Henley House Hotel, andLord Kensington Hotel. Clickherefor all hotels near Stamford Bridge. Further hotels in Central London can be foundhere.","Tickets for Chelsea FC games can be purchasedonline, by phone +44 (0) 871 984 1905, or at the box office at Stamford Bridge. Chelsea club members get priority to buy match tickets. All regular league matches sell out and it is therefore advised to buy as much in advance as possible so make sure to check the Chelsea website for on-sale dates. You’ll likely won’t succeed to get tickets without a membership. Chelsea matches fall into three pricing categories. Tickets for category B games, the cheapest, range in price from £47.00 for a lower-tier seat at one of the ends to £65.00 for a seat at the upper West Stand. Tickets for category AA+ matches cost between £56.00 and £82.00. Some restricted view tickets can be a little cheaper. You can find a seating planhere.For more information call 0 871 984 1905 (UK) or+44 207 835 6000 (international)."
Premier League,England,Crystal Palace,Selhurst Park,51.39833,-0.08556,"Selhurst Park is located in the far south of London at about 8 kilometres from central London. The stadium is best reached bytrain. Both Selhurst and Thornton Heath station are a 5 to 10-minute walk away from the ground. The stations are served by trains coming from Victoria and London Bridge stations in the centre. The journey takes 25 to 30 minutes. Trains also call at Clapham Junction. Norwood Junction station lies at the other side of Selhurst Park at a similar distance. It has service from London Bridge station, and arrives quicker than the above trains (in 10 to 15 minutes). There are furthermore a fewbusesthat connect with the stadium. Bus 468 can be caught from Elephant & Castle, and bus X68 can be taken from Russel Square in The City or Waterloo Station. Both buses pass the stadium on Whitehorse Lane. Address: Whitehorse Lane, London SE25 6PU","Selhurst Park is located in a quiet residential neighbourhood. There are a few pubs and typical fast food outlets in the vicinity of the stadium – mostly so on the High Street near Thornton Heath station -, but the options are rather limited. There are no hotels directly nearSelhurst Park, and even the offer of rental apartments is limited. The closest hotels are in theCroydonarea, just south of the stadium one train station or a half an hour walk away, but if you expect to spend more time in London, you will likely prefer a hotel somewhat morecentraland make your way to the stadium by public transport.","Ticket for Crystal Palace games can be boughtonline, or at the Ticket Office at Selhurst Park. Home matches fall into two pricing categories. Tickets for category B matches, the cheapest, range in price from £27.00 for a lower-tier seat behind the goal to £38.00 for a seat at the main stand. Ticket prices for category A matches, the most expensive, range between £37.00 and £48.00. Crystal Palace currently only sell tickets to club members so you need to buy a membership first before you can buy any match tickets. The cheapest membership costs £25.00. If buying a ticket for a top match, Palace will require you to also buy a ticket for a Cat. B match. For more information call +44 (0) 8712 00 00 71 or student@example.invalid."
Premier League,England,Everton,Goodison Park,53.43889,-2.96639,"Goodison Park is located about 2.5 miles north-east of Liverpool’s city centre and Lime Street railway station. If arriving by car from the M57 (which runs east of Liverpool), take junction 4 and turn onto East Lancashire Road (A580) in the direction of the city. Follow the road for about 4 miles (after Queens Drive it changes into Walton Lane) until you see Stanley Park on your left and the stadium on your right. Railstation Kirkdale is an approximate 20-minute walk away from the ground. The station is served by regular trains from Liverpool Central Station. The journey takes slightly less than 10 minutes. Alternatively, one can takebus19/19A, 20, or 21 from Queen Square Bus Station (almost opposite Lime Street rail station), or line 311 and 350/351 from Sir Thomas Street (in the city centre). On matchdays Everton run shuttle buses from Sandhills Rail Station (north of the centre) to Goodison Park. Address: Goodison Park, Liverpool, L4 4EL","Goodison Park is located in a quiet residential area, bordered by St Luke’s Church and Stanley Park. On the other side of Stanley Park, just half a mile away, lies Anfield. While there are a few pubs and fast food places in the vicinity of the stadium for pre-match drinking and some food, there are many better options in Liverpool’s city centre. There are no major hotels in the area around Goodison Park, but a few smaller guesthouses and B&Bs for those wishing to stay as close to the stadium as possible. Clickherefor an overview of available hotels near Goodison Park. Most people, however, will decide to spend the night in Liverpool’scity centre, or even travel in from other destinations in the UK.","Tickets for Everton games can be boughtonline, by phone +44 (0) 871 663 1878, or at the Box Office at Goodison Park. The Box Office is also opened on matchdays until kick-off in case tickets remain available. However, Everton increasingly sell out and it is advised to book in advance as soon as tickets go on general sale (which is usually a few weeks before the fixture) to avoid having to settle for a ticket with restricted view. If sold out, tickets may also be available throughStubhub, Everton’s official ticket market place. Expect to pay from £43.00 for a lower-tier seat at the Bullens Stand to £49.00 for a seat at the Park End. A limited number of tickets for the Paddock is available for £35.00. You can find a seating planhere. Call +44 (0) 871 663 1878 or student@example.invalid more information."
Premier League,England,Fulham,Craven Cottage,51.475,-0.22166666666667,"Craven Cottage is located in the Hammersmith and Fulham borough in the west of London, about 5 miles from the Houses of Parliament and Westminster Abbey. It sits on top of the banks of the river Thames and is bordered by Bishops Park. The stadium is best reached with theunderground(tube). From Putney Bridge station, which is on the District Line, it is a 10-minute walk to the stadium. An alternative is Hammersmith station, which is served by trains on the Circle, District, Hammersmith & City, and Piccadilly lines, from where it is a 20-minute walk to the stadium. Craven Cottage is difficult to reach by car, and due to parking restrictions it is not advised to arrive by car on matchdays. Address: Stevenage Road, London, SW6 6HH","Craven Cottage lies in the quiet and relatively well-off Fulham area. The immediate area around the stadium is mainly residential, but there are a few pubs and places to get something to eat near Putney Bridge tube station and Fulham High Street. Right by Putney Bridge is thePremier Inn Putney Bridgehotel, which gets good reviews and is not unreasonably priced for London. The walk to the stadium through Bishop’s Park takes no more than 10 minutes. Alternatively, you can opt to get a hotel nearHammersmithstation, with the added advantage that you have got good transport connections to central London. TheBest Western HammersmithandNovotel London Westare very decent options. Finally, theHoliday Inn Express Earls CourtandIbis Earls Courtnear West Brompton tube station may also just be at walking distance (30 minutes) from the stadium. There are many more hotels nearEarls Courtstation, which is a short metro ride away. Clickherefor an overview of all hotels near Craven Cottage.","Tickets for Fulham matches can be boughtonline, by phone +44 (0) 843 208 1234, or in person at the ticket office at the stadium. If tickets remain available, these can also be bought at the ticket office on the day of the match. Fulham rarely sell out in the Championship. Fulham have divided their home matches into two pricing categories. Tickets for Category B matches, the cheapest, range in price from £20.00 for a seat behind the goal to £35.00 for the central parts of the long sides. Tickets for Category A matches, the most expensive, cost between £25.00 and £40.00."
Premier League,England,Ipswich Town,Portman Road,52.055,1.14528,"Portman Road is located in central Ipswich on the way from the railway station to the city centre. The walk from either to the stadium takes no more than a 5 minutes. There is frequenttrainservice from London Liverpool Street Station to Ipswich with the journey taking just over an hour. If arriving by car, follow the directions to Ipswich’s city centre. Any parking place in the centre will be at walking distance from the stadium. Address: Portman Road, Ipswich, IP1 2DA",Info not available,"Tickets for Ipswich Town matches can be boughtonline, or at the ticket office at Portman Road. Tickets are also available on the gate on the day of the match. Ipswich Town rarely sell out. Expect to pay from £25.00 for a lower-tier seat at the side to £35.00 for a central seat at the side upper tier. student@example.invalid more information."
Premier League,England,Leicester City,King Power Stadium,52.62028,-1.14222,"The King Power Stadium is located slightly more than 1 mile south of Leicester’s city centre and main rail station. The walk should not take more than half an hour. On the way you’ll pass the stadium of Rugby club Leicester Tigers. Alternatively,Arrivabus84, 84A and 85,Centrebus302, orFirst Bus88 connect the stadium with the city centre and rail station. If arriving by car from either the M1 or M69, exit at junction 21 (where the M1 and M69 intersect). Follow the signs for the city centre via the A5460. After almost 3 miles turn right onto Upperton Road. From Upporton Road signs will guide you to the stadium. Address: Filbert Way, Leicester, LE2 7FL","King Power Stadium is located on a retail park bordered by a residential area. While there is the odd pub around, it is not the most attractive area and most will drink in the city centre or nearer to the station. If you wish to stay overnight close to the King Power Stadium, theHoliday Inn Express Leicesterwill surely be your pick as it stands right next to the stadium. Otherwise, there are the usual national chain hotels in Leicester’scity centre, which is at walking distance from the stadium. Clickherefor an overview of hotels near King Power Stadium.","Tickets for Leicester City matches can be boughtonline, by phone +44 (0) 844 815 5000, or in person at the City Fanstore at the King Power Stadium. Following Leicester’s title winning season, the club now sell out most games, though tickets for many games still tend to be available if bought well in advance. Leicester City have divided their home matches into three pricing categories. Prices for Category C matches, the cheapest but also rarest, range from £26.00 for a seat behind the goal or in one of the corners to £48.00 for a central seat at one of the sides. Tickets for Cat A matches, the most expensive, cost between £30.00 to £50.00. For more information student@example.invalid. You can find a seating planhere."
Premier League,England,Liverpool,Anfield,53.4308,-2.9608,"Anfield is located about 2 miles north of Liverpool city centre in the middle of the Anfield area. Just half a mile away, separated by Stanley Park, lies Goodison Park, home of Liverpool rivals Everton. If coming by car from the M57 north, exit at junction 4 toward Liverpool/A580. Follow the A580 toward the city for almost 4 miles, and, after having passed Walton Hall Park on your right, turn left onto Queens Drive (A5058). After half a mile turn right at the traffic lights onto Utting Avenue. Continue until you see the ground on your right. If arriving from the south or east, approach the city on the M62 and follow for A5058 Queens Drive. Stay on the A5058 for about 3 miles, and turn left at the traffic lights at Utting Avenue. Continue until you see the stadium on your right. If using public transport, takebus17 from Queens Square bus station, which lies almost opposite Liverpool Lime Street train station in Liverpool’s centre. Alternatively, one can take bus 26 or 27 from Paradise street, also in the centre, or bus 917 from St John’s Lane. All buses leave you directly at the ground. Address: Anfield Road, Liverpool, L4 0TH","Anfield is located in Liverpool’s Anfield area, which used to be rather derelict but has somewhat regenerated in recent years. It is bordered on one side by Stanfield Park and by terraced housing on the other sides. There is little to see and do around the stadium, though there are a few pubs for pre-match drinking. Expect them to get crowded though. Of course, there are plenty of eating and drinking options in Liverpool’s city centre. Most of the nightlife is situated south and west of Liverpool Lime Street station (e.g. Concert Square and Mathew Street) and around the Albert Dock. There are a few hotels near Anfield for those who wish to stay close to the football action.Soccer Suite,The Cabbage Hall Hotel, andHotelanfieldare all at short walking distance of Anfield and get decent to good reviews, while there are a few more options in pubs or private residences. Clickherefor an overview of all hotels near Anfield If you plan to spend more time in Liverpool, it will likely be more convenient to pick a hotel closer to the city centre, where there are manyoptions.","Tickets for Liverpool games can be boughtonlineonly. Liverpool sell out all of their Premier League matches. Tickets for lower-profile matches do occasionally go on general sale, but it is advised to purchase them as soon as they do roughly 6 weeks before the game. LFC Official Members receive priority access to tickets. Membership prices currently start at £26.99. The club also offers more expensive Hospitality packages that tend to be more easily available. Tickets range in price from £37.00 for a seat in one of the corners of The Kop to £59.00 for a lower-tier seat at the Main Stand. You can find a seating planhere."
Premier League,England,Manchester City,City of Manchester Stadium,53.48306,-2.20028,"Etihad Stadium is located toward the east of Manchester at about 1.5 miles from Manchester’s city centre and slightly less from Manchester Piccadilly Station. The walk from the city centre to the stadium takes about 30 minutes, and that from Manchester Piccadilly Station 25 minutes. Follow the City Link signs. It is quicker though to catch themetrolinkfrom either Piccadilly Station or – for example – Market Street in the city centre. Take a train in the direction of Droylsden and get off at stop Etihad Campus right next to Etihad Stadium. The journey takes 8 to 10 minutes. Alternatively, there is a large number ofbusesthat serve the stadium, e.g. line 53, 54, 185, 186, 216, 217, 230, 231, 232, 233, 234, 235, 236, 237, X36 and X37. After the match buses to the city centre will depart from Ashton New Road next to the South Stand. If arriving by car, the stadium can best be reached from the M60 (running east from the city). Take either junction 22 or 24, and drive east towards the city centre. From there on, follow the signs for Sportcity. Address: Etihad Stadium, SportCity, Manchester, M11 3FF","The area around the Etihad Stadium is not one of the best of Manchester, and apart from the odd pub there are few options for eating and drinking. The city centre is at walking distance though, and one can therefore just as well eat and drink there and then walk or take the metrolink to the stadium. There are some bars around Piccadilly Station, closest to the stadium, but other nightlife areas such as the Northern Quarters, The Printworks (both north of the center), Deansgate Locks (south), or around the Town Hall are not too far away either. There are no hotels directly near the Etihad Stadium, but there is anIbis Budgetat an approximate 10-minute walk towards the centre. Clickherefor an overview of hotels near the Etihad Stadium. Alternatively, there are plenty of options near Piccadilly Station, though most come in the high-end category.The Portland by Thistle,Premier Inn,Britannia Hotel, andMercureare some of the cheaper options. Of course, there are plenty of options elsewhere in the centre, and the stadium is easily reached by public transport. Clickherefor an overview of all hotels in Manchester.","Tickets for Manchester City games can be boughtonline, or by phone +44 (0) 161 444 1894. While Man City does sell out most high-profile matches, tickets for most other matches are rather easily available, especially if booked in advance. Ticket prices depend on the opponent with those for the least interesting fixtures starting at £35.00 for a lower-tier seat behind the goal and those for the highest-profile opponents starting at £57.00. If the match is sold out, you can get hospitality tickets through eitherviagogoorStubhub. These tend to be rather reasonably priced so are even worth a shot if you fancy trying out a slightly upgraded experience. For more information call +44 (0) 161 444 1894 or student@example.invalid."
Premier League,England,Manchester United,Old Trafford,53.46306,-2.29139,"Old Trafford is located just over 2 miles south-west from Manchester’s city centre and just under 3 miles from Manchester Piccadilly Station. If arriving by car from the M60, take junction 7&8 and turn onto Chester Road (A56) northbound. Follow Chester Road for about 2 miles and turn left onto Sir Matt Busby Way (access closed on matchdays). If using public transport, the stadium is best reached byMetrolinkoverground metro. From Piccadilly Station it is a 15-minute journey to Old Trafford station, which lies a 5-minute walk away from the stadium. On matchdays a special train service is provided from most Manchester city centre stations to Old Trafford Stadium rail station. Address: Sir Matt Busby Way, Old Trafford, Manchester, M16 0RA","Old Trafford is located in an area that is a mix of residential housing and offices and light industry. The area lacks excitement, though there are a good few hotels around if you wish to stay close to the stadium. Hotel Football Manchester, backed by a number of former United players such as Gary Neville and Ryan Giggs, lies right next to the stadium and gets great reviews.Chesters Hotel,Victoria Warehouse Hotel, andPremier Innare also at short walking distance and somewhat cheaper. There are also various hotels a little further north around the quays, which includes such chains asIbis Budget,Ramada, andHoliday Inn Express. For an overview of all hotels near Old Trafford clickhere. There are naturally also many options in Manchester’s citycentre, a short Metrolink journey away, though these hotels tend to be a little more expensive. The few pubs close to the stadium fill up quickly on matchdays, which is good for the atmosphere, but if you want to sit down for some food, it may be wiser to do so in the centre. In particular the Deangate Locks and Castlefield area are perfectly situated on the Metrolink.","Tickets for Manchester United games can only be boughtonline. Match tickets for league games tend only to go on sale for club members. The cheapest membership in combination with a ticket costs £20.00 per year. Even though Manchester United almost always play for a full house, tickets for games against lower-profile teams will often be easily available for club members if bought in advance, especially for seats at the upper tiers. Ticket prices range from £31.00 for a lower-tier seat behind one of the goals to £53.00 for a central seat at the Sir Alex Ferguson or South Stand. You can find a seating planhere. Call +44 (0) 161 868 8000 for more information."
Premier League,England,Newcastle United,St James' Park,54.97556,-1.62167,"St James’ Park is located on the edge of Newcastle’s city centre, making it easy to reach by public transport. The stadium lies slightly towards the north-east of Newcastle’s centre and north of the mainrailwaystation, from where it is a 10-minute walk. On its northern side it borders Leazes Park. If arriving by car, follow directions to Newcastle’s city centre. The stadium is close to most city centre car parks, but due to its location it is advised to travel by public transport. St James’ Park is also served bymetro(stop St James) if you arrive from elsewhere in the Newcastle region or NewcastleAirport. Address: St James’ Park, Newcastle-upon-Tyne, NE1 4ST","One of the great assets of St James’ Park is its central location right in Newcastle’s city centre. This means that there is a large variety of eating and drinking options in the surroundings of the stadium. This also means that there are a fair few hotels at close walking distance of the stadium. The excellent-ratedSandman Signature Hotellies right next door, but there are various more toward the main railway station. TheHoliday Inn Express,County Hotel, andSleeperz Hotelare among the more affordable that get good reviews. For all hotels near St James’ Park clickhere, which shows you also all hotels in the city centre.","Tickets for Newcastle United games can be boughtonline, by phone +44 (0) 844 372 1892, or at the official club stores at St James’ Park and the Metrocentre. Newcastle tend to sell out a quarter to half of their home matches depending on how well the season is progressing. If not sold out, tickets can also be bought at the stadium ticket office right before the match. Ticket prices depend on the opponent. For a typical match most tickets for the ends cost £27.00 and those for the sides between £32.00 and £52.00. Prices are increased with about £15.00 for high-profile matches. You can find a seating planhere."
Premier League,England,Nottingham Forest,City Ground,52.94,-1.13278,"The City Ground is located in the south of Nottingham on the banks of the river Trent. It is situated at just 1.5 miles from Nottingham’srailstation and only slightly further from Nottingham’s Market Square. The walk will generally take less than half an hour. The stadium is across the road from the historic Trent Bridge Cricket Ground, and lies only a few hundred metres away fromMeadow Lane, the home of Notts County that is located on the other side of the river, making them the two closest stadiums in England. Manybusespass the City Ground. Every few minutes a bus will leave the centre that will bring you to the ground, including line 1, 2, 3, 4, 5, 6, 7, 8, 10, 22, and 90. The journey takes less than 10 minutes. Skylink buses connect the stadium withEast Midlands Airport. The journey takes about 35 minutes. Address: The City Ground, Nottingham NG2 5FJ",Info not available,"Tickets for Nottingham Forest games can be purchasedonline, by phone +44 (0) 115 982 4388, or at the club’s Ticket Office at the City Ground. On the day of the match tickets can be bought from the ticket office at the Brian Clough Stand. Forest only very occasionally sell out. Ticket prices can depend on the opponent, but expect to pay £24.00 to £26.00 for ticket. For more information call +44 (0) 871 226 1980 or student@example.invalid."
Premier League,England,Southampton,St Mary's Stadium,50.90583,-1.39111,"St Mary’s Stadium is located just east of Southampton’s city centre in the docks area on the west bank of the River Itchen. It is less than a mile – or 15 minutes walking – from Southampton’s High Street. The walk from Southampton Central Rail takes only a little longer. On matchdays there is a shuttle service from the Central Rail Station and the Town Quay Ferry Terminal. Parking is very limited near St Mary’s Stadium on matchdays, and roads around the stadium will be closed. One is therefore advised to park in the city centre and walk to the stadium. Address: Britannia Road, Southampton, SO14 5FP","St Mary’s Stadium is located in a rather unappealing area which is a mixture of docks and light industry, while being bordered by railway tracks and residential housing on the other side of the tracks. Eating and drinking is best done in the city centre, a reasonable 15-minute walk away. There are no hotels right at St Mary’s Stadium, but thePremier Inn Southampton City Centrewould surely be the pick if you wish to stay as close as possible to the stadium. On the way from the centre to the stadium, it’s located just a 10-minute walk from the stadium and gets good reviews. TheJurys Inn Southamptonis a comparable alternative a little further away. There is no wealth of hotels in Southampton, but clickherefor an overview of the other options around.","Tickets for Southampton games can be boughtonline, by phone +44 (0) 2381 780 780 (Ticket Hotline), at the Saints Store at West Quay Shopping Centre (in the city centre), or at the Ticket Office at the stadium. Tickets fall into three pricing categories. Tickets for category C games, the cheapest, range from £33.00 for a seat behind the goal or in the corners to £46.00 for a premium seat at the main stand. Tickets for category A games, the most expensive, cost between £40.00 and £52.00. Tickets are £2.00 more expensive if bought on the day of the match. You can find a stadium maphere. For more information call +44 (0) 845 688 9288 or student@example.invalid."
Premier League,England,Tottenham Hotspur,Tottenham Hotspur Stadium,51.60444,-0.06639,"Tottenham Hotspur Stadium is located in the Tottenham area in the north of London. The nearestundergroundstation, Tottenham Hale station, is relatively far away, but with an approximate 30-minute walk still just at walking distance. The walk from Seven Sisters station along Tottenham High Road takes a few minutes longer but is easier to navigate, or take a bus up Tottenham High Road. Both stations are on the Victoria line that connects with central London. Easier is taking theovergroundrail though, with trains running from Liverpool Street station in central London to White Hart Lane station, which lies a short walk from the stadium. The journey takes about half an hour. Instead of an overground TFL train, you can also catch anational railtrain from Liverpool Street station to Northumberland Park station, which lies on the other side of the stadium. Expect queuing at all above stations after the match and it can be quicker to walk to a station further away. Spurs furthermore run shuttle buses from Wood Green station on the Piccadilly Line and Alexandra Palace. Address: 782 High Rd, Tottenham, London N17 0BX","Tottenham Hotspur Stadium is located in the Tottenham area of London, which used to have a somewhat bad reputation, but has improved a lot in recent years. There is a good amount of pubs and (fast food) restaurants in the area around the stadium, and of course plenty of options inside the stadium as well. There are few hotels located directly near the stadium, but some apartment rentals to choose from if you wish to stay near the stadium. Most people will decide to stay elsewhere in London though and travel in for the match. Clickherefor an overview of hotels and apartment rentals near Tottenham Hotspur Stadium andherefor hotels elsewhere in London.","Tottenham Hotspur tickets can be boughtonline. Tickets will first go on sale for club members and if they remain available after, on general sale. At the moment, regular league matches are unlikely to go on general sale due to high demand and becoming a club member may therefore be necessary to get tickets."
Premier League,England,West Ham United,London Stadium,51.53861,-0.01639,"London Stadium is located on the Queen Elizabeth Olympic Park in the Stratford area in the east of London, about 3.5 miles away from the City. Stratford has excellent transport connections with the rest of London, and can be reached by various underground and overground rail lines. From central London, the stadium can be reached bytubewith either the red Central Line (e.g. Oxford Street and St Paul’s), or the silver Jubilee Line (e.g. London’s South Bank and Westminster). Get off at stop Stratford, from where it’s a 10-minute walk to the stadium. From most central London destinations it takes 10 to 15 minutes to reach Stratford by tube. From certain North London destinations (e.g. Islington or Camden) it may be quicker to catch the overground to Stratford, which is the last station on the line. From a number of local East London destinations and London City Airport, the DLR light rail can be used to get to the stadium. There are no parking facilities near the stadium so arriving by car is not encouraged. Address: Queen Elizabeth Olympic Park, London E20 2ST UK","London Stadium is situated on Queen Elizabeth Olympic Park in London’s Stratford area, which has seen a wave of regeneration since the opening of the stadium in 2012. The centerpiece of the new Stratford isWestfieldShopping mall, which boasts a large number of restaurants and some pubs for local eating and drinking. The rest of Stratford is less attractive though and there is little reason to venture out, though Queen Elizabeth Olympic Park is great on a summer’s day. There is a good amount of hotels near the Olympic Park, and finding a hotel here is often more affordable than in central London and a great base to explore the rest of London. There are aHoliday Inn,Premier Inn, and somewhat more luxuriousStaybridge Suitesright at Westfield mall that all get good reviews. A slightly more affordableIbisa few steps further away is an alternative. Clickherefor an overview of hotels near London Olympic Stadium.","West Ham tickets can be boughtonline, or by phone+44 (0) 333 030 1966. Following their move to the London Stadium, West Ham’s attendances surged and they sold out their first few games, though interest has dropped a little subsequently and tickets for most fixtures save the top teams and local derbies will now be available on general sale. That said, the stadium still regularly sells out so it is recommended to buy well in advance. West Ham’s ticket exchange where season ticket holders list their tickets can be an alternative if the match is sold out. Ticket prices depend on the opponent. Ticket for category C games, the cheapest range in price from £25.00 to £40.00, those for category B games from £30.00 to £60.00, and those for the most expensive category A games from £50.00 to £80.00. student@example.invalid call+44 (0) 333 030 1966 for more information."
Premier League,England,Wolverhampton Wanderers,Molineux Stadium,52.59028,-2.13028,"Molineux Stadium is located on the northern edge of Wolverhampton city centre, next to the Wolverhampton University campus. The walk from Wolverhampton Rail Station (or bus stations) will only take 10 minutes. When coming out of therailstation, turn right onto Wolverhampton’s city centre ring road and follow until you see the stadium on the right side of the road. Multipletrainsan hour connect Birmingham New Street station with Wolverhampton. The journey takes a little under or over 20 minutes depending on the service. There are direct trains from Manchester Piccadilly and London Euston stations to Wolverhampton too, typically about once to twice an hour. Address: Waterloo Road, Wolverhampton, WV1 4QR",Info not available,"Tickets for Wolves games can be boughtonline, by phone +44 (0) 871 222 1877, or in person at the ticket office at the stadium. Ticket prices typically range from £25.00 for a seat at one of the ends to £30.00 for a seat at the upper Bill Wright Stand. You can find a seating planhere. student@example.invalid more information."
La Liga,Spain,Alavés,Mendizorrotza,42.8371111,-2.6880444,"Estadio de Mendizorroza is located in the south-west of the city of Vitoria-Gasteiz, roughly 1.5 kilometres from the train station and a little more from the city centre. The walk from the train station takes about 15 minutes, that from the city centre a few minutes more. Trains connect Vitoria-Gasteiz with most major cities in northern and central Spain including Madrid, Barcelona, and Zaragoza. Address: Paseo de Cervantes,s/n, 01007, Vitoria-Gasteiz",Info not available,"Alaves tickets can be boughtonline, by phone +34 945 13 10 18, at the club shop at Mendizorroza, at the club shop at General Alava Kalea 1 in Vitoria-Gasteiz’ city centre, or at the ticket windows of the stadium from 2 hours before the match. Tickets will likely be available on the day for most matches save those against Barcelona and Madrid and the local derbies. Ticket prices can depend on the opponent, but expect to pay €20.00 for a seat behind the goal and between €35.00 and €60.00 for a seat at one of the sides for a regular opponent."
La Liga,Spain,Athletic Bilbao,San Mamés,43.2643,-2.9504,Info not available,"Estadio San Mamés is located on the edge of Bilbao’s city centre, which means that there is a good amount of cafes, bars, and restaurants in the area. Further nightlife can be found further east in the historic centre (Casco Viejo) and around the railway stations. There are various hotels close to Estadio San Mamés.Hotel Hesperia Zubialde,Hotel San Mames,Hotel Abba Parque, andNH Villa de Bilbaoall get good reviews and are at just a few minutes walking from the stadium. Clickherefor all hotels near San Mames, andherefor options closer to the historic centre.","Tickets for Athletic Club matches can be boughtonline, or at the ticket windows of San Mames from two days before the match (in the morning and evening hours). Tickets are also available at the ticket windows of San Mamés from two hours before the start of the match. Athletic’s attendances have shot up since their move to a new stadium, however tickets for most matches will be available on the day. It is advised to book in advance though for the Madrid and Barcelona games as well as local derbies. Ticket prices can depend on the opponent, but typically range from €30.00 for a seat behind the goal to €110.00 for the best seats at one of the sides."
La Liga,Spain,Atlético Madrid,Metropolitano,40.43611,-3.59944,"Wanda Metropolitano is located in the north-east of Madrid towards Barajas airport at roughly 10 kilometres from central Madrid. The stadium is easily reached bymetro. Station Estadio Metropolitano lies right next to the stadium. Estadio Metropolitano is a stop on the orange line 7, which runs north of central Madrid so from central Madrid a change is required at, for example, Pueblo Nuevo (line 5), Avenida de America (line 4, 6, and 9) or Gregorio Maranon (line 10). Station Las Musas, also on line 7, is also at short walking distance from the stadium. Alternatively, the stadium can about just be walked to – about 25 minutes – from station Torre Arias, which lies on line 5. Address: Wanda Metropolitano, 28022 Madrid","Whereas the old Vicente Calderon was located in a charming neighbourhood, the area around Wanda Metrpolitano is less appealing. Enclosed on one side by a motorway, and the other by a rather anonymous residential neighbourhood consisting of rows of large apartment blocks, it is no wonder that Atletico fans were reluctant to move here. Of course, it being Spain, there’s the odd local place to eat or drink, but overall there is little reason to head to the stadium long in advance of the game. There are no hotels directly near Wanda Metropolitano, though there are a few options a little further out in the San Blas area that are about just at walking distance (about 30 minutes). These hotels includeIlunion Alcala Norte,Ibis Madrid Valentin Beato,Ibis Budget Valentin Beato, and theOccidental Madrid Este, which all get good reviews. Clickherefor an overview of hotels in the San Blas area near Wanda Metropolitano. Of course, since the stadium is easy to reach by public transport, you can just as well pick a hotel elsewhere in Madrid – clickhereto explore the options.","Tickets for Atletico Madrid games can be boughtonlinethrough the club website or through theentradas.comportal. Prices can depend on the opponent, but expect to pay from €60.00 for an upper tier seat behind the goal to €150.00 for the best seats at the main stand for a regular league match. Most lower and middle tier seats behind the goal and on the sides tend to go for €80.00 to €100.00. A few upper corner seats at the old La Peineta stand go for €40.00 Expect to pay more for high-profile games. Atletico fills up the Wanda Metropolitano quite nicely, but tickets are easily available for most league fixtures."
La Liga,Spain,Barcelona,Olímpic Lluís Companys,41.36472,2.15556,"RCDE Stadium is located on the south-western edge of the city of Barcelona in the suburb of Cornellà de Llobregat, almost 10 kilometres from Barcelona’s city centre. Metrostation Cornellà Centre lies a 15-minute walk away from the stadium. It is the last stop on line 5 which passes just north of Barcelona’s historic centre, and also stops near the Sagrada Familia. Tram1 and 2 stop at a similar distance from the stadium. They may be useful if coming from the area aroundCamp Nou(Avenida Diagonal). Get off at stop Cornellà Centre or Les Aïgues. TheFerrocarrilsde la Generalitat, a type of commuter trains, can bring you somewhat closer to the stadium. Station Cornellá Riera is just a 5-minute walk away from the stadium. Multiple trains, for example the L8, leave from Plaza España, about 2 kilometres west from the historic centre. RCDE Stadium lies near a crossroads of motorways. If coming from the A-2/B-10 east, exit at L’Hospitatelet/Cornella, which will bring you almost straight to the stadium. If coming from the Ronda da Dalt, first get on the E-90/A-2, and then take the exit for L’Hospitatelet/Cornella. If coming from the A-2 west, take exit 607 toward Cornellà de Llobregat. At the first roundabout turn right into the Avinguda Baix Llobregat. Address: Av. Baix Llobregat 100, 08940 Cornellà de Llobregat (Barcelona)","RCDE Stadium is situated on the edge of Barcelona in a quiet suburb, and there are therefore few eating and drinking options around. While you will likely find a place to eat in the centre of Cornellà, a 10-minute walk north of the stadium, it may make more sense to stick to the city centre. The same is true if it comes to hotels. If you spend at least a day in Barcelona, it will be more convenient to stay closer to Barcelona’s centre. However, if you are there just for the match or arrive by car, then there are a few hotels close to RCDE Stadium.Hotel Campanile Barcelona Sudis a 5 to 10-minute walk from the stadium, gets good review, and is reasonably priced.Novotel Cornellàis somewhat further away, but still at walking distance. Clickherefor an overview of hotels near RCDE Stadium. If you choose to stay closer to Barcelona’s city centre, the area aroundPlaça d’Espanyamay be a good option. There are many hotels there, and it is where you can catch a quick train to the stadium. Otherwise, there are many options in Barcelona’shistoric centreas well.","Tickets for RCD Espanyol games can be boughtonline, by phone +34 932 927 700, or at the ticket windows at the stadium on the day of the match. Espanyol sell out very few matches, and even the home fixtures against Barcelona and Madrid are no guaranteed sell-out. Ticket prices depend on the opponent. For a typical match expect to pay from €25.00 to €30.00 for a seat in one of the corners to €60.00 to €75.00 for a lower-tier seat at the main stand. Prices will be further increased for a number of high-profile matches. You can find a seating planhere. For more information student@example.invalid."
La Liga,Spain,Celta Vigo,Balaídos,42.2118,-8.7397,"Estadio de Balaídos is located in the south-west of the city of Vigo at about 3 kilometres from its historic city centre and a little more from the train station. The stadium lacks an easy transport connection, but it’s a long walk of around 45 minutes with some elevation to conquer from either the modern city centre near Urzaiz train station or the historic centre down the hill near the coast. The alternative is catching a bus or taxi. From the modern centre, any bus that runs down the Gran Via will do (get one from, for example, Plaza de Espana). Get off at the Praza de America roundabout and walk 10-15 minutes down the Avenida do Fragoso towards the stadium. Buses include the 16, 23, and H2. From the historic centre, bus 5a, 7, 8, 11, 12b and 17 all bring you close to the stadium. Get them from the Rua Policarpo Sanz. Address: Avd. de Balaídos s/n, 36210 Vigo","Estadio de Balaidos is located in a lively residential area with loads of bars and restaurants around, directly opposite the stadium or along the Avenida do Fragoso or Avenida da Florida. It’s a pleasant area to spend some time before the match, but bear in mind that, as often in Spain, once inside the stadium there are few options to eat. The area around Balaidos does not house many hotels, but withHesperia Vigo,Hotel Coia de Vigo, andHostal Genevethere are a few options at walking distance. Otherwise there is a good selection of hotels in Vigo’shistoric centreand around Urzaiztrain stationin the modern centre. Clickherefor an overview of hotels near Estadio de Balaidos andherefor further options in Vigo.","Tickets for Celta de Vigo games can be boughtonline, or at the ticket windows of the stadium from a week before the match. The club may restrict online sales to Spanish citizens (requiring a DNI number) and in those cases the club can be contacted to arrange a ticket in advance. Tickets can also be bought on the day at the stadium. Celta only sell out the odd high-profile match. Ticket prices depend on the opponent, but typically range in price from €20.00 for a seat behind the goal to €50.00 for an upper-tier seat at the main stand. Expect to pay significantly more for the derby against Deportivo and the Barcelona and Madrid games."
La Liga,Spain,Espanyol,RCDE Stadium,41.34778,2.07556,"RCDE Stadium is located on the south-western edge of the city of Barcelona in the suburb of Cornellà de Llobregat, almost 10 kilometres from Barcelona’s city centre. Metrostation Cornellà Centre lies a 15-minute walk away from the stadium. It is the last stop on line 5 which passes just north of Barcelona’s historic centre, and also stops near the Sagrada Familia. Tram1 and 2 stop at a similar distance from the stadium. They may be useful if coming from the area aroundCamp Nou(Avenida Diagonal). Get off at stop Cornellà Centre or Les Aïgues. TheFerrocarrilsde la Generalitat, a type of commuter trains, can bring you somewhat closer to the stadium. Station Cornellá Riera is just a 5-minute walk away from the stadium. Multiple trains, for example the L8, leave from Plaza España, about 2 kilometres west from the historic centre. RCDE Stadium lies near a crossroads of motorways. If coming from the A-2/B-10 east, exit at L’Hospitatelet/Cornella, which will bring you almost straight to the stadium. If coming from the Ronda da Dalt, first get on the E-90/A-2, and then take the exit for L’Hospitatelet/Cornella. If coming from the A-2 west, take exit 607 toward Cornellà de Llobregat. At the first roundabout turn right into the Avinguda Baix Llobregat. Address: Av. Baix Llobregat 100, 08940 Cornellà de Llobregat (Barcelona)","RCDE Stadium is situated on the edge of Barcelona in a quiet suburb, and there are therefore few eating and drinking options around. While you will likely find a place to eat in the centre of Cornellà, a 10-minute walk north of the stadium, it may make more sense to stick to the city centre. The same is true if it comes to hotels. If you spend at least a day in Barcelona, it will be more convenient to stay closer to Barcelona’s centre. However, if you are there just for the match or arrive by car, then there are a few hotels close to RCDE Stadium.Hotel Campanile Barcelona Sudis a 5 to 10-minute walk from the stadium, gets good review, and is reasonably priced.Novotel Cornellàis somewhat further away, but still at walking distance. Clickherefor an overview of hotels near RCDE Stadium. If you choose to stay closer to Barcelona’s city centre, the area aroundPlaça d’Espanyamay be a good option. There are many hotels there, and it is where you can catch a quick train to the stadium. Otherwise, there are many options in Barcelona’shistoric centreas well.","Tickets for RCD Espanyol games can be boughtonline, by phone +34 932 927 700, or at the ticket windows at the stadium on the day of the match. Espanyol sell out very few matches, and even the home fixtures against Barcelona and Madrid are no guaranteed sell-out. Ticket prices depend on the opponent. For a typical match expect to pay from €25.00 to €30.00 for a seat in one of the corners to €60.00 to €75.00 for a lower-tier seat at the main stand. Prices will be further increased for a number of high-profile matches. You can find a seating planhere. For more information student@example.invalid."
La Liga,Spain,Getafe,Coliseum,40.32556,-3.71472,"Coliseum Alfonso Perez is located about three kilometres north of the centre of Getafe. Getafe itself is a suburb of Madrid, located south of the city at about 11 kilometres from its centre. Metrostation Los Espartales lies a 5-minute walk away from the stadium. Los Espartales is on the circular line 12 (Metrosur), which runs through Madrid’s southern suburbs. Line 12 connects at station Puerta Del Sur with line 10. Line 10 passes through Madrid’s centre, and can, for example, be boarded at station Plaza de España. The whole trip from Plaza de España takes almost an hour. However, from Madrid it is much quicker to take aCercaníacommuter train to the stadium. Board a train toward Parla at, for example, Sol, Atocha, or Chamartin cercanía station, and get off at station Las Margaritas Universidad. The ride takes 15 to 20 minutes and from Las Margaritas it is a further 15 minutes walking to the stadium. From southern Madrid you can also catch bus 443 (from Plaza Elíptica) or 448 (from Legazpi). Address: Avenida Teresa de Calcuta S/N, 28903 Getafe","Coliseum Alfonso Perez is located in a quiet urban neighbourhood in Getafe. There’s little around in terms of eating and drinking, in particular for Spanish standards, but you may find the odd local place for a quick bite. Still, if possible find something to eat in central Madrid, in particular as Spanish stadiums tend to offer little choice in concessions. Similarly, there are few options to stay close to the stadium. The closes is anIbisroadside hotel a 25-minute walk away, or stay at the well-ratesHostal Carlos IIIin Getafe’s city centre. Click here for an overview of hotels nearColiseum Alfonso Perez, andhereto explore options in Madrid.","Tickets for Getafe games can be boughtonline, or at the club offices at Coliseum Alfonso Pérez. Tickets can also be bought on the gate on the day of the match. The ticket windows (taquillas) are open until half-time. Getafe hardly ever sell out a match. Ticket prices depend on the opponent, but typically range from €35.00 for a seat behind the goal to €70.00 for a seat at the main stand. Expect to pay at least €50.00 when Barcelona or Madrid come to visit."
La Liga,Spain,Girona,Montilivi,41.96139,2.82861,"Estadi Municipal de Montilivi is located in the south-east of Girona at about 2,5 kilometres from Girona’s railway station and city centre. Regular directtrainsrun from Barcelona-Sants railway station to Girona. The journey takes 70 to 100 minutes depending on the train. From the railway station, you can catchbusL8 to get to the stadium. The bus passes right by the stadium. Get off at UDG Montilivi. Buses typically run every half an hour. From Girona’s city centre bus L11 is an alternative. Again, get off at UDG Montilivi. Buses run every 15 minutes to half an hour. Address: Av. Montilivi 141, 17003 Girona",Info not available,"Tickets for Girona matches can be boughtonline, or at the club office at the stadium. Tickets are also available at the ticket windows of the stadium on the day of the match. Girona rarely sell out. Ticket prices depend on the opponent, but for a low-profile match typically cost €10.00 for a seat behind the goal, €15.00 for the Preferent side, or €25.00 for the main stand. Prices get increased with €10.00 for higher-profile matches and more for the top matches."
La Liga,Spain,Las Palmas,Gran Canaria,28.10028,-15.45667,"Estadio de Gran Canaria is located on the south-western edge of the city of Las Palmas de Gran Canaria. It lies about 5 kilometres from the Playa de las Canteras beach and central Parque de Santa Catalina square in Las Palmas’ city centre. The stadium can be reached withbus. Take bus 45 from Parque de Santa Catalina in the direction of Hoya Andrea. Get off on the Avenida Pinto Felo Monzón. Buses typically run every 40 minutes. Bus 47 is an alternative that can be caught from the same spot. Take the bus in the direction of Tamaraceite and get of at the Calle Arguineguín. Address: Fondos del Segura s/n, 35019, Las Palmas de Gran Canaria","Estadio de Gran Canaria is located in a not very interesting suburban area with little of interest around. Eating and drinking is therefore better done in central Las Palmas, though you may find the odd local bar or restaurant on the Avenida Pinto Felo Monzón. There is also a small shopping centre just south of the stadium with some fast food outlets. There are neither any hotels close to Estadio de Gran Canaria, and you can therefore best find a hotel at an appealing location in central Las Palmas. Clickherefor some of the options.","Tickets for Las Palmas matches can be boughtonline, at the ticket windows or club store at Estadio de Gran Canario, or at one of the other salespoints, which include the Bazar Viana store at the Calle Thomas Alva Edison 44 in Las Palma’s city centre. Tickets are also available at the ticket windows of the stadium on the day of the match. Las Palmas rarely sell out. Tickets range in price from €15.00 for a seat at one of the curves to €30.00 for a central seat at the main stand."
La Liga,Spain,Leganés,Municipal de Butarque,40.3404,-3.7607,"Estadio Municipal Butarque is located in the small city of Leganes, which is part of the greater Madrid metropolitan area. The stadium lies about 1.5 kilometres north of Leganes’ centre, while it’s about 10 kilometres to central Madrid, which lies further north. The stadium can be reached by either train or metro. Taketrain(Cercania) line C-5 from Atocha railway station in the direction of Fuenlabrada or Humanes and get off at either Zarzaquemada (10-minute walk) or Leganes (15-minute walk) station. The journey takes about 25 minutes, trains run every 10 minutes. Alternatively, one can take ametroto Leganes Central station, which is on line 12 (southern loop). From central Madrid a change is required at Puerta del Sur station, which is the last stop on line 10 that runs past Plaza de Espana and the northern part of central Madrid. The journey takes a lot longer than by train, roughly 50 minutes from Plaza de Espana. Address: C/ Arquitectura, s/n, 28914, Leganés","Estadio Municipal Butarque is located in an area that’s a mix of mostly new developments including other sports facilities, educational institutes, a shopping centre, and residential housing. It’s a quiet area with little around in terms of eating and drinking, which is better done in Leganes’ city centre or central Madrid. There aren’t a whole lot of hotels in Leganes. In the city centre you’ve got the choice betweenHotel AvenidaandTryp Madrid Leganes Hotel, while there are a few more roadside options a little further away. Clickherefor an overview of all hotels in Leganes. Most will decide to stay in Madrid though and travel in for the match. Clickhereto explore hotel options in Madrid.","Tickets for Leganes games can be boughtonline, or at the club shop at the stadium in the week before the match. If tickets remain available, these can also be bought at the stadium on the day of the match. Leganes however do occasionally sell out in La Liga so it is strongly recommended to book in advance. Ticket prices can depend on the opponent, but for a regular match range from €15.00 for a seat behind the goal to €30.00 for the best seats at the main stand."
La Liga,Spain,Mallorca,Mallorca Son Moix,39.59,2.63,"Iberostar Estadio is located on the north-western edge of Palma de Mallorca, about three kilometres from the city centre. The stadium lies adjacent to the city’s ring road. Take exit 7 and follow the signs for Son Moix. If using public transport, the stadium can be reached withbus6 (to Can Valero) or 8 (to Son Roca). Take the bus from Estació Intermodal (Plaza de España) on the north-eastern edge of the city centre. Line 8 has the more frequent service. The journey takes about 20 minutes, get off at Son Moix. Address: C/ Camí dels Reis S/N, 07011 Palma de Mallorca","Iberostar Estadio is located on the edge of the city in an area that is a mix of residential buildings and some large retail. There are hardly any bars and restaurants around, and eating and drinking is better done in Palma’s city centre. There are no hotels directly nearIberostar Estadio, but there is a good variety in central Palma de Mallorca. Clickherefor an overview of the options.","Tickets for Real Mallorca games can be bought online viaTicketmasterorEntrees, by phone +34 902 15 00 25 (Ticketmaster), or at one of the Ticketmaster salesoutlets. Tickets can also be purchased at the ticket windows (taquillas) of the stadium, in advance or on the day of the match. Mallorca rarely sell out. Ticket prices can depend on the opponent, but for a typical match range in price from €15.00 for a seat at the uncovered curve to €35.00 for a covered seat at the main stand. For more information student@example.invalid."
La Liga,Spain,Osasuna,El Sadar,42.79667,-1.63694,"Estadio El Sadar is located on the southern edge of Pamplona at about 2.5 kilometres from Pamplona’s city centre and 4 kilometres from the rail station. The walk from Pamplona’s city centre takes about 30 minutes, but you can also usebus11 to get to the stadium. Take the bus from Plaza Pincipe de Viana in the direction of Cordevilla or Parque Comercial Galaria. Get off at Sadar, which is right in front of the stadium. From the railway station take bus 16. Take the bus in the direction of Beriain Pza Larre and get off at Zaragoza 84, from where it is a short walk to the stadium. Buses leave at least every half an hour. It is a 20-minute ride from the centre and 5 minutes more from the train station. Address: Calle Sadar s/n, 31006 Pamplona","Estadio El Sadar is located on the edge of the city in an area that is mainly composed of modern apartment blocks. There is little in terms of entertainment in the immediate area, though there is a retail park with a few fast food outlets a 15-minute walk south of the stadium. Apart from that, eating and drinking is best done in Pamplona’s city centre. In the same area south of the stadium you can findHotel Zenit, and not too far awayHotel Bed4U. Both get good reviews, but are most of all convenient for those arriving by car. Clickherefor an overview of all hotels near Estadio El Sadar. Alternatively, there is a reasonable selection of hotels in different price categories in thecity centreof Pamplona.","Tickets for Osasuna games can be bought at the ticket booths of El Sadar on the day before the match and the day of the match. Osasuna don’t normally sell out, but buying in advance is recommended for local derbies or other high-profile matches. Ticket prices typically range from €30.00 for the upper parts of the main stand to €65.00 of the central parts of the main stand."
La Liga,Spain,Rayo Vallecano,Vallecas,40.39194,-3.65889,"Estadio de Vallecas is located south-east of Madrid’s city centre at about 5 kilometres from the central Puerta del Sol square and 3 kilometres from Atocha rail station. The stadium lies on the Avenida de la Albufera, which runs in one straight line from Atocha rail station (though its western part is called Avenida de la Ciudad de Barcelona). The Avenida de la Albufera connects with the M40 motorway about 2 kilometres further east and with the M30 about a kilometre west. If using public transport, which is recommended, the stadium can be reached withmetroline 1. Line 1 can be boarded at city centre stops Sol and Gran Via. The stadium lies right next to stop Portazgo. The journey from the centre takes about 20 minutes. From Plaza de Cibeles, Vallecas can also be reached withbus10. Get off at Arroyo Olivar – C. Martin Alvarez. From Atocha rail station, use bus 54. Get off at Av de la Alburfera – Rayo Vallecano. Finally, from Cercanía stop El Pozo, which lies about 2 kilometres south of the stadium, take bus 136. Address: Calle Payaso Fofó, 28018 Madrid","Estadio de Vallecas is located in a densely-populated Madrid neighbourhood, which means that there is the usual variety of typical local bars and restaurants around. The stadium is easily reached by metro from Madrid’s centre though, which has much more to offer in terms of eating and drinking. HotelNH Pacificois located at a reasonable 15-minute walk from Estadio de Vallecas, but further options are slim. Otherwise, any hotel in Madrid’s city centre or close to metro line 1 will get you quickly enough to the stadium. Clickhereto explore the possibilities.","Tickets for Rayo Vallecano games can be bought at the ticket windows (taquillas) of Estadio de Vallecas in the week before the match. The taquillas tend to be open in the morning and evening hours, but close in the afternoon. Tickets can also be bought on the gate on the day of the match. Rayo don’t normally sell out. Ticket prices depend on the opponent, but for a typical match range from €20.00 for a seat behind the goal to €40,00 for a seat at the main stand."
La Liga,Spain,Real Betis,Benito Villamarín,37.35639,-5.98139,"Estadio Benito Villamarin is located in the south of the city of Seville, about 3 kilometres from the historic city centre. The stadium lies on the Avenida la Palmera, a large avenue which connects the stadium in one straight line with the centre. Around the city centre, the avenue – though with a different name – runs along the bank of the river Guadalquivir. The stadium can be reached withbus1, 2, 6, 34 and 37. From the southern edge of the city centre (Prado de San Sebastián), catch bus 1 (to Glorieta Plus Ultra), 34 (to Los Bermejales), or 37 (to Bellvista). From the bus station in the west of the centre, take bus 6 to Glorieta Heliopolis. The bus runs (partly) over the west bank of the river. From the northern edge of the centre and eastern parts of the city you can catch bus 2 to Glorieta Heliopolis. There is no direct bus connection from Seville’s central rail station to the stadium, but bus 1 passes about 500 metres west of the station and bus 2 about 1 kilometres north-east of the station. All buses have very frequent service. Bus 1, 2, and 6 have their last stop near the stadium. Address: Avda. de la Palmera s/n, 41012 Sevilla","Estadio Benito Villamarin is located in a quiet residential area. There is the odd bar and restaurant around, mostly in the area toward the river, but you are likely better off eating and drinking in Seville’s historic centre. There are a few hotels hotels around Estadio Benito Villamarin.Hotel Silken Al-Andalus Palaceis located 200 metres from the stadium, gets good reviews, and is reasonably priced.Boutique Hotel Holosis a little more expensive, whileHotel Sevilla Palmerois somewhat further away, though still easily at walking distance. If you have more money to spend, thenVilla de la Palmerawill likely be your pick, and hostelAlbergue Interjovenis for those on a tight budget. For all hotels near Estadio Benito Villamarin clickhere. Of course, if you spend more a day in Seville, staying in the historic centre may be more interesting. You can find the optionshere.","Tickets for Real Betis games can be bought at the ticket windows (taquillas) of the stadium in the week before the match (closed between 2:00pm and 5:00pm). Tickets are also available on the day of the match before kickoff. Real Betis’ attendances have been among the highest in La Liga though the club have tended to sell out few games. However, following the expansion of the stadium in 2017 demand has further surged so buying in advance is recommended. Ticket prices generally start at €30.00 for an upper-tier seat behind the goal and range up to €60.00 for a central seat at the main stand, though prices can be increased for high-profile fixtures. student@example.invalid more information."
La Liga,Spain,Real Madrid,Santiago Bernabéu,40.45306,-3.68833,Info not available,"Estadio Santiago Bernabéu is located on the large tree-lined Paseo de la Castellana avenue, one of Madrid’s principal arteries. The area around the stadium is a mix of mostly offices, shops, and residential buildings, but there are enough bars and coffee shops mixed in to find something to eat or drink. The number of bars and restaurants increase while you walk south in the direction of Madrid’s centre. Most nightlife is located in the northern parts of the centre. There are a fair few hotels near the Bernabeu. TheHoliday Inn Madrid,AC Hotel Aitana, andRafaelhoteles Orenseare closest, get good reviews, but are far from cheap. Only slightly further away areEspahotel Plaza Basílica,Hotel Gran Atlanta,Hostal Falfes,Hostal Los Ángeles, andSunotel Amaral. They get good reviews, are all close to several metro stations, tend to be reasonably priced between €50.00 and €100.00 per night, and no further than 20 minutes walking from the Bernabeu. Clickherefor an overview of all hotels near Estadio Santiago Bernabeu. If you prefer to stay in the city centre or elsewhere,theseare your options.","Tickets for Real Madrid games can be bought online through the officialwebsiteorTicketmaster, or at the ticket windows (taquillas) of Estadio Santiago Bernabéu. Tickets that are bought online can be picked up at the printing kiosks at the stadium. Regular tickets tend to go on sale in the week before the match, though VIP tickets are available earlier. There is generally not much reason to buy a VIP ticket as Real Madrid only sell out a few high-profile matches per season and tickets for most matches are easily available if bought in advance. For those matches that do sell out, e.g. El Clásico, the Madrid derby, and high-profile Champions League matches, you might have to revert to the secondary market. The likes ofviagogoand Stubhub offer good choice and tend to be reliable, though can get expensive. Prices for regular matches tend to be fairer though or even lower than face value and can offer an alternative for those wanting to book their tickets longer in advance. Ticket prices depend on the opponent, but typically start at €30.00 for a seat behind the goal and €40.00 for a seat at one of the sides."
La Liga,Spain,Real Sociedad,Anoeta,43.30139,-1.97361,"Reale Arena is located toward the south of the city of San Sebastián at about 2 kilometres from the city’s bay, La Concha beach, and the old town. The distance from the city’s main railway station is about the same. From all these places the walk to the stadium can be made in about half an hour. The walk from the train station where most local trains arrive (Euskotren) will be even shorter. The stadium can furthermore be reached with severalbuses. From the old town (stop Boulevard 9) take bus 21 to Anoeta. Buses run about every 15 minutes and also pass the Euskotren station (Easo Plaza). Bus 26 (to Martutene) and 28 (to Miramón) follow almost the same route. Get off at stop Anoeta. Bus 31 also connects the stadium with the city centre as well as other places in the east and west of the city. Address: Anoeta Pasealekua 1, 20014 San Sebastián (Donostia)","The Reale Arena is located in a not particularly interesting residential neighbourhood composed of large apartment blocks. It is Spain, so there are always a few local bars and restaurants if you need something to eat, but San Sebastián is one of Spain’s most pleasant cities so the wise option is to spend as much time as possible in the old town and along La Concha beach. If you wish to stay close to Estadio Anoeta though, thenHotel Anoetais your choice of preference. It is located right opposite the stadium and gets decent reviews. Alternatively, there are a few hotels a little further north toward the centre, which includeHotel Silken Armara Plaza, andHotel Astoria 7. Both are more of the high-end type and therefore not cheap, but they are only a 10-minute walk from the stadium. Clickherefor an overview of all hotels near the Reale Arena. Of course, there are many more and also cheaper options in San Sebastian’scity centre.","Tickets for Real Sociedad games can be boughtonline, or at the ticket windows of the Reale Arena. Tickets usually go on sale in the week before the match. Tickets are also available on the gate on the day of the match. Real Sociedad only very occasionally sell out a high-profile match. Ticket prices depend on the opponent, but a ticket for a seat behind the goal typically costs either €25.00 or €30.00, and a ticket for the sides either €40.00 or €50.00. This gets increased for high-profile matches to between €30.00 and €70.00."
La Liga,Spain,Sevilla,Ramón Sánchez-Pizjuán,37.384,-5.9705,"Estadio Ramón Sánchez Pizjuán is located in central Seville at walking distance from the city centre and the main railway station. The walk from the cathedral in Seville’s historic centre (located west of the stadium) can be made in half an hour. From the main railway station 10 minutes should be enough to reach the stadium on foot. Alternatively, one can take themetroto the stadium. Stations Nervión and Gran Plaza on Seville’s only line 1 are closest to the stadium. These can be reached from Station P. Jerez, located in the south of the historic centre. Estadio Ramón Sánchez Pizjuán lies one block off Luis de Morales avenue, which circles Seville’s centre on its east. If arriving by car from Seville’s ring road further east (A4), take one of the large avenues toward Seville’s city centre, and, at approach of the centre, turn onto Luis de Morales (named differently further north or south). Address: Calle Sevilla Fútbol Club s/n, 41005 – Sevilla","Estadio Ramón Sánchez Pizjuán is located in a dense urban area close to Seville’s city centre. Shopping centreNervión Plazalies right next to the stadium, and boasts a cinema and various food outlets. Furthermore, there are plenty of smaller bars and restaurants on Luis de Morales and in the area toward the historic centre, though for proper nightlife one has to head into the centre itself (e.g. around Plaza Nueva). There are a few hotels located close to Estadio Ramón Sánchez Pizjuán.Hotel Melia LebrerosandHotel Medium Virgen de los Reyesare within a few blocks of the stadium. The latter is the more basic one, and also somewhat cheaper.Hostal San Vicente II, located at the back of the stadium, is another basic option. Hotel Sevilla Centeris an excellent and affordable alternative located between the stadium and the historic centre.Ayre Hotel Sevillais great if you want to stay close to the railway station. Clickherefor all hotels near Estadio Ramón Sánchez Pizjuán. Of course, the distance to the historic centre is small, so you can just as well staythere.","Tickets for Sevilla FC games can be boughtonline, or at the ticket windows at the stadium in the week before the match. Tickets can also be bought at the ticket windows of the stadium on the day of the match. Sevilla only sell out the occasional high-profile match. Ticket prices depend on the opponent, but for a typical match range from €30.00 for a seat behind the goal to €60.00 for a covered central seat at the main stand. Expect to pay a lot more when Barcelona or Madrid come to town. You can find a seating maphere. For more information call +34 (0) 902 510 011."
La Liga,Spain,Valencia,Mestalla,39.47472,-0.35833,"Estadio de Mestalla is located just east of Valencia’s historic city centre. The walk from the cathedral or the main railway station (Estación del Norte) takes no more than 30 minutes. Alternatively, the stadium can be reached bymetro. Metro stop Aragón, on line 5, lies next to the stadium. Line 5 will also bring you to theairport. Another option is taking metro line 3 to station Facultats, which lies a 5-minute walk north of the stadium. Address: Avenida Suecia s/n, 46010 Valencia","Estadio de Mestalla is located in a dense urban neighbourhood close to Valencia’s city centre. There are plenty of cafés and restaurants in the area of the stadium, while more serious nightlife can be found a small walk away in the historic centre. There is, for example, a pocket of nightlife around Plaza de Canovas at less than 10 minutes walking from the stadium, but there is much more further on in the historic centre, while there is a club scene around the city’s beaches. There is a wide variety of hotels in Valencia, and some very good options close to Mestalla.Hospes Palau de la Mar,Hotel Husa Dimar, andSH Valencia Palaceare on the edge of the historic centre and less than 10 minutes walking from the stadium.Hotel Renasa,NH Villacarlos, andHotel Kris Consul del Marare equally close, somewhat cheaper, but a little further away from the centre. Clickherefor all hotels near Estadio de Mestalla. There are many more options in thehistoric centreat just 5 to 10 minutes more walking. Alternatively, you can choose a hotel closer to thebeachfront.","Tickets for Valencia games can be purchased online through theofficial website,Ticketmaster, orEntradas.com. Tickets can also be bought in person at the Mestalla ticket windows, at the Valencia megastore on the Avinguda del Marqués de Sotelo right off Plaça de l’Ajuntament square in the city centre, or at one of the Fenamix salespoints. Valencia’s attendances are among the highest in the league, but they sell out only a few high-profile matches per season. In these cases you may have to settle for resellers such asviagogoandticketbis. These websites may also be your only option if Ticketmaster and Entradas.com don’t accept your foreign credit card. Ticket prices depend on the opponent, but can start as cheap as €10.00 for the upper tiers ranging up to €65.00 for the best seats at the main stand. Most tickets go for between €15.00 and €35.00. Tickets for the Barcelona and Madrid matches will be significantly more expensive."
La Liga,Spain,Valladolid,José Zorrilla,41.64444,-4.76111,"Estadio José Zorrilla is located on the western edge of the city of Valladolid, about 3 kilometres from the historic city centre, railway station, and bus terminal. The stadium can be reached withbus8. Take the bus from Plaza de España and get off at the Calle Mon. S. Lorenzo de El Escorial (around Centro Cultural Miguel Delibes). Buses go at least every 15 minutes. An alternative is bus 9, which can be taken from the Plaza Madrid or railway and bus station. Get off at the Calle Hernando de Acuña (corner Juan de Valladolid) from where it is a 10-minute walk to the stadium. On matchdays there is a special bus service to the stadium that leaves one hour before the match. Buses run from, among others, the Plaza Mayor and bus station. Address: Avenida del Mundial 82 s/n, 47014 Valladolid",Info not available,"Tickets for Real Valladolid games can be bought online throughviagogo, at the ticket office at the stadium, or at the club store at the Calle de Manteria 24 in Valladolid’s city centre. Tickets can also be bought at the ticket windows of the stadium on the day of the match or from two hours before the match. Valladolid rarely sell out. Ticket prices typically start at €20.00 for a seat at one of the ends and range up to €40.00 for the best seats at the main stand."
La Liga,Spain,Villarreal,La Cerámica,39.94417,-0.10361,"Estadio de la Ceramica is located toward the north of the small town of Vila-real. It is a 20-minute walk from the railway station, and a 10-minute walk from the town centre. Trainsfrom Valencia take a little over an hour to arrive in Vila-real, though service is not frequent. There are also bus services from Valencia, for example byGrupo HIFE. Address: Calle Blasco Ibáñez 2, 12540 Villarreal (Vila-real)","Estadio El Madrigal is located in a dense urban neighbourhood in the town of Villareal, which offers little in terms of sights and entertainment. Eating and drinking can best be done around the main square, the Plaça Major, which is a 10-minute walk away from the stadium. There aren’t many hotels in Villarreal, with the basicHostal La Masíaand reasonably-ratedHotel Villarreal Palaceamong the few options to choose from. There is a somewhat wider selection in nearbyCastellon de la Plana, though most will prefer to stay inValenciaand travel to Villarreal only to attend the match. Clickherefor an overview of hotels near Estadio El Madrigal.","Tickets for Villarreal games can be boughtonline, by phone +34 964 524 000, at the club shop at the stadium, or at the Villarreal shop at Plaça Major 19 (the latter with larger opening times). Tickets are also available on the gate from 1.5 hours before the start of the match. Villarreal do not generally sell out. Villarreal have divided their home games in three pricing categories. Tickets for the matches in the cheapest category range in price from €20.00 for a seat behind the goal to €40.00 for a seat at the main stand. Prices are increased for top matches to between €60.00 and €110.00."
Bundesliga,Germany,FC Augsburg,WWK Arena,48.32306,10.88611,"The WWK Arena is located in the south of the city of Augsburg, about 5.5 kilometres from Augsburg’s city centre and main railway station. The stadium lies just 1.5 kilometres away from the University of Augsburg campus. The WWK Arena is situated right next to the Bundesstraße 17 motorway, which connects with the A8 (Munich-Stuttgart) further north. Take exit Stadion. On matchdays, there is a special direct tram service from Augsburg’s main railway station (Hauptbahnhof) to the stadium. From two hours before the match trams leave about every 5 minutes for the 20-minute ride to stop Fußball-Arena. The journey is free of charge with a match ticket. On non-matchdays taketram13 from Moritzplatz (or Rathausplatz) in the city centre (a 5-minute walk from the rail station). Get the tram in the direction of Haunstatten West and get off at stop Landesamt für Umwelt. It is a 15-minute walk to the stadium from there. Address: Bürgermeister-Ulrich-Straße 90, 86199 Augsburg","The WWK Arena is located on the edge of the city of Augsburg, surrounded on one side by farmlands, and on the other by a motorway, office buildings, and residential neighbourhoods. While you may find a local restaurant, there is little around in the area in terms of eating and drinking, which is therefore better done is Augsburg’s centre. There would generally be little reason to stay right near the WWK Arena, but if you do look for a hotel close to the stadium, thenArthotel Ana Styleis a good option. It’s a 30-minute walk to get from the hotel to the stadium. Otherwise, there’s a decent selection of hotels in and around Augsburg’scity centre.","Tickets for FC Augsburg matches can be boughtonline, at the club shop at the Bahnhofsstraße 7 (near the main rail station), or at the club shop at the stadium. Augsburg typically sell out half of their home matches in a season, but for most matches tickets will be easily available if bought in advance. Ticket prices range from €25.00 for a seat behind the goal to €45.00 for a seat at one of the long sides. Standing costs €14.00. Prices are increased for six top matches with €2.00 for standing and €4.00 for a seat. You can find a seating planhere."
Bundesliga,Germany,Union Berlin,Stadion An der Alten Försterei,52.45722,13.56806,"Stadion An der Alten Forsterei is located in the south-east of Berlin on the north bank of the river Spree. It lies about 14 kilometres from the Alexanderplatz in central Berlin and 12 kilometres from the Ostbahnhof, the closest large railway station. The stadium can be reached with overground metro (S-Bahn) line S3. Station Kopenick lies a 10-minute walk away from the stadium. You can catch line S3 from Ostkreuz station in the east of Berlin. Ostkreuz, in turn, is on multiple other S-Bahn lines that connect the station with central destinations such as Ostbahnhof, Alexanderplatz, Friedrichstraße, Hauptbahnhof, and Zoologischer Garten. The journey takes 35 to 55 minutes depending on where in the centre you’re coming from. Address: An der Wuhl­hei­de 263, 12555 Ber­lin",Info not available,"Tickets for Union Berlin matches can be boughtonline, at the club shop at the stadium, at the club shop at the Bahnhofstraße 23 in Kopenick near the stadium, or at the Union petrol station near the stadium on the other side of the Spree. Standing places cost either €11.00, €12.00, or €13.00, while seats on the main stand range in price from €28.00 to €40.00."
Bundesliga,Germany,VfL Bochum,Vonovia Ruhrstadion,51.49,7.23667,"Vonovia Ruhrstadion is located toward the north-east of the city of Bochum, only slightly more than a kilometre away from Bochum’s city centre and a little less than two kilometres from Bochum’s main railway station. Following the Castroper Straße north by foot will get you from the centre to the stadium in 15 to 20 minutes. Alternatively, you can take light-rail (U-Bahn) line 308 or 318 from the main railway station (Bochum Hbf). Get a train in the direction of Schürbank Straße and get off at stop rewirpowerStadion. The ride only takes a few minutes. Vonovia Ruhrstadion lies just south of the A40 motorway, which runs north of the city and connects with the A36 further east. If arriving by car, take exit Stadion. Address: Castroper Straße 145, 44791 Bochum",Info not available,"Tickets for VFL Bochum games can be boughtonline, by phone +49 18 05 95 18 48, at the Fanshop at the stadium, or at one of the other salespoints, which include the Tourist Centre at the Huestraße 9 in Bochum’s city centre. Matchday tickets are also sold on the gate of the stadium until the start of the match. Bochum very rarely sell out in the 2. Bundesliga. A ticket for a standing place costs €11.00. Seats range in price from €25.00 for a place behind the goal or in the corners to €35.00 for a central seat at one of the long sides."
Bundesliga,Germany,Werder Bremen,Weserstadion,53.06639,8.8375,"Weserstadion stands on the banks of the river Weser in a residential area surrounded by parks and other sports facilities. It is located about 2 kilometres east from Bremen’s historic city centre and about 2.5 kilometres from the main railway station. The walk from the old city centre should take less than half an hour. Follow the banks of the river in eastern direction. The walk from the railway station takes slightly more. Alternatively, you can also reach the stadium bytram(Straßenbahn). Take tram 3 toward Weserwehr from the Domsheide in the city centre and get off after about 7 minutes at stop Weserstadion. From the main railway station you can take tram 10. Take the tram in the direction of the Sebaldsbrück and get off at stop St-Jürgen-Straße (10-minute journey). It is a 10-minute walk to the stadium from there, or change to tram 3 to get one stop closer. On matchdays the area around the stadium is closed off for cars. The club offers various shuttle services from designated parkingareas. Signs are posted from the access roads. There is also a shuttle service byboatthat runs from various points along the river Weser. Address: Franz-Böhmert-Straße 1c, 28205 Bremen",Info not available,"Tickets for Werder Bremen games can be boughtonline, by phone +49 (0) 1805 937 337, or at the Ticket Center at the stadium. Werder typically sell out about half of all home matches per season, but for most matches tickets will be easily available if bought in advance. Werder have divided their home matches into three pricing categories. Tickets for a category C match, the cheapest, range in price from €20.00 for a lower-tier seat behind the goal to €50.00 for a central seat at one of the long sides. Standing costs €15.00. Tickets for category A matches, the most expensive, cost between €35.00 and €70.00 for a seat and still €15.00 for standing. You can find a stadium maphere, or student@example.invalid more information."
Bundesliga,Germany,Borussia Dortmund,Signal Iduna Park,51.4925,7.45167,"Signal Iduna Park is located in the south of Dortmund near the Westfalenhallen conference centre. Dortmund’s city centre and main rail station are about 3 kilometres away. The stadium can be reached by car from either the B1 (north, east, and west), or B54 (south). If coming from the B1, take exit Im Rabenloh. The stadium lies a few hundred metres to the south. If arriving from the B54, take exit An Der Buschmühle. Drive east until you will turn with a curve onto the Strobelallee and head straight ahead until you see the stadium. Signal Iduna Park can be easily reached by train from Dortmund’s mainrailwaystation in the centre. In just 5 minutes you will arrive at Dortmund Signal Iduna Park station, from where it is a short walk to the stadium. Trains typically run three to four times an hour. Alternatively, you can take theU-Bahnfrom the centre and get off at station Westfalenhallen, from where it is a 5-minute walk to the stadium. Both line 45 and 46 serve the station. On matchdays, there is a special service that will continue to station Stadion, which is even closer to the stadium. The stadium is furthermore within walking distance of Theodor-Fliedner-Heim station, which is on U-Bahn line 42. Address: Strobelallee 50, 44139 Dortmund","Signal Iduna Park is located next to conference centre Westfalenhallen, which means that there are quite a few hotels close to the stadium.Mercure Hotel Dortmund Messeis located right across the stadium and gets good reviews.Arcadia Grand HotelandSteinberger Dortmundare other options. Expect to pay over €100 per night though.Hotel GildenhofandB&B Hotel Dortmund Messeare cheaper alternatives. Clickherefor all hotels near Signal Iduna Park. As the stadium is easy to reach from Dortmund’s city centre, you can just as well stay there. Dortmund is not the most interesting city, but there is more entertainment around than near the stadium. There are more cheaper hotels in the centre as well. Clickherefor the options. If you are planning to stay more than one day or want to join the nightlife,DüsseldorforBochum(for nightlife) might be better options to find accomodation. S-Bahn line S1 and regional trains directly connect both cities with Dortmund’s main railway station. There is a nice beer garden next to the stadium which is great if you pass by for a tour on non-matchdays.","Tickets for Borussia Dortmund games can be boughtonline, by phone +49 1805 309000 (Tickethotline), in person at the BVB Fanwelt clubshop at the stadium, or at one of the other salespointsin the Dortmund area. Dortmund sell out Signal Iduna Park pretty much every match, and most league matches sell out right after coming on general sale. Therefore make sure to be prepared and buy straightaway when the tickets go on sale. In the rare case that a match does not sell out, tickets can also be bought at the ticket office of Signal Iduna Park from 4.5 hours before kickoff. If you do miss out and wish to buy tickets for a sold out match, secondary ticket websites such asviagogooffer a generally reliable alternative. Of course, be prepared to pay well over face value. Tickets range in price from €31.20 for a seat in the upper corners to €54.40 for a central seat for the main stand. A ticket for the South Stand (standing) costs €16.70. Prices are increased with 20% for the games versus Schalke and Bayern. You can find a seating planhere."
Bundesliga,Germany,Eintracht Frankfurt,Deutsche Bank Park,50.068056,8.645806,"Deutsche Bank Park is located in the south of the city of Frankfurt at about 5 kilometres from its city centre. The stadium lies close to where the A3 and A5 motorways intersect. From the A3 take exit Frankfurt-Süd toward the B44. Follow for Stadtmitte. The stadium will be signposted with a stadium symbol. If using public transport, the stadium can be reached withS-Bahnlines S7, S8, and S9. From Frankfurt’s main rail station (Hauptbahnhof) take train S8 or S9 in the direction of Mainz or Wiesbaden, or line S7 in the direction of Goddellau. Get off at stop Stadion. Line S8 and S9 can also be boarded at other city centre stations. An alternative is tram 21, which leaves from the main rail station and crosses directly to the south bank on its way to the stadium. Get off at stop Stadion, which is the last on the line. On matchdays tram 20 follows the same route as tram 21. From Frankfurt’s southern rail station (Südbahnhof) you can take bus 61 to the stadium. Take the bus in the direction of Flughafen and get off at stop Stadion/Osttribüne. Frankfurt has one of Europe’s largest airports and has direct connections to pretty much everywhere in the world. The international airport is located south-west of the city in the same direction as Deutsche Bank Park. In fact, it’s just one stop from the airport with S-Bahn line S8 or S9. Frankfurt’s low cost airport, Frankfurt Hahn, is a lot further away though and requires a bus ride into the city, though you could get off at Frankfurt International and take the S-Bahn from there. Address: Mörfelder Landstrasse 362, 60528 Frankfurt am Main","Deutsche Bank Park is part of a sports complex that is located on the edge of the city and bordered by forests. It’s a pleasant area if it’s a nice summer’s day, but otherwise there is not much around and eating and drinking is best done in central Frankfurt. If you wish to stay close to the arena, then the adjacentLindner Hotelwill be an excellent choice. TheHoliday Inn Frankfurt Airport,Melia Frankfurt, andSheraton Frankfurt Congressare decent alternatives, but require some walking to get to the stadium. Clickherefor an overview of all hotels near the Deutsche Bank Park, andhereto explore the options in other parts of Frankfurt.","Tickets for Eintracht Frankfurt matches can be boughtonline, or at the Fan-Shop at the Deutsche Bank Park. If tickets remain available, these can also be bought at the stadium on the day of the match, though Eintracht do sell out a few of their home matches in a season so booking in advance is recommended. Eintracht have divided their home matches into five pricing categories. Tickets in the most expensive category (A) range in price from €41.00 for an upper-tier seat in one of the corners to €88.00 for a central seat at the main stand. Tickets in the cheapest category (E) cost between €24.00 and €56.00. A ticket for the standing area costs €15.00 irregardless of the category. For more information call +49 (0) 180 50 60 303 or student@example.invalid."
Bundesliga,Germany,SC Freiburg,Europa-Park Stadion,48.0216,7.8297,"The Volksparkstadion is located in the north-west of Hamburg, slightly more than 7 kilometres from Hamburg’s city centre. The stadium lies just a kilometre away from the A7 motorway (which crosses Hamburg north-south) and is thus easily reached by car. Take the exit Hamburg-Volkspark and follow the signs to the stadium. If using public transport, the stadium is best reached by overgroundmetro(S-Bahn). Stops Stellingen and Eidelstedt both lie reasonably close to the arena, approximately 15 minutes walking. They can be reached with line S3 and S21. Both lines pass Hamburg’s central station and can be taken from several places in the city centre. On matchdays there are shuttle buses that run from station Stellingen to the stadium from about 2 hours before the match. There is also a shuttle service from the farther away Othmarschen station, which is on S-Bahn line S11. Address: Sylvesterallee 7, 22525 Hamburg","The Volksparkstadion lies tucked in between the Volkspark, a cemetery, and an office park. While the Volkspark is pleasant on a nice summer day, there is little around in terms of eating and drinking, which can therefore better be done in Hamburg’s city centre. TheArena Hotel Hamburgis one of the few options you have if you wish to stay close to the Volksparkstadion. It gets good reviews, and has private rooms as well as dorm rooms.Bedpark Stellingenis another basic option. TheMercure Hotel am Volksparkis a mid-range alternative located on the other side of the Volkspark, though is harder to reach by public transport. Clickherefor an overview of hotels near the Volksparkstadion, andhereto explore the options in Hamburg’s city centre.","Tickets for HSV matches can be boughtonline, by phone +49 (0) 40 4155 1887 (HSV Hotline), at the HSV Service Center at the stadium, at the HSV City Store at theSchmiedestraße 2in Hamburg’s city centre, or at one of the otherfanshopsand salesoutlets. If tickets remain available, these can also be bought at the ticket windows from two hours before the start of the match. HSV typically sell out 5 to 8 home matches per season. Tickets for most matches are easily available in advance though. HSV matches fall into one of four pricing categories. Tickets for category A+ matches range from €41.00 for an upper-tier seat behind the goal to €95.00 for a lower-tier seat at one of the sides. Tickets for category C matches, the cheapest, range in price between €21.00 and €46.00. Tickets for the standing areas cost €17.00 for all matches. student@example.invalid more information."
Bundesliga,Germany,1. FC Heidenheim,Voith-Arena,48.66861,10.13944,"The BRITA-Arena is located in the south-east of the city of Wiesbaden at about 1.5 kilometres from Wiesbaden’s city centre. The walk from the city centre to the stadium takes about 20 minutes. or catchbusN2, 5/15, or 48 from the Friedrichstraße. Wiesbaden’s main railway station lies in the southern part of the city just west of the stadium. It is a 10-minute walk from the station to the stadium. FrequentS-Bahntrains connect Wiesbaden with Frankfurt. Catch the S1, S8, or S9 from Frankfurt’s main railway station. The S1 is quickest with a journey time of just over 40 minutes. Address: Berliner Straße 9, 65189 Wiesbaden",Info not available,Tickets for Wehen Wiesbaden games can be boughtonline. Tickets range in price from €12.00 for a seat behind the goal to between €23.00 and €35.00 for a seat at the main stand.
Bundesliga,Germany,TSG Hoffenheim,PreZero Arena,49.23806,8.8875,"The PreZero Arena is located in Sinsheim, a town located about 6 kilometres from Hoffenheim. The stadium lies slightly more than 2 kilometres away from Sinsheim’s small historic town centre and the town’s main rail station. The walk should take less than half an hour. Sinsheim’s second station, Sinsheim Museum/Arena, lies a 15-minute walk away from the stadium. Both stations are served with direct regional trains from Heidelberg and, less frequently, Mannheim and Heilbronn. The journey from Heidelberg takes about half an hour. From there trains run to other parts of Germany. On matchdays there are extra trains and shuttles run from both stations to the stadium. The stadium lies right next to the A6 motorway. If arriving by car, take exit 33b Sinsheim-Süd. Address: Dietmar-Hopp-Straße 1, 74889 Sinsheim","The PreZero Arena is located on an office park next to a motorway on the southern edge of the town of Sinsheim. While you may find some roadside fastfood near the arena, the area is little appealing so get your food and drinks in Sinsheim’s small town centre. If you wish to stay in a hotel close to the PreZero Arena, thenHotel Sinsheimis an excellent choice. It’s a short walk away from the arena. Alternatively, there are a few more hotels to choose from inSinsheim. Many will travel in for the day though and stay in one of the nearby cities likeFrankfurtorStuttgart, or one of the picturesque nearby towns likeHeidelberg.","Tickets for 1899 Hoffenheim games can be purchasedonline, or at the Ticket-Shop at the stadium. Hoffenheim’s attendances have been slowly dropping in recent seasons and save for a few high-profile matches tickets are generally easily available if bought in advance. Hoffenheim have divided their home matches in three pricing categories, though the majority of matches fall into the cheapest category. These regular tickets range in prices from €22.00 for some sections behind the goal to €44.00 for a seat at the side opposite the main stand. Standing costs €14.00. Prices are higher for a number of high-profile matches and even more for the match against Bayern. You can find a seating maphere."
Bundesliga,Germany,Holstein Kiel,Holstein-Stadion,54.34917,10.12361,"Holstein-Stadion is located in the north of the city of Kiel at roughly3 kilometres from its old town and a little over 4 kilometres from the main railway station. The stadium can be reached withbus91, which departs from the main railway station or can be caught closer to the old town on Andreas-Gayk-Straße. The journey takes just under 20 minutes. Get off at stop Am Stadion. Bus 91, however, only runs once every 30 minutes and has limited service in the off-peak hours, and therefore either bus 11, 501/502, or 900/901 can be more convenient. Buses also depart from the railway station. Get off at stop Hanssenstraße, from where it’s a small walk to the stadium. Kiel, located in the far north of Germany, has an hourly directtrainservice to and from Hamburg. The journey takes about 1 hour 20 minutes. Address: Europaplatz 1, 24103 Kiel",Info not available,"Tickets for Holstein Kiel games can be boughtonline, by phone +49 1806-57002, at the Ticket Center at the Sparkassen-Arena-Kiel in central Kiel, or at any of theEventim sales outletsin the Kiel region, including various other outlets in Kiel’s city centre. If still available, tickets can also be bought at the stadium on the day of the match. Holstein rarely sold out in the lower leagues, but since their rise to the 2. Bundesliga may sell out the odd high-profile match so booking in advance is recommended. Tickets cost either €24.00 for an uncovered seat, €31.00 for a covered seat, or €13.00 or €14.00 for standing. Tickets are €1.00 more expensive if bought on the day."
Bundesliga,Germany,RB Leipzig,Red Bull Arena,51.34583,12.34833,"The Red Bull Arena lies slightly east of Leipzig’s city centre and central railway station. The 2-kilometre walk should not take longer than 20 to 30 minutes. Alternatively, you can taketram3, 7, or 15 from the main railway station (Leipzig Hbf), which will bring you to the stadium in only 7 minutes. Get off at stop Sportforum. If arriving by car, take exit 17 Leipzig-West from the A9 (which runs west of the city). Follow the B181 in the direction of the city. After about 10 kilometres turn left onto the Rückmarsdorfer Straße. Follow (with a slight left onto the Hans-Driesch-Straße) until, after the bridge, you reach the stadium. Address: Am Sportforum 3, 04105 Leipzig","The Red Bull Arena Leipzig is located in a mainly residential area. You may find the odd bar or restaurant in the adjacent neighbourhood, but you can just as well eat and drink in the nearby city centre. Most bars can be found in the old town and south of the centre along the Karl-Liebknecht-Straße. Hotel Arena City Leipzig Mitteis the hotel located closest to theRed Bull Arena, but there are many more in Leipzig’scity centre, wich are all at reasonable walking distance.","Tickets for RB Leipzig matches can be boughtonline(print@home), in person at the Red Bull Shop at the Neumarkt 29-33 in the city centre, or in person at Arena Ticket at Am Sportforum 2 near the Red Bull Arena. Tickets also tend to be available at the ticket windows of the stadium from two hours before the start of the match, though RB Leipzig have sold out nearly all matches since their promotion to the Bundesliga. Ticket prices depend on the opponent. Expect to pay from €15.00 for a seat behind the goal to €55.00 for a central seat at one of the sides for a typical match. Prices for the matches against high-profile opponents can get increased with up to €20.00."
Bundesliga,Germany,Bayer Leverkusen,BayArena,51.03833,7.00222,"The BayArena is located in central Leverkusen where the A1 and A3 motorways intersect. Even though the stadium lies adjacent to the A1, it does not have its own exit. The stadium is therefore best reached from the A3. Take exit 24 Leverkusen, turn east onto the Willy Brandt Ring, turn left onto the Kalkstraße, turn left again onto the Gustav-Heinemann-Straße, and, after passing underneath the A3, right onto the Bismarckstraße. Alternatively, take exit 22 Leverkusen-Opladen, turn right onto the Bonner Straße, direct right again onto the Europaring, and, after passing underneath the A3, left onto the Bismarckstraße. Continue for about a kilometre and, after having gone underneath the A1, you will reach the stadium. The BayArena lies at about 10 minutes walking (crossing the park) from overground metro (S-Bahn) stop Leverkusen Mitte. Leverkusen Mitte is served by line 6, which runs between Cologne and Düsseldorf. From both cities the journey is about half an hour. One can also take atrainfrom Cologne’s main railway station and get off at Leverkusen Schlebusch station (15-minute ride). From there it is a 15-minute walk to the stadium. Address: Bismarckstraße 122, 51373 Leverkusen","The BayArena is located in a predominantly residential neighbourhood with little around, though Leverkusen’s city centre is only a 15-minute walk away. While Leverkusen does not rank among Germany’s most attractive cities, it does have a few eating and drinking options. If you wish to stay close to the BayArena, thenLindner Hotel Bayarenawill serve you perfectly as it is located inside the stadium building. Other neaby choices areBestWestern Hotel LeverkusenandHotel Brauhaus Manforter Hofand there is anIbis Hotelin Leverkusen’s centre, which is slightly cheaper. Clickherefor an overview of hotels near the BayArena. If you have a little more time on your hands, you can also consider staying inCologneorDüsseldorf, much more interesting cities, and take the S-Bahn to the stadium for the match.","Tickets for Bayer 04 Leverkusen games can be boughtonline, by phone +49 (0) 1805 040404, or in person at one of the Bayer 04 shops. One of these shops is located at the BayArena and the other at the Wiesdorfer Platz 9 in Leverkusen’s centre. Bayer 04 do sell out the occasional home game, but for most games tickets will be easily available in advance. Bayer have divided their home matches into three pricing categories. Ticket prices for category C games, the cheapest, range in price from €17.00 for an upper-tier seat behind the goal to €32.00 for a central seat at the main stand. Standing costs €15.00. Tickets for category A games, the most expensive, range in price from €32.00 to €68.00. Standing remains the same price at €15.00. student@example.invalid more information."
Bundesliga,Germany,Mainz 05,Mewa Arena,49.98417,8.22417,"The MEWA Arena is located on the western edge of the city of Mainz, slightly more than 4 kilometres from Mainz historic centre and the main rail station. The stadium is easy to reach from the A60 motorway, which runs south and west of the city of Mainz. Take exit 19 Mainz-Fintheim and follow the L419 toward Mainz-Zentrum. The stadium lies on the right side of the road after about 2 kilometres. If using public transport, catchbus54 (to Brucknerstraße), 55 (to Th.-Heuss-Straße), or 58 (to Rathausplatz) from the main railway station (Hauptbahnhof) to get to the MEWA Arena. Get off at stop Kisselberg/Coface Deutschland. The ride will only take 5 minutes. Good alternatives are bus 68 and 69. Get off at Ackermannweg (68) or Fachhochschule (69). On matchdays special shuttle buses run from the main railway station to the stadium. Address: Eugen-Salomon-Straße 1, 55128 Mainz","The MEWA Arena is located on the edge of the city of Mainz, surrounded by farmlands, quiet residential neighbourhoods, and the University of Mainz campus. There is little around in terms of eating and drinking, which is best done in Mainz’ city centre. There are no hotels directly near the MEWA Arena, but bothHotel RoemersteinandPark Inn Mainzare only a 15 to 20-minute walk away. The latter is convenient if you arrive by car. Alternatively, there is a decent number of options in Mainz’city centre, while you can also stay in nearbyFrankfurt, which is a mere half an hour away bytrain.","Tickets for Mainz 05 matches can be boughtonline, or in person at the Fanshop at the stadium. Tickets for most matches will be easily available if bought in advance. If tickets remain available, these can be bought at the ticket windows of the MEWA Arena before the start of the match. Ticket prices start at €27.00 for a seat behind the goal and range up to €45.00 for a central seat at the long side. Standing costs €13.50. Ticket prices are increased with €2.00 to €11.00 for a few high profile matches. Mainz offer both mobile tickets and print@home tickets."
Bundesliga,Germany,Borussia Mönchengladbach,Borussia-Park,51.17472,6.38556,"Borussia-Park is located on the south-western edge of the city of Mönchengladbach, slightly more than 4 kilometres from the city centre and about one kilometre more from the city’s main railway station. The stadium lies very close to the A61, which runs west of the city. Take exit Holt, turn onto the Aachener Straße (away from the city), and a few hundred metres later right onto the Straße Am Borussia Park. On matchdays take exit Nordpark instead, and follow the B230 in the direction of Nordpark. Signs will guide you to Borussia-Park. If using public transport, one can take a shuttle bus from Mönchengladbach’s main railway station (Hauptbahnhof). On non-matchdays takebus17 in the direction of Mönchengladbach Südwall. Buses run every ten minutes and the journey takes about 15 minutes. Alternatively, there are shuttle buses that run from train station Rheydt Hauptbahnhof (to which there are regular trains from Mönchengladbach Hauptbahnhof). Address: Hennes-Weisweiler-Allee 1, 41179 Mönchengladbach","Borussia-Park is located just outside the city limits of Mönchengladbach and there is therefore little around in terms of eating and drinking, which is better done in the city centre. Hotel Palace St GeorgeandHotel Tannenhofare both a few hundred metres away from Borussia-Park. The latter is the cheaper option. Clickherefor an overview of the hotels near Borussia-Park, andherefor some alternatives in Mönchengladbach city centre. Staying in nearby and more attractiveDüsseldorfmay be a good alternative to staying in Mönchengladbach.","Tickets for Borussia matches can be boughtonline, by phone +49 (0) 1805 18 1900, at the Fan-Shop at the stadium, at the Fan-Shop at the Wallstraße 16 in Mönchengladbach’s city centre, or at the Fan-Shop in Shopping-Galerie Rheydt at the Stresemannstraße 1-7. If tickets remain available, these can be bought at the stadium’s ticket windows on the day of the match. Borussia generally only sell out a few matches per season, but this can be more in a successful season. If you do miss out on tickets, you can try your luck on Borussia’s officialticket exchange, or if even that fails, secondary ticketing websites likeviagogo, though expect to pay over face value. Tickets come in four different price categories: A-D. Tickets for a category D match, the cheapest, range in price from €19.90 for a seat behind the goal to €44.50 for a central upper-tier seat at the main stand. Prices for category A matches, the most expensive range from €47.50 to €64.50. Most matches are category C or D though, but expect to pay more for matches against the likes of Bayern of Dortmund. Standing costs either €14.50 or €17.00 depending on the match. student@example.invalid more information."
Bundesliga,Germany,Bayern Munich,Allianz Arena,48.218775,11.624752777778,"The Allianz Arena is located on the northern edge of Munich, about 10 kilometres from the city centre. The stadium lies almost adjacent to both the A9 and A99 motorway. If coming from the A9, take exit 73 München-Fröttmaning-Süd. If arriving from the A99 west, take exit 12b München-Fröttmaning-Nord. If using public transport, the Allianz Arena is easily reached bymetro. Take line 6 in the direction of Garching-Hochbrück and get off at stop Fröttmaning. You can catch line 6 right in Munich’s old city centre at stop Marienplatz. The journey takes about 15 minutes. There are tram connections from both Munich’s large train stations (Hauptbahnhof and Ostbahnhof) to Marienplatz. Address: Werner-Heisenberg-Allee 25, München","The Allianz Arena is located on the edge of the city and is bordered by an office and retail park. There is little entertainment around, and you are better off eating and drinking in Munich’s city centre and to just head to the arena to see the match. There are few hotels in the immediate surroundings of the Allianz Arena. If you are coming in by car and need something close to the arena, then there are a few road-side hotels one metro stop north of the stadium (in Garching-Hochbrück). BothMotel OneandIbis Hotel München Hochbrückare decently priced and get good reviews.Hotel Corois a nearby alternative. Hotel Arena Stadt Münchenis located one metro stop south of the stadium and theoretically at walking distance. Clickherefor an overview of all hotels near the Allianz Arena. There are obviously also plenty of hotels in Munich’scity centre, in particular in the area around Munich’s main railway station.","You can buy tickets for Bayern gamesonline, or in person at the Bayern ServiceCenter at the Säbener Straße 51-57 (in the south of the city). However, Bayern sell out every home league match and it is nearly impossible for non-members to get tickets, even in advance (though Bayern’s own ticket market place may at times have some tickets available). Whileviagogois no longer the official ticket marketplace of Bayern, they do offer a reliable choice of tickets, albeit for premium prices. Tickets range in price from €35.00 for a seat at the upper tier behind the goal to €70.00 for most seats at the sides. Tickets for the standing areas behind the goals go for €15.00. student@example.invalid more information."
Bundesliga,Germany,FC St. Pauli,Millerntor-Stadion,53.554583,9.967667,"Millerntor-Stadion is located in central Hamburg. It lies next to the Heiligengeistplatz fair ground, and in close proximity of the Planten und Bomen park and the Kiez nightlife area (around the Reeperbahn). The stadium is less than a 30-minute walk from the central Rathaus square in Hamburg’s city centre, but can also be reached bymetro. Stop St. Pauli is closest to the stadium and on line U3, which crosses right through the city centre. Address: Heiligengeistfeld, 20359 Hamburg",Info not available,"Tickets for St. Pauli matches can be boughtonline, by phone +49 (0) 0 18 05 99 77 19, or at the ticket centre at the Millerntor-Stadion. St. Pauli sell out most home matches, and booking in advance is therefore strongly advised. Tickets range in price from €28.00 for a seat behind the goal to €43.00 for a central seat at the main stand. Standing costs €12.50 behind the goal, or €14.50 at the sides."
Bundesliga,Germany,VfB Stuttgart,MHPArena,48.79222,9.23194,"The HDI Arena is located about 1.5 kilometres, or 20 minutes walking, south of Hanover’s city centre. The walk from the main rail station takes 5 to 10 minutes longer. The stadium can also be reached by commuter rail (S-Bahn). The stadium is served by line S3, S7, S9, and S17, which all pass through the centre (Kröpcke or Thielenplatz) and the rail station (Hauptbahnhof). Either get off at station Waterloo (S3, S7, and S9), or at station Stadionbrücke (S3, S7, and S17). Both stations lie a 5 to 10-minute walk away from the stadium. Alternatively, bus 100 and 200 connect the stadium with the city centre. Get off at stop HDI Arena (AWD Arena). Address: Robert-Enke-Straße 3, 30169 Hannover","The HDI Arena is located in a pleasant area surrounded by other sports facilities, parks, and the Schützenplatz Hannover, a large fairground. There are a few eating and drinking options directly near the stadium, and many more a short walk away in Hanover’s city centre. If you wish to stay close to the stadium and have a large budget, theCourtyard by Marriott Hannover Maschseewill likely have your preference as a hotel. For those on a tighter budget,Hotel Ahrberg Viertelis an option just west of the stadium. You could also pick a hotel on the southern edge of the city centre, from where it is about 10 minutes walking to the stadium.Garni Hotel Reverey,Mercure Hotel Hannover City, andLühmanns Hotel am Rathausall get good reviews and are reasonably priced. Clickhereto see all hotels near the HDI Arena, andherefor more hotels in Hanover’s city centre.","Tickets for Hannover 96 matches can be boughtonline, by phone +49 (0) 1805 1896 00, at the Fanshop at the HDI Arena, at the Fanshop at the Rathenaustraße 21 in the city centre, or at one of the other authorised salespoints, of which several in Hanover’s city centre. If tickets remain available, these can be bought at the ticket windows of the stadium on the day of the match. In the Bundesliga, Hannover typically sell out about half of their league matches in a season, but in the 2. Bundesliga they only sell out the local derbies. Tickets prices start at €20.00 for a seat behind the goal and range up to €40.00 for a central seat at the main stand. Standing costs €12.00. You can find a seating planhere."
Bundesliga,Germany,VfL Wolfsburg,Volkswagen Arena,52.43278,10.80389,"The Volkswagen Arena is located just north-east of Wolburg’s main railway station and city centre. The walk to the stadium, during which you cross the railroad tracks and a canal, will take about 15 to 20 minutes. If arriving by car, the Volkswagen Arena is best reached from the A39 (which connects with the A2 just south of Wolfsburg). Take exit 3 Wolfsburg-West, follow the L321 into the city, and, after having passed the railway station, take the ramp left to Vorsfelde / Nordstadt. Take the first exit after the bridge (Berliner Brücke). The stadium will be clearly visible from the bridge. Address: In den Allerwiesen 1, 38446 Wolfsburg","The Volkswagen Arena sits right next to the massive Volkswagen factories and theAutostadttheme park, one of Germany’s most popular tourist attractions. It is furthermore bordered by a pleasant park with swimming pool, ice rink, and artificial beach, including a beach club. Alternatively, you can find some eating and drinking options in the nearby city centre, though, it being an industrial city, Wolfsburg is not one of Germany’s most attractive cities. There are not many hotels in Wolfsburg, but if money is no issue, then theRitz-Carltonon the nearby Autostadt is an excellent option at short walking distance of the stadium. Near the railway station, so still at walking distance, theTryp WolfsburgandInside by Meliá Wolfsburgare somewhat cheaper alternatives, or, again somewhat further away, thePorsche HotelandHotel Global Innfor those on an even tighter budget. Clickherefor an overview of hotels near the Volkswagen Arena, though you may also want to consider staying in eitherHanoverorBrunswick, both more pleasant cities with frequent train connections that take only 20 to 30 minutes.","Tickets for Wolfsburg games can be boughtonline, by phone +49 (0) 5361 8903 903, at the Fanshop at the Volkswagen Arena, or at the club’s fanshop at the Kaufhofpassage 6 in Wolfsburg’s city centre. Wolfsburg tend to sell out about a third to half of their home matches, though tickets for most matches should be easily available if bought in advance. Wolfsburg have divided their home matches into four pricing categories, though most home matches fall into the second-cheapest category 3. Ticket prices for these matches range from €19.00 for a seat behind the goal to €44.00 for a central seat at one of the sides. Standing costs €15.00 for all price categories, but the costs of a seat goes up to between €35.00 and €70.00 for the most expensive matches. You can find a seating planhere. For more information call +49 (0) 5361 89 03 903 or student@example.invalid."
Serie A,Italy,Atalanta,Gewiss Stadium,45.70889,9.68083,"Stadio Atleti Azzurri d’Italia is located north-west of central Bergamo, about 2 kilometres from Bergamo’s old town (up the hill), and about the same from Bergamo’s more modern central areas down the hill. It is slightly more than 2 kilometres from Bergamo’s rail station, which has frequent train service to and from Milan. The walk form both the old and new town, as well as the rail station, takes no more than 30 minutes. Alternatively, you can catchbus6 (direction S. Colombane) or 9 (direction Bruntino –Sorisole) from the rail station (Porta Nueva), and bus 3 from the old town (direction Ostello). Address: Piazzale Goisis 7, Bergamo","Stadio Atleti Azzurri d’Italia is located in a quiet residential neighbourhood. There are a few local neighbourhood bars en restaurants around, but there are many more options for eating and drinking in Bergamo’s picturesque old town and the new town near the railway station. There are no large hotels near Stadio Atleti Azzurri d’Italia, but plenty of smaller B&Bs if you wish to stay very close. However, most will decide to stay in central Bergamo and make the pleasant walk to the stadium. Clickherefor an overview of hotels in Bergamo.","Tickets for Atalanta games can be bought online viaListicket, at the club store at the Via Tiraboschi 89 in Bergamo’s modern centre, or at any of the Listicket salespoints. Tickets can also be bought on the gate from about three hours before the start of the match. Atalanta rarely sell out. Ticket prices can depend on the opponent, but typically range from €13.00 for a seat at one of the curves to €100.00 for a central seat at the main stand. Tickets for the opposite side tend to go for between €18.00 and €23.00. student@example.invalid more information."
Serie A,Italy,Bologna,Stadio Renato Dall'Ara,44.49222,11.30972,"Stadio Renato Dall’Ara is located in the west of Bologna at about 3 kilometres from Bologna’s historic city centre and slightly more from the city’s central railway station. If coming by car from the A1 (north or south), follow for Bologna and the A14 Ancona. From the A14, take exit 2 toward Bologna and follow for Bologna Centro. From there follow the signs for Stadio. If using public transport, one can takebus21 from the central railway station. Take the bus in the direction of Filanda and get off at stop Stadio. Buses leave several times an hour and the ride takes about 17 minutes. One can also catch bus 21 from the Via Marconi at the western side of the historic city centre. An alternative from the historic city centre is to catch bus 14 from the Via Rizzoli. Take the bus in the direction of Piazza Giovanni XXIII and get off at stop Stadio. The journey takes just under 15 minutes and buses run many times an hour. Address: Via Andrea Costa 174, 40134 Bologna","Stadio Renato is located in a not unpleasant urban neighbourhood, which mainly consists of apartment blocks. It won’t be too hard to find something to eat near the stadium, there are several local restaurants on the Via Andrea Costa and Via Saragozza, but needless to say that Bologna’s splendid historic centre offers many more options. There are no large hotels near Stadio Renato Dall’Ara, but various apartment rentals and B&Bs such asBed in Bo. There are, however, various hotels on the western edge of Bologna’s historic centre that are still at walking distance. These include the likes ofBest Western Hotel Re Enzo,Hotel Muà, andPalazzo Trevi Charming House. Clickherefor an overview of hotels and B&Bs near Stadio Renato Dell’Ara.","Tickets for Bologna games can be bought online viaVivaticket, or at one of the Vivaticketsales points. There are various sales outlets in Bologna’s historic centre (e.g. the Bologna Welcome tourist office at Piazza Maggiore), or near Bologna’s main train station (e.g. news agent Al Massimo at Via Cairoli 7C). Tickets can also be bought at the ticket windows of the stadium on the day of the match. It is recommended to buy in advance for high-profile matches though. You need to bring an ID to buy tickets. Ticket prices depend on the opposition. Expect to pay between €18.00 and €90.00 for a low-profile match, and between €25.00 and €130.00 for the likes of Juventus and the Milan clubs. You can find a seating maphere. For more information student@example.invalid."
Serie A,Italy,Cagliari,Unipol Domus,39.2,9.1375,null,null,null
Serie A,Italy,Como,Stadio Giuseppe Sinigaglia,45.81389,9.07222,"Stadio G. Sinigaglia is located on the shores of Lake Como on the western edge of Como’s city centre. The walk from any city centre location takes 15 minutes at most. Como has two major railway stations: Como S. Giovanni and Como Lago. Como S. Giovanni lies just west of the city centre at a few hundred metres from the stadium. Regional and long-distancetrainsstop here. Trains to Como S. Giovanni depart from Milano Centrale or Garibaldi stations and take about 40 minutes to arrive. Como Lago station lies on the other side of the city centre, though still only a short walk away from the stadium. It is served by regional commuter trains from Milan Cardona railway station. The journey takes about an hour.",Info not available,"Como tickets can be bought online throughVivaticket, or in person at the club office at the stadium. Tickets are also available at the stadium on the day before the start of the match. Tickets range in price from € 9.00 for a seat behind the goal to € 28.00 for a seat at the main stand."
Serie A,Italy,Empoli,Stadio Carlo Castellani - Computer Gross Arena,43.72639,10.955,Info not available,Info not available,"Tickets for Empoli games can be bought at the Empoli Store at Piazza della Vittoria in Empoli’s town centre, or at any Bookingshow sales outlets. Tickets are also available on the gate on the day of the match. Even in the Serie A Empoli rarely sell out. Tickets typically range in price from €15.00 for a seat behind the goal at the Curva Nord to between €40.00 and €85.00 for a seat on one of the sides. Tickets are €5.00 more expensive if bought on the day of the match."
Serie A,Italy,Fiorentina,Stadio Artemio Franchi,43.78083,11.28222,"Stadio Artemio Franchi is located towards the north-east of Florence at about 2 kilometres from the historic city centre. The walk from the Duomo in the historic centre takes about half an hour. The stadium lies only two blocks from train station Campo di Marte, which is almost solely served by regionaltrains. A change at Florence’s main Santa Maria Novella station will likely be necessary. Alternatively, one can takebus17 from Santa Maria Novella or Piazza San Marco (which lies three blocks north of the Duomo). If arriving by car from the Milan-Napels motorway, take exit Firenze Sud, follow the Varlungo Marco Polo viaduct toward the city, cross the bridge, and follow the signs (Stadio) to Stadio Artemio Franchi. Address: Viale Manfredo Fanti 4, 50137 Firenze","Stadio Artemio Franchi is located in a generally quiet residential area. It will not be hard to find a café or a place to get something to eat, but Florence’s city centre is obviously much more pleasant to pass some time. There are a few hotels directly near the stadium.MSNSUITES Palazzo LombardoandCasa Schlatterboth get good reviews, whileHostel 7 Santiis a cheaper alternative. Clickhereto see all hotels near Stadio Artemio Franchi. Alternatively, one could opt to pick a hotel in between the stadium and Florence’s city centre.Hotel Della Robbia,Hotel Villa Liana, andHotel Regencyare some of the options. Clickherefor an overview of hotels in Florence’s city centre.","Tickets for Fiorentina games can be bought online viaTicketone, at the Fiorentina Point at Via dei Sette Santi 28r at two blocks from the stadium, or at the official club store at I Gigli shopping centre north-west of the city. Ticket prices typically start at €20.00 for a seat at one of the curves, and range between €30.00 and €70.00 for a seat at one of the long sides. Tickets are much cheaper if bought in advance, but prices may get increased for a few high-profile matches. You can find a seating maphere. For more information student@example.invalid."
Serie A,Italy,Genoa,Stadio Luigi Ferraris,44.41639,8.9525,"Stadio Luigi Ferraris is located toward the north of the city of Genoa in the Marassi area. It lies along the Bisagno river(bed). The stadium lies only 1.5 kilometres from Genoa’s historic city centre, but is best approached in a little roundabout way from the south (to avoid climbing up and down the hill that lies between the centre and the stadium. The stadium is at walking distance from Genova Brignoletrainstation, which is mainly served by regional trains. Follow the Bisagno river inland for about a kilometre. Brignole train station is on the western edge of Genoa’s city centre. From Brignole you can also take bus 480 or 482 in the direction of S. Eusebio. It is just a 7-minute ride to stop Marassi/Stadio. Genova Principe train station, where the long-distance trains arrive, lies further away, about 3.5 kilometres from the stadium. You can take a train to Brignole from Principe station. Alternatively you can catchbus12 or 13 from metro station San Giorgio. Take the bus in the direction of Prato, and get off at stop Bobbio5/Stadio. From metro De Ferrari you can take bus 14, also in the direction of Prato. On matchdays, special bus services run from Caricamento (CM), Piazzale Kennedy (KM and 47), and Principe train station (SM). If arriving by car, take exit Genova Est from the A12. Follow directions to the city, and later on the signs to the stadium. Address: Via Giovanni De Prà 1, 16139 Genova","Stadio Luigi Ferraris is located in a dense urban area, which means that there is no shortage of the typical Italian bars and restaurants you find in such neighbourhood. There are furthermore plenty of options for eating and drinking in the area around Brignole train station. Genoa’s principal nightlife areas are a little further west in the southern part of Genoa’s historic centre. There are no hotels in the immediate surroundings of the stadium, but a good few in the area around Brignole, which gives you convenient access to the stadium and city centre.Hotel Nologo,Hotel Brignole, andHotel Ricciare some of the more budget options, whileStarhotels PresidentandGolden Tulip Hotel Moderno Verdiare for those that have a little more to spare. Clickherefor all hotels near Stadio Luigi Ferraris and Brignole train station, orhereto see further options in Genoa’s historic centre.","Tickets for Genoa matches can be bought online viaListicket(print-at-home tickets), or in person at the Genoa Store at the Palazzina San Giobatta in Genoa’s city centre near San Giorgio metro station. Ticket prices typically range from €15.00 for the ends to between €30.00 and €50.00 for the long sides, but can be higher for high-profile matches. Tickets can also be bought at the stadium from 5 hours before the match. Make sure to bring a passport or ID-card. Genoa only occasionally sell out. student@example.invalid more information."
Serie A,Italy,Hellas Verona,Stadio Marcantonio Bentegodi,45.43528,10.96861,"Stadio Marcantonio Bentegodi is located just south-east of Verona’s historic city centre. The walk from the main railway station (Verona Porta Nueva), which lies south of the historic centre, takes less than 15 minutes. The walk from the central Piazza Bra with its roman theatre will take slightly longer, but still less than half an hour. Alternatively,bus11, 12, and 13 connect the city centre (Piazza Bra) and the main railway station with the stadium. Take bus 11 in the direction of Chievo/Corno, bus 12 direction Borgo Nuevo, or bus 13 direction Croce Bianca. On Sundays and holidays these are replaced with line 90 and 95. Get off at stop Stadio. Address: Piazzale Olimpia, 37138 Verona","Stadio Marcantonio Bentegodi is centrally located in a rather dense residential neighbourhood. In typical Italian fashion, it won’t be too hard to find a local cafe or restaurant, but Verona’s very pleasant city centre is nearby which offers plenty more options to eat and drink. Hotel Martiniis a good option if you want to stay close to the stadium. It lies a 10-minute walk away and gets good reviews.Hotel Porta Paliois another option a few minutes further away, and there are furthermore various apartment rentals and small B&Bs to choose from. Clickherefor an overview of hotels near Stadio Marcantonio Bentegodi. Of course, there is no reason to limit yourself to the hotels right near the stadium as the city centre is close by. Clickhereto explore the hotels elsewhere in the centre.","Tickets for Chievo matches can be bought online throughTicketone, or at the ticket windows of the stadium on the day before the match and the day of the match. Chievo rarely sell out. Ticket prices depend on the opponent. Most matches come in the second category with tickets starting at €24.00 for a seat behind the goal ranging up to €64.00 for a lower-tier seat at one of the long sides. Tickets for a few low-profile matches are a bit cheaper, while tickets for the top matches are quite a bit more expensive. You can find a seating planhere."
Serie A,Italy,Inter Milan,San Siro,45.47806,9.12389,"San Siro is located in the west of Milan at approximately 5 kilometres from Milan’s city centre and more than 7 kilometres from Milan’s central railway station. If arriving by car from the direction of Turin (A4), Genova (A7), or Bologna (Autostrada del Sole), make your way to the western ring road (Tangenziale Ovest) and take exit 3 to the Via Novara. Signs will direct you from the motorway to the stadium. If coming from the direction of Venezia, take the exit towards the Viale Certosa. After the exit signs will guide you to the stadium. San Siro is easily reached bymetrodue to the recently opened new purple M5 metro line. The nearest stations are San Siro Ippodromo and San Siro Stadio, both a short walk from the stadium. Line M5 passes north of Milan’s city centre past Garibaldi station and from most central places a change will be required either at Lotto (red M1 line) or Garibaldi station (green M2 line). It takes a little under 20 minutes to get from Piazza Duomo to the stadium. Alternatively, the stadium can be reached with tram 16. Take the tram in the centre of Milan (west of Piazza Duomo) to San Siro Stadio, the last stop on the line. The journey takes about half an hour. Address: Via dei Piccolomini 5, 20151 Milano","San Siro is located in a rather quiet residential area, which did not use to offer much in terms of entertainment, but has recently seen a few more bars and restaurants pop up. Still, as the stadium is easy to reach by metro, it makes more sense to eat and drink in the centre or in one of Milan’s other livelier areas, and head to the stadium just for the match. Of course, there are plenty of food stalls around on the day of the match for a quick panino. If you prefer to stay the night close to San Siro and are on a budget, then the recently openedB&B Hotel Milan San Sirowill be an excellent pick. It is located right next to the stadium.MI. Styleis another budget alternative right near the stadium. There is more choice near Lotto metro station, less than a 20-minute walk from the stadium, including some that offer a little more luxury.Hotel Mélia Milanogets the best reviews, whileHotel Montebianco,Best Western Hotel Astoria,Hotel Nuovo Murillo, andHotel Amendola Fieraare good options that are a little more affordable. Clickherefor all hotels near San Siro, andherefor further options in central Milan.","Tickets for AC Milan games can be boughtonlinethrough the Milan official website, at the branches of theBanca Popolare di Milanobank, at any of theTicketOnesales outlets, or at the Casa Milan ticket office at the Via Aldo Rossi 8 in the north of the city (closest metro QT8). Tickets are also available at the stadium before the start of the match. Milan tend to only sell out the home matches versus Inter and Juventus. An ID is required in order to buy tickets. Tickets come in three prices categories. Ticket prices for the cheapest C category start at €20.00 for a seat at the second tier behind the goal, range to €40.00 for the cheapest lower-tier seats at the sides, and range further to €140.00 for a central lower-tier seat at the main stand. Prices for the most expensive Category A games range from €30.00 to €250.00. Tickets for the third tier only go on sale if the rest are sold out. You can find a seating maphere."
Serie A,Italy,Juventus,Juventus Stadium,45.10944,7.64111,Info not available,"Allianz Stadium is located on the outskirts of the city of Turin in a quiet residential area. With their new stadium, Juventus also opened a medium-sized shopping centre,Area12, which has a few food outlets. Apart from that, there are few options to eat or drink around the stadium, and doing so in Turin’s pleasant city centre may be the better alternative. The newly openedHotel Masterlies right next to the stadium, gets good reviews, and is reasonably affordable.Hotel Galant, a road-side hotel near the Tangenziale, is a comparable alternative. It lies slightly further away from the stadium, but can be convienent for those arriving by car. For all hotels near Juventus Stadium clickhere. However, if you are spending more than a day in Turin, you will likely have a better time staying at a hotel closer to the city centre. Picking a hotel nearPorta Susastation may be convenient in terms of public transport to the stadium, but there is more choice near Turin’s other main station,Porta Nuova.","Tickets for Juventus games can be bought online viaListicket, by phone 892 101 (from Italy) or +39 02 600 60 900 (from abroad), or at one of the Listicket salespoints. For certain sections possession of a Tessera del Tifoso fan card may be required. Juventus sold out most matches in their first few seasons at Juventus Stadium and most matches are still close to a sell-out. It is therefore recommended to book as much in advance as possible. Tickets usually go on sale two weeks before the match. If the match is sold out or if you wish to purchase longer in advance, you can revert to ticket websites such asviagogo, who offer a reliable alternative and take care of the repersonalisation of the tickets where required. Of course, prices will generally be higher than face value. Ticket prices depend on the opponent, but typically start at €30.00 for a seat behind one of the goals and range up to €105.00 for the central seats at the long sides. Other seats at the sides tend to go for between €65.00 and €95.00."
Serie A,Italy,Lazio,Stadio Olimpico,41.93389,12.45472,"Stadio Olimpico is located towards the north of Rome at about 4 kilometres north of Vatican City. It is situated within the Foro Italico sports complex, which is enclosed by the river Tiber on one side and a nature reserve on the other. To get to the stadium by car, first make your way to the Rome ringroad (G.R.A.), and then take exit N5 towards Flaminia (on the northern side of the G.R.A.). From there follow the signs to Foro Italico. There are no metro stations close to the stadium, but it is rather easy to reach by tram.Tram2 passes the stadium on the other side of the river and can be taken from metro stop Flaminio on line A, which is close to the Villa Borghese gardens and Piazza del Popolo. Take the tram in the direction of Mancini and get off at stop Mancini. Alternatively, one can take bus 32 just north of Vatican City at metro stop Ottaviano. Take the bus in the direction of Tor di Quinto and get off at stop Stadio Tennis. Bus 280 can furthermore be caught from the Castel Sant’Angelo or metro Lepanto. Take the bus in the direction of Mancini and get off at stop Stadio Tennis. Address: Via Foro Italico, 00194 Roma","Stadio Olimpico is located in a pleasant area long the river Tiber. It is part of the Foro Italico sports complex that was built by the Italian fascist regime, which means a few architecturally interesting structures. Unfortunately, Stadio Olimpico does not run any stadium tours, which means that on non-matchdays one can only see the stadium from the outside and walk around the complex. Rome’s other major stadium, Stadio Flaminio lies at walking distance on the other side of the river. There are few options to eat or drink at the Foro Italico complex itself, but the area on the other side of the river is a typical Italian urban neighbourhood, which means that it will not be hard to find an espresso, gelato, or pizza. Of course, the options pale in comparison with Rome’s city centre, and the area furthermore lacks proper nightlife. If you wish to stay close to Stadio Olimpico, there are quite a few hotels around, though it almost always takes at least 10 to 20 minutes to walk to the stadium. Hotels in the area around Stadio Flaminio includeHotel Villa Glori,Best Western Hotel Astrid,Suites Piazza del Popolo, andFace to Face House. These get good reviews, charge between €75 and €125 for a double room, and have the added advantage that the tram to Piazza del Popolo passes right by. Hotels south of the stadium includeHotel Clodio, and a few bed & breakfasts. The options north-east of the stadium includeHotel Farnesina, and the slightly more luxuriousRiver Chateau Hotel. For all hotels near Stadio Olimpico clickhere. If you wish to stay closer to the centre, but want to strategically locate your hotel toward Stadio Olimpico, then staying close toPiazza del Popoloor near metro stopOttaviano(generally cheaper) are good options. More hotels in Romehere.","Tickets for AS Roma matches can be bought online viaListicket, by phone +39 892 982 (Listicket call centre), in person at one of the AS Romastores(of which the ones at Piazza Colonna 360 and Via Appia Nuova 130 are most centrally located), or at the Foro Italico Ticket Office near Stadio Olimpico (Viale delle Olimpiadi 61). On the day of the match tickets can be bought at the Foro Italico Ticket Office until kickoff (at the AS Roma stores until a few hours before kickoff). AS Roma currently rarely sell out and even for high-profile matches tickets are generally easily available if bought in advance. AS Roma have divided their home matches into two pricing categories. Tickets for category B matches, the cheapest, range in price from €25.00 for a seat behind the goal to €65.00 for a seat at one of the sides. Tickets for category A matches, the most expensive, cost between €35.00 and €80.00. You can find a seating planhere."
Serie A,Italy,Lecce,Stadio Via del mare,40.36528,18.20889,"Stadio Via Del Mare is located on the north-eastern edge of the small city of Lecce, slightly over 3 kilometres from the city centre and 4.5 kilometres from the train station. The stadium lies just inside Lecce’s ring road (Tangenziale). Take exit 7a. The stadium will be signposted from the exit. Address: Via del Mare, 73100 Lecce",Info not available,"Tickets for Lecce games can be bought at one of the Vivaticket sales outlets, or at the stadium on the day of the match. Lecce rarely sells out. Ticket prices typically range from €9.00 for a seat at one of the curves to €50.00 for a central seat at the main stand. For more information student@example.invalid."
Serie A,Italy,AC Milan,San Siro,45.47806,9.12389,"San Siro is located in the west of Milan at approximately 5 kilometres from Milan’s city centre and more than 7 kilometres from Milan’s central railway station. If arriving by car from the direction of Turin (A4), Genova (A7), or Bologna (Autostrada del Sole), make your way to the western ring road (Tangenziale Ovest) and take exit 3 to the Via Novara. Signs will direct you from the motorway to the stadium. If coming from the direction of Venezia, take the exit towards the Viale Certosa. After the exit signs will guide you to the stadium. San Siro is easily reached bymetrodue to the recently opened new purple M5 metro line. The nearest stations are San Siro Ippodromo and San Siro Stadio, both a short walk from the stadium. Line M5 passes north of Milan’s city centre past Garibaldi station and from most central places a change will be required either at Lotto (red M1 line) or Garibaldi station (green M2 line). It takes a little under 20 minutes to get from Piazza Duomo to the stadium. Alternatively, the stadium can be reached with tram 16. Take the tram in the centre of Milan (west of Piazza Duomo) to San Siro Stadio, the last stop on the line. The journey takes about half an hour. Address: Via dei Piccolomini 5, 20151 Milano","San Siro is located in a rather quiet residential area, which did not use to offer much in terms of entertainment, but has recently seen a few more bars and restaurants pop up. Still, as the stadium is easy to reach by metro, it makes more sense to eat and drink in the centre or in one of Milan’s other livelier areas, and head to the stadium just for the match. Of course, there are plenty of food stalls around on the day of the match for a quick panino. If you prefer to stay the night close to San Siro and are on a budget, then the recently openedB&B Hotel Milan San Sirowill be an excellent pick. It is located right next to the stadium.MI. Styleis another budget alternative right near the stadium. There is more choice near Lotto metro station, less than a 20-minute walk from the stadium, including some that offer a little more luxury.Hotel Mélia Milanogets the best reviews, whileHotel Montebianco,Best Western Hotel Astoria,Hotel Nuovo Murillo, andHotel Amendola Fieraare good options that are a little more affordable. Clickherefor all hotels near San Siro, andherefor further options in central Milan.","Tickets for AC Milan games can be boughtonlinethrough the Milan official website, at the branches of theBanca Popolare di Milanobank, at any of theTicketOnesales outlets, or at the Casa Milan ticket office at the Via Aldo Rossi 8 in the north of the city (closest metro QT8). Tickets are also available at the stadium before the start of the match. Milan tend to only sell out the home matches versus Inter and Juventus. An ID is required in order to buy tickets. Tickets come in three prices categories. Ticket prices for the cheapest C category start at €20.00 for a seat at the second tier behind the goal, range to €40.00 for the cheapest lower-tier seats at the sides, and range further to €140.00 for a central lower-tier seat at the main stand. Prices for the most expensive Category A games range from €30.00 to €250.00. Tickets for the third tier only go on sale if the rest are sold out. You can find a seating maphere."
Serie A,Italy,Monza,Stadio Brianteo,45.58278,9.30806,"Stadio Brianteo is located in the east of Monza at about 2 kilometres from Monza’s city centre. Monza itself lies in the north-east of the Milan greater metropolitan region at about 15 kilometres from central Milan. From Monza’s city centre it is about a half an hour walk to the stadium, from Monza’s main railway stadium just south of the centre a few minutes more. Alternatively, catchbusZ206 from either the railway station or Piazza Carducci in the centre. To get to Monza from Milan, get one of various regional commutertrainservices departing from Garibaldi train station. Catch either the S7 or S8 to Lecco, the S9 to Saronno, the S11 to Chiasso, the R14 to Bergamo, the RE8 to Tirano, or the RE10 to Airolo/Biasca. There is frequent service with the journey taking just over 15 minutes. Address: Via Tognini, Monza",Info not available,"Monza tickets can be bought online throughVivaticket, or in person at any of the Vivaticket salespointsor at the stadium from a few days before the match. Tickets are also available on the day at the stadium. A seat behind the goal costs € 8.00 and a seat for the main stand € 16.00"
Serie A,Italy,Napoli,Stadio Diego Armando Maradona,40.828,14.193,"Stadio San Paolo is located in the western suburb Fuorigrotta at slightly less than 7 kilometres from the city centre of Naples. Train station Napoli Campi Flegrei is a 5-minute walk from the stadium. There is service from Napoli Piazza Garibaldi station, which is located next to the larger central station where the long-distance trains arrive. The ride takes about half an hour. Slightly quicker is themetro. One can take line 2 from the central station and several points near the centre. Get off at stop Campi Flegrei station. The Mostra stop on line 6 is also at walking distance from the stadium. Mostra station can also be reached with theFerrovia Cumana, a regional train service that follows the coastline. Trains run from the Monsanto station near the city centre. If arriving by car, Stadio San Paolo can be easily reached from the Tangenziale di Napoli, the main motorway running through Napoli. The stadium lies just a few hundred metres south of exit 10 Fuorigrotta. Address: Pizzale Vincenzo Tecchio, 80125 Napoli","Stadio San Paolo is located in a dense and somewhat chaotic urban area with a good amount of local cafés and restaurants around. There is also a McDonalds right opposite the stadium. There are a few decent hotels a short walk away from Stadio San Paolo, which includeHotel Leopardi,Hotel Serius, andHotel Cesare Augusto. Clickhereto see all hotels near Stadio San Paolo. Alternatively, you can just as well stay in Naples’city centre, from where there are good public transport connections to the stadium.","Tickets can be bought online viaListicket, through any of the other authorised sales points, and generally at the ticket windows of Stadio San Paolo. Napoli may at times require possession of a fan card to be able to buy tickets. Ticket prices depend on the opponent. For a low-profile match, they can start as low as €10.00 for a seat at one of the curves, ranging up to €35.00 for a seat at the main stand. For a high-profile match, on the other hand, prices tend to start at €45.00 for the curves and range up to €90.00 for the main stand."
Serie A,Italy,Parma,Stadio Ennio Tardini,44.795,10.33833,"Stadio Ennio Tardini is located on the south-eastern edge of Parma’s city centre. The walk from the central Piazza Garibaldi takes about 15 minutes, while the walk from Parma’s main railway station, located towards the north of the centre, takes about half an hour. Alternatively, the stadium can be reached by bus. Takebus9 (in the direction of Via Zoni) from Parma’s main rail station. Bus 9 goes at least twice an hour and passes though Parma’s city centre. The ride takes only 10 minutes, get off at stop Stadio Tardini. Bus 8 and 21 also stop in the close vicinity of the stadium. Address: Viale Partigiani d’Italia 1, 43100 Parma","Stadio Ennio Tardini lies a short walk away from Parma’s pleasant and interesting historic centre, which boasts a good selection of bars and restaurants. Similarly, any hotel in Parma’s city centre will be at walking distance from the stadium. Clickherefor an overview of hotels near Stadio Ennio Tardini and Parma’s historic centre.","Ticket for Parma games can be bought online viaListicket, at the ticket windows of Stadio Ennio Tardini from one day before the match, or at any of the Listicket sales outlets in Parma and surroundings, which includes Tabaccheria Paterlini at the Via Garibaldi 27 in central Parma. Tickets can also be bought on the gate on the day of the match. Parma very rarely sell out. Tickets for the Curva Nord cost €15.00, whereas tickets for the long sides range in price from €20.00 to €55.00. Prices can be increased for a few high-profile matches."
Serie A,Italy,Roma,Stadio Olimpico,41.93389,12.45472,"Stadio Olimpico is located towards the north of Rome at about 4 kilometres north of Vatican City. It is situated within the Foro Italico sports complex, which is enclosed by the river Tiber on one side and a nature reserve on the other. To get to the stadium by car, first make your way to the Rome ringroad (G.R.A.), and then take exit N5 towards Flaminia (on the northern side of the G.R.A.). From there follow the signs to Foro Italico. There are no metro stations close to the stadium, but it is rather easy to reach by tram.Tram2 passes the stadium on the other side of the river and can be taken from metro stop Flaminio on line A, which is close to the Villa Borghese gardens and Piazza del Popolo. Take the tram in the direction of Mancini and get off at stop Mancini. Alternatively, one can take bus 32 just north of Vatican City at metro stop Ottaviano. Take the bus in the direction of Tor di Quinto and get off at stop Stadio Tennis. Bus 280 can furthermore be caught from the Castel Sant’Angelo or metro Lepanto. Take the bus in the direction of Mancini and get off at stop Stadio Tennis. Address: Via Foro Italico, 00194 Roma","Stadio Olimpico is located in a pleasant area long the river Tiber. It is part of the Foro Italico sports complex that was built by the Italian fascist regime, which means a few architecturally interesting structures. Unfortunately, Stadio Olimpico does not run any stadium tours, which means that on non-matchdays one can only see the stadium from the outside and walk around the complex. Rome’s other major stadium, Stadio Flaminio lies at walking distance on the other side of the river. There are few options to eat or drink at the Foro Italico complex itself, but the area on the other side of the river is a typical Italian urban neighbourhood, which means that it will not be hard to find an espresso, gelato, or pizza. Of course, the options pale in comparison with Rome’s city centre, and the area furthermore lacks proper nightlife. If you wish to stay close to Stadio Olimpico, there are quite a few hotels around, though it almost always takes at least 10 to 20 minutes to walk to the stadium. Hotels in the area around Stadio Flaminio includeHotel Villa Glori,Best Western Hotel Astrid,Suites Piazza del Popolo, andFace to Face House. These get good reviews, charge between €75 and €125 for a double room, and have the added advantage that the tram to Piazza del Popolo passes right by. Hotels south of the stadium includeHotel Clodio, and a few bed & breakfasts. The options north-east of the stadium includeHotel Farnesina, and the slightly more luxuriousRiver Chateau Hotel. For all hotels near Stadio Olimpico clickhere. If you wish to stay closer to the centre, but want to strategically locate your hotel toward Stadio Olimpico, then staying close toPiazza del Popoloor near metro stopOttaviano(generally cheaper) are good options. More hotels in Romehere.","Tickets for AS Roma matches can be bought online viaListicket, by phone +39 892 982 (Listicket call centre), in person at one of the AS Romastores(of which the ones at Piazza Colonna 360 and Via Appia Nuova 130 are most centrally located), or at the Foro Italico Ticket Office near Stadio Olimpico (Viale delle Olimpiadi 61). On the day of the match tickets can be bought at the Foro Italico Ticket Office until kickoff (at the AS Roma stores until a few hours before kickoff). AS Roma currently rarely sell out and even for high-profile matches tickets are generally easily available if bought in advance. AS Roma have divided their home matches into two pricing categories. Tickets for category B matches, the cheapest, range in price from €25.00 for a seat behind the goal to €65.00 for a seat at one of the sides. Tickets for category A matches, the most expensive, cost between €35.00 and €80.00. You can find a seating planhere."
Serie A,Italy,Torino,Stadio Olimpico Grande Torino,45.04167,7.65,"Stadio Olimpico di Torino is located in the south of the city of Turin, about 3.5 kilometres from railway station Porta Nuova and a little more from the city centre. Severaltramlines connect the stadium with the city centre. From Porta Nuova rail station take tram 4, which also passes right through the city centre on the Via XX Settembre. Take the tram in the direction of Drosso, and get off at stop Sebastopoli (or Filadelfia). The journey takes 12 to 15 minutes. From Porta Susa rail station take tram 10 in the direction of Settembrini. Get off at stop Sebastopoli or Filadelfia. From Lingotto rail station (which lies south of the stadium) you can take bus 14. From eastern and western parts of the city bus 17. Address: Via Filadelfia 88, 10137 Torino","Stadio Olimpico di Torino is located in the typical Italian urban neighbourhood, which means that there is a reasonable amount of cafés, bars, and restaurants in the area. The options obviously pale in comparison with those in the city centre. There are a few hotels toward Lingotto rail station, which are not too far away from the stadium.Hotel Cairo,Hotel Galimberti, andHotel Parco Fieraare all decent options. For all hotels near Stadio Olimpico di Torino clickhere. If you are spending more time in Turin, a hotel in the city centre may be the better alternative though. There are many options nearPorta Nuovarail station, from where there are easy transport connections to Stadio Olimpico.","Tickets for Torino FC games can be bought online viaTicketone, in person at the Ticketone salespoints(e.g. at the Fnac at the Via Roma 56 in the city centre), or at the ticket office at the stadium. Tickets are also available at the stadium on the day of the match. Torino only sell out the occasional high-profile match. Ticket prices depend on the opponent, but generally range from €20.00 for a seat at one of the curves to €60.00 for a central seat at the main stand. Expect to pay €5.00 to €20.00 more for a high-profile match. For more information call +39 (0) 11 317 01 80 or student@example.invalid."
Serie A,Italy,Udinese,Stadio Friuli,46.0816,13.2001,"Stadio Friuli is located in the north-east of the city of Udine at slightly more than 3 kilometres from the city centre. The stadium lies adjacent to the A-23 motorway, which makes it easy to get to by car. Take exit Udine Stadio Friuli. Bus9 connects the stadium with the central railway station in Udinese’s city centre. Buses leave regularly and the trip takes approximately 20 minutes. Get off at Via Mainerio. Address: Piazzale Argentina 3, Udine","Stadio Friuli is located on the edge of the city of Udine in an area that is a mix of residential houses and agriculture. While you will be able to find the odd local restaurant, there are few eating and drinking options, which is therefore better be done in Udine’s city centre. There are neither any hotels nearStadio Friuli, but Udine’scentre, which is not very touristic, offers about a dozen decent options to choose from.","Tickets for Udinese games can be bought online throughListicket, in person at the Udinese Store at the stadium or at the club store in Udine’s city centre (Via Portanuova 1), or at one of the Udinese Pointoutlets. Udinese sell out a few high profile matches per season, typically those against the Milan teams and Juventus, but otherwise tickets should be easily available. Ticket prices tend to vary from €10.00 for a seat at one of the curves to €60.00 for a central seat at the main stand. Expect to pay at least €25.00 for a high-profile match."
Serie A,Italy,Venezia,Stadio Pier Luigi Penzo,45.4277611,12.3637306,"San Siro is located in the west of Milan at approximately 5 kilometres from Milan’s city centre and more than 7 kilometres from Milan’s central railway station. If arriving by car from the direction of Turin (A4), Genova (A7), or Bologna (Autostrada del Sole), make your way to the western ring road (Tangenziale Ovest) and take exit 3 to the Via Novara. Signs will direct you from the motorway to the stadium. If coming from the direction of Venezia, take the exit towards the Viale Certosa. After the exit signs will guide you to the stadium. San Siro is easily reached bymetrodue to the recently opened new purple M5 metro line. The nearest stations are San Siro Ippodromo and San Siro Stadio, both a short walk from the stadium. Line M5 passes north of Milan’s city centre past Garibaldi station and from most central places a change will be required either at Lotto (red M1 line) or Garibaldi station (green M2 line). It takes a little under 20 minutes to get from Piazza Duomo to the stadium. Alternatively, the stadium can be reached with tram 16. Take the tram in the centre of Milan (west of Piazza Duomo) to San Siro Stadio, the last stop on the line. The journey takes about half an hour. Address: Via dei Piccolomini 5, 20151 Milano","San Siro is located in a rather quiet residential area, which did not use to offer much in terms of entertainment, but has recently seen a few more bars and restaurants pop up. Still, as the stadium is easy to reach by metro, it makes more sense to eat and drink in the centre or in one of Milan’s other livelier areas, and head to the stadium just for the match. Of course, there are plenty of food stalls around on the day of the match for a quick panino. If you prefer to stay the night close to San Siro and are on a budget, then the recently openedB&B Hotel Milan San Sirowill be an excellent pick. It is located right next to the stadium.MI. Styleis another budget alternative right near the stadium. There is more choice near Lotto metro station, less than a 20-minute walk from the stadium, including some that offer a little more luxury.Hotel Mélia Milanogets the best reviews, whileHotel Montebianco,Best Western Hotel Astoria,Hotel Nuovo Murillo, andHotel Amendola Fieraare good options that are a little more affordable. Clickherefor all hotels near San Siro, andherefor further options in central Milan.","Tickets for AC Milan games can be boughtonlinethrough the Milan official website, at the branches of theBanca Popolare di Milanobank, at any of theTicketOnesales outlets, or at the Casa Milan ticket office at the Via Aldo Rossi 8 in the north of the city (closest metro QT8). Tickets are also available at the stadium before the start of the match. Milan tend to only sell out the home matches versus Inter and Juventus. An ID is required in order to buy tickets. Tickets come in three prices categories. Ticket prices for the cheapest C category start at €20.00 for a seat at the second tier behind the goal, range to €40.00 for the cheapest lower-tier seats at the sides, and range further to €140.00 for a central lower-tier seat at the main stand. Prices for the most expensive Category A games range from €30.00 to €250.00. Tickets for the third tier only go on sale if the rest are sold out. You can find a seating maphere."
Ligue 1,France,Angers,Stade Raymond Kopa,47.460458,-0.530741,"Stade Raymond Kopa is located towards the south-west of Angers at roughly 2 kilometres from Angers’ city centre. It takes about half an hour to walk to the stadium from the cathedral in the centre. It also takes about half an hour to walk from the main rail station, which is located close to the city centre. Angers has good train connections to the rest of France. Frequent trains run from Paris. The journey takes about 1.5 hours. Instead of walking, you can also catch eitherbus2, 9, or 12 to get to Stade Raymond Kopa. Address: Rue du Colombier, 49100 Angers",Info not available,"Tickets for Angers games can be boughtonline, at the club store at the 58 Promenade de la Baumette (about 1.5 kilometres south of the centre), at one of the officialsales outlets, or at any of theFrance Billetor Ticketnet sales point. If not sold out, tickets are also available at the stadium from 1.5 hours before the match. Ticket prices range from €15.00 for a seat behind the goal to €60.00 for the best seats at the main stand."
Ligue 1,France,Auxerre,Stade Abbé Deschamps,47.7867528,3.5886639,"Stade Abbe Deschamps is located just south-west of the centre of the town of Auxerre. It lies on the banks of the river Yonne. The walk from the Cathedral in the town centre takes about 15 minutes. The walk from the train station, which sits on the other side of the river, a few minutes more. If arriving by car from the A6 motorway, take either exit 19 or 20 (Auxerre Nord or Sud) and follow for the town and its centre. At approaching the town follow the signs for AJA Foot. Address: Route de Vaux, 89000 Auxerre",Info not available,"Tickets for AJ Auxerre games can be bought online on theofficial websiteor throughTicketmaster, or at the club shop at the stadium. Tickets can also be bought on the gate on the day of the match. Auxerre does not typically sell out. Tickets for a seat behind the goal cost €5.00, and those for a seat at the main stand either €20.00 or €30.00. For more information student@example.invalid."
Ligue 1,France,Brest,Stade Francis-Le Blé,48.402932,-4.461694,"Stade Francis-Le Blé is located in the north-east of the city of Brest, almost 2.5 kilometres from Brest’s city centre and its central rail station. The walk from the north of the city centre or the central railway station takes just over 30 minutes. Alternatively,bus25 and 27 pass right next to the stadium. Both can be boarded at Place de Liberté in the city centre. Take bus 25 in the direction of Plougastel, or bus 27 in the direction of Kerhuon, and get off at stop Stade F. Le-Blé. The ride takes about 10 minutes. Address: 26 Route de Quimper, 29200 Brest",Info not available,"Tickets for Stade Brestois matches can be boughtonline, or in person at the club shop at 7 Rue Jean Jaurès in the city centre, the ticket windows of Stade Francis-Leble, or at any of theFrancebilletandTicketmastersales points. If tickets remain available, these can be bought at the ticket windows of the stadium on the day of the match. Brest might sell out a few high-profile matches per season though. Expect to pay from €13.00 for a seat behind the goal to €37.00 for a central seat at the main stand. Prices get increased for a few high-profile matches."
Ligue 1,France,Le Havre,Stade Océane,49.49889,0.16972,"Stade Océane is located toward the east of the city of Le Havre, roughly 3.5 kilometres from Le Havre’s city centre and the main railway station. The stadium lies adjacent to the RD6015, one of the main access roads that leads into the city from the A131 in the east. From the city centre you can catchbus2 to get to the stadium (e.g. from Cathédrale). Take the bus in the direction of Soquence and get off at stop Dr Lamaze, which is next to the old Stade Jules-Deschaseaux. Cross the RD6015 to get to the stadium. From the main railway station you can get bus 5 toward Graville. Get off at stop Champs Barêts, which is a short walk from Stade Oceane. Alternatives are bus 9 toward Gournay (stop Dr Lamaze) or bus 4 toward Graville (stop A. Blanqui). After a home match there are free shuttle buses that bring you back to the centre of Le Havre. Address: Boulevard de Léningrad, Le Havre",Info not available,"Tickets for Havre matches can be boughtonline, at the Athletic Store at Stade Oceane, or at one of theFrance BilletorTicketnetpre-sale points. Ticket prices range from €10.00 for a seat behind the goal to €25.00 for a seat at the main stand."
Ligue 1,France,Lens,Stade Bollaert-Delelis,50.43278,2.815,Info not available,"Stade Bollaert-Delelis is located in a residential area just north-west of Lens’ small city centre. Lens, a small industrial city, isn’t one of the most picturesque cities of France, and most will decide to travel in and out for the match while spending more time in Lille or Paris. Art lovers may be interested in the recently opened annex of theLouvremuseum, which is located just across the railroad tracks next to the stadium. The city centre boasts some places to eat and drink with the Boulevard Basly avenue being the best place to start. The stadium is only a short 5-10 minutes walk away. There is not much choice for hotels in Lens, but the few options such asHotel Le Jardin,Hotel de France, andHotel Bollaerttend to be affordable and get decent reviews. The latter is right across the stadium. There are some further well-rated small B&Bs and apartment rentals too. Clickherefor an overview of hotels and other accommodation in Lens.","Tickets for RC Lens games can be boughtonline, at the club shop at Stade Bollaert-Delelis, or through theFrancebilletandTicketnetsales outlets. Expect to pay between €9.00 and €16.00 for a seat behind the goal, and between €21.00 and €28.00 for a seat at one of the sides. Lens is famous for its excellent support, attracting large crowds even in Ligue 2, but due to the size of its stadium rarely sells out."
Ligue 1,France,Lille,Decathlon Arena Pierre Mauroy Stadium,50.6119,3.1304,Info not available,"Stade Pierre Mauroy lies squeezed in between a motorway, a golf course, and theLe Centre V2shopping centre. There are a few food outlets in the shopping centre, but apart from that the area is rather quiet. There are various hotels located close to the Stade Pierre Mauroy.B&B Lille Grand Stade, theTulip Inn Grand Stade, and thePark Inn Lille Grand Stadelie right next to the arena and get good reviews. TheInter Hotel Ascotelis another decent option only slightly further away. Finally,Stars Hotel Villeneuve d’AscqandPremiere Class Lille Estare two cheaper budget options, but also get less favourable reviews. Clickherefor all hotels near Stade Pierre Mauroy, andhereto explore the options in Lille’s city centre.","Tickets for Lille games can be boughtonline, by phone +33 (0) 820 25 26 27, at the ticket office at the stadium (opened: 2pm – 7pm), or at any of theFrancebilletandTicketnetsales points. If tickets remain available, these can be bought at the ticket windows of Stade Pierre Mauroy on the day of the match. Lille attract decent attendances in their new home, typically around 30,000, but tickets should be easily available for most home games. Ticket prices for a regular match range from €13.50 for the upper and lower corner sections to €37.00 for an upper tier seat at the long side, but prices rise for a number of higher-profile matches. Tickets tend to be more expensive if bought on the day."
Ligue 1,France,Lyon,Groupama Stadium,45.76522389,4.98213111,"Groupama Stadium is located in the Lyon suburb Décines, in the east of the city and just over 10 kilometres from Lyon’s city centre. The stadium, located right next to the N346 / E15 motorway, is easily reached by car. Get on the N346 from the A42 in the north or the A43 in the south and take exit 6. If using public transport, the stadium can be reached by tram. The stadium is only a 10-minute walk from station Decines Grand Large of tram line 3, which runs just north of the stadium, but on matchdays a special branch will bring you right in front of the stadium. Line 3 departs from Gare Part-Dieu on the eastern edge of Lyon’s city centre.","Parc Olympique Lyonnais is located on the edge of the city in a quiet suburb, surrounded by residential housing and farmlands. There is little around in terms of eating and drinking apart from the odd fast-food restaurant, which therefore best done in Lyon’s pleasant city centre. Most will also decide to find a hotel in the centre of Lyon, though if you want to stay close to the stadium, then there are a few roadside hotels around. These will likely most appeal to those arriving by car. Hotel Grand EstandB&B Hotel Lyon Meyzieuare decent mid-range options located right on the other side of the N346. Clickherefor an overview of hotels near Parc Olympique Lyonnais. Of course, most will decide to stay in Lyon’scity centre, which boasts plenty of options in all price ranges.","Tickets for Lyon matches can be bought online through the officialwebsitethrough official ticket partnerviagogo, in person at the club store at the stadium, or at the OL store at the 104 Rue du President Edouard Herriot in Lyon’s city centre. Ticket prices depend on the opponent, but expect to pay between €30.00 and €65.00 for an upper tier seat and between €60.00 and €275.00 for a lower tier seat."
Ligue 1,France,Marseille,Orange Vélodrome,43.26972,5.39583,"Orange Velodrome is located in the south of the city of Marseille, about 3.5 kilometres from Marseille’s city centre and a kilometre more from central railway station Saint-Charles. You can reach the stadium withmetroline 2. Catch the metro southbound at Saint-Charles railway station or another stop in the city centre (e.g. Noailles), and get off at either Rond-Point du Prado or Sainte Marguerite Dromel (both located at different sides of Stade Velodrome). If coming from the old port area, you can catch metro line 1 and change at station Castellane to line 2. You can find a metro network maphere. If it also possible to just walk from the old port area to Stade Velodrome, which will take 30-45 minutes. Find your way to the Rue de Rome, a few blocks inland, and turn south. The Rue de Rome turns into the wide Avenue de Prado, which brings you in one line to the stadium. It is a pleasant walk. Marseille has good train connections with the rest of France. There are frequent direct TGV trains from, for example, Paris, Lyon, and Nice. The journey from Paris takes about 3.5 hours. You can book your train tickets in advance through the officialSNCF website. Marseille also has its own airport,Marseille Provence Airport, which has good connections and is also serviced by low-cost airlines. The airport is located 25 kilometres north-west of Marseille’s centre, on the other side than Stade Velodrome, so catch a bus to Saint-Charles train station first and make your way to the stadium from there. Address: 3 Boulevard Michelet, 13008 Marseille","Orange Velodrome is located in a rather well-off residential area. There are a several eating and drinking options around, most of all on the Avenue du Prado in the direction of the city centre. In the city centre the old port area (Vieux Port) is the place to eat and drink. There is a reasonable amount of hotels in the vicinity of Stade Velodrome. TheMercure Marseille Prado,Inter-Hotel Parc des Expositions, andCitadines Prado Chanot Marseilleall get good reviews and are only 5 to 10 minutes walking from the stadium.Hotel Le Huitièmeis a more budget alternative. TheNovotelon Avenue du Prado is a little further away but still an easy walk, while closer to the centre. If you wish to stay close to the coast (and beach), theResidence Adagio Prado Plagemay be of interest to you. Most will decide to stay in theold port areathough, or a bit further south nearCastellanewith both the stadium and city centre at walking distance. Click here for all hotels nearStade Velodrome, andhereto explore further options in Marseille’s city centre.","Tickets for Marseille games can be purchasedonline(the official website operates through Digitick), at the ticket office at the stadium, or at the OM official store at 31 Rue St Ferréol in the city centre. They can furthermore be bought at any of theFrancebillet,Ticketnet, orDigiticksales outlets. Ticket prices can depend on the match, but expect to pay from €10.00 for a seat behind the goal to between €20.00 and €55.00 for a seat at one of the sides. Prices for high-profile games tend to be somewhat higher, but tickets for low profile matches such as the Europa League can go for even cheaper. For more information call +33 (0) 892 700 840."
Ligue 1,France,Monaco,Stade Louis II,43.7275,7.41556,"Stade Louis II is located on the southern border of the little state of Monaco. It is just a 15-minute walk to the stadium from the Royal Palace, and a 30-minute walk from the casino. Monaco’s train station, Gare de Monaco-Monte Carlo, is a 20-minute walk away. Regular trains connect Monaco with Nice Ville and Nice-Riquier train station. The journey takes only 20 minutes. Address: Avenue des Castelans 3, 98000 Monaco","Stade Louis II is located in a residential area mainly consisting of large apartment blocks. There are few eating and drinking establishments in the area, but the centre is just a 15-minute walk away and offers many more eating and drinking options. There are three hotels located in the very near vicinity of Stade Louis II:Riviera Marriott Hotel,Le Quai des Princes, andHotel Columbus, but, it being Monaco, neither comes cheap, and nor do most of the other hotels inMonte Carlo. You may therefore want to explore cheaper options in nearbyNiceorMenton.","Tickets for AS Monaco games can be boughtonline, or at the club shop at the stadium. Tickets are also available at the ticket windows of Stade Louis II on the day of the match. AS Monaco rarely sell out, even in a successful season. Ticket prices depend on the opponent, but for a regular opponent range from €4.00 for a seat at one of the curves to €25.00 for a seat at the main stand. Prices can be higher for a number of high-profile matches. For more information call +377 92 05 74 73 or student@example.invalid."
Ligue 1,France,Montpellier,Stade de la Mosson,43.62222,3.81194,"Stade de la Mosson is located in the far west of the city of Montpellier, almost 6 kilometres from the city centre and a little more from the main rail station. If arriving by car from the A9 motorway, take exit 31 Montpellier Ouest and follow for Croix d’Argent and Mosson until reaching the stadium. If using public transport, the stadium can be reached withtram1. Take the tram from the main railway station or the northern edge of the historic city centre in the direction of Mosson. Get off at stop Mosson, which is the last on the line. It takes about half an hour to reach the stadium. Address: Avenue Heidelberg, 34085 Montpellier",Info not available,"Tickets for Montpellier matches can be boughtonline, or at the ticket windows of Stade de la Mosson. Tickets can generally also be bought at the stadium from 2 hours before kickoff. Montpellier practically never sell out. Ticket prices typically range from €25.00 for a corner seat to €70.00 for a central seat at the main stand. Tickets for the third tier of the Tribune d’Honneur cost €25.00, but will not always be on sale."
Ligue 1,France,Nantes,Stade de la Beaujoire,47.256,-1.525,"Stade de La Beaujoire is located in the north of the city of Nantes at about 5 kilometres from Nantes’ city centre and main railway station. The stadium lies right on Nantes’ Périphérique ring road. Make your way to the north-eastern section and take exit 40 toward Porte de la Beaujoire. If using public transport, catchtram1 to the stadium. Take the tram in the direction of Beaujoire, which is also where you get off. You can catch the tram from the main railway station or adjacent city centre. Address: 5 Boulevard de la Beaujoire, 44300 Nantes",Info not available,"Tickets for Nantes games can be boughtonline, at the club store at the stadium, or at any of theFrance BilletandTicketnetsales outlets. Tickets are also available at the ticket windows of the stadium from 90 minutes before the start of the match. Tickets typically cost either €18.00, €33.00, or €43.00."
Ligue 1,France,Nice,Allianz Riviera,43.70528,7.1925,"The Allianz Riviera is located in the western suburbs of the city of Nice at about 10 kilometres from Nice’s city centre and about 5 kilometres from Nice International airport. The stadium lies right on the A8 motorway, which runs north of the city of Nice all along the French Riviera. Take exit 52 to get directly to the stadium, though other parking areas are easier reached via exit 51. If coming from central Nice, it is easier to take the Route de Grenoble north from the Promenade des Anglais near Nice International Airport. If using public transport, you can reach the stadium with special matchday bus service 95, which runs from Hôpital St Roch in Nice’s city centre. The journey takes about 50 minutes. The route of regular line 9/10 is furthermore extended so that it serves the stadium, though the journey takes about 75 minutes. Alternatively, you can take aTER trainfrom Nice-Ville main rail station to St Augustin station, from where shuttle buses run to the stadium. Finally, you can catch aChemins de Fer de Provencecommuter train to Digne and get off at station Saint-Isodore, from where it is a 10-minute downhill walk to the Allianz Riviera. Trains only run a few times a day, but extra trains run on event days. Trains leave from Chemins de Fer de Provence rail station, which lies a 10-minute walk north of Nice-Ville station. Address: Boulevard des Jardiniers , 06206 Nice","The Allianz Riviera is located on the edge of Nice in a semi-rural area which is a mix of farmlands, housing, and some offices and light industry. There is not much around in terms of entertainment, though if you have some time to spare and need something to eat or drink, you will find a few places around rail station Saint-Isidore. Otherwise, eating and drinking is better done in central Nice. There are two hotels near the Allianz Riviera, both in the vicinity of Saint-Isidore:Servitel Nice Saint Isidoregets the better reviews, while theKyriad Niceis a little more affordable. Both are a 10-minute walk away from the Allianz Riviera, and will likely most of all appeal to those arriving by car. Otherwise, there are various options nearNice Côte d’Azur Airport, which is not too far away and close to St Augustin station from where shuttles buses run to the stadium. Most people, however, will choose to stay in Nice’s pleasantcity centre.","Tickets for Nice games can be bought online through theofficial website,Auchan, andTicketmaster(the former does not accept all foreign credit cards). Tickets can furthermore be purchased at the club store at the Place Masséna in Nice’s city centre, or via theFrancebilletandTicketmastersales outlets. Ticket prices depend on the opponent, but typically range from €10.00 for a seat behind the goal to €50.00 for a central seat at the main stand."
Ligue 1,France,Paris Saint-Germain,Parc des Princes,48.84138888888889,2.2530555555555556,Info not available,"Parc des Princes is located in a typical dense Parisian neighbourhood. This means that if you walk a few blocks around the area, you will always bump into a bar or brasserie on a street corner. There are quite a few hotels in the area of Parc des Princes, and staying close to the stadium might not be a bad idea as you’ve got two metro lines close that can bring you to the centre. Of course, as you are in Paris, don’t expect the hotels to come cheap.Hotel Boileau, aHoliday Inn, aMercure Hotel, andHotel B Paris Boulogneall get good reviews, but you will pay at least €100.00 per night for a double room. Somewhat cheaper, but still acceptable, areHôtal Printania,Acropolis Hotel,Timhotel Paris Boulogne,Hôtel Villa Sorel, andHôtel de Paris. Clickherefor all hotels near Parc des Princes. Of course, with good transport connections to the stadium, you can just as well stay in any other part of Paris. You can find all optionshere.","Tickets for PSG games can be boughtonline, by phone 32 75, or at the PSG service point at Parc des Princes. Paris Saint-Germain have seen a steep rise in attendances since the 2011-12 season, and increasingly sell out. However, for most matches tickets will be easily available if bought in advance. Ticket prices depend on the opponent, but for a regular match typically range from €35.00 for a seat in one of the corners to €100.00 for a good seat at the main stand, though seats at the main stand also go for €55.00. Prices get increased for high-profile matches. If sold out or if you want to book tickets much in advance, you can also buy your tickets throughviagogo, which is the official ticket marketplace of PSG. Prices are rather similar to what you pay on the official website."
Ligue 1,France,Reims,Stade Auguste Delaune,49.24667,4.025,"Stade Auguste Delaune is located just south-west of the city centre of Reims, with only the river Vesle and A4 motorway separating the two. The stadium lies a 15 to 20-minute walk away from Reims’ main rail station (which lies toward the north of the centre). The walk from other parts of the city centre, including the cathedral, will likely take less. Multiple directtrainsa day connect Reims with Paris Est railway station. The journey takes about 45 minutes. Address: 33 Chaussée Bocquaine, 51100 Reims",Info not available,"Tickets for Stade de Reims games can be boughtonline, or at the club shop at Stade Auguste Delaune. If tickets remain available, these can be bought at the ticket windows of the stadium on the day of the match. Tickets range in price from €8.00 for a general admission seat behind the goal to €30.00 for a central place at the main stand. Tickets for a few high-profile games are increased in price from €10.00 to €40.00. For more information student@example.invalid."
Ligue 1,France,Rennes,Roazhon Park,48.1075,-1.71278,"Roazhon Park is located on the western edge of the city of Rennes, about 2.5 kilometres from Rennes city centre and 3.5 kilometres from the city’s main railway station. The stadium lies almost adjacent to the city’s ring road. From the western side of the ring road, take exit 10 Port de Lorient, and turn towards the city. The stadium is situated on the right side of the road. Bus11 connects the stadium with the city centre (Place de la République) and main railway station. Take the bus in the direction of Z.I. Ouest, and get off at stop Stade Rennais. Buses generally run at least every 15 minutes. The ride from Repúblique takes about 10 minutes, from the station (Gares) a few minutes more. Bus 30 connects Roazhon Park with the northern parts of the city. Address: 111 Route de Lorient, 35000 Rennes",Info not available,"Tickets for Stade Rennais matches can be boughtonline, at the Fanshop (Boutique Officielle) at Roazhon Park, or through theFrancenetandTicketnetsales outlets. Tickets can also be purchased at the ticket booths at the stadium on the day of the match from 1.5 hours before kickoff. Rennes only sell out the occasional high-profile match. Ticket prices depend on the opponent. For a regular match they typically range from €9.00 for a lower-tier seat behind the goal to €38.00 for a central seat at the main stand. For high-profile matches prices are increased to between €13.00 and €58.00. For more information student@example.invalid call +33 (0) 2 99 14 35 80."
Ligue 1,France,Strasbourg,Stade de la Meinau,48.56,7.755,"Stade de la Meinau is located in the south of the city of Strasbourg at roughly 2.5 kilometres from Strasbourg’s city centre and 3.5 kilometres from the main railway station. The stadium is best reached bytram. Both tram lines A and E run past the stadium. Catch tram A from the main railway station or Place de l’Homme de Fer in the city centre. Tram E can be caught from Place de la Republique or the Wacken area further north-east around the European Parliament. From the centre tram A is quickest though. In both cases, get off at stop Krimmeri, from where it’s a few minutes walking to the stadium. Trams run frequently. The journey from the main railway station takes less than 15 minutes. An alternative is taking aTER trainfrom the main railway station to station Krimmeri-Meinau. The journey takes just 5 minutes, and the stadium is only a few more minutes walking away, but service is infrequent. Address: 12, rue de l’Extenwoerth, 67100 Strasbourg",Info not available,"RC Strasbourg tickets can be boughtonline, at the club shop at the stadium, or any of the FranceBillet (Carrefour, Fnac, Intermarche) or Ticketnet (Auchan, Cora, Leclerc) sales outlets. Tickets can also be bought at the ticket windows of the stadium from 90 minutes before the start of the match. Tickets range in price from €15.00 for a seat behind the goal to €35.00 for the best seats at the main stand. student@example.invalid more information."
Ligue 1,France,Saint-Étienne,Stade Geoffroy Guichard,45.46083,4.39028,"Stade Geoffroy-Guichard is located toward the north of the city of Saint-Étienne, just over 2 kilometres from the city centre and main rail station. One can walk to the stadium in about half an hour. Alternatively, one can take eithertramT1 or T2 from the city centre (Place Jean Jaurès). Take them in northern direction and get off after a short ride at stop G. Guichard. From there it is a 5 to 10-minute walk to the stadium. From the main rail station (Châteaucreux), one can take bus 9 in the direction of Montreynaud. Get off at stop Le Marais, from where it is a short walk to the stadium. Buses go at least once every 15 minutes, and the ride won’t take more than 10 minutes. Stade Geoffroy-Guichard is located close to the A72 motorway. If coming from the direction of Lyon, follow for A72 Saint-Étienne. From the A72, take exit 13 Montreynaud/Technopole and turn right toward the city. Follow for about a kilometre and turn right onto the Rue Camille de Rochetaillée. After a few hundred metres turn right again onto the Rue Paul et Pierre Guichard. Address: 14 Rue Paul et Pierre Guichard, Saint-Étienne","Stade Geoffroy-Guichard is located in an area that is a mix of office buildings, industry, and other sports facilities. It is not a particular appealing area, with few options for eating and drinking around, which is therefore better done in Saint-Etienne’s city centre. There are no hotels right near Stade Geoffroy-Guichard, however if you arrive by car, bothHotel AustriaandHotel Ibis Saint-Etienneare decent options along the A72, and only a 15 to 20-minute walk away. Clickherefor an overview of hotels near Stade Geoffroy-Guichard. If you arrive by public transport, staying in Saint-Etienne’s city centre or near the railway station is probably the best option. There are various decent options, which you can findhere.","Tickets for Saint-Etienne games can be purchasedonline, by phone +33 (0) 4 77 92 85 41, at the ticket office at the stadium, at the club shop close to the stadium, or via theFrancebilletandTicketnetsales outlets. Tickets can also be bought on the gate on the day of the match. Saint-Etienne’s attendances have risen in recent years following the redevelopment of Stade Geoffroy-Guichard, but tickets will be available for most regular league matches save for a few high-profile matches. Prices for a typical match range from €15.00 to €40.00, but can vary depending on the opponent. student@example.invalid more information."
Ligue 1,France,Toulouse,Stadium de Toulouse,43.58306,1.43417,"Stadium de Toulouse is located in central Toulouse on an island in the river Garonne. It lies about 3 kilometres south of Place du Capitole in the historic centre, and a good 4 kilometres from the central railway station. The nearestmetrostations are Empalot and St Michel, both on the yellow line, from where it is a 15-minute walk to the stadium. The yellow line crosses through Toulouse’s historic centre and passes close to the central station (and can also be reached with a change from the red line). From the southern part of the historic centre (Pont Neuf, Esquirol) you can furthermore take bus 12 (to Basso Cambo), which leaves you right in front of the stadium. Get off at stop Stadium Est (or Stadium Ouest). An alternative is bus 38, which passes a short walk away from the stadium (on the east bank of the river). Take the bus from, for example, Jean Jaurès in the historic centre (direction Empalot). Both buses generally go every 10 to 15 minutes. On matchdays free shuttle buses run from train and metro station (red line) Arenes, which is located towards the east of the city. Toulouse’s airport is located in the north-west of the city. Catch a tram (T2) to Palais de Justice and get off at stop Croix de Pierre and cross de bridge to the stadium. The tram journey will take about 25 minutes. You can also catch a shuttle bus from the airport to metro stop Jean Jaurès in the city centre and take the metro from there. Address: 1 Allée Gabriel Biénès, 31028 Toulouse","Stadium de Toulouse is located on the Ile du Ramier island in the river Garonne, which is a mix of sports facilities and exhibition space. There is little on the island in terms of eating and drinking and while one can find some bars and restaurants across the bridge around St Michel metro station, most will stick to the many options in Toulouse’s city centre. There are no hotels located on the island, but both theLagrange City Saint MichelandPier Toulouse Hotelare two good options at a reasonable walking distance of 15-20 minutes. Clickherefor an overview of all hotels near Stadium de Toulouse. Alternatively, there are a few more options in the southern end of the city centre which are still at walking distance, or, of course, elsewhere in thecity centre.","Tickets for Toulouse matches can be boughtonline(print-at-home), by phone +33 (0) 892 70 4000, at the club shop at the stadium, at the Box Office store at 2 Rue du Taur in Toulouse’s city centre, or at any of theTicketnetorFrancebilletsales outlets. Tickets can also be bought at the ticket windows (guichets) of the stadium on the day of the match. They typically open from 2 hours before kickoff. Toulouse only occasionally sells out a high-profile match. Ticket prices for a regular matches range from €10.00 for a seat at one of the curves to €25.00 for a seat at the upper-tier of the main stand. For a number of select matches prices are higher, for example starting at €35.00 for the PSG match."
Primeira Liga,Portugal,Arouca,Estádio Municipal de Arouca,40.933,-8.2503,"Estádio Municipal de Aveiro is located in the far north-east of the small city of Aveiro at an industrial zone next to the A25 motorway. It lies about 5.5 kilometres away from Aveiro’s historic city centre, and slightly less from its main train station. Regular direct trains run to the city from Porto and Lisbon. Address: Estádio Municipal de Aveiro, Lugar de Taboeira, 3804-508 Aveiro",Info not available,Info not available
Primeira Liga,Portugal,AVS,Estádio do CD Aves,41.366932,-8.411789,"Estádio do CD Aves is located in the small town of Vila das Aves, which is part of the Santo Tirso municipality situated in between the cities of Porto and Guimaraes. The stadium is located in the north of the town, about a kilometre from the town centre and a little more from the town’s railway station. It takes about 20 minutes to walk from the station to the stadium. Vila das Aves is on the regionaltrainline that connects Porto Sao Bento station with Guimaraes. Trains run about once an hour during the week and every other hour on the weekend. The journey from Porto takes about 50 minutes, that from Guimaraes 25 minutes. Address: R. Bernardino Gomes 91, 4795-024 Vila das Aves","Estadio do CD Aves is located in a residential neighbourhood of the quiet industrial town of Vila das Aves. There isn’t much to see and do in Vila das Aves, though you may be able to find the odd local bar or restaurant. Still, there isn’t much reason to spend a lot of time in Vila das Aves as it’s easy to travel in for the match from Porto or Guimaraes. If you do wish to stay in Vila das Aves for the match, e.g. if the match is at a late hour after the last train out (around 11:15 pm), then the basic but well-ratedZe da Rampa Hotelis your only option. However, otherwise it is recommended to stay inPortoorGuimaraes.",Tickets for CD Aves games can be bought online throughBlueticketor at the club office next to the stadium.
Primeira Liga,Portugal,Benfica,Estádio da Luz,38.7527,-9.1847,"Estadio da Luz is located in the north of Lisbon at almost 8 kilometres north of Lisbon’s city centre and not far away from Lisbon’s other major stadium,Estádio José Alvalade. The stadium lies adjacent to the E1 (Av. General Norton de Matos) motorway. Take the exit toward Benfica. The stadium is clearly visible from the motorway and signposted coming from the east. If using public transport, Estádio da Luz can be reached with the bluemetroline. The blue line can be boarded at several stations in Lisbon’s city centre, e.g. at Baixa-Chiado. Get off at station Colégio Militar/Luz, which lies right next to the stadium. Busesthat pass the stadium are line 703, 726, 729, 750, 765, 767, 768, and 799. They stop either at metro Colégio Militar, at the Estrada da Luz, or at Av. General Norton de Matos (line 750). Address: Av. General Norton de Matos, 1500-313 Lisboa","Estádio de Luz is surrounded by motorways and apartment blocks, and the area is not particularly suited for walking around. There is therefore little reason to head to the stadium too much in advance and eating and drinking is best done in Lisbon’s lively city centre. However, if you do find yourself at the stadium with some time to spare, then you can head to large shopping centreColomboright across the Av. General Norton de Matos, where you can find a decent selection of restaurants of various cuisines, a few coffee shops, some bars, and a cinema. There are no hotels in the immediate vicinity of Estádio da Luz, but if you wish to stay as close as possible, you could pick one of various hotels near the Praça Espanha, which is just at walking distance, but also on the blue metro line. Hotels in the area include the typical chain hotels such as anIbis,Mercure,Novotel, and the Portuguese chainSANA Hotels. These all get good reviews and are very reasonably priced around €60.00 to €70.00 per night. TheLisbon MarriottandCorinthia Hotelare more expensive alternatives. Clickherefor an overview of all hotels near Estádio da Luz. Of course, if you have more than a day to spare, staying in the city centre will likely be more convenient. Clickhereto explore the options in central Lisbon.","Tickets for Benfica games can be purchasedonline, or at the ticket office at the stadium. Tickets can also be bought on the day of the match at the gates of the stadium. Apart from the odd match against Sporting or Porto, Benfica does not tend to sell out. Ticket prices typically range from €20.00 for a seat behind the goal to €60.00 for a middle-tier seat at one of the long sides. For more information call +351 21 721 95 00."
Primeira Liga,Portugal,Boavista,Estádio do Bessa,41.16222,-8.64278,"Estadio do Bessa is located in the Boavista area in central Porto northwest of the city centre. It lies about 4 kilometres from the old town (Ribeira Square), 2.5 kilometres from the western edges of the city centre (Pavilhao Rosa Mota), and 1.5 kilometres from the Casa da Musica concert hall. The stadium can about just be walked to from the western part of the city centre, which takes about 30 minutes. The nearest metro station is Francos, a 10-minute walk away from the stadium. Francos is on line A, B, C, E, and F which run through the northern parts of Porto’s city centre. Address: R. de O Primeiro de Janeiro, 4100 Porto",Info not available,Tickets for Boavista games can be bought at the ticket booths of Estadio do Bessa in the week before the match or on the day. Boavista rarely sell out. Tickets typically cost €15.00 for all stands. Expect to pay between €20.00 and €35.00 for a high-profile match against Portugal’s Big 3.
Primeira Liga,Portugal,Braga,Estádio Municipal de Braga,41.5625,-8.43,"Estadio Municipal de Braga is located in the north of the city of Braga, just over a kilometre from Braga’s city centre and half a kilometre more from the train station. It is an approximate 15-minute walk from the centre to the stadium, slightly uphill. Address: Parque Norte, Ap. 12, 4700-087 Braga","Estadio Municipal de Braga is located on the edge of the city with just some residential housing around. The city centre is close though and offers a reasonable variety of eating and drinking options. There are neither hotels directly near the stadium, but a good few options in Braga’s city centre.Hotel Ibis Bragaand the budgetBraga POP Hostelare located closest. For all hotels near Estadio Municipal de Braga clickhere.","Tickets for SC Braga matches can be boughtonline, in person at the club office at Estádio 1º de Mayo (south of the city centre), at the SC Braga shop in shopping mall Braga Park (slightly east of the city centre), or at the socios centre at the small Galerias do Bingo shopping centre. Tickets can also be bought at the stadium on the day of the match. Tickets prices depend on the opponent, but tickets for a regular low-profile league match tend to go for €10.00."
Primeira Liga,Portugal,Casa Pia,Estádio Municipal de Rio Maior[A],39.34444,-8.93528,"Estadio Municipal de Leiria is located just north of the centre of the small city of Leiria. The walk from the centre to the stadium will take just 10 minutes. The train station, which is only served by regional trains, lies almost 2 kilometres north-west of the stadium, at the edge of the city. Address: Arrabalde d’Aquém, 2400-137 Leiria",Info not available,Info not available
Primeira Liga,Portugal,Estoril,Estádio António Coimbra da Mota,38.71583,-9.40639,"Estadio Municipal de Leiria is located just north of the centre of the small city of Leiria. The walk from the centre to the stadium will take just 10 minutes. The train station, which is only served by regional trains, lies almost 2 kilometres north-west of the stadium, at the edge of the city. Address: Arrabalde d’Aquém, 2400-137 Leiria",Info not available,Info not available
Primeira Liga,Portugal,Estrela da Amadora,Estádio José Gomes,38.75194,-9.22806,"Estádio José Alvalade is located in the north of the city of Lisbon, about 7 kilometres from Lisbon’s historic centre and only two kilometres from Lisbon’s other major stadium,Estádio da Luz. The stadium lies next to the E1 motorway. Take exit 5 Campo Grande to get to the stadium. If using public transport, the stadium is best reached bymetro. Take the green line from the historic centre and get off at station Campo Grande, which is next to the stadium. The yellow line also stops at Campo Grande, and may be useful from destinations north of the city centre. Address: Rua Professor Fernando da Fonseca, Apartado 4120, 1501-806 Lisboa","Estadio Jose Alvalade is surrounded by large motorways and residential apartment blocks and housing. Attached to the stadium is Alvaláxia shopping centre, which has a few restaurants and a large cinema. There area around the stadium is of little interest, though you may find the odd place to get something to eat or drink. Still, you will have much more variety in Lisbon’s very nice city centre. TheRadisson Blu Hotel is located a short walk away from the stadium on the other side of the Av. General Norton de Matas. Even though it comes at the top of the range, it is not that expensive. There are no alternatives equally close, but there are a few hotels further south near metro stations Entre Campos and Campo Pequeno. The walk is just doable, 20 to 30 minutes, but you can also catch a metro on the yellow line. TheNH Campo GrandeandVilla Rica Hotelare closest to the stadium near Entre Campos station, whereasHotel 3K Europa,Barcelona Hotel, andTurim Iberia Hotelare some of the options near Campo Pequeno. For all hotels near Estadio Jose Alvalade clickhere. Of course, if you are spending more time in Lisbon, staying closer to the city centre may be a better alternative, in which case you can see the available hotelshere.","Tickets for Sporting CP matches can be boughtonline, or at the ticket windows of Estádio José Alvalade. Tickets are also available on the gate on the day of the match. Sporting only occasionally sells out a very high-profile match. Ticket prices can depend on the opponent, but for a regular match range in price from €17.00 for an upper-tier seat behind the goal to €42.00 for a central seat at one of the long sides."
Primeira Liga,Portugal,Famalicão,Estádio Municipal de Famalicão,41.40139,-8.5225,"Estadio Municipal de Leiria is located just north of the centre of the small city of Leiria. The walk from the centre to the stadium will take just 10 minutes. The train station, which is only served by regional trains, lies almost 2 kilometres north-west of the stadium, at the edge of the city. Address: Arrabalde d’Aquém, 2400-137 Leiria",Info not available,Info not available
Primeira Liga,Portugal,Farense,Estádio de São Luís,37.022861,-7.928444,"Estadio da Luz is located in the north of Lisbon at almost 8 kilometres north of Lisbon’s city centre and not far away from Lisbon’s other major stadium,Estádio José Alvalade. The stadium lies adjacent to the E1 (Av. General Norton de Matos) motorway. Take the exit toward Benfica. The stadium is clearly visible from the motorway and signposted coming from the east. If using public transport, Estádio da Luz can be reached with the bluemetroline. The blue line can be boarded at several stations in Lisbon’s city centre, e.g. at Baixa-Chiado. Get off at station Colégio Militar/Luz, which lies right next to the stadium. Busesthat pass the stadium are line 703, 726, 729, 750, 765, 767, 768, and 799. They stop either at metro Colégio Militar, at the Estrada da Luz, or at Av. General Norton de Matos (line 750). Address: Av. General Norton de Matos, 1500-313 Lisboa","Estádio de Luz is surrounded by motorways and apartment blocks, and the area is not particularly suited for walking around. There is therefore little reason to head to the stadium too much in advance and eating and drinking is best done in Lisbon’s lively city centre. However, if you do find yourself at the stadium with some time to spare, then you can head to large shopping centreColomboright across the Av. General Norton de Matos, where you can find a decent selection of restaurants of various cuisines, a few coffee shops, some bars, and a cinema. There are no hotels in the immediate vicinity of Estádio da Luz, but if you wish to stay as close as possible, you could pick one of various hotels near the Praça Espanha, which is just at walking distance, but also on the blue metro line. Hotels in the area include the typical chain hotels such as anIbis,Mercure,Novotel, and the Portuguese chainSANA Hotels. These all get good reviews and are very reasonably priced around €60.00 to €70.00 per night. TheLisbon MarriottandCorinthia Hotelare more expensive alternatives. Clickherefor an overview of all hotels near Estádio da Luz. Of course, if you have more than a day to spare, staying in the city centre will likely be more convenient. Clickhereto explore the options in central Lisbon.","Tickets for Benfica games can be purchasedonline, or at the ticket office at the stadium. Tickets can also be bought on the day of the match at the gates of the stadium. Apart from the odd match against Sporting or Porto, Benfica does not tend to sell out. Ticket prices typically range from €20.00 for a seat behind the goal to €60.00 for a middle-tier seat at one of the long sides. For more information call +351 21 721 95 00."
Primeira Liga,Portugal,Gil Vicente,Estádio Cidade de Barcelos,41.551,-8.623,"Estádio Cidade de Coimbra is located toward the east of the city of Coimbra at less than two kilometres from the historic city centre. The stadium lies right next to a large shopping mall. The walk from the city centre can be done in less than half an hour. The walk from the eastern side of the botanical gardens will likely take less than 15 minutes. There are many options to reach the stadium bybus. Bus 34 (to Polo II) and 26 (to Chão do Bispo) connect the stadium with the eastern side of the city centre (the University area), whereas bus 11 and 24 (to B. Norton de Matos) can be taken from the northern parts of the centre. From the train station in the city centre (Coimbra-A) you can catch bus 7T (to Tovim). Get off at stop Estádio Municipal. From the other train station (Coimbra-B – where the long-distance trains arrive) take bus 5 to Estádio Municipal. Bus 41 connects the stadium with the other side of the River Mondego (and the southern side of the city centre). Address: Rua D. Manuel I, 3030-320 Coimbra",Info not available,"Tickets for Académica matches can be bought at the Club Shop at Estádio Cidade de Coimbra. Ticket will also be available on the gate on the day of the match. Ticket prices depends on the opponent, but for a typical match range from €10.00 for a seat behind the goal to €25.00 for an upper-tier seat at one of the long sides."
Primeira Liga,Portugal,Moreirense,Estádio Comendador Joaquim de Almeida Freitas,41.37806,-8.35472,"Estádio Comendador Joaquim de Almeida Freitas is located in the small village of Moreira de Conegos, which is located in the north of Portugal near the city of Guimaraes. The stadium lies about 9 kilometres south-west from Guimaraes’ city centre. The stadium is located a 15-minute walk uphill from train station Cuca withtrainsrunning from Porto Sao Bento and Porto Campanha stations, and Guimaraes. Service is rather limited though, about one train every two hours on the weekend and once an hour during the week. The journey from Guimaraes takes about 15 minutes, that from Porto just under an hour. Address: Avenida Comendador Joaquim de Almeida Freitas, 4815 – 270 Moreira de Cónegos",Info not available,Tickets for Moreirense games can be bought at the club office at the stadium. Ticket prices for a typical match tend to range from €10.00 for a seat behind the goal to €15.00 for a central seat at the main stand. Prices will go up for a number of high-profile matches including Portugal’s Big 3 and a few local derbies.
Primeira Liga,Portugal,Nacional,Estádio da Madeira,32.670625,-16.883525,"Estádio Nacional is located in the Oeiras municipality west of the city of Lisbon. It lies about 12 kilometres west of Lisbon’s historic centre, 5.5 kilometres from the Belém area, and about a kilometre inland from the Atlantic coast. The stadium can be reached withtram776, stop Cruz Quebrada, which lies a 10 to 15-minute walk from Estádio Nacional. Take the tram from Algés, which in turn can be reached with tram 15E from Lisbon’s historic centre or Belém. An alternative is taking atrainfrom Cais do Sodré station in Lisbon’s historic centre. Take a train to Cascais and get off at Cruz de Quebrada. Trains run regularly though make sure to take one that stops in Cruz de Quebrada as not all do. The journey only takes 8 minutes. Address: Av. Pierre de Coubertin, Cruz Quebrada – Oeiras",Info not available,Info not available
Primeira Liga,Portugal,Porto,Estádio do Dragão,41.1618,-8.5839,"Estadio do Dragao is located just under 4 kilometres north-east of Porto’s historic centre. It sits directly adjacent to the motorway that circles the heart of the city (Via de Cintura Interna). Take the exit that is marked with the sign Estadio. If using public transport, the stadium is easy to reach bymetro. The stadium is served by line A, B, E and F, which can all be boarded just north of the historic centre, for example at stops Trindade or Bolhão. You can also first get on line D at one of the city centre stops (or train station São Bento), and then transfer to one of the above lines at Trindade. Get off at station Estadio do Dragao, which for most lines is also the last one. Address: Via Futebol Clube do Porto, 4350415, Porto","The area around Estadio do Dragao is a mix of offices, retail, and residential buildings, with large shopping centreDolce Vitalocated right next to the stadium. It has the typical selection of food court restaurants and coffee shops, and also boasts a cinema. If you can, however, eat and drink in Porto’s lovely historic centre, which has a large variety of eating and drinking establishments. If you come just for the match and prefer to stay close to the stadium, there are a few hotels near Estadio do Dragao. TheAC Hotel Portolies right next to the stadium, gets good reviews, and is reasonably priced.Porto Antas Hotelis an equally excellent but cheaper option, and if you are on a tighter budget,B&B PortucalenseorVilla Boutiquemight have your preference (though are slightly further away). For all hotels near Estadio do Dragao clickhere. If you have more time on your hands, then staying in Porto’s historic centre may be a better option. Clickherefor an overview of hotels in the centre.","Tickets for FC Porto games can be boughtonline, by phone +351 707 28 1893 (Linha Dragão), at any of the Porto club stores (Loja Azul), or at the ticket office of Estádio do Dragão. Porto club stores can, among others, be found atShopping Cidade do Porto(south-west of the historic centre) andArrábidashopping(on the south bank). Tickets typically range in price from €12.00 for a seat behind the goal to €40.00 for a central seat at the lower-tier of one of the long sides, but prices can vary depending on the match."
Primeira Liga,Portugal,Rio Ave,Estádio dos Arcos,41.36278,-8.74028,"Estadio do Maritimo is located about 2.5 kilometres west of the city centre of Funchal (the capital of the island of Madeira) and just north of the hotel zone around Estrada Monumental. The walk from the city centre takes about half an hour and that from the hotel zone around Estrada Monumental 10 to 30 minutes depending on where you are. Note that it is an uphill walk to get to the stadium though. From the city centre, you can also takebus8 or 45 to get to the stadium (take the bus from de Avenida do Mar). Buses tend to run once or twice an hour. Address: Rua Dr. Pita, Funchal","Estadio do Maritimo is located in a quiet residential neighbourhood somewhat up the hill. It’s a short walk down towards the coast, where there a plenty places to eat and drink, towards Funchal’s city centre as well as in the hotel zone along the Estrada Monumental. Funchal is packed with hotels so there is a choice for everyone. There are a good few smaller B&Bs, guesthouses, and apartment rentals directly near Estadio do Maritimo. The larger hotels and resorts are a little further away,Enotel Quinta do Solbeing the nearest, but many more choices just a little further away. Clickherefor an overview of hotels in Funchal.","Tickets for regular league matches cost either €12.50 or €20.00. For the matches against Porto, Sporting and Benfica prices are increased to €20.00 and €30.00 For more information call +351 291 205 000 or student@example.invalid."
Primeira Liga,Portugal,Santa Clara,Estádio de São Miguel,37.763694,-25.622611,"Estadio da Luz is located in the north of Lisbon at almost 8 kilometres north of Lisbon’s city centre and not far away from Lisbon’s other major stadium,Estádio José Alvalade. The stadium lies adjacent to the E1 (Av. General Norton de Matos) motorway. Take the exit toward Benfica. The stadium is clearly visible from the motorway and signposted coming from the east. If using public transport, Estádio da Luz can be reached with the bluemetroline. The blue line can be boarded at several stations in Lisbon’s city centre, e.g. at Baixa-Chiado. Get off at station Colégio Militar/Luz, which lies right next to the stadium. Busesthat pass the stadium are line 703, 726, 729, 750, 765, 767, 768, and 799. They stop either at metro Colégio Militar, at the Estrada da Luz, or at Av. General Norton de Matos (line 750). Address: Av. General Norton de Matos, 1500-313 Lisboa","Estádio de Luz is surrounded by motorways and apartment blocks, and the area is not particularly suited for walking around. There is therefore little reason to head to the stadium too much in advance and eating and drinking is best done in Lisbon’s lively city centre. However, if you do find yourself at the stadium with some time to spare, then you can head to large shopping centreColomboright across the Av. General Norton de Matos, where you can find a decent selection of restaurants of various cuisines, a few coffee shops, some bars, and a cinema. There are no hotels in the immediate vicinity of Estádio da Luz, but if you wish to stay as close as possible, you could pick one of various hotels near the Praça Espanha, which is just at walking distance, but also on the blue metro line. Hotels in the area include the typical chain hotels such as anIbis,Mercure,Novotel, and the Portuguese chainSANA Hotels. These all get good reviews and are very reasonably priced around €60.00 to €70.00 per night. TheLisbon MarriottandCorinthia Hotelare more expensive alternatives. Clickherefor an overview of all hotels near Estádio da Luz. Of course, if you have more than a day to spare, staying in the city centre will likely be more convenient. Clickhereto explore the options in central Lisbon.","Tickets for Benfica games can be purchasedonline, or at the ticket office at the stadium. Tickets can also be bought on the day of the match at the gates of the stadium. Apart from the odd match against Sporting or Porto, Benfica does not tend to sell out. Ticket prices typically range from €20.00 for a seat behind the goal to €60.00 for a middle-tier seat at one of the long sides. For more information call +351 21 721 95 00."
Primeira Liga,Portugal,Sporting CP,Estádio José Alvalade,38.76111,-9.16083,"Estádio José Alvalade is located in the north of the city of Lisbon, about 7 kilometres from Lisbon’s historic centre and only two kilometres from Lisbon’s other major stadium,Estádio da Luz. The stadium lies next to the E1 motorway. Take exit 5 Campo Grande to get to the stadium. If using public transport, the stadium is best reached bymetro. Take the green line from the historic centre and get off at station Campo Grande, which is next to the stadium. The yellow line also stops at Campo Grande, and may be useful from destinations north of the city centre. Address: Rua Professor Fernando da Fonseca, Apartado 4120, 1501-806 Lisboa","Estadio Jose Alvalade is surrounded by large motorways and residential apartment blocks and housing. Attached to the stadium is Alvaláxia shopping centre, which has a few restaurants and a large cinema. There area around the stadium is of little interest, though you may find the odd place to get something to eat or drink. Still, you will have much more variety in Lisbon’s very nice city centre. TheRadisson Blu Hotel is located a short walk away from the stadium on the other side of the Av. General Norton de Matas. Even though it comes at the top of the range, it is not that expensive. There are no alternatives equally close, but there are a few hotels further south near metro stations Entre Campos and Campo Pequeno. The walk is just doable, 20 to 30 minutes, but you can also catch a metro on the yellow line. TheNH Campo GrandeandVilla Rica Hotelare closest to the stadium near Entre Campos station, whereasHotel 3K Europa,Barcelona Hotel, andTurim Iberia Hotelare some of the options near Campo Pequeno. For all hotels near Estadio Jose Alvalade clickhere. Of course, if you are spending more time in Lisbon, staying closer to the city centre may be a better alternative, in which case you can see the available hotelshere.","Tickets for Sporting CP matches can be boughtonline, or at the ticket windows of Estádio José Alvalade. Tickets are also available on the gate on the day of the match. Sporting only occasionally sells out a very high-profile match. Ticket prices can depend on the opponent, but for a regular match range in price from €17.00 for an upper-tier seat behind the goal to €42.00 for a central seat at one of the long sides."
Primeira Liga,Portugal,Vitória de Guimarães,Estádio D. Afonso Henriques,41.44583,-8.30111,"Estadio D. Afonso Henriques is located in central Guimarães, just north-east of Guimarães’ historic city centre. The stadium lies at walking distance from practically any point in the small city of Guimaraes. It takes only a few minutes to get there from the historic city centre, about 10 minutes from Guimaraes Castle, and about 15 minutes from Guimaraes’ train station, which lies south of the centre. There is a directtrainservice between the city and Porto. Address: Rua de S. Gonçalo, Apartado 505, 4810 Guimarães","Estadio D. Afonso Henriques is located conveniently on the edge of Guimarães city centre, which means that there are plenty of bars and restaurants at short walking distance of the stadium. The same is true for hotels. Clickherefor an overview of hotels near Estadio Afonso Henriques, which include anIbis, the well-ratedHotel Toural, and various hostels.","Tickets for Vitória matches can be bought at the club shop at the stadium, or at the club shop at Espaço Guimarães shopping centre in the north-west of Guimarães. Tickets can also be bought on the gate on the day of the match. Vitória have decent attendances, among the highest after Portugal’s big three, but rarely sell out. Ticket prices depend on the opponent. Expect to pay between €10.00 and €20.00, but prices can be raised for high-profile matches to between €25.00 and €75.00."
Eredivisie,Netherlands,Ajax,Johan Cruyff Arena,52.31417,4.94194,"The Johan Cruijff ArenA is located in a modern office park in the south-east of Amsterdam, approximately 10 kilometres from the city centre. The stadium is best reached bytrainormetro. Train station Bijlmer ArenA lies next to the stadium and can be reached in 15 minutes from Amsterdam Central Station. There is very regular service. The metro takes only little longer and stops at the same station as well as station Strandvliet/ArenA that lies on the north side of the stadium. Take metro 54 from Amsterdam Central Station, or any of the stops in Amsterdam city centre. Metro 50 connects the stadium with southern and western parts of the city (e.g. Amsterdam Zuid station). Address: ArenA Boulevard 1, 1101 AX Amsterdam","The Johan Cruijff ArenA is part of an entertainment and shopping complex, which includes a large cinema and two of Holland’s principal concert venues (theZiggo DomeandAfas Live). There are also a few places to get some (fast) food or have a drink, though options remain rather limited. Recently, a few new hotels have opened near the Amsterdam ArenA, which include aHampton by Hilton, the futuristically shapedFletcher Hotel, and theJaz Hotel. If arriving by car, the road-side and affordableBastion Deluxe Hotelis a decent option, though you do need to catch a metro to get to the arena. Clickherefor an overview of hotels near the Amsterdam ArenA. Of course, most will prefer to stay closer to Amsterdam’s livelycity centre.","Tickets for Ajax games can be boughtonline. If tickets remain available, these can usually also be bought at the ticket windows of the Johan Cruijff ArenA on the day of the match, though recently Ajax have been selling out well in advance. Expect to pay €25.00 for a seat behind the goal and between €30.00 and €50.00 for a seat at one of the sides for a regular match. Prices get increased for the games against Feyenoord and PSV. Ajax occasionally require possession of an Ajax Club Card to buy match tickets, but most matches go on general sale. There is a separateticket portalfor foreigners to buy tickets."
Eredivisie,Netherlands,Almere City,Yanmar Stadion,52.3944,5.2405,"AFAS Stadion is located on the southern edge of the city of Alkmaar at just over 2 kilometres from Alkmaar’s city centre. The stadium lies right next to the A9 motorway. Take exit Ring Alkmaar/Heilo/Den Helder, from where the stadium is signposted with a football symbol. The walk from Alkmaar’s city centre can be made in about 30 minutes, though Alkmaar’s main rail station lies further away. From the station you can therefore take bus 163. Get the bus in the direction of Uitgeest and get off at stop Stadionweg. The ride takes slightly less than 15 minutes. On matchdays free shuttle buses go from the station to the stadium. Address: Stadionweg 1, 1812 AZ Alkmaar","AFAS Stadion is located on the edge of the city bordered on one side by a quiet residential neighbourhood, on the other by a motorway, and further on by farmlands. Apart from a Chinese restaurant, there is little around in terms of eating and drinking, which is better done in Alkmaar’s city centre. If you wish to stay as close to AFAS Stadion as possible, then you have theGolden Tulip Hotel Alkmaarat your disposal. It is a typical roadside business hotel that lies right opposite the stadium.Hotel Palatijnis a good alternative toward Alkmaar’s centre at 10 minutes walking from the stadium. Clickherefor an overview of hotels near AFAS Stadion andherefor a few alternatives in Alkmaar’s city centre.","Tickets for AZ Alkmaar games can be boughtonline, or at the Fan centre at the AFAS Stadion. AZ only sell out the occasional high-profile match versus the likes of Ajax. For these matches a Club Card may be required to buy tickets. For regular matches tickets tend to go on general sale and are easily available. Tickets range in price from €23.50 for a seat behind the goal or in one of the corners to €40.00 for a central seat at the main stand. Prices are increased for a number of high-profile games to between €32.00 and €47.50. Call +31 (0) 72 547 8000 for more information."
Eredivisie,Netherlands,AZ,AFAS Stadion,52.61278,4.74222,"AFAS Stadion is located on the southern edge of the city of Alkmaar at just over 2 kilometres from Alkmaar’s city centre. The stadium lies right next to the A9 motorway. Take exit Ring Alkmaar/Heilo/Den Helder, from where the stadium is signposted with a football symbol. The walk from Alkmaar’s city centre can be made in about 30 minutes, though Alkmaar’s main rail station lies further away. From the station you can therefore take bus 163. Get the bus in the direction of Uitgeest and get off at stop Stadionweg. The ride takes slightly less than 15 minutes. On matchdays free shuttle buses go from the station to the stadium. Address: Stadionweg 1, 1812 AZ Alkmaar","AFAS Stadion is located on the edge of the city bordered on one side by a quiet residential neighbourhood, on the other by a motorway, and further on by farmlands. Apart from a Chinese restaurant, there is little around in terms of eating and drinking, which is better done in Alkmaar’s city centre. If you wish to stay as close to AFAS Stadion as possible, then you have theGolden Tulip Hotel Alkmaarat your disposal. It is a typical roadside business hotel that lies right opposite the stadium.Hotel Palatijnis a good alternative toward Alkmaar’s centre at 10 minutes walking from the stadium. Clickherefor an overview of hotels near AFAS Stadion andherefor a few alternatives in Alkmaar’s city centre.","Tickets for AZ Alkmaar games can be boughtonline, or at the Fan centre at the AFAS Stadion. AZ only sell out the occasional high-profile match versus the likes of Ajax. For these matches a Club Card may be required to buy tickets. For regular matches tickets tend to go on general sale and are easily available. Tickets range in price from €23.50 for a seat behind the goal or in one of the corners to €40.00 for a central seat at the main stand. Prices are increased for a number of high-profile games to between €32.00 and €47.50. Call +31 (0) 72 547 8000 for more information."
Eredivisie,Netherlands,Feyenoord,De Kuip,51.89389,4.52306,"De Kuip is located on the south bank of the river Meuse, just a few hundred metres away from the river, but about 4.5 kilometres from Rotterdam’s city centre and more than 5.5 kilometres from the central rail station. If coming by car, the stadium is best reached from the A16 motorway. Take exit 24 Feijenoord (if coming from the north the first after the Van Brienenoord bridge). Follow the Stadionweg west until reaching the stadium. If using public transport, taketram23 from Rotterdam’s central rail station. After a 20-minute journey get off at stop Stadion Feijenoord. On matchdays one can also take tram 29. An alternative is taking a train torailstation Lombardijen, also on the south bank, and continue with tram 2 in the direction of Charlois. After a 6-minute journey get off at either station Beukendaal or Breeplein. The stadium is a further 10-minute walk away. Both trams run at least once every 10 minutes. On matchdays it is also possible to catch a train from Rotterdam Central Station (or Dordrecht) to station Stadion Feijenoord, which lies adjacent to the stadium. On non-matchdays there is no train service to this station. Address: Van Zandvlietplein 1, 3077 AA Rotterdam","De Kuip is part of a larger sports complex that includes the club’s youth academy. The stadium lies in a predominantly residential area, and in particular the area across the railway tracks rates among the poorest of Rotterdam. The area on the banks of the river Meuse has recently been redeveloped though, and boast a cinema, some eating options, and the odd bar. Still, eating and drinking can best be done in Rotterdam’s city centre, from where it is a short public transport ride to the stadium. The area around Stadhuisplein is a good start for drinking, though Rotterdam nightlife is rather dispersed over the central areas. There are no hotels located in the immediate vicinity of De Kuip. The closest hotels are in theKop of Zuidarea on the renovated and edgy south bank, from where one can walk to the stadium in about half an hour. Otherwise, there is a good few options in Rotterdam’scentre.","Tickets for Feyenoord matches can be boughtonline, or at the Service & Tickets booths at De Kuip. If tickets remain available, these can also be bought on the gate from 3.5 hours before kick-off, however Feyenoord tends to sell out most league games so booking in advance is strongly recommended. Feyenoord require possession of a Feyenoord Club Card to be able to buy tickets for a certain number of matches that have a high risk for fan violence, typically about 7 per season. Tickets prices range from €23.50 for a lower-tier seat directly behind the goal to €48.50 for a central seat at the long sides. For more information call +31 (0) 900 1908."
Eredivisie,Netherlands,Fortuna Sittard,Fortuna Sittard Stadion,50.992069,5.843675,"Fortuna Sittard Stadion is located on an office park on the south-western edge of the small city of Sittard at roughly 2 kilometres from Sittard’s city centre and railway station. The walk from city centre or railway station takes 20 to 25 minutes. Alternatively, take a bus from the railway station, e.g. bus 32 or 38. The journey takes less than 10 minutes. Get off at stop Parijsboulevard/Stadion. The stadium is easily reached by car from the N276 ring road that runs past the stadium, or the N294 that connects with the A2 motorway a few kilometres away. There is a decent amount of parking around the stadium. Address: Milaanstraat 120, 6135 LH Sittard",Info not available,Fortuna Sittard tickets can be boughtonline. Fortuna Sittard don’t normally sell out but for high-profile matches booking in advance is recommended. Fortuna may require possession of a club card to be able to buy tickets for a number of matches. Prices range from €17.00 for a seat behind the goal to €27.00 for a central seat at the main stand. Prices are increased for a few high profile matches. student@example.invalid more information.
Eredivisie,Netherlands,Go Ahead Eagles,De Adelaarshorst,52.260416,6.172578,null,null,null
Eredivisie,Netherlands,Groningen,Euroborg,53.20611,6.59139,"Hitachi Global Mobility Stadion is located about 2 kilometres south-east of Groningen’s city centre and main railway station. The walk from the centre should take less than half an hour. Groningen Europapark rail station lies closer to the stadium though, a 5-minute walk. The station has regular service from the main railway station. The journey only takes 2 minutes. If coming from Groningen city centre, the stadium can be reached withbus8. Take the bus from the A-Kerkhof square (in the direction of Station Noord). Get off at stop Boumaboulevard after an approximate 15-minute ride. Bus 8 runs twice an hour. Alternatively, take bus 5 from the central Grote Markt square (direction Ter Borch) and get off at Meeuwderbaan. It is a 10-minute walk from there to the Noordlease Stadion. There are also shuttle buses on the day of the match, line 28, that run from the railway station and city centre (Grote Markt square). There is plenty of parking around the stadium, in particular around the Bornholmstraat just east of the stadium, including the large official P3 parking. Address: Boumaboulevard 41, 9723 ZS Groningen",Info not available,"Tickets for FC Groningen matches can be boughtonline, at the Fanshop at the Noordlease Stadion, or at a number ofnews agenciesin the Groningen region. If tickets remain available, these can also be bought at the stadium on the day of the match. While Groningen used to sell out most home matches, they currently do so less often and tickets for most matches will be easily available. In general, all matches go on general sale, but in the odd case Groningen may require the possession of a Groningen fan card to buy tickets. ID may be required to be able to buy tickets at the stadium on the day of the match. Ticket prices range from €18.00 for a seat behind the goal to €29.00 for a central seat at the long side. Prices are increased with €4.00 for four high-profile matches. student@example.invalid more information."
Eredivisie,Netherlands,Heerenveen,Abe Lenstra Stadion,52.95861,5.93611,"Abe Lenstra Stadion is located slightly east of Heerenveen’s town centre and train station. The walk from the centre will take about 10 minutes and that of the train station 5 to 10 minutes more. Alternatively, you can takebus48 to Lemmer Lemsterpad. Get off at stop Abe Lenstra Boulevard. Buses leave two to three times an hour for the 7-minute journey. Abe Lenstra Stadion lies adjacent to the A32 motorway. Either take exit 11 (from the south) or 12 (from the north), and follow the signs to the stadium. The stadium is clearly visible from the motorway. Address: Abe Lenstra boulevard 19, 8448JA Heerenveen",Info not available,"Tickets for SC Heerenveen games can be boughtonline, or at the club shop at the stadium. If tickets remain available, these can also be bought on the day of the match at the ticket windows of Abe Lenstra Stadion. Heerenveen used to sell out most of their home matches, but have recently seen a slight drop in attendances, which makes tickets easily available in advance and generally also on the day of the match. Heerenveen often require possession of a club card to be able to buy tickets so make sure to check the official website if there are any club card requirements for a particular match. Ticket prices range from €20.00 for a seat in one of the corners to €25.00 for a central seat at the main stand. Prices for high-profile matches get increased to between €26.00 and €31.00. You can find a seating planhere."
Eredivisie,Netherlands,Heracles Almelo,Asito Stadion[3],52.33889,6.65056,"Kras Stadion is located rather centrally in the town of Volendam at just a 10-minute walk west from the town’s famous seafront. Volendam is located just 20 kilometres north of Amsterdam, but does not have a train station so a bus journey is required.Busesleave frequently from Amsterdam central station from the upper deck bus terminal in the back of the station on the water side. Catch bus 316 towards Volendam-Edam and get off at stop Marinapark, a few minutes’ walk from the stadium, or the next stop for the town centre. The bus journey takes about 25 minutes. If arriving by car, there is parking available on matchdays at the large parking lots at the Marinapark holiday park south of the stadium, a 10-minute walk away. Address: Sportlaan 10, 1131 BK Volendam",Info not available,"Tickets for Volendam games can be boughtonline, or at the club office at the stadium. Tickets are also available at the ticket windows of the stadium before the start of the match. Volendam rarely sell out. Expect to pay from € 13.50 for a seat behind one of the goals to € 36.00 for the best seats at the main stand. Other seats on the sides go for between € 16.00 and € 26.00. student@example.invalid more information."
Eredivisie,Netherlands,NAC Breda,Rat Verlegh Stadion,51.595,4.75028,"Rat Verlegh Stadion is located toward the north-east of the city of Breda at about 2 kilometres from the city centre and half a kilometre more from the city’s main train station. The stadium can be reached withbus2. Take the bus from the train station in the direction of Haagse Beemden. After about 12 minutes get off at stop NAC Stadion. The bus also passes through the city centre. Buses run two to four times an hour. Address: Stadionstraat 23, 4815 NC Breda",Info not available,"Tickets for NAC Breda games can be boughtonline, or at the Service & Information counter at Rat Verlegh Stadion. If tickets remain available, these can be bought on the gate on the day of the match. NAC only tend to sell out a few high-profile matches per year. NAC may require possession of a NAC Fan Card to be able to buy tickets for a number of high-profile matches. Ticket prices range from €15.00 for a seat behind the goal to €27.50 for a seat at the main stand."
Eredivisie,Netherlands,NEC,Goffertstadion,51.8225,5.83667,"The Goffertstadion is located in the south of Nijmegen at about 3 kilometres from the city centre and central railway station. The stadium lies in the middle of a large park, the Goffertpark. There are various public transport options to get to the stadium. First, you can take atrainto Nijmegen Goffert station and walk to the stadium from there, which takes about 15 minutes. Direct trains run from Arnhem, Nijmegen, and Den Bosch central stations. Trains from the former two run every 15 minutes, while those from the latter every half an hour. Alternatively, take either bus 4 or 8 from the central railway station. Take bus 4 in the direction of Wijchen and get off at stop Krekelstraat (12-minute ride). From there it is a 10-minute walk to the stadium. Take bus 8 to Hatert and get off at stop Heideparkseweg (8-minute ride), from where it is also a 10-minute walk to the stadium. Address: Stadionplein 1, 6532 AJ Nijmegen","The Goffertstadion lies in the middle of the large Goffertpark. The surroundings are mainly residential and eating and drinking can therefore better be done in Nijmegen’s very nice city centre. The priceyScandic Sanadome Hotelis the only hotel near the Goffertstadion, but is mainly aimed at visitors that come for their spa and health centre. It is therefore probably best to find yourself a hotel in Nijmegen’scity centre.","Tickets for NEC games can be boughtonline, or at the club office at the stadium. If tickets remain available, these can also be bought on the gate on the day of the match. NEC occasionally sell out, but for most games tickets will be easily available if bought in advance and also on the day. NEC at times require possession of a NEC club card to be able to buy tickets, in advance as well as on the day of the match, so make sure to check the official website before. Tickets prices typically range from €19.50 for a seat behind the goal to €27.50 for a central seat at one of the sides. Prices are increased for a few high-profile matches."
Eredivisie,Netherlands,PEC Zwolle,MAC³PARK Stadion,52.51722,6.12083,"MAC3PARK Stadion is located in the east of the city of Zwolle at about 2.5 kilometres from its city centre. The stadium is easily reached by car coming from the A28 motorway. Take exit 20 Zwolle Noord and turn south onto the Ceintuurbaan. The stadium will soon turn up on your left. If using public transport, take bus 3 from the railway station, which also passes through the city’s historic centre. The journey takes about 15 to 20 minutes. Get off at stop Stadion. Address: Stadionplein 1, 8025 CP Zwolle","MAC3PARK Stadion is located on the edge of a quiet residential area and furthermore borders an office park, other sports facilities, and an open-air swimming pool. The stadium houses two restaurants, and one can furthermore find a McDonald’s a short walk away near the motorway exit, though apart from that eating and drinking options near the stadium are limited. There are plenty of options in Zwolle’s pleasant historic centre though, which is not far away. Besides the two restaurants, the MAC3PARK Stadion also houses a hotel,Hotel Lumen, which gets good reviews and even has a few rooms with (partial) pitch view. Otherwise there are a few more hotels in or near Zwolle’scity centrein various price categories.","Tickets for PEC Zwolle games can be boughtonline, or at the Fan Shop at MAC3PARK Stadion. For certain matches a club card or ID may be required to buy tickets. If tickets remain available, these can generally also be bought at the stadium on the day of the match. PEC Zwolle sell out a good few of their Eredivisie matches though and booking in advance is therefore strongly recommended. Ticket prices range from €17.50 for a seat or standing place behind the goal to €31.50 for a central seat at one of the long sides. No tickets are sold on public sale for the main stand, which is reserved exclusively for hospitality. Prices are increased with €5.00 or €7.50 for the matches against Ajax, Feyenoord, and PSV."
Eredivisie,Netherlands,PSV Eindhoven,Philips Stadion,51.44167,5.4675,"Philips Stadion is located on the edge of Eindhoven’s city centre, which means it is only a 5 to 10-minute walk from Eindhoven’s main shopping areas and central train station. Exit thetrainstation on the city centre side, turn right, and follow the avenue until the stadium shows up in front of you. If arriving by car, find your way to Eindhoven’s city centre. Most city centre car parks are within walking distance of the stadium. If coming fromEindhovenAirport, take bus 401 to the central train station and get off at stop Philips Stadion. The ride takes about 20 minutes. Address: Frederiklaan 10a, 5616 NH Eindhoven","The central location of the Philips Stadion makes that there are plenty of bars and restaurants at short walking distance in Eindhoven’s city centre. Eindhoven’s nightlife area around Stratumseind is located on the southern edge of the centre at a 15-minute walk from the stadium. More bars and restaurants can be found around the Kleine Berg, Markt, or central station area, all even closer to the stadium. Similarly, you can pick any of the hotels in Eindhoven’s centre as these are all at walking distance of the stadium. Clickherefor an overview of hotels close to the Philips Stadion.","Tickets for PSV matches can be boughtonline, or at the FANworld PSV shop at the stadium. For most matches PSV require possession of a PSV club card to be able to buy tickets so make sure to check club card requirements on the official PSV website. PSV typically sell out a quarter of all home matches per season. If tickets remain available on the day of the match, these can also be bought on the gate from two hours before kick-off, though the same club card requirements apply. PSV offer special matchdaypackagesfor foreigners, that include a match ticket, gift voucher for the PSV shop, and a food or drink gift voucher for in the stadium, but are more expensive than a regular ticket. Bookings can be made by student@example.invalid. Tickets for regular matches range in prices from €28.00 for a seat at one of the ends to €67.00 for a central seat at one of the long sides. Prices are slightly increased for a few high-profile matches. You can find a seating planhere. For more information call +31 40 2505 505, or student@example.invalid."
Eredivisie,Netherlands,RKC Waalwijk,Mandemakers Stadion,51.68694,5.08861,"Mandemakers Stadion is located in the east of the small city of Waalwijk, just under 2 kilometres from its city centre. Waalwijk does not have a train station and from most parts of the Netherlands taking a bus from Den Bosch, located 15 kilometres east of Waalwijk, is the quickest route. Take either bus 301 or 136. Bus 301 is slightly quicker, it takes 25 minutes, and stops closer to the stadium (get off at stop Merwedelaan). From some destinations in southern Netherlands it is quicker to catch a bus from Tilburg. Take bus 301 or 136 (they continue to Den Bosch hence the same lines). The journey takes 45 to 60 minutes (again the 301 is quicker). There is plenty of free parking around the stadium. Address: Akkerlaan 2, 5143 ND, Waalwijk",Info not available,RKC Waalwijk tickets can be boughtonlineor at the fan shop at the stadium. Ticket can also be bought at the ticket office at the stadium on the day from 90 minutes before the start of the match. RKC does not normally sell out save for the odd high-profile match. They may require possession of an RKC club card to be able to buy tickets for some matches. Expect to pay from €17.50 to €22.50 for a ticket.
Eredivisie,Netherlands,Sparta Rotterdam,Spartastadion Het Kasteel,51.919485,4.433619,"Het Kasteel is located in the Spangen area in the west of Rotterdam at just under 3 kilometres from Rotterdam’s main railway station and the city centre. Het Kasteel is a 5 to 10-minute walk away frommetrostop Marconiplein. The stop can be reached with metro line A, B, and C, which can all be boarded at stop Beurs in the city centre. Alternatively, you can catch tram 8 from the main railway station or any of the various city centre stops (e.g. Beurs or Euromast). Take the tram in the direction of Spangen, and get off right in front of the stadium at stop Spartastraat. The tram runs in quite a roundabout way, which means it takes 30 minutes to arrive. Tram 21 and 23 go in a more direct way, though require a few more minutes walking. Take one of the trams from the main railway station (direction Woudhoek or Holy) and get off at stop PC Hooftplein, from where it is a short walk to the stadium. The journey takes 12 minutes. Address: Spartapark Noord 1, 3027 VW Rotterdam",Info not available,"Tickets for Sparta Rotterdam matches can be boughtonline, or in person at the Fanshop at Het Kasteel. Tickets are also available at the Fanshop from two hours before the start of the match. Sparta, however, does sell out the occasional match so it is recommended to book in advance. Sparta may occasionally require possession of a Sparta Club Card to be able to buy tickets, though most matches tickets go on general sale. Tickets range in price from €15.00 for a seat behind the goal to €25.00 for a seat at the main stand. You can find a seating planhere. For more information student@example.invalid."
Eredivisie,Netherlands,Twente,De Grolsch Veste,52.23667,6.8375,"The Grolsch Veste is located on the north-western edge of the city of Enschede, approximately 4.5 kilometres from Enschede’s main railway station and city centre. It is about the same distance from Hengelo’s city centre, a smaller city located north-east from Enschede. If coming by car from the west of the Netherlands, take the A1 and then the A35 in the direction of Enschede. Leave the A35 at exit 26 Enschede-West. Turn left (north), and after a few hundred metres exit again in the direction of Universiteit. Turn left at the traffic lights, and follow the road for about 2.5 kilometres. Turn left after the bridge, and the stadium will show up quickly on your left. If using public transport, the Grolsch Veste is best reached bytrainfrom either Hengelo’s or Enschede’s main railway station. The stadium lies next to Enschede Drienerlo train station, which is a 5-minute journey from both the above stations. Alternatively, bus line 1 also connects the stadium with Enschede’s main railway station. Address: Colosseum 65, 7521 PP Enschede","The Grolsch Veste is located on a modern office park not far from the University of Enschede campus. Next to the stadium lies a leisure centre, which includes acinema,bowling, and some food establishments. Otherwise, the city centre of Enschede offers sufficient eating and drinking options for a night out, though it does not rate amongst Holland’s most interesting cities. The city of Hengelo is an alternative, but smaller and quieter than Enschede. There is one hotel, theHampshire Hotel, located close to the Grolsch Veste. It lies at short walking distance, gets decent reviews, but is not the cheapest. ConferenceHotel Drienerburghtis a somewhat cheaper option that is situated a little further away at 15 to 20 minutes walking. Clickhereto see the overview of hotels near the Grolsch Veste. Alternatively, there are a few hotels inEnschedeandHengelocity centre, but the options are generally rather limited. If arriving by car, there are a few more roadside and out-of-town hotels that may be an option.","Tickets for FC Twente matches can be boughtonline, or at the ticket office at the stadium. If tickets remain available, these can also be bought at the stadium before the match. Twente used to sell out most home matches, but attendances have dropped somewhat in recent years which means that for most matches tickets are rather easily available, also on the day. Twente does regularly require possession of a Twente Club Card to be able to buy tickets so make sure to check the official website if any restrictions apply. Ticket prices depend on the opponent. Category B tickets, the cheapest, range in price from €17.50 for a seat behind the goal to €30.00 for a lower-tier seat at the long side. Prices get increased for Category A matches to between €22.50 and €35.00 and even further for the matches against Ajax, PSV, and Feyenoord."
Eredivisie,Netherlands,Utrecht,Stadion Galgenwaard,52.07833,5.14583,"Stadion Galgenwaard is located in the east of the city of Utrecht, about 2.5 kilometres from the city centre and 3 kilometres from the central railway station. Variousbuslines connect the stadium with the central train station and city centre as the stadium lies close to a university and hospital complex, however service on the weekends is less frequent. On the weekends, take bus 41 from the central train station (Jaarbeurszijde) in the direction of Wijk bij Duurstede. Get off at stop Stadion Galgenwaard, the journey takes 10 minutes. During the week, line 12 in the direction of De Uithof WKZ is an alternative. Get off at stop Stadion Galgenwaard. The ride only takes 8 minutes and buses leave many times per hour. Address: Herculesplein 241, 3584 AA Utrecht","Stadion Galgenwaard is located in an area that is a mix of residential houses, office buildings, other sports facilities, and a hospital. There aren’t many local places to eat and drink though, which is better done in Utrecht’s charming city centre. There are no hotels near Stadion Galgenwaard, but plenty of options to choose from in Utrecht. Clickherefor an overview.","Tickets for FC Utrecht matches can be boughtonline, at the Fanshop at the stadium, or at the Fanshop at shopping centre Hoog Catharijne (adjacent to the central rail station). FC Utrecht may at times require possession of a Utrecht Club Card to be able to buy tickets for a match that is considered high-risk for fan violence. If tickets remain available, these can also be bought at the ticket windows of the stadium on the day of the match. However, the same club card requirements apply. FC Utrecht only sell out the occasional high-profile match. Tickets range in price from €15.00 for a seat behind one of the goals to €25.00 for a seat at the main stand. Prices are increased for three high-profile matches to between €22.50 and €35.00. You can find a seating maphere. For more information student@example.invalid call +31 (0)30 8885555."
Eredivisie,Netherlands,Willem II,Koning Willem II Stadion,51.54278,5.06694,"Koning Willem II Stadion is located in the south of Tilburg at about 2.5 kilometres from Tilburg’s city centre, and slightly more from Tilburg’s main railway station, which is located just north of the centre. It is about just possible to walk to the stadium from the centre, about 30 minutes. Bus8 connects the main railway station and city centre with the stadium. Catch the bus towards Het Laar and get off at stop Laarstraat. The journey takes app. 10 minutes. Bus 132 to Breda and 450 to Station Turnhout are alternatives. If arriving by car, the stadium is easily reached from the A58 motorway. Take exit 11 Tilburg Centrum West. There is a fair bit of parking around the stadium, e.g. at Stappegoor sports centre.",Info not available,Willem II tickets can be boughtonlineor at the ticket office at the stadium. Tickets can also be bought at the stadium from 1.5 hours before the start of the match. Willem II does not typically sell out save for the odd high profile match against the Netherlands’ Big 3 or local rival NAC Breda. For these matches some sales restrictions may apply. Expect to pay from €22.00 for a seat behind the goal to €36.00 for a seat at the main stand for a typical match. Prices will be a bit higher for high profile matches.
Belgian Pro League,Belgium,Anderlecht,Lotto Park,50.83417,4.29833,"The Constant Vanden Stock Stadion is located in the west of Brussels, slightly more than 4 kilometres from the city centre. From the Brussels ring road (RO) take exit 14 Anderlecht. Turn towards the city onto the Boulevard Sylvain Dupuis. After almost a kilometre turn right at the traffic lights, and after a few hundred metres left onto the Théo Verbeecklaan. There is limited parking available round the stadium, and it may be wise to leave your car at Westland Shopping right after exiting the ring road. If you arrive by public transport, takemetroline 5 in the direction of Erasmus and get off at station Saint-Guidon, from where it is only a small walk to the stadium. Line 5 passes Brussel’s main railway station (Gare Centrale), which lies in the middle of the city centre. Address: Avenue Théo Verbeecklaan 2, Bruxelles 1070 Brussel","The Constant Vanden Stock Stadion is located in a rather dense residential area and is bordered on two sides by the nice Astridpark (Parc Astrid). It is a reasonably lively area and there are a few pubs and restaurants around, though the options obviously pale in comparison with Brussels’ city centre. There are no hotels in the immediate vicinity of the stadium, thoughHotel New Prince de Liègeis at about 20 minutes walking. This hotel is most of all suited for people arriving by car, as isHotel Erasme, which is near the ring road at the end of metro line 5. Clickherefor an overview of the hotels near the Constant Vanden Stock Stadion. Otherwise, the hotels nearBrussels Midirailway station are not too far away from the stadium, even (just) at walking distance (or get tram 81). There are, of course, also plenty of options in Brussels’city centre, which is a short metro ride away.","Tickets for Anderlecht games can be boughtonline, or at the ticket office at the stadium. You need to bring an ID in order to be able to buy Anderlecht tickets. Anderlecht sell out regularly, but tickets for most matches will be available if bought in advance. The price for a seat typically ranges from €28.00 to €40.00, but can vary depending on the opponent. For more information call +32 (0) 2 529 40 67 or student@example.invalid."
Belgian Pro League,Belgium,Antwerp,Bosuilstadion,51.2325,4.47222,Info not available,Info not available,"Tickets for Antwerp games can be bought at the Clubshop at the Bosuilstadion, or at the gates of the stadium on the day of the match. Tickets for seats go for either €20.00, €23.00 or €50.00. A ticket for one of the standing areas also costs €20.00. Tickets are €3.00 cheaper if bought in pre-sale."
Belgian Pro League,Belgium,Beerschot,Olympisch Stadion,51.185,4.38222,"Olympisch Stadion is located in the south of the city of Antwerp, about 4.5 kilometres from the city centre and almost 5.5 kilometres from Antwerp’s main railway station. Severaltramlines connect the stadium with the city centre and main railway station. From the main railway station, take tram 2 in the direction of Hoboken. Get off at stop Schijfwerper. The journey takes about 20 minutes. Alternatively take tram 24 from Teniers or Rooseveltplaats (direction Schoonselhof). Get off at stop Grens Kiel and walk 10 minutes. From the city centre take tram 4 in the direction of Hoboken. Get on the tram at stop Groenplaats or Meirbrug, and off at Grens Kiel. Address: Atletenstraat 80, 2020 Antwerpen-Kiel",Info not available,"Tickets for Beerschot matches can be boughtonline, or at the Ticket Corner at the stadium. The Ticket Corner generally opens Thursday evenings or from 2.5 hours before the start of the match. Tickets cost either €18.00, €20.00, or €22.00."
Belgian Pro League,Belgium,Cercle Brugge,Jan Breydel Stadium,51.19333,3.18056,"Jan Breydel Stadion lies in the west of Bruges, about 3.5 kilometres from Bruges’ historic city centre and main railway station. The stadium can be reached bybus. From the main railway station take either line 5 or 15 in the direction of St.-Andries. The ride takes about 15 minutes and it is a further 5 minutes walking from stop Sint-Andries. Address: Olympialaan 74, 8200 St.-Andries (Brugge)","Jan Breydel Stadion is located in a rather quiet residential area, though there are a few pubs and places to eat in the immediate vicinity of the stadium, most of all on the Gistelse Steenweg. Of course, the options pale in comparison with Bruges’ splendid city centre. There are a few bed & breakfasts in the area near Jan Breydel Stadion in case you wish to stay close to the stadium. Clickherefor the options. However, if you have a little more time on your hands, staying in Bruges’ historic centre may be the better option. Clickherefor an overview of hotels in central Bruges.","Tickets for Club Brugge matches can be purchasedonline, or at the ticket office at the stadium. On the day of the match the ticket booths at the stadium open from 1.5 hour before kick-off. Club Brugge’s attendances are among the highest in the league, but for most matches tickets will be easily available. Club Brugge tickets generally range in price from €15.00 for the lower sections behind the goal to €40.00 for the upper sections of the main stand. For the matches against Anderlecht, Cercle, Genk, Gent, and Standard prices are increased to between €20.00 and €60.00. For more information call +32 (0) 50 40 21 35, or student@example.invalid."
Belgian Pro League,Belgium,Charleroi,Stade du Pays de Charleroi,50.414609,4.453787,"Stade du Pays de Charleroi is located on the northern edge of Chareleroi’s city centre. The walk from the city’s central Place Charles II takes only 10 minutes. The walk from Charleroi’s main railway station, Gare de Charleroi-Sud, just over 20 minutes. Regular directtrainsconnect Charleroi with major Belgian cities such as Brussels and Liège. In both cases the journey takes about 60 to 90 minutes. Address: Boulevard Zoé Drion 19, 6000 Charleroi",Info not available,"Tickets for Charleroi matches can be bought online throughTickethour, at the club shop at Stade du Pays de Charleroi, or at the ticket windows of the stadium on the day of the match. Identification may be required. Tickets cost either €18.00 or €20.00, both for the long sides. Tickets for the stands behind the goals do not go on general sale. Tickets are €3.00 more expensive if bought at the ticket windows on the day."
Belgian Pro League,Belgium,Club Brugge,Jan Breydel Stadium,51.19333,3.18056,"Jan Breydel Stadion lies in the west of Bruges, about 3.5 kilometres from Bruges’ historic city centre and main railway station. The stadium can be reached bybus. From the main railway station take either line 5 or 15 in the direction of St.-Andries. The ride takes about 15 minutes and it is a further 5 minutes walking from stop Sint-Andries. Address: Olympialaan 74, 8200 St.-Andries (Brugge)","Jan Breydel Stadion is located in a rather quiet residential area, though there are a few pubs and places to eat in the immediate vicinity of the stadium, most of all on the Gistelse Steenweg. Of course, the options pale in comparison with Bruges’ splendid city centre. There are a few bed & breakfasts in the area near Jan Breydel Stadion in case you wish to stay close to the stadium. Clickherefor the options. However, if you have a little more time on your hands, staying in Bruges’ historic centre may be the better option. Clickherefor an overview of hotels in central Bruges.","Tickets for Club Brugge matches can be purchasedonline, or at the ticket office at the stadium. On the day of the match the ticket booths at the stadium open from 1.5 hour before kick-off. Club Brugge’s attendances are among the highest in the league, but for most matches tickets will be easily available. Club Brugge tickets generally range in price from €15.00 for the lower sections behind the goal to €40.00 for the upper sections of the main stand. For the matches against Anderlecht, Cercle, Genk, Gent, and Standard prices are increased to between €20.00 and €60.00. For more information call +32 (0) 50 40 21 35, or student@example.invalid."
Belgian Pro League,Belgium,Dender EH,Van Roystadion,50.883683,4.071185,"Jan Breydel Stadion lies in the west of Bruges, about 3.5 kilometres from Bruges’ historic city centre and main railway station. The stadium can be reached bybus. From the main railway station take either line 5 or 15 in the direction of St.-Andries. The ride takes about 15 minutes and it is a further 5 minutes walking from stop Sint-Andries. Address: Olympialaan 74, 8200 St.-Andries (Brugge)","Jan Breydel Stadion is located in a rather quiet residential area, though there are a few pubs and places to eat in the immediate vicinity of the stadium, most of all on the Gistelse Steenweg. Of course, the options pale in comparison with Bruges’ splendid city centre. There are a few bed & breakfasts in the area near Jan Breydel Stadion in case you wish to stay close to the stadium. Clickherefor the options. However, if you have a little more time on your hands, staying in Bruges’ historic centre may be the better option. Clickherefor an overview of hotels in central Bruges.","Tickets for Club Brugge matches can be purchasedonline, or at the ticket office at the stadium. On the day of the match the ticket booths at the stadium open from 1.5 hour before kick-off. Club Brugge’s attendances are among the highest in the league, but for most matches tickets will be easily available. Club Brugge tickets generally range in price from €15.00 for the lower sections behind the goal to €40.00 for the upper sections of the main stand. For the matches against Anderlecht, Cercle, Genk, Gent, and Standard prices are increased to between €20.00 and €60.00. For more information call +32 (0) 50 40 21 35, or student@example.invalid."
Belgian Pro League,Belgium,Genk,Cegeka Arena,51.005,5.53333,"The Luminus Arena is located on the northern edge of the city of Genk, approximately 5.5 kilometres from the city centre and main railway station. From the railway station, takebusG1 in the direction of Zwartberg. Get off at stop Waterschei Kerkhof (or Nieuw Texas) after an approximate 28-minute journey. Buses generally go once every half an hour. Frequent directtrainsconnect Genk with Hasselt, the regional capital, which has direct connections with Antwerp, Liege, and Brussels. The journey from Hasselt to Genk takes about 20 minutes. There is also an hourly direct train from Brussels Sud station to Genk, which takes about 1 hour 40 minutes. Nearby Dutch city Maastricht is furthermore about an hour away with bus 45. Address: Stadionplein 4, 3600 Genk","The Luminus Arena is located just outside the city bordering a quiet residential area consisting mainly of houses. There are few options for eating or drinking in the area, which you can therefore better do in Genk’s town centre. There are neither any hotels near the Luminus Arena, but you do have a few hotels to choose from in Genk’s city centre. Clickhereto see the overview. Alternatively, you can choose to stay inHasselt,Maastricht, or further afield.","Tickets for Genk games can be purchasedonline, at the Ticketshop at the Luminus Arena (closed on Mondays and Sundays), or at any of the Group Bruno salesoutlets(until noon on the day of the match). If tickets are still available, these can be bought at the ticket windows of the stadium from 2 hours before kickoff. Genk has decent average attendances of just under 20,000 and sells out the occasional high-profile match, so for high-profile matches booking in advance is recommended. Ticket prices for a seat range from €18.50 for a seat in the corners or behind the goal to €28.50 for a seat at the main stand. Standing costs €16.00. Prices are increased with €2.50 for a few high-profile matches."
Belgian Pro League,Belgium,Gent,Planet Group Arena,51.01611,3.73417,"The Ghelamco Arena is located in the south of Ghent at about 5 kilometres from Ghent’s historic city centre and 3.5 kilometres from Ghent’s main railway station Gent-Sint-Pieters. The stadium is situated where the E17 and E40 motorways intersect. If coming from the E40, first make your way to the E17. Leave the E17 at exit 9 UZ Gent. If using public transport to get to the Ghelamco Arena on a matchday, you can get a shuttle bus from Woodrow Wilsonplein on the southern edge of the historic centre from 2.5 hours before kick-off. If coming from Gent-Sint-Pieters railway station, you can take tram 4 in the direction of Gent-Zwijnaardebrug. Get off after about 10 minutes at stop Gestichtstraat, walk ahead until reaching the canal, and take the footpath left along the canal until reaching the Ghelamco Arena. The walk will take about 15 minutes. Address: Ottergemsesteenweg Zuid 808, 9000 Ghent","The Ghelamco Arena is located on an office park which boasts a mix of offices and light industry, and, apart from a single small cafe/restaurant, has little to offer in terms of eating and drinking, which is better done in Ghent’s very pleasant city centre. There are, however, two hotels located on the same office park a short walk away from the arena. Both are typical roadside major brand hotels with reliable standards, aHoliday Inn Expressand aCampanile Hotel, but are ideal if you travel in by car. Clickherefor an overview of hotels near the Ghelamco Arena. If you travel in by public transport and plan to explore Ghent’s city centre as well, you will likely prefer to stay in the centre, which boasts manyhotelsin different price ranges.","Tickets for KAA Gent matches can be boughtonline(e-tickets), or at the ticket office at the Ghelamco Arena, either in advance or on the day of the match. Ghent sell out occasionally so booking in advance is advised. Ticket prices range from €20.00 for a seat behind the goal to €40.00 for a central seat at the main stand. Tickets for the sides are increased with €10.00 for the matches versus Club Brugge and Anderlecht, though tickets for the end remain €20.00. You can find a seating maphere. student@example.invalid more information."
Belgian Pro League,Belgium,Kortrijk,Guldensporen Stadion,50.830432,3.248906,"Guldensporenstadion is located just north-west of Kortrijk’s city centre and train station. Walking from the train station to the stadium will take about 15 minutes, as will walking from Kortrijk’s central square, the Grote Markt. There is regular direct train service to Kortrijk from Gent, Bruges, Brussels, Antwerp, and French city Lille. Instead of walking, you can also catch a bus from the train station to the stadium. Take eitherbus4 (to Heule), 40 (to Menen), or 61 (to Ardooie), and get off at stop Kortrijk Stadion (line 4), or stop Kortrijk Meensepoort (line 40 and 61). On matchdays line 4 is the best alternative. The ride will only take 5 to 8 minutes. Address: Moorseelsestraat 111 B, 8500 Kortrijk","Guldensporenstadion is located just outside Kortrijk’s city centre in a residential neighbourhood mixed up with some offices. Since it’s Belgium, there is the odd local bar around, and there is a lovely fan park in front of the stadium on matchdays with options to eat and drink. Kortrijk’s small but charming city centre isn’t too far away though and has plenty of options to eat and drink. Kortrijk is a small city so does not boast a whole lot of hotels and none directly near the stadium, but there are some decent options in the city centre includingCenter Hotel,ibis Kortrijk, andParkhotel. Clickherefor an overview of hotels in Kortrijk.","Tickets for KV Kortrijk games can be boughtonline, or at the club office at the stadium. Tickets are also available at the ticket windows of the stadium on the day of the match. Kortrijk rarely sell out but for high-profile matches it is advised to buy in advance. Tickets range in price from €17.00 for a seat behind the goal to €30.00 for a seat at the main stand. A ticket for the standing terrace behind the goal costs €14.00. Prices are increased for 6 high-profile matches, resulting in a standing ticket costing €17.00 and a seat ranging from €22.00 to €40.00."
Belgian Pro League,Belgium,Mechelen,AFAS-stadion Achter de Kazerne,51.037184,4.486397,null,null,null
Belgian Pro League,Belgium,OH Leuven,Den Dreef,50.86833,4.69417,"Stadion Den Dreef is located south of Leuven’s city centre. The walk from the central market square (Grote Markt) takes about 15 minutes, that from the railway station 10 to 15 minutes more. From the railway station, catch eitherbus1 or 2 to get to the stadium. Take the bus in the direction of Heverlee and get off at stop Naamse Poort. Line 337 and 616 are alternatives. Address: Kardinaal Mercierlaan 46, 3001 Heverlee",Info not available,"Tickets for O-H Leuven games can be boughtonline, or at the club office at the stadium. Tickets are generally also available at the ticket windows of the stadium on the day of the match. Remember to always bring an ID. Ticket prices range from €20.00 for a seat behind the goal to €35.00 for a central lower-tier seat at the main stand. A ticket for the standing section costs €15.00."
Belgian Pro League,Belgium,Sint-Truiden,Stayen,50.813474,5.166256,"Stayen is located on the western edge of the town of Sint-Truiden at roughly a kilometre from Sint-Truiden’s rail station and its town centre. The walk from the station or town centre takes only 15 minutes. Frequent directtrainsconnect Sint-Truiden with Brussels and Ghent. Trains run at least once an hour for the 60-minute (Brussels) or 90-minute (Ghent) journey. From Antwerp or Liege a change is required. Address: Tiensesteenweg 168, B-3800 Sint-Truiden",Info not available,Tickets for STVV matches can be boughtonlineor at the club office at Stayen. Tickets are also available at the ticket booths of the stadium from 1.5 hours before the start of the match. Sint-Truiden doesn’t normally sell out save for the occasional high-profile match. Tickets range in price from €15.00 for a seat behind the goal to €85.00 for the best VIP seats at the main stand. Other seats at the sides start at €20.00. Tickets for a few high-profile matches are €5.00 to €20.00 more expensive.
Belgian Pro League,Belgium,Standard Liège,Stade Maurice Dufrasne,50.61,5.54333,"Stade du Cannonier is located in the south of the small city of Mouscron, a few hundred metres away from the French border. The stadium lies about 1.5 kilometres south of Mouscron’s city centre, and a similar distance from the rail station a little further east. The walk from either should not take more than 20 minutes. Directtrainsconnect Mouscron with Antwerp, Ghent, and Lille in France. Trains run once every hour or other hour. From other destinations in Belgium usually a change in nearby Kortrijk is required. Address: 33 rue du stade, 7700 Mouscron",Info not available,"Tickets for Excel Mouscron games can be boughtonline, or at the ticket office at Stade du Cannonier. Tickets can also be bought at the ticket booths of the stadium on the day of the match. Mouscron doesn’t sell out often. Tickets range in price from €17.00 for the far ends of the sides to €35.00 for the best seats at the main stand. Tickets for the standing terrace behind the goal cost €10.00. Prices for a few high-profile matches are increased from €3.00 to €10.00."
Belgian Pro League,Belgium,Union SG,Stade Joseph Marien,50.81778,4.32917,"Stade de Sclessin is located in the south-west of Liege on the banks of the river Meuse. It lies slightly more than 5 kilometres from the city centre and 3.5 kilometres from Liege’s primary railway station Liege-Guillemins. From Liege-Guillemins takebus2, 3, or 27 to get to the stadium. Buses leave frequently for the 10-minute ride to the stadium. Get off at stop SCLESSIN. Address: Rue de la Centrale 2, 4000 Sclessin","Stade de Sclessin is located in a not particularly appealing area that is a mix of industry, offices, and some residential housing. It is Belgium, so there are a few local pubs around, but otherwise it might be better to find something to eat and drink in Liege’s city centre. There are no hotels in the immediate vicinity ofSclessin, however picking one of the options near railway stationGuilleminsgets you quickly to the stadium by bus. Alternatively, there are a few more options in Liège’scity centre, or one could even consider staying in nearbyMaastrichtorAachen, which both have pleasant historic city centre and are only a 30-minute train journey away.","Tickets for Standard de Liege matches can be bought at the club office at the stadium. Generally, tickets cannot be bought on the gate of the stadium on the day of the match. Ticket prices range from €16.00 for a lower-tier seat behind the goal to €32.00 for a central seat at the main stand. Prices are increased for a number of top matches to between €18.00 to €43.00. You can find a seating maphere. For more information call +32 (0) 4 229 98 98 or student@example.invalid."
Belgian Pro League,Belgium,Westerlo,Het Kuipje,51.094817,4.928806,null,null,null
Süper Lig,Turkey,Adana Demirspor,New Adana Stadium,37.06333,35.375,"Kadir Has Stadyumu is located in the west of the city of Kayseri at roughly 5.5 kilometres from Kayseri’s city centre and railway station. Inquire locally about dolmus buses that go to the station or take a taxi. Direct daily trains connect Kayseri with Ankara that arrive at the railway station in the city centre. Long-distance buses arrive at Kayseri’s bus terminal, which lies about a kilometres further up the road from the stadium. You will pass the stadium on your way to the centre. Address: Kadir Has Stadyumu, Kayseri̇, 38060",Info not available,"Tickets for Kayserispor games can be bought online through thePASSOportal. As with all matches in Turkey, you need to possess a Passolig card to be able to buy tickets and enter the stadium. In the case of foreigners this is a pre-paid card. You can apply for a card on thePassoligwebsite."
Süper Lig,Turkey,Alanyaspor,Alanya Oba Stadium,36.5626,32.0792,"Kamil Ocak Stadyumu is located in central Gaziantep just west of Gaziantep Castle. Gaziantep’s train station, which only has limited service, is located a 5-minute walk north of the stadium. The main bus terminal is located north outside of the city, and you therefore first need to take a bus or taxi to Gaziantep’s centre. Address: Kamil Ocak Stadyumu, Gaziantep",Info not available,Info not available
Süper Lig,Turkey,Antalyaspor,Corendon Airlines Park,36.888278,30.668444,null,null,null
Süper Lig,Turkey,Başakşehir,Başakşehir Fatih Terim Stadium,41.12278,28.80861,"Fatih Terim Stadium is located on the northern edge of Istanbul, not too far fromAtaturk Olympic Stadium. The distance to central Istanbul (e.g. Sultanahmet, Taksim Square) is about 25 kilometres. The stadium lies next to the O6 motorway and is thus easily reached by car. Getting to the stadium by public transport is not too hard either.Metrostation Basaksehir Metrokent lies less than a 30-minute walk away from the stadium. Basaksehir Metrokent station is on line 3 that runs in the north of Istanbul. From most central destination at least two transfers are required. Alternatively, there are variousbusesthat stop close to the stadium, including 78, 78B, 78E, 78F, and 78ZB. Most pass by station Metrokent as well if you’re looking to make your way to the stadium quicker than walking. Address: Yunus Emre Cad. Başakşehir Stadı, 4.Etap Başakşehir, Istanbul","Fatih Terim Stadium is located in a newly built residential neighbourhood that mainly consists of apartment blocks. There’ll be a few local fast food places to grab a bite and some eating options in the shopping centre near Metrokent metro station, but options pale compared to central Istanbul. There are no hotels near Fatih Terim Stadium. If you wish to stay reasonably close, pick one of the options near the Mall of Istanbul such as theHoliday Inn Istanbul Airport,Clarion Hotel, or, a little further away, theRadisson Blu. It’s a quick taxi ride to get to the stadium. Clickherefor an overview of hotels near Fatih Terim Stadium. However, if you’re planning to stay longer in Istanbul and do some sightseeing, you’re likely to enjoy your stay better if you stay in central Istanbul. Clickhereto explore the options.","Tickets for Istanbul Basaksehir games can be bought throughPasso.com.tr. As with all matches in Turkey, you need to possess a Passolig card to be able to buy tickets and enter the stadium. In the case of foreigners this is a pre-paid card. You can apply for a card on thePassoligwebsite."
Süper Lig,Turkey,Beşiktaş,Tüpraş Stadium,41.03917,28.99472,"The Vodafone Arena is located slightly north-east of Istanbul’s city centre on the banks of the Bosphorus next to Dolmabahçe Palace. It lies about 2.5 kilometres from Galata bridge and 1 kilometre from Taksim Square, from where it is a 15-minute walk to the stadium. Taksim Square can be reached by metro (line 2), historic tramway 5, and is served by many buses and dolmus minibuses. Boats from the Asian side of the river arrive at Kabatas, from where it is a 5-minute walk to the stadium. Kabatas is also served by (modern) tram line 1, which passes through Istanbul’s historic Sultanahmet area. Address: 1 Kadirgalar Street, Visnezade, Besiktas, Istanbul, 34357","The Vodafone Arena is located in the central Beyoglu area, which is packed with shops, bars, cafés, and restaurants. You will have no trouble finding anything of your liking near Taksim Square or Istiklal Avenue. This also means that there is an enormous amount of hotels to choose from near the stadium. If you’ve got money to spend, you will be very pleased to know that theThe Ritz-Carlton,Swissotel, andCeylan InterContinentalare right next door to the stadium, but rest assured that there are many cheaper alternatives a few more minutes walking away. Clickherefor an overview of hotels near the Vodafone Arena andhereif you wish to explore options in other parts of Istanbul.","Tickets for Besiktas games can be bought online through thePASSOportal. As with all matches in Turkey, you need to possess a Passolig card to be able to buy tickets and enter the stadium. In the case of foreigners this is a pre-paid card. You can apply for a card on thePassoligwebsite. You can find a seating planhere."
Süper Lig,Turkey,Eyüpspor,Recep Tayyip Erdoğan Stadium,41.03278,28.9725,"Recep Tayyip Erdogan Stadium is located in the Beyoglu area in central Istanbul, just north of the Galata tower and only a few blocks downhill off the main Istligal pedestrian street. Taksim Square furthermore lies an approximate 15-minute walk away, while the walk from the Sultanahmet area takes about half an hour. The nearest metro station is Sishane, which lies a 10-minute walk away. Sishane is on the green line M2, which runs to destinations in the north and south, including Taksim Square with connections to other parts of the city. Address: Yahya Kahya Mahallesi, Tepebaşı Caddesi 1, 34440 Istanbul",Info not available,"Tickets for Kasimpasa games can be bought online through thePASSOportal. As with all matches in Turkey, you need to possess a Passolig card to be able to buy tickets and enter the stadium. In the case of foreigners this is a pre-paid card. You can apply for a card on thePassoligwebsite. Expect to pay TLR 10.00 for an uncovered seat, TLR 20.00 for a covered seat behind the goal, or TLR 40.00 for a covered seat at the main stand."
Süper Lig,Turkey,Fenerbahçe,Ülker Stadium,40.98778,29.03694,"Sukru Saracoglu is located on the Asian side of the city of Istanbul, quite close to the bank of the Bosphorus in the historic district Kadikoy. The stadium is situated at a short 15-minute walk from the Kadikoy pier, where the ferries from the western side of the city (e.g. Eminonu or Besiktas) embark. The stadium also lies at walking distance from Haydarpaşa train station, where most trains from Turkey’s inland arrive. Address: Fenerbahce Sukru Saracoglu Stadyumu, Istanbul","Sukru Saracoglu Stadium is situated in the lively Kadikoy district, which means that there are many bars, cafés, and restaurants a small walk away. You are likely to bump into anything of your liking on your way from the ferry to the stadium, but if not, head to Kadife Street, where there is a nice selection of bars. There is also a large number of hotels near the stadium. TheMy Dora Hotel,Khalkedon Hotel, andHotel Timyaare all an approximate 10-minute walk away and get good reviews. TheDouble Tree by Hiltonis a more luxurious alternative. Clickherefor all hotels near Sukru Saracoglu Stadium, andherefor hotels on the European side of Istanbul.","Tickets for Fenerbahce games can be bought throughPasso.com.tr. As with all matches in Turkey, you need to possess a Passolig card to be able to buy tickets and enter the stadium. In the case of foreigners this is a pre-paid card. You can apply for a card on thePassoligwebsite."
Süper Lig,Turkey,Galatasaray,Rams Park,41.10278,28.99056,"The Türk Telekom Arena is located on the northern edge of Istanbul, on the European side of the city close to the Levant and Maslak business districts. Istanbul’s historic centre lies about 12 kilometres away. The arena is best reached bymetro. Stop Seyrantepe, which branches off metro line 2, is a short walk away from the stadium. You can catch line 2 at station Sishane or Taksim at the northern edge of the city centre. Address: Türk Telekom Arena, 34396 Istanbul","The Türk Telekom Arena is located next to a large motorway on the northern edge of the city. You might be able to find the odd place to eat or drink in the area on the other side of the motorway, but it is likely a better idea to do this in central Istanbul. There are no hotels in the immediate surrounding of the stadium. If you plan to take a metro to the stadium anyway, there is little reason not to stay in central Istanbul. If you’ve come just for the match and plan on catching a taxi, you might find a hotel closer to the stadium in the Levant or Maslak business areas convenient. TheArtDeco Istanbul Suites,Elegance Residence Istanbul, and (more expensive)Mövenpickare a few of the options in the Levant area, whereas there is aSheratonin the Maslak area. Clickhereto browse the area of the Türk Telekom Arena for hotels, andhereto see what’s available in central Istanbul.","Tickets for Galatasaray games can be bought online atPasso.com.tr. As with all matches in Turkey, one needs to possess a Passolig card to be able to buy tickets and enter the stadium. In the case of foreigners this is a pre-paid card. One can apply for a card on thePassoligwebsite. Ticket prices range typically from TLR 35.00 for an upper-tier seat behind the goal or in the corners to TLR 287.00 for a middle-tier seat at one of the long sides."
Süper Lig,Turkey,Gaziantep,Gaziantep Stadium,37.12389,37.3825,"Kamil Ocak Stadyumu is located in central Gaziantep just west of Gaziantep Castle. Gaziantep’s train station, which only has limited service, is located a 5-minute walk north of the stadium. The main bus terminal is located north outside of the city, and you therefore first need to take a bus or taxi to Gaziantep’s centre. Address: Kamil Ocak Stadyumu, Gaziantep",Info not available,Info not available
Süper Lig,Turkey,Göztepe,Gürsel Aksel Stadium,38.396821,27.07595,"Sivas 4 Eylül Stadyumu is located just south-west of Sivas’ city centre. The walk from Atatürk Blvd in the centre takes 15 to 20 minutes. The central location of Sivas in Turkey means there are a good amount of train and bus services to the city. The train station lies right opposite the stadium, whereas the Yenişehir bus terminal is a 20-minute walk away on the opposite side of the railway tracks. There are also many dolmuşes (small buses) running from the central Hükümet Meydanı square to the station, and thus the stadium. Address: Sivas 4 Eylül Stadyumu, Sivas",Info not available,Info not available
Süper Lig,Turkey,Hatayspor,Mersin Stadium[note 1],36.82056,34.53861,"Fatih Terim Stadium is located on the northern edge of Istanbul, not too far fromAtaturk Olympic Stadium. The distance to central Istanbul (e.g. Sultanahmet, Taksim Square) is about 25 kilometres. The stadium lies next to the O6 motorway and is thus easily reached by car. Getting to the stadium by public transport is not too hard either.Metrostation Basaksehir Metrokent lies less than a 30-minute walk away from the stadium. Basaksehir Metrokent station is on line 3 that runs in the north of Istanbul. From most central destination at least two transfers are required. Alternatively, there are variousbusesthat stop close to the stadium, including 78, 78B, 78E, 78F, and 78ZB. Most pass by station Metrokent as well if you’re looking to make your way to the stadium quicker than walking. Address: Yunus Emre Cad. Başakşehir Stadı, 4.Etap Başakşehir, Istanbul","Fatih Terim Stadium is located in a newly built residential neighbourhood that mainly consists of apartment blocks. There’ll be a few local fast food places to grab a bite and some eating options in the shopping centre near Metrokent metro station, but options pale compared to central Istanbul. There are no hotels near Fatih Terim Stadium. If you wish to stay reasonably close, pick one of the options near the Mall of Istanbul such as theHoliday Inn Istanbul Airport,Clarion Hotel, or, a little further away, theRadisson Blu. It’s a quick taxi ride to get to the stadium. Clickherefor an overview of hotels near Fatih Terim Stadium. However, if you’re planning to stay longer in Istanbul and do some sightseeing, you’re likely to enjoy your stay better if you stay in central Istanbul. Clickhereto explore the options.","Tickets for Istanbul Basaksehir games can be bought throughPasso.com.tr. As with all matches in Turkey, you need to possess a Passolig card to be able to buy tickets and enter the stadium. In the case of foreigners this is a pre-paid card. You can apply for a card on thePassoligwebsite."
Süper Lig,Turkey,Kayserispor,RHG Enertürk Enerji Stadium,38.73722,35.42306,"Kadir Has Stadyumu is located in the west of the city of Kayseri at roughly 5.5 kilometres from Kayseri’s city centre and railway station. Inquire locally about dolmus buses that go to the station or take a taxi. Direct daily trains connect Kayseri with Ankara that arrive at the railway station in the city centre. Long-distance buses arrive at Kayseri’s bus terminal, which lies about a kilometres further up the road from the stadium. You will pass the stadium on your way to the centre. Address: Kadir Has Stadyumu, Kayseri̇, 38060",Info not available,"Tickets for Kayserispor games can be bought online through thePASSOportal. As with all matches in Turkey, you need to possess a Passolig card to be able to buy tickets and enter the stadium. In the case of foreigners this is a pre-paid card. You can apply for a card on thePassoligwebsite."
Süper Lig,Turkey,Konyaspor,Konya Metropolitan Municipality Stadium,37.946,32.488,The Konya Büyükşehir Torku Arena is located in the north of the city of Konya at about 9 kilometres from the city centre. The stadium can be reached with local buses or take a taxi. Konya’s newtramwaydoes run to the north and gets you to about an half-an-hour walk from the stadium. Get off at stop 14 and walk west until reaching the stadium.,Info not available,"Tickets for Konyaspor games can be bought online atPasso.com.tr. As with all matches in Turkey, one needs to possess a Passolig card to be able to buy tickets and enter the stadium. In the case of foreigners this is a pre-paid card. One can apply for a card on thePassoligwebsite."
Süper Lig,Turkey,Rizespor,Rize City Stadium,41.04202,40.5733,"Kamil Ocak Stadyumu is located in central Gaziantep just west of Gaziantep Castle. Gaziantep’s train station, which only has limited service, is located a 5-minute walk north of the stadium. The main bus terminal is located north outside of the city, and you therefore first need to take a bus or taxi to Gaziantep’s centre. Address: Kamil Ocak Stadyumu, Gaziantep",Info not available,Info not available
Süper Lig,Turkey,Samsunspor,Samsun 19 Mayıs Stadium,41.22778,36.4575,"Sivas 4 Eylül Stadyumu is located just south-west of Sivas’ city centre. The walk from Atatürk Blvd in the centre takes 15 to 20 minutes. The central location of Sivas in Turkey means there are a good amount of train and bus services to the city. The train station lies right opposite the stadium, whereas the Yenişehir bus terminal is a 20-minute walk away on the opposite side of the railway tracks. There are also many dolmuşes (small buses) running from the central Hükümet Meydanı square to the station, and thus the stadium. Address: Sivas 4 Eylül Stadyumu, Sivas",Info not available,Info not available
Süper Lig,Turkey,Sivasspor,BG Grup 4 Eylül Stadium,39.72833,36.98389,"Sivas 4 Eylül Stadyumu is located just south-west of Sivas’ city centre. The walk from Atatürk Blvd in the centre takes 15 to 20 minutes. The central location of Sivas in Turkey means there are a good amount of train and bus services to the city. The train station lies right opposite the stadium, whereas the Yenişehir bus terminal is a 20-minute walk away on the opposite side of the railway tracks. There are also many dolmuşes (small buses) running from the central Hükümet Meydanı square to the station, and thus the stadium. Address: Sivas 4 Eylül Stadyumu, Sivas",Info not available,Info not available
Süper Lig,Turkey,Trabzonspor,Papara Park,40.99917,39.64583,null,null,null
Super League Greece,Greece,AEK Athens,Agia Sophia Stadium,38.03722222222222,23.741666666666667,"Nea Smyrni Stadium is located in the Nea Smyrni area about 4 kilometres south of the city centre of Athens. It would take about 45 minutes to walk from the southern edge of the city centre (south of the Acropolis) to the stadium, or 30 minutes from metro station Neos Kosmos, which is on line M2. With less walking, the stadium can be reached bytramor bus. Tram line T4 and T5 connect the city centre with the stadium. You can catch the tram from Syntagma Square, or, for example, from Leoforos Vouliagmenis in the south of the centre. Get off at stop Megalou Alexandrou, from where it’s a small walk to the stadium. The journey from Syntagma takes 17 minutes. Line T4 continues to Piraeus’Karaiskakis Stadium. Alternatively, bus 10 passes the stadium on Leof. Andrea Siggrou avenue. One can catch the bus in the southern part of Athens’ city centre (on the same avenue). Get off at stop ΣΚΡΑ or ΧΡΥΣΑΚΗ. The stadium lies a few blocks away to the left. Bus 106 furthermore can be taken from the same spot as bus 10. Get off at stop ΛΕΟΝΤΕΙΟΣ, which is one block from the stadium. Address: Chrisostomou 1, 171 22 Athens, Greece","Nea Smyrni Stadium is located in a typically Greek dense residential neighbourhood. It won’t be too hard to find a local restaurant, in particular in the area north of the stadium. There are few hotels in the area around the stadium, though the well-ratedAthens Avenue HotelandAthens Atrium Hotel, and the basicHellenis Hotelare all at reasonable walking distance (15-20 minutes). A little further away and if you’ve got more money to spare, there’s theAthenaeum Intercontinental. Clickherefor an overview of hotels near Nea Smyrni Stadium, orhereto explore options elsewhere in Athens.","Tickets for Panionios matches can be bought at the ticket office at the stadium from a few days before the match. Tickets are also generally available on the gate on the day of the match. Restrictions can apply for a few high-profile matches. Ticket prices depend on the opponent, but typically range from €10.00 to €30.00."
Super League Greece,Greece,Aris,Kleanthis Vikelidis Stadium,40.6,22.96944,"Kleanthis Vikelidis Stadium is located in the south of the city of Thessaloniki, about 4 kilometres from the city centre and almost 6 kilometres from the main railway station. From the station and city centre (Egnatias Avenue), the stadium can be reached withbus10 or 11. Take bus 10 in the direction of TS Harilou and get off at stop Gipedo Ari. The bus passes right by the stadium. Buses run at least every 10 minutes. Alternatively, take bus 11 in the direction of TS Pileas and get off at stop Mistakidi (a few blocks from the stadium). Buses run multiple times per hour and can also be taken from the White Tower. The stadium lies a few blocks east of the large Leoforos avenue. Follow Egnatias avenue (in the centre) south-east until it automatically turns into Leoforos avenue. Make a left onto Panteli Chorn just before the avenue turns into a larger highway. Address: Alkminis 69, 542 49 Thessaloniki (Αλκμήνης 69, 542 49 Θεσσαλονίκη)",Info not available,"Tickets for Aris games can be boughtonline, or at the ticket windows of the stadium on the day of the match. Ticket prices typically range from €10.00 for a seat behind the goal to €30.00 for a lower-tier seat at the main stand."
Super League Greece,Greece,Asteras Tripolis,Theodoros Kolokotronis Stadium,37.5025,22.38861,"Apostolos Nikolaidis Stadium is located in central Athens, roughly 2 kilometres north-east of the city centre. The walk from Syntagma Square takes about half an hour. Alternatively, metro station Ambelokipi lies right near the stadium. Ambelokipi is on the M3 line that runs from the airport to the city centre, stopping, among others, at Monastiraki and Syntagma stations in the city centre. Address: Leoforos Alexandras 160, Athens 115 21","Apostolos Nikolaidis Stadium lies in central Athens in a busy mostly residential area mixed up with some offices and shops. It won’t be too hard to find a local place to get something to eat or drink, but the stadium isn’t too far from Athens’ pleasant centre either. There are plenty hotels at short walking distance of Leoforos.Athinais Hotel,Airotel Alexandros, andAirotel Stratos Vassilikosare all just south of the stadium at less than 5 minutes walking and get good reviews. There are furthermore a few well known chain hotels 10 minutes further south including aHilton,Crowne Plaza, andBest Western. To the west of the stadium you can furthermore choose out of hotels like theZafolia HotelandDryades Hotel, both at easy walking distance. Clickherefor an overview of hotels near Apostolos Nikolaidis Stadium, orhereto explore other options in Athens.",Info not available
Super League Greece,Greece,Athens Kallithea,Leoforos Alexandras Stadium,37.98722,23.75417,"Peristeri Stadium is located in the north-west of Athens at about 5 kilometres from Athens’ city centre. The nearest metro station is station Peristeri on the red line 2. The stadium lies about a kilometres north of the stadium, or a 15-minute walk away. Line 2 runs right through Athens’ city centre, e.g. stations Monastiraki, Syntagma, or Acropoli. It’s a short 10-minute ride. Address: 121 31, Kresnas 82, Peristeri 121 31",Info not available,"Tickets for Atromitos games can be boughtonline, or at the ticket windows of the stadium from a few days before the match. Expect to pay from €10.00 to €30.00 for a ticket."
Super League Greece,Greece,Atromitos,Peristeri Stadium,38.00472,23.68972,"Peristeri Stadium is located in the north-west of Athens at about 5 kilometres from Athens’ city centre. The nearest metro station is station Peristeri on the red line 2. The stadium lies about a kilometres north of the stadium, or a 15-minute walk away. Line 2 runs right through Athens’ city centre, e.g. stations Monastiraki, Syntagma, or Acropoli. It’s a short 10-minute ride. Address: 121 31, Kresnas 82, Peristeri 121 31",Info not available,"Tickets for Atromitos games can be boughtonline, or at the ticket windows of the stadium from a few days before the match. Expect to pay from €10.00 to €30.00 for a ticket."
Super League Greece,Greece,Lamia,Lamia Municipal Stadium,38.91,22.43111,"Nea Smyrni Stadium is located in the Nea Smyrni area about 4 kilometres south of the city centre of Athens. It would take about 45 minutes to walk from the southern edge of the city centre (south of the Acropolis) to the stadium, or 30 minutes from metro station Neos Kosmos, which is on line M2. With less walking, the stadium can be reached bytramor bus. Tram line T4 and T5 connect the city centre with the stadium. You can catch the tram from Syntagma Square, or, for example, from Leoforos Vouliagmenis in the south of the centre. Get off at stop Megalou Alexandrou, from where it’s a small walk to the stadium. The journey from Syntagma takes 17 minutes. Line T4 continues to Piraeus’Karaiskakis Stadium. Alternatively, bus 10 passes the stadium on Leof. Andrea Siggrou avenue. One can catch the bus in the southern part of Athens’ city centre (on the same avenue). Get off at stop ΣΚΡΑ or ΧΡΥΣΑΚΗ. The stadium lies a few blocks away to the left. Bus 106 furthermore can be taken from the same spot as bus 10. Get off at stop ΛΕΟΝΤΕΙΟΣ, which is one block from the stadium. Address: Chrisostomou 1, 171 22 Athens, Greece","Nea Smyrni Stadium is located in a typically Greek dense residential neighbourhood. It won’t be too hard to find a local restaurant, in particular in the area north of the stadium. There are few hotels in the area around the stadium, though the well-ratedAthens Avenue HotelandAthens Atrium Hotel, and the basicHellenis Hotelare all at reasonable walking distance (15-20 minutes). A little further away and if you’ve got more money to spare, there’s theAthenaeum Intercontinental. Clickherefor an overview of hotels near Nea Smyrni Stadium, orhereto explore options elsewhere in Athens.","Tickets for Panionios matches can be bought at the ticket office at the stadium from a few days before the match. Tickets are also generally available on the gate on the day of the match. Restrictions can apply for a few high-profile matches. Ticket prices depend on the opponent, but typically range from €10.00 to €30.00."
Super League Greece,Greece,Levadiakos,Levadia Municipal Stadium,38.4358972,22.8828444,"Nea Smyrni Stadium is located in the Nea Smyrni area about 4 kilometres south of the city centre of Athens. It would take about 45 minutes to walk from the southern edge of the city centre (south of the Acropolis) to the stadium, or 30 minutes from metro station Neos Kosmos, which is on line M2. With less walking, the stadium can be reached bytramor bus. Tram line T4 and T5 connect the city centre with the stadium. You can catch the tram from Syntagma Square, or, for example, from Leoforos Vouliagmenis in the south of the centre. Get off at stop Megalou Alexandrou, from where it’s a small walk to the stadium. The journey from Syntagma takes 17 minutes. Line T4 continues to Piraeus’Karaiskakis Stadium. Alternatively, bus 10 passes the stadium on Leof. Andrea Siggrou avenue. One can catch the bus in the southern part of Athens’ city centre (on the same avenue). Get off at stop ΣΚΡΑ or ΧΡΥΣΑΚΗ. The stadium lies a few blocks away to the left. Bus 106 furthermore can be taken from the same spot as bus 10. Get off at stop ΛΕΟΝΤΕΙΟΣ, which is one block from the stadium. Address: Chrisostomou 1, 171 22 Athens, Greece","Nea Smyrni Stadium is located in a typically Greek dense residential neighbourhood. It won’t be too hard to find a local restaurant, in particular in the area north of the stadium. There are few hotels in the area around the stadium, though the well-ratedAthens Avenue HotelandAthens Atrium Hotel, and the basicHellenis Hotelare all at reasonable walking distance (15-20 minutes). A little further away and if you’ve got more money to spare, there’s theAthenaeum Intercontinental. Clickherefor an overview of hotels near Nea Smyrni Stadium, orhereto explore options elsewhere in Athens.","Tickets for Panionios matches can be bought at the ticket office at the stadium from a few days before the match. Tickets are also generally available on the gate on the day of the match. Restrictions can apply for a few high-profile matches. Ticket prices depend on the opponent, but typically range from €10.00 to €30.00."
Super League Greece,Greece,OFI,Theodoros Vardinogiannis Stadium,35.33806,25.11472,"Apostolos Nikolaidis Stadium is located in central Athens, roughly 2 kilometres north-east of the city centre. The walk from Syntagma Square takes about half an hour. Alternatively, metro station Ambelokipi lies right near the stadium. Ambelokipi is on the M3 line that runs from the airport to the city centre, stopping, among others, at Monastiraki and Syntagma stations in the city centre. Address: Leoforos Alexandras 160, Athens 115 21","Apostolos Nikolaidis Stadium lies in central Athens in a busy mostly residential area mixed up with some offices and shops. It won’t be too hard to find a local place to get something to eat or drink, but the stadium isn’t too far from Athens’ pleasant centre either. There are plenty hotels at short walking distance of Leoforos.Athinais Hotel,Airotel Alexandros, andAirotel Stratos Vassilikosare all just south of the stadium at less than 5 minutes walking and get good reviews. There are furthermore a few well known chain hotels 10 minutes further south including aHilton,Crowne Plaza, andBest Western. To the west of the stadium you can furthermore choose out of hotels like theZafolia HotelandDryades Hotel, both at easy walking distance. Clickherefor an overview of hotels near Apostolos Nikolaidis Stadium, orhereto explore other options in Athens.",Info not available
Super League Greece,Greece,Olympiacos,Karaiskakis Stadium,37.94611,23.66444,"Karaikakis Stadium is located in the south-western Athens suburb of Piraeus. It lies on the edge of Piraeus city centre and about 2.5 kilometres east from the port. Central Athens is about 7 kilometres away. The stadium can be reached withmetroline 1 (green), which connects with Athens city centre and the Piraeus port. Metro station Faliro lies right next to the stadium. Address: Karaoli Dimitriou & Sofianopoulou, 185 47 Piraeus","Karaiskakis Stadium is a short walk away from Piraeus city centre, which has a good variety of shops, bars, and restaurants. The main avenues are Iroon Polytechneiou and Grigoriou Labraki. The stadium is, however, also easy to reach from Athens’ city centre, so you can also opt to eat and drink there and then catch the metro to the stadium. There are a good few hotels located close to Karaiskakis Stadium. OlympicHotelis a basic option just a few blocks off the stadium, thoughCarol Hotelis better situated towards Piraeus’ city centre.Hotel LiliaandHotel Anemoniseem particularly good value, though are slightly further away. Clickherefor all hotels near Karaiskakis Stadium. There are various other hotels located in Piraeus’ city centre that are at walking distance from the stadium, which you can findhere. Alternatively, you can also decide to stay in Athens’ city centre. Clickherefor some options.","Tickets for Olympiakos games can be purchasedonline, or at the ticket office at Karaiskakis Stadium. Tickets are also available at the ticket windows of the stadium on the day of the match. Ticket prices typically range from €10.00 to €30.00. Olympiakos has the highest attendances in Greece and for the top matches against the likes of Panathinaikos and AEK it is advised to buy in advance. For more information call +30 210 4800909."
Super League Greece,Greece,Panathinaikos,Athens Olympic Stadium,38.03606806,23.7876,"Toumba Stadium is located south-east of Thessalinki’s city centre. It lies almost 3 kilometres from the characteristic White Tower, 3.5 kilometres from Thessaloniki’s central Aristotelous Square, a few hundred metres more from the port, and about 5 kilometres from the central railway station. The stadium can be reached by car by taking exit Toumba from the semi ring road that circles the city along its eastern border. Driving straight on south after leaving the motorway will bring you within a few blocks of the stadium (which will be on your right). However, as the stadium is located in a dense urban area with a lot of one-way traffic, it may be difficult to precisely locate. Bus12 and 14 connect the stadium with the railway station and city centre. Line 12 can also be taken from Aristotelous Square and from the nearby White Tower. Line 14 follows the large Egnatias Avenue. Get off at either Gipedo PAOK (line 12) or Agia Varvara (line 14). Address: Mikras Asias, Toumpa Stadium, Thessaloniki, 54351","Toumba Stadium is located in a dense residential neighbourhood, which means that it won’t be too hard to find the odd local bar or restaurant. Thessaloniki has the reputation to have a great nightlife though, and eating and drinking can therefore better be done in central Thessaloniki or on the waterfront. There are no hotels directly near Toumba Stadium, but a few on the coast at 20 to 30 minutes walking from the stadium such asQueen Olga HotelandMakedonia Palace. Otherwise, there are plenty of options in Thessaloniki’scity centre.","Tickets for PAOK FC games can be boughtonline, or at the PAOK boutique and ticket office at the stadium. PAOK FC only very occasionally sell out a home match. Ticket prices depend on the opponent, but typically range in price from €10.00 for a seat at the curves to €30.00 for a central seat at the main stand."
Super League Greece,Greece,Panetolikos,Panetolikos Stadium,38.63,21.41167,"Apostolos Nikolaidis Stadium is located in central Athens, roughly 2 kilometres north-east of the city centre. The walk from Syntagma Square takes about half an hour. Alternatively, metro station Ambelokipi lies right near the stadium. Ambelokipi is on the M3 line that runs from the airport to the city centre, stopping, among others, at Monastiraki and Syntagma stations in the city centre. Address: Leoforos Alexandras 160, Athens 115 21","Apostolos Nikolaidis Stadium lies in central Athens in a busy mostly residential area mixed up with some offices and shops. It won’t be too hard to find a local place to get something to eat or drink, but the stadium isn’t too far from Athens’ pleasant centre either. There are plenty hotels at short walking distance of Leoforos.Athinais Hotel,Airotel Alexandros, andAirotel Stratos Vassilikosare all just south of the stadium at less than 5 minutes walking and get good reviews. There are furthermore a few well known chain hotels 10 minutes further south including aHilton,Crowne Plaza, andBest Western. To the west of the stadium you can furthermore choose out of hotels like theZafolia HotelandDryades Hotel, both at easy walking distance. Clickherefor an overview of hotels near Apostolos Nikolaidis Stadium, orhereto explore other options in Athens.",Info not available
Super League Greece,Greece,Panserraikos,Serres Municipal Stadium,41.0847,23.5466,"Nea Smyrni Stadium is located in the Nea Smyrni area about 4 kilometres south of the city centre of Athens. It would take about 45 minutes to walk from the southern edge of the city centre (south of the Acropolis) to the stadium, or 30 minutes from metro station Neos Kosmos, which is on line M2. With less walking, the stadium can be reached bytramor bus. Tram line T4 and T5 connect the city centre with the stadium. You can catch the tram from Syntagma Square, or, for example, from Leoforos Vouliagmenis in the south of the centre. Get off at stop Megalou Alexandrou, from where it’s a small walk to the stadium. The journey from Syntagma takes 17 minutes. Line T4 continues to Piraeus’Karaiskakis Stadium. Alternatively, bus 10 passes the stadium on Leof. Andrea Siggrou avenue. One can catch the bus in the southern part of Athens’ city centre (on the same avenue). Get off at stop ΣΚΡΑ or ΧΡΥΣΑΚΗ. The stadium lies a few blocks away to the left. Bus 106 furthermore can be taken from the same spot as bus 10. Get off at stop ΛΕΟΝΤΕΙΟΣ, which is one block from the stadium. Address: Chrisostomou 1, 171 22 Athens, Greece","Nea Smyrni Stadium is located in a typically Greek dense residential neighbourhood. It won’t be too hard to find a local restaurant, in particular in the area north of the stadium. There are few hotels in the area around the stadium, though the well-ratedAthens Avenue HotelandAthens Atrium Hotel, and the basicHellenis Hotelare all at reasonable walking distance (15-20 minutes). A little further away and if you’ve got more money to spare, there’s theAthenaeum Intercontinental. Clickherefor an overview of hotels near Nea Smyrni Stadium, orhereto explore options elsewhere in Athens.","Tickets for Panionios matches can be bought at the ticket office at the stadium from a few days before the match. Tickets are also generally available on the gate on the day of the match. Restrictions can apply for a few high-profile matches. Ticket prices depend on the opponent, but typically range from €10.00 to €30.00."
Super League Greece,Greece,PAOK,Toumba Stadium,40.61389,22.9725,"Toumba Stadium is located south-east of Thessalinki’s city centre. It lies almost 3 kilometres from the characteristic White Tower, 3.5 kilometres from Thessaloniki’s central Aristotelous Square, a few hundred metres more from the port, and about 5 kilometres from the central railway station. The stadium can be reached by car by taking exit Toumba from the semi ring road that circles the city along its eastern border. Driving straight on south after leaving the motorway will bring you within a few blocks of the stadium (which will be on your right). However, as the stadium is located in a dense urban area with a lot of one-way traffic, it may be difficult to precisely locate. Bus12 and 14 connect the stadium with the railway station and city centre. Line 12 can also be taken from Aristotelous Square and from the nearby White Tower. Line 14 follows the large Egnatias Avenue. Get off at either Gipedo PAOK (line 12) or Agia Varvara (line 14). Address: Mikras Asias, Toumpa Stadium, Thessaloniki, 54351","Toumba Stadium is located in a dense residential neighbourhood, which means that it won’t be too hard to find the odd local bar or restaurant. Thessaloniki has the reputation to have a great nightlife though, and eating and drinking can therefore better be done in central Thessaloniki or on the waterfront. There are no hotels directly near Toumba Stadium, but a few on the coast at 20 to 30 minutes walking from the stadium such asQueen Olga HotelandMakedonia Palace. Otherwise, there are plenty of options in Thessaloniki’scity centre.","Tickets for PAOK FC games can be boughtonline, or at the PAOK boutique and ticket office at the stadium. PAOK FC only very occasionally sell out a home match. Ticket prices depend on the opponent, but typically range in price from €10.00 for a seat at the curves to €30.00 for a central seat at the main stand."
Super League Greece,Greece,Volos,Panthessaliko Stadium,39.3875,22.93111,"Kleanthis Vikelidis Stadium is located in the south of the city of Thessaloniki, about 4 kilometres from the city centre and almost 6 kilometres from the main railway station. From the station and city centre (Egnatias Avenue), the stadium can be reached withbus10 or 11. Take bus 10 in the direction of TS Harilou and get off at stop Gipedo Ari. The bus passes right by the stadium. Buses run at least every 10 minutes. Alternatively, take bus 11 in the direction of TS Pileas and get off at stop Mistakidi (a few blocks from the stadium). Buses run multiple times per hour and can also be taken from the White Tower. The stadium lies a few blocks east of the large Leoforos avenue. Follow Egnatias avenue (in the centre) south-east until it automatically turns into Leoforos avenue. Make a left onto Panteli Chorn just before the avenue turns into a larger highway. Address: Alkminis 69, 542 49 Thessaloniki (Αλκμήνης 69, 542 49 Θεσσαλονίκη)",Info not available,"Tickets for Aris games can be boughtonline, or at the ticket windows of the stadium on the day of the match. Ticket prices typically range from €10.00 for a seat behind the goal to €30.00 for a lower-tier seat at the main stand."
Austrian Bundesliga,Austria,Austria Klagenfurt,Wörthersee Stadion,46.60889,14.27806,"Wörthersee Stadion is located in the south-west of the city of Klagenfurt, about 3.5 kilometres from its historic old town and a similar distance from the main railway station. The stadium can be reached withbus85. Either take the bus from the Heiligengeistplatz in the old town or from the railway station. Take the bus in the direction of Ganghofergasse and get off at stop Zaungasse or Stadion. From the shore of the Worthersee, it takes about half an hour to you can take bus 60 to get to the stadium. Get off at stop Zaungasse. Address: Süduferstraße, 9020 Klagenfurt am Wörthersee","Worthersee Stadion is located in a quiet residential neighbourhood on the edge of the city. There are a few local restaurants in the area, but eating and drinking is best done in pleasant Klagenfurt city centre or on the shore of the Worthersee. There are no hotels directly near Worthersee Stadion, though a few apartment rental and B&Bs to choose from. Clickherefor an overview of places to stay near Worthersee Stadion andhereto explore other options in Klagenfurt.",Tickets for Austria Klagenfurt matches can be bought at the club office at the stadium or at the gates of the stadium on the day of the match. Matchday tickets go for a flat fee of €10.00. For more information call +43 (0) 463 210 88 80.
Austrian Bundesliga,Austria,Austria Wien,Generali Arena,48.16222,16.38667,"The Generali Arena is located in the south of Vienna at approximately 5.5 kilometres from Vienna’s historic centre and 4 kilometres from the Belvedere palace. If arriving by public transport, takemetro(U-Bahn) U1 to Altes Landgut, which lies right next to the stadium. Metro U1 can be caught right in Vienna’s historic centre at the Stephansplatz or Karlsplatz. From the area of Schönbrunn Castle take bus 15a. Take the bus from metro stop Meidling Hauptstraße in the direction of Enkplatz. Get off at stop Altes Landgut. If arriving by car, take exit Vierteilerkreis from the A23 motorway. There is parking directly at the Vierteilerkreis square or a little further away at FH Campus Wien or EKZ Hanssonzentrum. Address: Fischhofgasse 12, A-1100 Wien","The Generali Arena is located in an area which is a mix of houses, apartment flats, office buildings, parks, and other sports facilities. You will be able to find the odd café or fast food outlet close to the stadium, but the options pale in comparison of what can be found in Vienna’s centre. The are no hotels in the immediate vicinity of the Generali Arena, though various apartment rentals. The closest hotels are a 20-minute walk away near metro Reumannplatz or further south near Laaer Berg Kurpark. Clickhereto explore some of the hotels and apartments near the Generali Arena, andherefor the many options in other parts of Vienna.","Tickets for Austria Wien games can be boughtonline, or in person at the fan shop at the Generali Arena. Tickets can also be purchased at the ticket windows of the stadium on the day of the match. Expect to pay between €16.00 and €35.00 for a regular match and a little more for a high-profile match."
Austrian Bundesliga,Austria,Blau-Weiß Linz,Hofmann Personal Stadion,48.316371,14.298862,"Ernst Happel Stadion is located about 3.5 kilometres east of Vienna’s inner city on the edge of the Prater Park close to the Danube river. Vienna’s famous ferris wheel, also in the Prater Park, lies about 2.5 kilometres north-west of the stadium. The stadium can be easily reached withmetroline 2. Station Stadion lies right next to the stadium. Line 2 runs along the northern and western edge of Vienna’s city centre. Address: Meiereistraße 7, 1020 Wien","Ernst Happel Stadion is squeezed in between the Prater Park and Danube river, mixed up with some other sports facilities, the city’s conference centre, some retail, and some residential buildings. Right across the road from the stadium is theStadion Centershopping mall, which also offers some food outlets, but generally the options for eating and drinking are rather limited and it is better done in the inner city and surroundings. The Prater Park is very nice though on a summer’s day, and the fair with the famous ferris wheel is also (just) at walking distance. Due to the vicinity of the conference centre, there is a decent amount of hotels close to Ernst Happel Stadion. TheHilton Vienna DanubeandCourtyard by Marriott Wien Messeare only a few minutes walking from the stadium, but obviously come at a price. TheAustria Trend Hotel Messeis somewhat more affordable. Instead, you could also strategically choose your hotel at a location between the stadium and the inner city, so that both are at walking distance. TheSuite Hotel 200m zum Prateris on the other side of the park toward the centre.Hotel Urania,Hotel Adlon, andHotel Cristalllie close to the fair and are reasonably priced. There are also various apartment rental options in the area. Clickherefor all hotels near Ernst Happel Stadion. If you wish to stay in Vienna’s inner city instead, thenhereare some options.",Ticket sales for matches of the Austrian national team go through theOEFBAustrian football association.
Austrian Bundesliga,Austria,Grazer AK,Merkur-Arena,47.04611,15.45444,"The Merkur Arena is located in the south of the city of Graz, about 2.5 kilometres from its historic city centre and about 2 kilometres more from the main railway station. It takes roughly 30 minutes to walk to the stadium from the city centre. Alternatively, take eithertram4 or 13. Take the tram from Jakominiplatz (or tram 4 from Hauptplatz) in the direction of Liebenau Murpark. Get off at stop Stadion Liebenau. From the main railway station first take a tram or bus (e.g. tram 1, 3, 6, and 7, or bus E) to Jakominiplatz and then change to tram 4 or 13. If arriving by car, the Merkur Arena is easiest reached from the A2 motorway, which runs south of the city. Take exit 179 toward Knoten Graz-Ost and follow for Zentrum. Continue on the Süd Autobahn into the city. The stadium will lie on the left side of the road soon after a slight left curve. Address: Stadionplatz 1, A–8041 Graz",Info not available,"Tickets for Sturm Graz games can be boughtonline, at the Fan Shop at the stadium, or at the fanshop at the Hans-Sachs-Gasse 8 in Graz’s city centre. Expect to pay between €18.00 and €28.00 for a seat with prices for the fankurve sections a little cheaper. Prices for a number of high-profile matches (e.g. the major Vienna teams) are increased with a few euros."
Austrian Bundesliga,Austria,LASK,Raiffeisen Arena,48.293639,14.276667,"The NV Arena is located in the north of the small city of St. Polten at a little over 3 kilometres from St. Polten’s city centre and main railway station. The walk from the city centre takes 30 to 40 minutes, but it is quicker to catch bus 7 from the railway station for the 10-minute ride. Buses go every half an hour but there are a few extra services on matchdays. Get off at stop Bimbo-Binder Promenade or Ratzersdorfer See. Bus 6 is an alternative. Get off at stop St. Pölten Landessportschule, from where it’s a small walk to the stadium. Regulartrainsconnect Vienna with St. Polten. The journey from Wien Hauptbahnhof to St Polten takes about half an hour. There is furthermore an S-Bahn (commuter rail) station close to the NV Arena with direct connection to Vienna’s Franz-Josefs station, but service is infrequent and the journey takes over 2 hours so it’s quicker to go through St. Polten’s main railway station. Address: Bimbo Binder Promenade 9, 3100 St. Pölten",Info not available,"Tickets for St. Polten games can be bought online throughOeticket.com, or at one of the Oeticket salespoints, which includes various in St. Polten’s city centre. Tickets cost either €18.00 for a seat behind the goal or €24.00 for a seat at the main stand. The other long side is a family section."
Austrian Bundesliga,Austria,SK Rapid,Allianz Stadion (Vienna),48.19778,16.26528,"Allianz Stadion is located in the west of Vienna, about 8 kilometres form the city centre. Metrostation Hütteldorf lies right next to Allianz Stadion. Hütteldorf can be reached by taking line U4 from the city centre (e.g. from stations Karlplatz and Schwedenplatz). Hütteldorf is the last station on the line, the ride takes about 20 minutes. An alternative is tram 49, which can be boarded near the Museums Quartier. Take the tram in the direction of Hütteldorf, you will pass right in front of the ground. The journey takes about half an hour. Finally, there are several overground rail (S-Bahn) connections to the stadium, which all go to station Hütteldorf. Line S50 connects with Westbahnhof rail station, line S15 with Südbahnhof rail station and station Praterstern near the Prater park, and line S45 with destinations north of the historic centre. Address: Gerhard-Hanappi-Platz 1, 1140 Wien",Info not available,"Tickets for Rapid games can be boughtonline, or at the Fancorner at the Allianz Stadion. If tickets remain available, which is usually the case, these can also be bought at the ticket windows of the stadium from three hours before the start of the match. Ticket prices range from €20.00 for a seat behind the goal to €40.00 for a central seat at the main stand. Prices are increased with €3.00-€5.00 for a number of high-profile games including the Vienna derby, the Salzburg, and Sturm Graz games. student@example.invalid more information."
Austrian Bundesliga,Austria,Red Bull Salzburg,Red Bull Arena,47.81639,12.99833,"The Red Bull Arena is located in the west of Salzburg, approximately 4.5 kilometres from Salzburg’s historic city centre and at a similar distance from the main railway station (Hauptbahnhof). The stadium lies adjacent to the A1 motorway. Take exit 293 toward Kleßheim. On matchdays the club offers a shuttle service to the stadium from Salzburg’s conference centre (Messezentrum), further north along the A1. If arriving by public transport, the Red Bull Arena can be reached withO-Bus1 from the main railway station. Take the bus in the direction of Kleßheim Kavalierhaus. The ride takes about half an hour and on matchdays transport is free if in the possession of a match ticket. Buses run every 20 minutes and pass through the historic centre at the Ferdinand Hanusch Platz. Address: Stadionstraße 2, 5071 Salzburg","The Red Bull Arena is located on an office, retail, and industry park next to the A1 motorway. If gambling is your thing, you might be thrilled to have theCasino Salzburgin the picturesque Schloss Klessheim castle next door, but options for eating and drinking are limited around the arena, which is better done in Salzburg’s lovely historic centre. There are two hotels close to the Red Bull Arena somewhat up the road in the Siezenheim village, both not more than 15 minutes walking away:Landgasthof AllerbergerandHotel Gasthof Kamml. Clickherefor an overview of the hotels near the Red Bull Arena. Most people will decide to stay more central in or near Salzburg’s city centre though, where there are plenty ofoptions.","Tickets for Salzburg matches can be boughtonline, or at the Ticketing Center at the stadium. Tickets can also be bought at the stadium on the day of the match. Red Bull Salzburg rarely sell out. Tickets for a standing place cost €16.00, whereas the price for a seat ranges from €18.00 for the lower-tier corner sections to €33.00 for the upper-tier long sides. Tickets for a few high-profile matches cost €4.00 more. For more information call +43 (0) 820 820 102 or student@example.invalid."
Austrian Bundesliga,Austria,Rheindorf Altach,Stadion Schnabelholz,47.35389,9.63667,"The CASHPOINT Arena is located on the western edge of the village of Altach. Altach, in turn, is part of a string of villages on the Swiss border south of the city of Bregenz, which lies on Lake Constance (Bodensee). The stadium lies about 20 kilometres south of Bregenz. It lies right next to the A18 motorway, which runs south from Bregenz and continues east towards Innsbruck, and is thus easily reached by car. Take exit 27 towards Altach. If using public transport, take atrainto Altach station, from where it’s a 30-minute walk to the stadium. Alternatively, takebus22 and get off at stop Altach Stadion. The journey takes 15 minutes, though buses only run once an hour Direct trains connect Altach with Bregenz in the north (30-minute journey) and Feldkirch further south (17-minute journey). From Feldkirch trains can be caught to destinations further away such as Innsbruck. Trains run at least every half an hour. Address: Schnabelholz 1, 6844 Altach","The CASHPOINT Arena is located on the edge of the quiet town of Altach, which has a little over 6,000 inhabitants. It borders farmlands on one side and a motorway on the other with quiet residential neighbourhood in the surroundings. There are a few places to get something to eat and drink in and around Altach, but it’s a quiet village of little interest and most will spend their time in Bregenz or around Lake Constance and travel in for the match. There are few options to stay in Altach or near the CASHPOINT Arena, butHotel am Garnmarktin nearby Gotzis would be just at walking distance (app. 30 minutes). There are furthermore a few options in nearbyHohenemsfrom where it’s a short bus or train ride to Altach. However, most will prefer to stay on Lake Constance inBregenzor elsewhere on the lake. An alternative is the picturesque town ofFeldkirchin the mountains near Liechtenstein, or find yourself a quiet little hotel up some mountain side.","Tickets for Altach games can be boughtonline, or at the club office at the CASHPOINT Arena. Tickets are also available of the ticket booths of the stadium on the day of the match. Altach doesn’t tend to sell out regular league matches. Tickets for a seat at one of the sides cost either €19.00 or €21.00. Prices are increased with €4.00 for a number of high-profile games. Tickets for one of the terraces behind the goal cost either €13.00 or €15.00 and get increased with €2.00 for the high-profile games. You can find a seating planhere."
Austrian Bundesliga,Austria,Sturm Graz,Merkur-Arena,47.04611,15.45444,"The Merkur Arena is located in the south of the city of Graz, about 2.5 kilometres from its historic city centre and about 2 kilometres more from the main railway station. It takes roughly 30 minutes to walk to the stadium from the city centre. Alternatively, take eithertram4 or 13. Take the tram from Jakominiplatz (or tram 4 from Hauptplatz) in the direction of Liebenau Murpark. Get off at stop Stadion Liebenau. From the main railway station first take a tram or bus (e.g. tram 1, 3, 6, and 7, or bus E) to Jakominiplatz and then change to tram 4 or 13. If arriving by car, the Merkur Arena is easiest reached from the A2 motorway, which runs south of the city. Take exit 179 toward Knoten Graz-Ost and follow for Zentrum. Continue on the Süd Autobahn into the city. The stadium will lie on the left side of the road soon after a slight left curve. Address: Stadionplatz 1, A–8041 Graz",Info not available,"Tickets for Sturm Graz games can be boughtonline, at the Fan Shop at the stadium, or at the fanshop at the Hans-Sachs-Gasse 8 in Graz’s city centre. Expect to pay between €18.00 and €28.00 for a seat with prices for the fankurve sections a little cheaper. Prices for a number of high-profile matches (e.g. the major Vienna teams) are increased with a few euros."
Austrian Bundesliga,Austria,TSV Hartberg,Profertil Arena Hartberg,47.281192,15.977769,null,null,null
Austrian Bundesliga,Austria,Wolfsberger AC,Lavanttal-Arena,46.82639,14.85194,"The Lavanttal-Arena is located in the south of the town of Wolfsberg at about 1.5 kilometres from its town centre. The walk from the town centre to the stadium takes just over 15 minutes. The walk from Wolfsberg’s railway station, which lies just west of the town centre, takes 10 minutes longer. Wolfsberg is located in the south of Austria in between Graz and Klagenfurt. Frequent direct regionaltrainsconnect it with Klagenfurt. The journey takes about 80 minutes. From Graz take an intercity bus. The bus stations in both Graz and Wolfsberg are located next to the train station. From Vienna travel to Graz by train and change to a bus to Wolfsberg. If arriving by train from Klagenfurt right before the match, get off at station Wolfsberg in Ktn Reding train, which lies just east of the stadium. From the station the walk only takes a few minutes. Address: Don-Bosco-Weg 1, 9400 Wolfsberg",Info not available,"Tickets for Wolfsberger AC (RZ Pellets WAC) can be boughtonline, or in person at the club office at the stadium or the Giga Sport store in the centre of Wolfsberg next to the train station (Spanheimerstraße 14). Tickets for one of the seats cost € 25.00 while a ticket for the standing section costs € 18.00 or € 25.00."
Austrian Bundesliga,Austria,WSG Tirol,Tivoli Stadion Tirol,47.25583,11.41083,"Tivoli Stadion Tirol is located in the south of Innsbruck, just south-east of Innsbruck’s city centre. It takes about 20 minutes to walk to the stadium from Innsbruck’s main railway station or the adjacent city centre. Alternatively, the stadium can be reached bybus, including line 4123, 4125, 4134, and 4141. Get off at stop Olympiaworld. Address: Stadionstraße 1a, 6020 Innsbruck",Info not available,"Tickets for Wacker Innsburck games can be boughtonline, at the club shop at Tivoli Stadion Tirol, at the Innsbruck tourist office at Burggraben 3 in the city centre, or at any of theOeticketsales outlets. Tickets are also available at the stadium on the day of the match. Wacker Innsbruck rarely sell out. Tickets cost either €18.00 for a seat behind the goal or at the side opposite the main stand, or €20.00 for a seat at the main stand. A ticket for the standing terrace costs €14.00."
Czech First League,Czech Republic,Bohemians 1905,Ďolíček,50.06694,14.45417,null,null,null
Czech First League,Czech Republic,SK Dynamo České Budějovice,Stadion Střelecký ostrov,48.96694,14.4675,"Stadion Ruchu Chorzow is located centrally in the city of Chorzow, just south of its small city centre. The walk from the city centre takes about 15 minutes. Chorzow is part of the Silesian Metropolis, an industrial area comprised of a number of cities including Katowice, Gliwice, and Zabrze. Chorzow Batory train station lies almost next to Stadion Ruchu. It is a reasonably large railway station though most directtrainsare to regional destinations. The same is true for Chorzow Miasto train station, Chorzow’s main railway station that lies just north of the city centre. Katowice is the largest hub in the region and most longer-distance travels to e.g. Warsaw and Krakow require a change in Katowice. From Katowice the stadium can furthermore be reached with tram 7. Take the tram from the Rynek market square or Plac Wolnosci and get off at stop Chorzow Batory. The journey takes a little over 20 minutes.",Info not available,"Ruch Chorzow tickets can be boughtonline, or at the fan shop at the stadium. Tickets range in price from PLN 15.00 to PLN 35.00."
Czech First League,Czech Republic,FK Dukla Prague,Stadion Juliska,50.11194,14.3875,"Stadion Slaski is located in the east of the city of Chorzow bordering the city limits with Katowice. It lies about 2 kilometres from central Chorzow and about 5 kilometres from central Katowice, which is the largest hub in the region. The walk from central Chorzow and Chorzow main railway station takes 20 to 30 minutes, or taketram6, 11, or 19 from the Rynek market square in the centre. Get off at stop Stadion Slaski. It is a quick journey of only 5 minutes. These three trams continue to the city centre of Katowice so if coming from that direction, catch either one of these from Katowice’s Rynek market square, which is near the main railway station. The tram journey takes about 20 minutes. Katowice’s railway station has much bettertrainservice to other parts of Poland.","Chorzow is part of the Silesian Metropolis, an industrial area comprised of a number of cities furthermore including Katowice, Gliwice, Zabrze, and Bytom. Neither of these cities is particularly attractive, but Katowice is the largest and has most to offer in terms of bars and restaurants so might be the preferred option to base yourself. Stadion Slaski itself lies in the large and pleasant Slaski Park, which is great for a stroll on a summer’s day. There is the odd local restaurant and a shopping centre to pick up some food, but on the whole not much around. You can find more places to eat and drink in either Chorzow or Katowice city centre. There are a few hotels right near Stadion Slaski, including the well-ratedHotel SkautandHotel Diament. Clickherefor all hotels near Stadion Slaski. Otherwise, there are plenty more options in centralKatowiceand some in centralChorzow.",Info not available
Czech First League,Czech Republic,FC Hradec Králové,Malšovická aréna,50.20639,15.84556,"The Mordovia Arena is located on the eastern edge of the small city of Saransk, though the distance from Saransk’s principal Sovetskaya Square is less than a kilometre, or a 10-minute walk. Saransk’s main railway station lies a little further north, but still only a little over 2 kilometres away, or 30 minutes walking. Saransk’s bus terminal, on the western edge of the city, lies much further away though, over 4 kilometres. While most central parts of Saransk are all within walking distance of the stadium, bus 44 can be useful to get there quicker, though the route from the railway station goes in a very roundabout way. It’s a quick connection from the bus terminal though. There are also multiple marshrutka’s running along Volgogradskaya street next to the stadium that can be of use. Address: Volgogradskaya ul., Saransk, 430009","The Mordovia Arena is part of a large new development just across the bridge over the river Insar from Saransk’s city centre. It will form part of a new area consisting of residential units, parks, and shopping malls, but the city centre across the bridge is just as far away. At the moment, there aren’t many options to eat and drink around the stadium yet, but the city centre is a short walk away and has many options. There aren’t a whole lot of hotels in Saransk, and none directly near the Mordovia Arena, but there are various apartment rentals to choose from. In the centre,Saransk HotelandMeridianare the two options at walking distance of the stadium, with a few more hotels further away. Clickherefor an overview of hotels and apartment rentals near the Mordovia Arena andherefor options elsewhere in Saransk.",Info not available
Czech First League,Czech Republic,FK Jablonec,Stadion Střelnice,50.715,15.16222,Info not available,Info not available,Info not available
Czech First League,Czech Republic,MFK Karviná,Městský stadion (Karviná),49.8453,18.5613,"Petrovsky Stadium is located rather close to Saint-Petersburg’s city centre. It lies slightly more than 2 kilometres north-west from the Hermitage, but further from Saint-Petersburg’s train stations south of the centre (about 6 kilometres). From the Hermitage and Palace Square it is a mere 30 minutes walking to the stadium. Cross the bridge over the Neva river opposite Palace Square onto Vasilevsky Island, and 200 metres later leave the Island again via the next bridge over the second branch of the river. Keep left parallel to the river and after a few hundred metres you will see the stadium in front of you. The stadium can also be reached bymetro. Stop Sportivnaya, which is on line 5, lies right next to the stadium. Line 5 can, for example, be taken from the southern edge of the city centre at Sadovaya station or at Vitebskii Railway Station (Zvenigorodskaya metro station). Furthermore tram lines 6 and 40 pass the stadium. Line 6 connects the stadium with Finliandskii train station. Address: Petrovsky Stadium, 2-G, Petrovsky Island, St. Petersburg","Petrovsky Stadium sits on the banks of the river Neva on an island that includes Petrovsky Park and other sport facilities part of the Petrovsky Sports Complex. The stadium is located in a rather dense urban area, which means that there is the odd restaurant or café around. Still, Saint-Petersburg’s proper centre is not far away and offers many more options. There is a good amount of hotels in the area around the stadium.Hotel Petrovskiy,Amulet Hotel,Hotel Kadetskaya, andShelfort Hotelare some mid-range options located at short walking distance from the stadium.Sharf Hotel, and the 5-starSokos Hotel Palace Bridgeare some of the options in the high end. Clickhereto see all hotels neat Petrovsky Stadium, andhereto explore other options in central Saint-Petersburg.",Info not available
Czech First League,Czech Republic,FC Slovan Liberec,Stadion u Nisy,50.77611,15.05,"Stadion Kuban is located in central Krasnodar at about 2 kilometres east from Krasnodar’s city centre and just under 1.5 kilometres from Krasnodar’s central train station. There are several daily direct train connections from Moscow, though the journey takes over 20 hours. There are also direct trains from Sochi and Volgograd, though from the Ukraine (Donetsk or Simferopol) a transfer is necessary. Tram4, 5, and 8 connect Krasnodar city centre with the stadium. Take tram 4 from the southern parts of ул. Коммунаров street, or tram 5 or 8 from the northern parts of ул. Коммунаров street. All three run via ул. Гоголя street to the stadium. Tram 6 and 7 are an alternative. Both trams run via ул. Горького street to the stadium. In all cases your stop is Stadion Kuban (Стадион Кубань). Address: 350038, Краснодар, ул. Железнодорожная, 49","Stadion Kuban is located in a quiet and leafy area that is a mix of residential buildings, light industry, and parks. There is little around in terms of eating and drinking, which is better done in central Krasnodar, which has the Ul. Krasnaya (ул. Красная) as its main axis. Hotel Voyazhis the hotel located closest to Stadion Kuban, a 10 to 15-minute walk away, but gets below-average reviews. It is located close to the railway station as well though, and can therefore be convenient for those coming in by train. Prestige Hotel(also close to the station),Viktoria Hotel, andVivat Hotelare alternatives that get better reviews, and are still well within walking distance. If you prefer a more familiar brand, then you may want to consider theHilton Garden Inn, though it does not come cheap. Of course, there are many more hotels in central Krasnodar. Clickherefor an overview.",Info not available
Czech First League,Czech Republic,FK Mladá Boleslav,Lokotrans Aréna,50.42722,14.91694,"The VELTINS-Arena is located in the north of Gelsenkirchen in-between the A42 and A2 motorways that cross the city from the east to the west. If arriving from the A42, take exit 17 Gelsenkirchen-Schalke. Turn north onto the Alfred-Zingler-Straße and follow the road with a left curve for about 2 kilometres. Turn right onto the Kurt-Schumacher-Straße and continue until you see the stadium on the right hand side. From the A2, take exit Gelsenkirchen-Buer. Turn left at the roundabout, and after a few hundred meters again left onto the Kurt-Schumacher-Straße. After a little more than a kilometre the stadium will show up on your left. Following the Kurt-Schumacher-Straße south for about 6 kilometres brings you to Gelsenkirchen’s city centre. If using public transport, the VELTINS-Arena can be reached withtram302 from Gelsenkirchen’s main railway station (Hauptbahnhof). Take the tram (Stadtbahn) in the direction of GE-Buer and get off after approximately 15 minutes at stop VELTINS-Arena. Address: Ernst-Kuzorra-Weg 1, 45891 Gelsenkirchen","The area around the VELTINS-Arena is of little interest in terms of entertainment, though there are aMultiplexcinema and some food outlets nearby. You can also take a look at the remains of the old Parkstadion. There are two hotels in the close vicinity of the stadium: theCourtyard by Marriottcomes in the high-end category, while theHotel Arenais for those with a more modest budget. While there are more hotels in Gelsenkirchen’scity centre, you might also want to consider staying in for exampleDüsseldorforBochumif you want to enjoy the nightlife. Regional trains and the S-Bahn connect both cities with Gelsenkirchen’s main railway station.","Tickets for Schalke 04 matches can be boughtonline, by phone +49 (0) 1805-150810 (Ticket Hotline), or at the S04-ServiceCenter at the VELTINS-Arena. Schalke sell out most of their home league games, though tickets for many matches will be easily available if bought well in advance. For high-profile matches it is recommended to buy straightaway when they go on sale for the general public. When sold out or if you need to find a ticket last-minute, secondary ticket websites such asviagogooffer a generally reliable alternative, though expect to pay more than face value. Ticket prices range from €26.00 for an upper-tier corner seat to €52.00 for a central seat at one of the long sides. A ticket for the standing area costs €15.50. Schalke charges €10.00 more for a seat for the matches against Dortmund and Bayern. You can find a seating plan of the VELTINS-Arenahere."
Czech First League,Czech Republic,SK Sigma Olomouc,Andrův stadion,49.6,17.24833,"Mandemakers Stadion is located in the east of the small city of Waalwijk, just under 2 kilometres from its city centre. Waalwijk does not have a train station and from most parts of the Netherlands taking a bus from Den Bosch, located 15 kilometres east of Waalwijk, is the quickest route. Take either bus 301 or 136. Bus 301 is slightly quicker, it takes 25 minutes, and stops closer to the stadium (get off at stop Merwedelaan). From some destinations in southern Netherlands it is quicker to catch a bus from Tilburg. Take bus 301 or 136 (they continue to Den Bosch hence the same lines). The journey takes 45 to 60 minutes (again the 301 is quicker). There is plenty of free parking around the stadium. Address: Akkerlaan 2, 5143 ND, Waalwijk",Info not available,RKC Waalwijk tickets can be boughtonlineor at the fan shop at the stadium. Ticket can also be bought at the ticket office at the stadium on the day from 90 minutes before the start of the match. RKC does not normally sell out save for the odd high-profile match. They may require possession of an RKC club card to be able to buy tickets for some matches. Expect to pay from €17.50 to €22.50 for a ticket.
Czech First League,Czech Republic,FC Baník Ostrava,Městský stadion (Ostrava),49.80444,18.25583,"Petrovsky Stadium is located rather close to Saint-Petersburg’s city centre. It lies slightly more than 2 kilometres north-west from the Hermitage, but further from Saint-Petersburg’s train stations south of the centre (about 6 kilometres). From the Hermitage and Palace Square it is a mere 30 minutes walking to the stadium. Cross the bridge over the Neva river opposite Palace Square onto Vasilevsky Island, and 200 metres later leave the Island again via the next bridge over the second branch of the river. Keep left parallel to the river and after a few hundred metres you will see the stadium in front of you. The stadium can also be reached bymetro. Stop Sportivnaya, which is on line 5, lies right next to the stadium. Line 5 can, for example, be taken from the southern edge of the city centre at Sadovaya station or at Vitebskii Railway Station (Zvenigorodskaya metro station). Furthermore tram lines 6 and 40 pass the stadium. Line 6 connects the stadium with Finliandskii train station. Address: Petrovsky Stadium, 2-G, Petrovsky Island, St. Petersburg","Petrovsky Stadium sits on the banks of the river Neva on an island that includes Petrovsky Park and other sport facilities part of the Petrovsky Sports Complex. The stadium is located in a rather dense urban area, which means that there is the odd restaurant or café around. Still, Saint-Petersburg’s proper centre is not far away and offers many more options. There is a good amount of hotels in the area around the stadium.Hotel Petrovskiy,Amulet Hotel,Hotel Kadetskaya, andShelfort Hotelare some mid-range options located at short walking distance from the stadium.Sharf Hotel, and the 5-starSokos Hotel Palace Bridgeare some of the options in the high end. Clickhereto see all hotels neat Petrovsky Stadium, andhereto explore other options in central Saint-Petersburg.",Info not available
Czech First League,Czech Republic,FK Pardubice,CFIG Arena,50.04111,15.77111,"The MCH Arena is located on the southern edge of the town of Herning, about 3 kilometres south of Herning’s main railway station, bus terminal, and town centre. It can be reached with either bus or train, though service is infrequent. Either catch atrainto Herning Messecenter (2-minute journey), which lies a short walk from the station, or catchbus4A and get off at stop Messecentret (8-minute ride). Frequent directtrainsconnect Herning with Copenhagen (3-hour journey) and Aarhus (1.5-hour journey). Address: MCH Arena, Kaj Zartows Road 5, 7400 Herning","The MCH Arena forms part of a complex including a conference centre and the Jyske Bank BOXEN concert arena. It lies on the edge of the town bordered by farmlands and an office and industry park, and there is therefore little around in terms of eating and drinking, which is better done in Herning’s town centre. If you’re looking to stay close to the MCH Arena, thenHotel Herning, right next to the stadium, is your pick. Otherwise there are another 10 or so hotels to choose from inHerning, most in the town centre. Clickherefor an overview of hotels near the MCH Arena. If you’re looking to stay in a livelier place, then you might opt to stay inAarhus, Denmark’s second-largest city, and travel in for the match.","Tickets for Midtjylland games can be boughtonline, or in person at the ticket windows of the MCH Arena from 70 minutes before the start of the match. Tickets range in price from DKK 120.00 for a seat behind the goal to DKK 150.00 for a seat at the main stand. Standing also costs DKK 120.00. Tickets are DKK 15.00 cheaper if bought online. student@example.invalid more information."
Czech First League,Czech Republic,FC Viktoria Plzeň,Doosan Arena,49.75,13.38556,"The Donbass Arena is located in the central Voroshylovskyi district, tucked against the northern edge of the city centre. The stadium is within walking distance of most city centre locations. On its northern side lies Leninskogo Komsomolo park. The main railway station is situated further north, approximately 6 kilometres. Tram line 1 brings you in 20-25 minutes to the stadium. Get off at stop Prospekt Mira. Alternatively take trolleybus line 2 and get off at Bely Lebed shopping mall. Buses that serve the stadium are line 13, 14, 16, 46a, 46б, 73б, and 77. Your stop is Krytiy Rynok. Address: 189e Chelyuskintsev Street, Donetsk 83048","The Donbass Arena is conveniently located on the edge of Donetsk’s centre. There are a few shopping centres at close distance of the stadium, and Donetsk’s main drag, Artema Street, runs only a few blocks away to the west. Follow Artema Street south and you will bump into various bars and restaurants. The stadium is surrounded by several parks and is at close distance from the Kalmius reservoir, which makes the area particularly pleasant on a summer’s day. There are a few hotels located almost next to the stadium, most of the luxurious type. TheVictoria Hotel CenterandShakhtar Plazaare two of the options. Clickhereto see all hotels near the Donbass Arena. There are more hotels in different price categories further south toward Donetsk’s city centre. Clickhereto see all hotels in Donetsk.","Due to the armed conflict that is currently ongoing in eastern Ukraine, Shakhtar play their home games away from Donetsk."
Czech First League,Czech Republic,SK Slavia Prague,Fortuna Arena,50.0675,14.47167,"The BRITA-Arena is located in the south-east of the city of Wiesbaden at about 1.5 kilometres from Wiesbaden’s city centre. The walk from the city centre to the stadium takes about 20 minutes. or catchbusN2, 5/15, or 48 from the Friedrichstraße. Wiesbaden’s main railway station lies in the southern part of the city just west of the stadium. It is a 10-minute walk from the station to the stadium. FrequentS-Bahntrains connect Wiesbaden with Frankfurt. Catch the S1, S8, or S9 from Frankfurt’s main railway station. The S1 is quickest with a journey time of just over 40 minutes. Address: Berliner Straße 9, 65189 Wiesbaden",Info not available,Tickets for Wehen Wiesbaden games can be boughtonline. Tickets range in price from €12.00 for a seat behind the goal to between €23.00 and €35.00 for a seat at the main stand.
Czech First League,Czech Republic,1. FC Slovácko,Městský fotbalový stadion Miroslava Valenty,49.06556,17.47139,null,null,null
Czech First League,Czech Republic,AC Sparta Prague,epet ARENA,50.09972,14.41583,"Reale Arena is located toward the south of the city of San Sebastián at about 2 kilometres from the city’s bay, La Concha beach, and the old town. The distance from the city’s main railway station is about the same. From all these places the walk to the stadium can be made in about half an hour. The walk from the train station where most local trains arrive (Euskotren) will be even shorter. The stadium can furthermore be reached with severalbuses. From the old town (stop Boulevard 9) take bus 21 to Anoeta. Buses run about every 15 minutes and also pass the Euskotren station (Easo Plaza). Bus 26 (to Martutene) and 28 (to Miramón) follow almost the same route. Get off at stop Anoeta. Bus 31 also connects the stadium with the city centre as well as other places in the east and west of the city. Address: Anoeta Pasealekua 1, 20014 San Sebastián (Donostia)","The Reale Arena is located in a not particularly interesting residential neighbourhood composed of large apartment blocks. It is Spain, so there are always a few local bars and restaurants if you need something to eat, but San Sebastián is one of Spain’s most pleasant cities so the wise option is to spend as much time as possible in the old town and along La Concha beach. If you wish to stay close to Estadio Anoeta though, thenHotel Anoetais your choice of preference. It is located right opposite the stadium and gets decent reviews. Alternatively, there are a few hotels a little further north toward the centre, which includeHotel Silken Armara Plaza, andHotel Astoria 7. Both are more of the high-end type and therefore not cheap, but they are only a 10-minute walk from the stadium. Clickherefor an overview of all hotels near the Reale Arena. Of course, there are many more and also cheaper options in San Sebastian’scity centre.","Tickets for Real Sociedad games can be boughtonline, or at the ticket windows of the Reale Arena. Tickets usually go on sale in the week before the match. Tickets are also available on the gate on the day of the match. Real Sociedad only very occasionally sell out a high-profile match. Ticket prices depend on the opponent, but a ticket for a seat behind the goal typically costs either €25.00 or €30.00, and a ticket for the sides either €40.00 or €50.00. This gets increased for high-profile matches to between €30.00 and €70.00."
Czech First League,Czech Republic,FK Teplice,Na Stínadlech,50.64,13.81806,"INEA Stadion is located in the south-west of the city of Poznan, about 5 kilometres from the city’s old town. The main railway station lies slightly closer at 4 kilometres from the stadium. The stadium can be reached with tram 6, 13, and 15. Tram 6 and 13 can be taken from the main railway station and southern edge of the old town, and tram 15 from Roosevelta Avenue west of the old town. Take any of the trams in the direction of Węgorka, and get off at stop Stadion Miejski. The journey from the railway station takes just 10 minutes. Address: ul. Bułgarska 17, 60-320 Poznań",Info not available,"Tickets for Lech Poznan games can be boughtonline, at the ticket windows of the stadium, or at one of the other sales points, of which the TIFO shop at the ul. Ratajczaka 20 and Intersport shop at Stary Browar shopping centre, both in the city centre, are the most conveniently located. Tickets can also be bought at the stadium on the day of the match. Lech sell out very few matches. Polish citizens need a Lech Fan Card (Karta Kibica) to buy a ticket, which can be acquired at the club office at the stadium. Foreigners should be able to buy tickets with just an ID. Ticket prices typically range from PLN 40.00 for a seat at one of the ends to PLN 60.00 for a central seat at one of the sides. Tickets are PLN 5.00 cheaper if bought in pre-sale. student@example.invalid more information."
Danish Superliga,Denmark,AaB,Aalborg Portland Park,57.052056,9.898556,"Aalborg Portland Park is located just west of Aalborg’s city centre at just under 2 kilometres from the central Nytorv Square. The walk from most city centre locations takes less than 20 minutes. Aalborg’s mainrailwaystation lies south of the city centre at a 25-minute walk from the stadium. Aalborg Vestby station lies closer to the stadium though, so if you’re on the line coming from the north (Frederikshavn) that stops there, get off and walk for 10 minutes. You can also catch a train from Aalborg main station to Aalborg Vestby though trains only run once or twice an hour. Alternatively, takebus2 to Vaeddelsobsbanen or bus 16 to Molholm from the bus station at the main railway station. You can catch bus 2 from Nytorv square or Jomfru Ane Gade as well. Get off at stop Kastetvej (bus 2) or Annebergvej (bus 16). Address: Harald Jensens Vej 7-9, 9000 Aalborg",Info not available,"AaB tickets can be boughtonline(mobile ticket), or in person at the ticket windows of the stadium on the day of the match. AaB rarely sell out. A seat costs DKK 155.00 whereas standing costs DKK 125.00. student@example.invalid more information."
Danish Superliga,Denmark,AGF,Ceres Park(2024)Ceres Park Vejlby(2025),56.132033,10.196589,null,null,null
Danish Superliga,Denmark,Brøndby,Brøndby Stadium,55.64889,12.41861,"Brøndby Stadion is located in the Copenhagen suburb of Brondby (near to Glostrup). The stadium lies about 10 kilometres west of Copenhagen’s city centre. The stadium is an approximate 25-minute walk away from Glostrup train station. RegularS-togtrains (line B) run between the station and Copenhagen main rail station. The journey takes about 15 minutes. On matchdays shuttle buses run between Glostrup station and the stadium (as well as from Brøndby Strand station, south of the stadium). On non-matchdays you can catchbus500S (from Glostrup Station) in the direction of Ørestad St. After a 5-minute ride get off at stop Brøndby Hallen. Buses run regularly. There is no direct bus connection between the stadium and Copenhagen city centre. Address: Brøndby Stadion 30, 2605 Brøndby","Brondby Stadion is located in a quiet residential neighbourhood with little of interest. There isn’t much around in terms of eating and drinking, which is better done in central Copenhagen. The Danish Sports Hall of Fame lies right next to the stadium and has free entrance if you’re looking for some entertainment (opened Mon-Fri from 9:00-17:00). If you’re looking to stay close to the stadium, thenIdrattens Hus, in the same building as the Hall of Fame, is the perfect choice. Otherwise, the options are limited, thoughGlostrup Park HotelandScandic Glostrupin Glostrup’s centre are about just at walking distance (30 minutes). Clickherefor an overview of hotels near Brondby Stadion. Most will decide to stay in central Copenhagen though – explore your optionshere.","Tickets for Brøndby games can be bought online throughBilletto, or at the Brondby Shop at the stadium. Tickets can also be purchased at the turnstiles on the day of the match. Brondby hardly ever sells out a regular league match. Tickets range in price from DKK 90-110 for a seat behind the goal to DKK 130-160 for a seat at one of the sides. Tickets are DKK 25.00 cheaper if bought in advance. Tickets are more expensive for the derby against FCK. For more information student@example.invalid call +45 4322 5371."
Danish Superliga,Denmark,Copenhagen,Parken,55.7024694,12.5722028,"Brøndby Stadion is located in the Copenhagen suburb of Brondby (near to Glostrup). The stadium lies about 10 kilometres west of Copenhagen’s city centre. The stadium is an approximate 25-minute walk away from Glostrup train station. RegularS-togtrains (line B) run between the station and Copenhagen main rail station. The journey takes about 15 minutes. On matchdays shuttle buses run between Glostrup station and the stadium (as well as from Brøndby Strand station, south of the stadium). On non-matchdays you can catchbus500S (from Glostrup Station) in the direction of Ørestad St. After a 5-minute ride get off at stop Brøndby Hallen. Buses run regularly. There is no direct bus connection between the stadium and Copenhagen city centre. Address: Brøndby Stadion 30, 2605 Brøndby","Brondby Stadion is located in a quiet residential neighbourhood with little of interest. There isn’t much around in terms of eating and drinking, which is better done in central Copenhagen. The Danish Sports Hall of Fame lies right next to the stadium and has free entrance if you’re looking for some entertainment (opened Mon-Fri from 9:00-17:00). If you’re looking to stay close to the stadium, thenIdrattens Hus, in the same building as the Hall of Fame, is the perfect choice. Otherwise, the options are limited, thoughGlostrup Park HotelandScandic Glostrupin Glostrup’s centre are about just at walking distance (30 minutes). Clickherefor an overview of hotels near Brondby Stadion. Most will decide to stay in central Copenhagen though – explore your optionshere.","Tickets for Brøndby games can be bought online throughBilletto, or at the Brondby Shop at the stadium. Tickets can also be purchased at the turnstiles on the day of the match. Brondby hardly ever sells out a regular league match. Tickets range in price from DKK 90-110 for a seat behind the goal to DKK 130-160 for a seat at one of the sides. Tickets are DKK 25.00 cheaper if bought in advance. Tickets are more expensive for the derby against FCK. For more information student@example.invalid call +45 4322 5371."
Danish Superliga,Denmark,Lyngby,Lyngby Stadium,55.78134,12.505628,"Brøndby Stadion is located in the Copenhagen suburb of Brondby (near to Glostrup). The stadium lies about 10 kilometres west of Copenhagen’s city centre. The stadium is an approximate 25-minute walk away from Glostrup train station. RegularS-togtrains (line B) run between the station and Copenhagen main rail station. The journey takes about 15 minutes. On matchdays shuttle buses run between Glostrup station and the stadium (as well as from Brøndby Strand station, south of the stadium). On non-matchdays you can catchbus500S (from Glostrup Station) in the direction of Ørestad St. After a 5-minute ride get off at stop Brøndby Hallen. Buses run regularly. There is no direct bus connection between the stadium and Copenhagen city centre. Address: Brøndby Stadion 30, 2605 Brøndby","Brondby Stadion is located in a quiet residential neighbourhood with little of interest. There isn’t much around in terms of eating and drinking, which is better done in central Copenhagen. The Danish Sports Hall of Fame lies right next to the stadium and has free entrance if you’re looking for some entertainment (opened Mon-Fri from 9:00-17:00). If you’re looking to stay close to the stadium, thenIdrattens Hus, in the same building as the Hall of Fame, is the perfect choice. Otherwise, the options are limited, thoughGlostrup Park HotelandScandic Glostrupin Glostrup’s centre are about just at walking distance (30 minutes). Clickherefor an overview of hotels near Brondby Stadion. Most will decide to stay in central Copenhagen though – explore your optionshere.","Tickets for Brøndby games can be bought online throughBilletto, or at the Brondby Shop at the stadium. Tickets can also be purchased at the turnstiles on the day of the match. Brondby hardly ever sells out a regular league match. Tickets range in price from DKK 90-110 for a seat behind the goal to DKK 130-160 for a seat at one of the sides. Tickets are DKK 25.00 cheaper if bought in advance. Tickets are more expensive for the derby against FCK. For more information student@example.invalid call +45 4322 5371."
Danish Superliga,Denmark,Midtjylland,MCH Arena,56.116868,8.951669,"The MCH Arena is located on the southern edge of the town of Herning, about 3 kilometres south of Herning’s main railway station, bus terminal, and town centre. It can be reached with either bus or train, though service is infrequent. Either catch atrainto Herning Messecenter (2-minute journey), which lies a short walk from the station, or catchbus4A and get off at stop Messecentret (8-minute ride). Frequent directtrainsconnect Herning with Copenhagen (3-hour journey) and Aarhus (1.5-hour journey). Address: MCH Arena, Kaj Zartows Road 5, 7400 Herning","The MCH Arena forms part of a complex including a conference centre and the Jyske Bank BOXEN concert arena. It lies on the edge of the town bordered by farmlands and an office and industry park, and there is therefore little around in terms of eating and drinking, which is better done in Herning’s town centre. If you’re looking to stay close to the MCH Arena, thenHotel Herning, right next to the stadium, is your pick. Otherwise there are another 10 or so hotels to choose from inHerning, most in the town centre. Clickherefor an overview of hotels near the MCH Arena. If you’re looking to stay in a livelier place, then you might opt to stay inAarhus, Denmark’s second-largest city, and travel in for the match.","Tickets for Midtjylland games can be boughtonline, or in person at the ticket windows of the MCH Arena from 70 minutes before the start of the match. Tickets range in price from DKK 120.00 for a seat behind the goal to DKK 150.00 for a seat at the main stand. Standing also costs DKK 120.00. Tickets are DKK 15.00 cheaper if bought online. student@example.invalid more information."
Danish Superliga,Denmark,Nordsjælland,Right to Dream Park,55.815847,12.353289,"Right to Dream Park is located toward the north-west of the small town of Farum. The walk from Farum’s train station takes about 15 minutes. Farum is easily reached from Copenhagen with theS Togcommuter trains. Farum is the last stop on line A and H, which can both be taken from Copenhagen’s main rail station. The journey takes about 38 minutes. If arriving by car from the direction of Copenhagen (16/O2), take exit 9 Faurm-C, and then the Paltholmvej west. Either follow the Paltholmvej to the end where there is a car park, or turn left onto the Gammelgårdsvej, right onto the Ryttergårdsvej, and follow until you see the main entrance of the stadium on your right. Address: Idrætsvænget 2, 3520 Farum",Info not available,"Tickets for FC Nordsjælland matches can be boughtonline, at the FCN Shop at Farum Park, or at the ticket windows of the stadium on the day of the match. Nordsjælland normally rarely sells out, though recent successes have led to rising attendances. Tickets prices range from DKK 110.00 for a seat behind the goal to DKK 150.00 for a central seat at the main stand. Tickets are 20.00 more expensive if bought on the day."
Danish Superliga,Denmark,Randers,Cepheus Park Randers,56.46594,10.010262,"Ceres Park is located towards the south of the city of Aarhus at just over 2 kilometres from Aarhus’ rail station and city centre. The walk to the stadium will take about half an hour. Alternatively, one can catchbus11 from the city centre. Take the bus from the Park Allé in the direction of Søholm, and get off at the Jyllands Allé/Vilhelms Bechs Vej. The journey only takes 7 minutes. Alternatives are bus 16 and 18, which can both be taken just south of the rail station at the MP Bruunsgade. Take bus 16 in the direction of Holme Syd or bus 18 toward Moesgård Museum, and get off at the same stop as bus 11. Address: Stadion Allé 70, DK-8000 Århus C",Info not available,"Tickets for AGF games can be boughtonline, or in person at the ticket office at Ceres Park. Tickets are also available on the gate on the day of the match. Tickets cost either DKK 125.00 for a seat at the sides or DKK 100.00 for behind the goal."
Danish Superliga,Denmark,Silkeborg,JYSK Park,56.184302,9.575658,"JYSK Park is located in the north of the town of Silkborg on the northern shore of the Gudena River. It lies just over 2 kilometres from Silkeborg’s town centre, wich lies on the southern shore of the Gudena, and a kilometre more from Silkeborg’s railway station, which lies south of the town centre. The stadium can be walked to from the town centre in just under half an hour. Alternatively, catchbus11 from the railway station or the Godthåbsvej further north in the town centre. Get off at stop Lindeparken/Ansvej. It is a quick 5-minute journey. There are frequenttrainsfrom Aarhus that take about 45 minutes to arrive. The journey from Copenhagen takes over three hours and requires a transfer at Skanderborg Station. Address: Ansvej 104, 8600 Silkeborg",Info not available,Tickets for Silkeborg matches can be boughtonlineor at the ticket windows of the stadium on the day of the match. Silkeborg don’t normally sell out but booking online is DKK 20.00 cheaper. Expect to pay DKK 130.00 for a seat on the side or DKK 80.00 for a seat at the main stand.
Danish Superliga,Denmark,Sønderjyske,Sydbank Park,55.2613591,9.4877914,Info not available,Info not available,Tickets for SønderjyskE games can be bought on the gate on the day of the match. SønderjyskE hardly ever sell out. Tickets cost either DKK 125.00 for a seat or DKK 100.00 for standing.
Danish Superliga,Denmark,Vejle,Vejle Stadion,55.7138139,9.5571611,"Brøndby Stadion is located in the Copenhagen suburb of Brondby (near to Glostrup). The stadium lies about 10 kilometres west of Copenhagen’s city centre. The stadium is an approximate 25-minute walk away from Glostrup train station. RegularS-togtrains (line B) run between the station and Copenhagen main rail station. The journey takes about 15 minutes. On matchdays shuttle buses run between Glostrup station and the stadium (as well as from Brøndby Strand station, south of the stadium). On non-matchdays you can catchbus500S (from Glostrup Station) in the direction of Ørestad St. After a 5-minute ride get off at stop Brøndby Hallen. Buses run regularly. There is no direct bus connection between the stadium and Copenhagen city centre. Address: Brøndby Stadion 30, 2605 Brøndby","Brondby Stadion is located in a quiet residential neighbourhood with little of interest. There isn’t much around in terms of eating and drinking, which is better done in central Copenhagen. The Danish Sports Hall of Fame lies right next to the stadium and has free entrance if you’re looking for some entertainment (opened Mon-Fri from 9:00-17:00). If you’re looking to stay close to the stadium, thenIdrattens Hus, in the same building as the Hall of Fame, is the perfect choice. Otherwise, the options are limited, thoughGlostrup Park HotelandScandic Glostrupin Glostrup’s centre are about just at walking distance (30 minutes). Clickherefor an overview of hotels near Brondby Stadion. Most will decide to stay in central Copenhagen though – explore your optionshere.","Tickets for Brøndby games can be bought online throughBilletto, or at the Brondby Shop at the stadium. Tickets can also be purchased at the turnstiles on the day of the match. Brondby hardly ever sells out a regular league match. Tickets range in price from DKK 90-110 for a seat behind the goal to DKK 130-160 for a seat at one of the sides. Tickets are DKK 25.00 cheaper if bought in advance. Tickets are more expensive for the derby against FCK. For more information student@example.invalid call +45 4322 5371."
Danish Superliga,Denmark,Viborg,Energi Viborg Arena,56.45583,9.40194,null,null,null
Polish Ekstraklasa,Poland,Cracovia,Józef Piłsudski Cracovia Stadium,50.05806,19.91972,null,null,null
Polish Ekstraklasa,Poland,GKS Katowice,GKS Katowice Stadium1Arena Katowice,50.2797472,19.0012028,null,null,null
Polish Ekstraklasa,Poland,Górnik Zabrze,Ernest Pohl Stadium,50.2963167,18.7685639,null,null,null
Polish Ekstraklasa,Poland,Jagiellonia Białystok,Chorten Arena,53.105972,23.149306,Info not available,Info not available,"Tickets for Korona Kielce matches can be boughtonline, or at the Fan Shop at the Kolporter Arena. Polish citizens need a Fan Card (Karta Kibica) to be able to attend a Korona home match. This card can be acquired at the club offices at the stadium. Foreigners should be able to buy a ticket with just an ID. For more information student@example.invalid. Ticket prices range from PLN 16.00 for a seat behind the goal to PLN 27.00 for a central seat at one of the long sides. You can find a seating maphere."
Polish Ekstraklasa,Poland,Korona Kielce,Exbud Arena,50.86139,20.62472,null,null,null
Polish Ekstraklasa,Poland,Lech Poznań,Enea Stadium,52.3975,16.85778,"INEA Stadion is located in the south-west of the city of Poznan, about 5 kilometres from the city’s old town. The main railway station lies slightly closer at 4 kilometres from the stadium. The stadium can be reached with tram 6, 13, and 15. Tram 6 and 13 can be taken from the main railway station and southern edge of the old town, and tram 15 from Roosevelta Avenue west of the old town. Take any of the trams in the direction of Węgorka, and get off at stop Stadion Miejski. The journey from the railway station takes just 10 minutes. Address: ul. Bułgarska 17, 60-320 Poznań",Info not available,"Tickets for Lech Poznan games can be boughtonline, at the ticket windows of the stadium, or at one of the other sales points, of which the TIFO shop at the ul. Ratajczaka 20 and Intersport shop at Stary Browar shopping centre, both in the city centre, are the most conveniently located. Tickets can also be bought at the stadium on the day of the match. Lech sell out very few matches. Polish citizens need a Lech Fan Card (Karta Kibica) to buy a ticket, which can be acquired at the club office at the stadium. Foreigners should be able to buy tickets with just an ID. Ticket prices typically range from PLN 40.00 for a seat at one of the ends to PLN 60.00 for a central seat at one of the sides. Tickets are PLN 5.00 cheaper if bought in pre-sale. student@example.invalid more information."
Polish Ekstraklasa,Poland,Lechia Gdańsk,Polsat Plus Arena Gdańsk,54.39,18.64028,"Stadion Energa Gdansk is located in the north of Gdansk in the Gdanska–Letnicy area, about 4.5 kilometres from Gdansk’s main railway station (Gdańsk Główny) and its old town. It furthermore lies about 8 kilometres south-east of beach resort Sopot. From the main railway station, you can get to the stadium withtram10. Take the tram in the direction of Zajezdnia Nowy Port and get off at stop Stadion Energa Gdansk. The ride takes about 19 minutes. If coming from Sopot, take theSKMtrain to Gdansk Stocznia and change to tram 10. Address: Ul. Pokoleń Lechii Gdańsk 1, 80-560 Gdańsk","Stadion Energa Gdansk is located in a rather empty area mixed up with some dispersed industry, railroad tracks, a few offices, and the odd house. There are practically no bars or restaurants around, and eating and drinking can therefore better be done in Gdansk’s old town or in beach resort Sopot. Hotel Arenais located at a short walk from the arena and will serve you well if you come just for the match or travel by car. Otherwise, you will likely find it more pleasant to stay in Gdansk’s very nice old town. Clickhereto see all hotels near Stadion Energa, while you can look for a hotel in the old townhere. You can also decide to stay in beach resortSopot.","Tickets for Lechia games can be boughtonline, at the fan store at Stadion Energa Gdansk, or at any of the other salespoints, of which the one on the Ul. Karmelicka 1 near Gdansk’s main railway station may be most convenient. Polish citizens need a Lechia Fan Card (Karta Kibica) to be able to buy tickets or get access to the stadium. Foreigners should be able to buy tickets with just an ID. Fan Cards can be bought at most of the Lechia stores. Tickets can also be bought on the gate on the day of the match, but the same Fan Card requirement applies. Ticket prices start at PLN 20.00 for a lower-tier seat behind the goal and range up to between PLN 35.00 and PLN 100.00 for a seat at one of the sides. Tickets for the matches against the top teams are PLN 10.00 more expensive. For more information call+48 58 768 86 91 or student@example.invalid."
Polish Ekstraklasa,Poland,Legia Warsaw,Polish Army Stadium,52.2204611,21.0406278,null,null,null
Polish Ekstraklasa,Poland,Motor Lublin,Motor Lublin Arena,51.2319,22.5575,"The Arena Lublin is located in central Lublin just south of the city centre and a short walk west from the main railway station. The walk from the station takes about 5 minutes and that from the historic centre 20 minutes. Directtrainsrun to Lublin from Warsaw about every two hours. The journey takes a little under two-and-a-half hours. Address: ul. Stadionowa 1, 20-401 Lublin",Info not available,"Tickets for Motor Lublin games can be boughtonline, at the ticket office at the Arena Lublin, at the Lombard agency at the main railway station, or at the Lombard agency at Lwowskiej street just north of the historic centre. Regular tickets cost PLN 13.00, while VIP tickets cost PLN 45.00."
Polish Ekstraklasa,Poland,Piast Gliwice,Piotr Wieczorek Stadium,50.306583,18.695866,null,null,null
Polish Ekstraklasa,Poland,Pogoń Szczecin,Florian Krygier Stadium,53.4365761111,14.5186580556,null,null,null
Polish Ekstraklasa,Poland,Puszcza Niepołomice,Józef Piłsudski Cracovia Stadium3Municipal Stadium,50.05806,19.91972,null,null,null
Polish Ekstraklasa,Poland,Radomiak Radom,Czachor Brothers Stadium,51.396444,21.146222,null,null,null
Polish Ekstraklasa,Poland,Raków Częstochowa,Raków Municipal Football Stadium,50.776748,19.159229,null,null,null
Polish Ekstraklasa,Poland,Stal Mielec,Grzegorz Lato Stadium,50.29861,21.43583,null,null,null
Polish Ekstraklasa,Poland,Śląsk Wrocław,Tarczyński Arena Wrocław,51.141167,16.943778,"Stadion Miejski Wroclaw is located on the far north-eastern edge of Wrocław, about 8 kilometres from Wrocław’s city centre and almost 9 from the city’s main railway station. From the city centre the stadium can be reached with eithertram10 or 20. Both trams pass just south (and west) of Wrocław’s central Rynek square (on Kazimierza Wielkiego). Take the trams in the direction of Leśnica. The journey takes about 20 minutes. Tram 20 can also be caught a few blocks west from the main railway station at stop Arkady. Address: Aleja Śląska, Wrocław",Info not available,"Tickets for Sląsk Wroclaw games can be bought at the ticket office at the stadium. Tickets are also available on the gate on the day of the match. Polish citizens need a Fan Card (Karta Kibica) to be able to buy a ticket, whereas foreigners should be able to buy a ticket with just identification. Tickets cost either PLN 28.00 for a seat behind the goal, or PLN 45.00 for a seat at one of the two long sides. Prices are increased for a few high-profile matches to PLN 33.00 and PLN 50.00. Tickets bought in pre-sale are PLN 5.00 cheaper. For more information student@example.invalid, or call +48 71 722 39 44."
Polish Ekstraklasa,Poland,Widzew Łódź,Widzew Łódź Stadium,51.765,19.51167,null,null,null
Polish Ekstraklasa,Poland,Zagłębie Lubin,KGHM Zagłebie Arena,51.41395,16.1982611,null,null,null
Ukrainian Premier League,Ukraine,Rukh Lviv,Arena Lviv,49.77528,24.02778,"The Arena Lviv lies in the far south of the city of Lviv, just outside the city limits at about 8 kilometres of Lviv’s city centre and about 10 kilometres from the central rail station (which lies south-west of the centre). The stadium lies near the crossing of the M10 and M06, and can thus be easily reached by car. The M06 connects with Lviv city centre in almost a straight line. If using public transport, take trolleybus 5 from the city centre. Take the bus from Shota Rustaveli Street in the southern part of the city centre. The bus will go to the central bus terminal, which is almost next-door to the Arena Lviv. Trolleybus 3 connects the stadium directly with the airport.",Info not available,Info not available
Ukrainian Premier League,Ukraine,Shakhtar Donetsk,Arena Lviv,49.77528,24.02778,"The Arena Lviv lies in the far south of the city of Lviv, just outside the city limits at about 8 kilometres of Lviv’s city centre and about 10 kilometres from the central rail station (which lies south-west of the centre). The stadium lies near the crossing of the M10 and M06, and can thus be easily reached by car. The M06 connects with Lviv city centre in almost a straight line. If using public transport, take trolleybus 5 from the city centre. Take the bus from Shota Rustaveli Street in the southern part of the city centre. The bus will go to the central bus terminal, which is almost next-door to the Arena Lviv. Trolleybus 3 connects the stadium directly with the airport.",Info not available,Info not available
Ukrainian Premier League,Ukraine,Inhulets Petrove,Arena Lviv,49.77528,24.02778,"The Arena Lviv lies in the far south of the city of Lviv, just outside the city limits at about 8 kilometres of Lviv’s city centre and about 10 kilometres from the central rail station (which lies south-west of the centre). The stadium lies near the crossing of the M10 and M06, and can thus be easily reached by car. The M06 connects with Lviv city centre in almost a straight line. If using public transport, take trolleybus 5 from the city centre. Take the bus from Shota Rustaveli Street in the southern part of the city centre. The bus will go to the central bus terminal, which is almost next-door to the Arena Lviv. Trolleybus 3 connects the stadium directly with the airport.",Info not available,Info not available
Ukrainian Premier League,Ukraine,Chornomorets Odesa,Chornomorets Stadium,46.480333,30.755417,"Metalist Stadium is located south-east of Kharkiv’s city centre, almost 3 kilometres from the edge of the centre. It furthermore lies about 5 kilometres from Kharkiv’s Freedom Square and about the same distance from Shevchenko park, which both lie more towards the north of the centre. Kharkiv’s main railway station, which has train connections to most cities in Ukraine, is situated more towards the east, again about 5 kilometres from the stadium. Metrostop Sportyvna is located right next to the stadium. The red metro line connects the stadium directly with the main railway station (stop Pivdenny Vokzal) and the city centre (stop Radianska). From the area around Freedom Square one can catch a green line metro and get off at station Metrobudivnykiv im. H.I. Vashchenka, which also lies right next to the stadium. Address: Plekhanivska St. 65, 61001 Kharkiv","The area around Metalist Stadium is main residential with large apartment blocks. While you may find the odd place for something to eat, it is likely a better idea to do this in Kharkiv’s city centre. There is one hotel located directly near the stadium, which isNadiya Hotel. Closer to the city centre, but still at walking distance from the stadium, are the well-ratedViva Hotel, the affordableHotel AN-2, and the even cheaperTsaritsynskiy Hotel. Click here to see all hotels nearMetalist Stadium, orhereto explore other hotels in Kharkiv.",Info not available
Ukrainian Premier League,Ukraine,Inhulets Petrove,Chornomorets Stadium,46.480333,30.755417,"Metalist Stadium is located south-east of Kharkiv’s city centre, almost 3 kilometres from the edge of the centre. It furthermore lies about 5 kilometres from Kharkiv’s Freedom Square and about the same distance from Shevchenko park, which both lie more towards the north of the centre. Kharkiv’s main railway station, which has train connections to most cities in Ukraine, is situated more towards the east, again about 5 kilometres from the stadium. Metrostop Sportyvna is located right next to the stadium. The red metro line connects the stadium directly with the main railway station (stop Pivdenny Vokzal) and the city centre (stop Radianska). From the area around Freedom Square one can catch a green line metro and get off at station Metrobudivnykiv im. H.I. Vashchenka, which also lies right next to the stadium. Address: Plekhanivska St. 65, 61001 Kharkiv","The area around Metalist Stadium is main residential with large apartment blocks. While you may find the odd place for something to eat, it is likely a better idea to do this in Kharkiv’s city centre. There is one hotel located directly near the stadium, which isNadiya Hotel. Closer to the city centre, but still at walking distance from the stadium, are the well-ratedViva Hotel, the affordableHotel AN-2, and the even cheaperTsaritsynskiy Hotel. Click here to see all hotels nearMetalist Stadium, orhereto explore other hotels in Kharkiv.",Info not available
Ukrainian Premier League,Ukraine,Karpaty Lviv,Ukraina Stadium,49.819234,24.048193,"Metalist Stadium is located south-east of Kharkiv’s city centre, almost 3 kilometres from the edge of the centre. It furthermore lies about 5 kilometres from Kharkiv’s Freedom Square and about the same distance from Shevchenko park, which both lie more towards the north of the centre. Kharkiv’s main railway station, which has train connections to most cities in Ukraine, is situated more towards the east, again about 5 kilometres from the stadium. Metrostop Sportyvna is located right next to the stadium. The red metro line connects the stadium directly with the main railway station (stop Pivdenny Vokzal) and the city centre (stop Radianska). From the area around Freedom Square one can catch a green line metro and get off at station Metrobudivnykiv im. H.I. Vashchenka, which also lies right next to the stadium. Address: Plekhanivska St. 65, 61001 Kharkiv","The area around Metalist Stadium is main residential with large apartment blocks. While you may find the odd place for something to eat, it is likely a better idea to do this in Kharkiv’s city centre. There is one hotel located directly near the stadium, which isNadiya Hotel. Closer to the city centre, but still at walking distance from the stadium, are the well-ratedViva Hotel, the affordableHotel AN-2, and the even cheaperTsaritsynskiy Hotel. Click here to see all hotels nearMetalist Stadium, orhereto explore other hotels in Kharkiv.",Info not available
Ukrainian Premier League,Ukraine,Inhulets Petrove,Ukraina Stadium,49.819234,24.048193,"Metalist Stadium is located south-east of Kharkiv’s city centre, almost 3 kilometres from the edge of the centre. It furthermore lies about 5 kilometres from Kharkiv’s Freedom Square and about the same distance from Shevchenko park, which both lie more towards the north of the centre. Kharkiv’s main railway station, which has train connections to most cities in Ukraine, is situated more towards the east, again about 5 kilometres from the stadium. Metrostop Sportyvna is located right next to the stadium. The red metro line connects the stadium directly with the main railway station (stop Pivdenny Vokzal) and the city centre (stop Radianska). From the area around Freedom Square one can catch a green line metro and get off at station Metrobudivnykiv im. H.I. Vashchenka, which also lies right next to the stadium. Address: Plekhanivska St. 65, 61001 Kharkiv","The area around Metalist Stadium is main residential with large apartment blocks. While you may find the odd place for something to eat, it is likely a better idea to do this in Kharkiv’s city centre. There is one hotel located directly near the stadium, which isNadiya Hotel. Closer to the city centre, but still at walking distance from the stadium, are the well-ratedViva Hotel, the affordableHotel AN-2, and the even cheaperTsaritsynskiy Hotel. Click here to see all hotels nearMetalist Stadium, orhereto explore other hotels in Kharkiv.",Info not available
Ukrainian Premier League,Ukraine,Vorskla Poltava,Butovsky Vorskla Stadium,49.59472,34.54944,"Stadion Vorskla is located in central Poltava just a few blocks off the central Round Square. The stadium is at easy walking distance from most central locations. Directtrainsconnect Poltava with Kiev (from 3 hours journey time), Kharkiv (from 1.5 hours), and a few destinations further away in Ukraine. Address: 36000, Полтава, Площа Незалежності, 16",Info not available,Tickets for Vorskla Poltava games can be bought at the club shop at the stadium.
Ukrainian Premier League,Ukraine,Dynamo Kyiv,Lobanovskyi Dynamo Stadium,50.45028,30.53528,null,null,null
Ukrainian Premier League,Ukraine,Vorskla Poltava,Lobanovskyi Dynamo Stadium,50.45028,30.53528,null,null,null
Ukrainian Premier League,Ukraine,Zorya Luhansk,Lobanovskyi Dynamo Stadium,50.45028,30.53528,null,null,null
Ukrainian Premier League,Ukraine,LNZ Cherkasy,Tsentralnyi Stadion,49.4361,32.0547,"Metalist Stadium is located south-east of Kharkiv’s city centre, almost 3 kilometres from the edge of the centre. It furthermore lies about 5 kilometres from Kharkiv’s Freedom Square and about the same distance from Shevchenko park, which both lie more towards the north of the centre. Kharkiv’s main railway station, which has train connections to most cities in Ukraine, is situated more towards the east, again about 5 kilometres from the stadium. Metrostop Sportyvna is located right next to the stadium. The red metro line connects the stadium directly with the main railway station (stop Pivdenny Vokzal) and the city centre (stop Radianska). From the area around Freedom Square one can catch a green line metro and get off at station Metrobudivnykiv im. H.I. Vashchenka, which also lies right next to the stadium. Address: Plekhanivska St. 65, 61001 Kharkiv","The area around Metalist Stadium is main residential with large apartment blocks. While you may find the odd place for something to eat, it is likely a better idea to do this in Kharkiv’s city centre. There is one hotel located directly near the stadium, which isNadiya Hotel. Closer to the city centre, but still at walking distance from the stadium, are the well-ratedViva Hotel, the affordableHotel AN-2, and the even cheaperTsaritsynskiy Hotel. Click here to see all hotels nearMetalist Stadium, orhereto explore other hotels in Kharkiv.",Info not available
Ukrainian Premier League,Ukraine,Veres Rivne,Avanhard Stadium,50.61611,26.24083,"Stadion Avanhard is located about 1.5 kilometres south-east of Luhansk’s city centre along Оборонная avenue, one of Luhank’s principal avenues. Luhansk’s main railway station lies further away on the north-western edge of Luhansk´s city centre at about 3.5 kilometres from the stadium. Minibus taxi 150 and 152 run from the station to the stadium. Daily (though not frequent) direct trains connect Luhansk with, for example, Kiev, Donetsk, and Kharkiv. Address: г. Луганск, ул. Оборонная, 4-В",Info not available,Tickets for Zoria Luhansk matches can be bought at the club office at the stadium. Tickets cost either UAH 15.00 for a seat at one of the curves or UAH 25.00 to UAH 30.00 for a seat at one of the sides. Zoria doesn’t currently play their home games at Stadion Avanhard due to the ongoing armed Ukrainian conflict.
Ukrainian Premier League,Ukraine,Kryvbas Kryvyi Rih,Avanhard Stadium,50.61611,26.24083,"Stadion Avanhard is located about 1.5 kilometres south-east of Luhansk’s city centre along Оборонная avenue, one of Luhank’s principal avenues. Luhansk’s main railway station lies further away on the north-western edge of Luhansk´s city centre at about 3.5 kilometres from the stadium. Minibus taxi 150 and 152 run from the station to the stadium. Daily (though not frequent) direct trains connect Luhansk with, for example, Kiev, Donetsk, and Kharkiv. Address: г. Луганск, ул. Оборонная, 4-В",Info not available,Tickets for Zoria Luhansk matches can be bought at the club office at the stadium. Tickets cost either UAH 15.00 for a seat at one of the curves or UAH 25.00 to UAH 30.00 for a seat at one of the sides. Zoria doesn’t currently play their home games at Stadion Avanhard due to the ongoing armed Ukrainian conflict.
Ukrainian Premier League,Ukraine,FC Oleksandriya,CSC Nika Stadium,48.67472,33.10361,"Stadion CSC Nika is located just north-west of Oleksandriya’s city centre. It is less than a 15-minute walk from the central Soborna Square. Oleksandriya’s railway station is located further east, but still less than 30 minutes walking away from the stadium. A few directtrainsa day connect Kiev with Oleksandriya, which is a stop on the service to Dnipropetrovsk. The journey time is a little under 4 hours. Address: Shevchenka St. 58, 28000 Oleksandriya",Info not available,Tickets for Olexandriya matches can be bought at the ticket windows of the stadium before the start of the match. Expect to pay UAH 25.00 to UAH 30.00 for a ticket.
Ukrainian Premier League,Ukraine,Inhulets Petrove,CSC Nika Stadium,48.67472,33.10361,"Stadion CSC Nika is located just north-west of Oleksandriya’s city centre. It is less than a 15-minute walk from the central Soborna Square. Oleksandriya’s railway station is located further east, but still less than 30 minutes walking away from the stadium. A few directtrainsa day connect Kiev with Oleksandriya, which is a stop on the service to Dnipropetrovsk. The journey time is a little under 4 hours. Address: Shevchenka St. 58, 28000 Oleksandriya",Info not available,Tickets for Olexandriya matches can be bought at the ticket windows of the stadium before the start of the match. Expect to pay UAH 25.00 to UAH 30.00 for a ticket.
Ukrainian Premier League,Ukraine,Polissya Zhytomyr,Tsentralnyi Stadion,50.24611,28.66889,"Metalist Stadium is located south-east of Kharkiv’s city centre, almost 3 kilometres from the edge of the centre. It furthermore lies about 5 kilometres from Kharkiv’s Freedom Square and about the same distance from Shevchenko park, which both lie more towards the north of the centre. Kharkiv’s main railway station, which has train connections to most cities in Ukraine, is situated more towards the east, again about 5 kilometres from the stadium. Metrostop Sportyvna is located right next to the stadium. The red metro line connects the stadium directly with the main railway station (stop Pivdenny Vokzal) and the city centre (stop Radianska). From the area around Freedom Square one can catch a green line metro and get off at station Metrobudivnykiv im. H.I. Vashchenka, which also lies right next to the stadium. Address: Plekhanivska St. 65, 61001 Kharkiv","The area around Metalist Stadium is main residential with large apartment blocks. While you may find the odd place for something to eat, it is likely a better idea to do this in Kharkiv’s city centre. There is one hotel located directly near the stadium, which isNadiya Hotel. Closer to the city centre, but still at walking distance from the stadium, are the well-ratedViva Hotel, the affordableHotel AN-2, and the even cheaperTsaritsynskiy Hotel. Click here to see all hotels nearMetalist Stadium, orhereto explore other hotels in Kharkiv.",Info not available
Ukrainian Premier League,Ukraine,Inhulets Petrove,Tsentralnyi Stadion,50.24611,28.66889,"Metalist Stadium is located south-east of Kharkiv’s city centre, almost 3 kilometres from the edge of the centre. It furthermore lies about 5 kilometres from Kharkiv’s Freedom Square and about the same distance from Shevchenko park, which both lie more towards the north of the centre. Kharkiv’s main railway station, which has train connections to most cities in Ukraine, is situated more towards the east, again about 5 kilometres from the stadium. Metrostop Sportyvna is located right next to the stadium. The red metro line connects the stadium directly with the main railway station (stop Pivdenny Vokzal) and the city centre (stop Radianska). From the area around Freedom Square one can catch a green line metro and get off at station Metrobudivnykiv im. H.I. Vashchenka, which also lies right next to the stadium. Address: Plekhanivska St. 65, 61001 Kharkiv","The area around Metalist Stadium is main residential with large apartment blocks. While you may find the odd place for something to eat, it is likely a better idea to do this in Kharkiv’s city centre. There is one hotel located directly near the stadium, which isNadiya Hotel. Closer to the city centre, but still at walking distance from the stadium, are the well-ratedViva Hotel, the affordableHotel AN-2, and the even cheaperTsaritsynskiy Hotel. Click here to see all hotels nearMetalist Stadium, orhereto explore other hotels in Kharkiv.",Info not available
Ukrainian Premier League,Ukraine,Karpaty Lviv,Tsentralnyi Stadion,50.24611,28.66889,"Metalist Stadium is located south-east of Kharkiv’s city centre, almost 3 kilometres from the edge of the centre. It furthermore lies about 5 kilometres from Kharkiv’s Freedom Square and about the same distance from Shevchenko park, which both lie more towards the north of the centre. Kharkiv’s main railway station, which has train connections to most cities in Ukraine, is situated more towards the east, again about 5 kilometres from the stadium. Metrostop Sportyvna is located right next to the stadium. The red metro line connects the stadium directly with the main railway station (stop Pivdenny Vokzal) and the city centre (stop Radianska). From the area around Freedom Square one can catch a green line metro and get off at station Metrobudivnykiv im. H.I. Vashchenka, which also lies right next to the stadium. Address: Plekhanivska St. 65, 61001 Kharkiv","The area around Metalist Stadium is main residential with large apartment blocks. While you may find the odd place for something to eat, it is likely a better idea to do this in Kharkiv’s city centre. There is one hotel located directly near the stadium, which isNadiya Hotel. Closer to the city centre, but still at walking distance from the stadium, are the well-ratedViva Hotel, the affordableHotel AN-2, and the even cheaperTsaritsynskiy Hotel. Click here to see all hotels nearMetalist Stadium, orhereto explore other hotels in Kharkiv.",Info not available
Ukrainian Premier League,Ukraine,Obolon Kyiv,Obolon Arena,50.5270556,30.5075,"The Donbass Arena is located in the central Voroshylovskyi district, tucked against the northern edge of the city centre. The stadium is within walking distance of most city centre locations. On its northern side lies Leninskogo Komsomolo park. The main railway station is situated further north, approximately 6 kilometres. Tram line 1 brings you in 20-25 minutes to the stadium. Get off at stop Prospekt Mira. Alternatively take trolleybus line 2 and get off at Bely Lebed shopping mall. Buses that serve the stadium are line 13, 14, 16, 46a, 46б, 73б, and 77. Your stop is Krytiy Rynok. Address: 189e Chelyuskintsev Street, Donetsk 83048","The Donbass Arena is conveniently located on the edge of Donetsk’s centre. There are a few shopping centres at close distance of the stadium, and Donetsk’s main drag, Artema Street, runs only a few blocks away to the west. Follow Artema Street south and you will bump into various bars and restaurants. The stadium is surrounded by several parks and is at close distance from the Kalmius reservoir, which makes the area particularly pleasant on a summer’s day. There are a few hotels located almost next to the stadium, most of the luxurious type. TheVictoria Hotel CenterandShakhtar Plazaare two of the options. Clickhereto see all hotels near the Donbass Arena. There are more hotels in different price categories further south toward Donetsk’s city centre. Clickhereto see all hotels in Donetsk.","Due to the armed conflict that is currently ongoing in eastern Ukraine, Shakhtar play their home games away from Donetsk."
Ukrainian Premier League,Ukraine,Inhulets Petrove,Obolon Arena,50.5270556,30.5075,"The Donbass Arena is located in the central Voroshylovskyi district, tucked against the northern edge of the city centre. The stadium is within walking distance of most city centre locations. On its northern side lies Leninskogo Komsomolo park. The main railway station is situated further north, approximately 6 kilometres. Tram line 1 brings you in 20-25 minutes to the stadium. Get off at stop Prospekt Mira. Alternatively take trolleybus line 2 and get off at Bely Lebed shopping mall. Buses that serve the stadium are line 13, 14, 16, 46a, 46б, 73б, and 77. Your stop is Krytiy Rynok. Address: 189e Chelyuskintsev Street, Donetsk 83048","The Donbass Arena is conveniently located on the edge of Donetsk’s centre. There are a few shopping centres at close distance of the stadium, and Donetsk’s main drag, Artema Street, runs only a few blocks away to the west. Follow Artema Street south and you will bump into various bars and restaurants. The stadium is surrounded by several parks and is at close distance from the Kalmius reservoir, which makes the area particularly pleasant on a summer’s day. There are a few hotels located almost next to the stadium, most of the luxurious type. TheVictoria Hotel CenterandShakhtar Plazaare two of the options. Clickhereto see all hotels near the Donbass Arena. There are more hotels in different price categories further south toward Donetsk’s city centre. Clickhereto see all hotels in Donetsk.","Due to the armed conflict that is currently ongoing in eastern Ukraine, Shakhtar play their home games away from Donetsk."
Ukrainian Premier League,Ukraine,Kolos Kovalivka,Kolos Stadium,49.98583,30.00833,"Metalist Stadium is located south-east of Kharkiv’s city centre, almost 3 kilometres from the edge of the centre. It furthermore lies about 5 kilometres from Kharkiv’s Freedom Square and about the same distance from Shevchenko park, which both lie more towards the north of the centre. Kharkiv’s main railway station, which has train connections to most cities in Ukraine, is situated more towards the east, again about 5 kilometres from the stadium. Metrostop Sportyvna is located right next to the stadium. The red metro line connects the stadium directly with the main railway station (stop Pivdenny Vokzal) and the city centre (stop Radianska). From the area around Freedom Square one can catch a green line metro and get off at station Metrobudivnykiv im. H.I. Vashchenka, which also lies right next to the stadium. Address: Plekhanivska St. 65, 61001 Kharkiv","The area around Metalist Stadium is main residential with large apartment blocks. While you may find the odd place for something to eat, it is likely a better idea to do this in Kharkiv’s city centre. There is one hotel located directly near the stadium, which isNadiya Hotel. Closer to the city centre, but still at walking distance from the stadium, are the well-ratedViva Hotel, the affordableHotel AN-2, and the even cheaperTsaritsynskiy Hotel. Click here to see all hotels nearMetalist Stadium, orhereto explore other hotels in Kharkiv.",Info not available
Ukrainian Premier League,Ukraine,LNZ Cherkasy,Kolos Stadium,49.98583,30.00833,"Metalist Stadium is located south-east of Kharkiv’s city centre, almost 3 kilometres from the edge of the centre. It furthermore lies about 5 kilometres from Kharkiv’s Freedom Square and about the same distance from Shevchenko park, which both lie more towards the north of the centre. Kharkiv’s main railway station, which has train connections to most cities in Ukraine, is situated more towards the east, again about 5 kilometres from the stadium. Metrostop Sportyvna is located right next to the stadium. The red metro line connects the stadium directly with the main railway station (stop Pivdenny Vokzal) and the city centre (stop Radianska). From the area around Freedom Square one can catch a green line metro and get off at station Metrobudivnykiv im. H.I. Vashchenka, which also lies right next to the stadium. Address: Plekhanivska St. 65, 61001 Kharkiv","The area around Metalist Stadium is main residential with large apartment blocks. While you may find the odd place for something to eat, it is likely a better idea to do this in Kharkiv’s city centre. There is one hotel located directly near the stadium, which isNadiya Hotel. Closer to the city centre, but still at walking distance from the stadium, are the well-ratedViva Hotel, the affordableHotel AN-2, and the even cheaperTsaritsynskiy Hotel. Click here to see all hotels nearMetalist Stadium, orhereto explore other hotels in Kharkiv.",Info not available
Ukrainian Premier League,Ukraine,Inhulets Petrove,Kolos Stadium,49.98583,30.00833,"Metalist Stadium is located south-east of Kharkiv’s city centre, almost 3 kilometres from the edge of the centre. It furthermore lies about 5 kilometres from Kharkiv’s Freedom Square and about the same distance from Shevchenko park, which both lie more towards the north of the centre. Kharkiv’s main railway station, which has train connections to most cities in Ukraine, is situated more towards the east, again about 5 kilometres from the stadium. Metrostop Sportyvna is located right next to the stadium. The red metro line connects the stadium directly with the main railway station (stop Pivdenny Vokzal) and the city centre (stop Radianska). From the area around Freedom Square one can catch a green line metro and get off at station Metrobudivnykiv im. H.I. Vashchenka, which also lies right next to the stadium. Address: Plekhanivska St. 65, 61001 Kharkiv","The area around Metalist Stadium is main residential with large apartment blocks. While you may find the odd place for something to eat, it is likely a better idea to do this in Kharkiv’s city centre. There is one hotel located directly near the stadium, which isNadiya Hotel. Closer to the city centre, but still at walking distance from the stadium, are the well-ratedViva Hotel, the affordableHotel AN-2, and the even cheaperTsaritsynskiy Hotel. Click here to see all hotels nearMetalist Stadium, orhereto explore other hotels in Kharkiv.",Info not available
Ukrainian Premier League,Ukraine,Livyi Bereh Kyiv,Arena Livyi Bereh,50.3244333,30.6499083,"The Arena Lviv lies in the far south of the city of Lviv, just outside the city limits at about 8 kilometres of Lviv’s city centre and about 10 kilometres from the central rail station (which lies south-west of the centre). The stadium lies near the crossing of the M10 and M06, and can thus be easily reached by car. The M06 connects with Lviv city centre in almost a straight line. If using public transport, take trolleybus 5 from the city centre. Take the bus from Shota Rustaveli Street in the southern part of the city centre. The bus will go to the central bus terminal, which is almost next-door to the Arena Lviv. Trolleybus 3 connects the stadium directly with the airport.",Info not available,Info not available
Ukrainian Premier League,Ukraine,Shakhtar Donetsk,Arena Livyi Bereh,50.3244333,30.6499083,"The Arena Lviv lies in the far south of the city of Lviv, just outside the city limits at about 8 kilometres of Lviv’s city centre and about 10 kilometres from the central rail station (which lies south-west of the centre). The stadium lies near the crossing of the M10 and M06, and can thus be easily reached by car. The M06 connects with Lviv city centre in almost a straight line. If using public transport, take trolleybus 5 from the city centre. Take the bus from Shota Rustaveli Street in the southern part of the city centre. The bus will go to the central bus terminal, which is almost next-door to the Arena Lviv. Trolleybus 3 connects the stadium directly with the airport.",Info not available,Info not available
Ukrainian Premier League,Ukraine,None[c],Berezkin Zirka Stadium,48.515833,32.26667,null,null,null
Croatian Football League,Croatia,Dinamo Zagreb,Maksimir,45.81889,16.01806,"Stadion Maksimir is located toward the north-east of the city of Zagreb at about 4 kilometres from the city’s main railway station and a similar distance from the city’s historic centre. The stadium is bordered on its northern side by Maksimir Park, the city’s largest park. The stadium lies close to two of Zagreb’s main avenues, Maksimirska and Zvonimirova, which both connect the stadium with the centre and the city’s ring road in the east. There are various options to reach the stadium bytram. From Ban Jelačić Square (in the city centre) one can either take tram 11 (to Dubec) or 12 (to Dubrava). Both trams pass the stadium north over Maksimirska avenue. Get off at stop Bukovačka or Hondlova. Alternatively, one can take tram 1 or 17 (both to Borongaj), which pass south of the stadium over Zvonimirova. Get off at stop Svetice. From the main railway station (Glavni Kolodvor) one can take tram 4 or 9. Tram 4 (to Dubec) passes over Maksimirska avenue, whereas tram 9 (to Borongaj) passes over Zvonimirova. From the bus station (Autobusni Kolodvor) one can take tram 7 (to Dubrava) or 5 (to Maksimir). All trams go at least once every 15 minutes, but generally much more often. Journey times ranges between 10 and 20 minutes depending on where you get on. Address: Maksimirska 128, 10 000 Zagreb","Stadion Maksimir is located in a predominantly residential neighbourhood. It is bordered on its northern side by Maksimir Park, which is a pleasant place to spend a few hours on a nice day. There is also a zoo nearby. There are some places to eat and drink along Maksimirska avenue, though you can do this just as well in Zagreb’s centre and then catch a quick tram to the match. There are a few hotels and rental apartments as well a little west of Stadion Maksimir on or around Maksimirska avenue, at about 10 minutes walking of the stadium.Hotel Maksimiris affordable and gets decent reviews, andFunk Lounge Hostelwill please the budget traveller. Then, a little further west, there isB&B Studios Kairos, which gets superb reviews. Clickherefor an overview of hotels near Stadion Maksimir, orhereto explore the options in central Zagreb.","Tickets for Dinamo matches can be boughtonline, or at the ticket office at the stadium on the day of the match. Tickets are also available on the gate from a few hours before kick-off. Dinamo never sell out a regular league match. Identification may be required in order to be able to buy a ticket. Tickets for regular league matches typically range in price from HRK 5.00 for a seat behind the goal to HRK 15.00 for one at the main stand. Prices will be higher for more important matches (e.g. Champions League), though Dinamo also occasionally offer discounted prices as cheap as HRK 1.00."
Croatian Football League,Croatia,Gorica,ŠRC Velika Gorica,45.724,16.0732,null,null,null
Croatian Football League,Croatia,Hajduk Split,Poljud,43.51944,16.43167,"Stadion Poljud is located in the north of the city of Split on the shores of the Adriatic Sea. The stadium lies only a kilometre north of Split’s historic city centre, and can thus be easily reached on foot. Alternatively, you can takebus3 from the eastern side of the historic centre (from streets Zagrebačka or Zvonimira). Take the bus in the direction of Lora. Buses go every 15 to 20 minutes. Bus 17 to Studentski Dom is a good alternative, and bus 7 connects the stadium with the eastern parts of Split. Address: 8. Mediteranskih Igara 2, Split",Info not available,"Tickets for Hajduk games can be boughtonline, at the stadium, or at the CroFanShop in the historic centre (street Marmontova). Hajduk tends to have the highest attendances in Croatia, but rarely sell out apart from the derby with Dinamo Zagreb."
Croatian Football League,Croatia,Istra 1961,Stadion Aldo Drosina,44.86157,13.8517,"Stadion Aldo Drosina is located just south-east of the city centre of Pula, which is best known for its Roman Amphitheatre. It is a short 10 to 15-minute walk from most city centre locations to the stadium and 20 minutes at most from the Roman Amphitheatre. Pula’s rail and bus stations are located a little further away north of the city centre, a 30-minute walk away from the stadium. Trains only connect with other parts of Istria and Slovenia, buses with the rest of Croatia. Address: Ul. Mate Balote 11, 52100 Pula",Info not available,Tickets for Istra 1961 games can be bought online throughUlaznice.hror in person at the ticket windows of the stadium on the day of the match. Expect to pay HRK 20.00 for a seat behind the goal or HRK 30.00 for a seat at the side.
Croatian Football League,Croatia,Lokomotiva,Kranjčevićeva1,45.80472,15.96083,null,null,null
Croatian Football League,Croatia,Osijek,Opus Arena,45.56639,18.6575,"Stadion Gradski vrt is located in the south of Osijek at about 1.5 kilometres from the railway station. The walk takes about 15 minutes. Osijek’s city centre lies north of the station and thus somewhat further away. Taketram2 to get from the centre (e.g. Zupanijska street) to the stadium. Address: Wilsonova b.b., 31000 Osijek","Stadion Gradski vrt is located in a quiet residential neighbourhood near the southern edge of the city. There is little around in terms of eating and drinking, which is better done in Osijek’s old town. There aren’t a lot of hotels in Osijek, but you’ll have a few decent options in Osijek’s old town to choose from. If you wish to stay closer to Gradski vrt, there are a few apartment rentals in the area. Click here for an overview of hotels inOsijek.",Tickets for NK Osijek matches can be bought at the club office at the stadium or on the gate on the day of the match.
Croatian Football League,Croatia,Rijeka,Rujevica,45.347889,14.402194,"Stadion Kantrida is located right on the Adriatic coast toward the west of the city of Rijeka. It lies just under 5 kilometres from Rijeka’s historic city centre and rail station. From the centre one can reach the stadium by following Krešimirova Ul. (which runs in front of the station) west. The stadium will lie down near the coast on the left side of the road. If coming from the A7 motorway (which runs north of the city), take exit 5, and follow the D304 toward the city. After almost 3 kilometres make a sharp right onto Liburnijska Ul. and follow until you see the floodlights on your left. The stadium can be reached from Rijeka’s historic centre with bus 1. Address: Portić 3, 51000 Rijeka","Stadion Kantrida is one of the most picturesquely located stadiums in the world, though while right along the Adriatic coast and even boasting an adjacent beach, it is not in one of the most lively areas of Rijeka. While one can find a local drink, eating and drinking is best done in Rijeka’s pleasant historic centre. There are no hotels near Stadion Kantrida, but there are some options to rent an apartment in the area such asApartment MiraandApartments Skoljka. Otherwise there is a good selection of hotels in and around Rijeka’shistoric centre.","Rijeka currently play their home matches at Stadion Rujevica while Stadion Kantrida is getting rebuilt. Tickets for Rijeka matches can be boughtonline, or at the club office at Stadion Rujevica. Tickets are also available on the gate from two hours before the start of the match. Ticket prices for a regular match range from HRK 85.00 to HRK 300.00. Prices are increased to between HRK 100.00 and HRK 350.00 for a few high-profile matches. For more information call +385 (0) 51 612 044."
Croatian Football League,Croatia,Slaven Belupo,Stadion Ivan Kušek-Apaš,46.16611,16.83472,"Stadion SRC Zapresic is located in the town of Zapresic, which lies just north-west of Zagreb (roughly 17 kilometres from Zagreb’s city centre and 6 kilometres from the city limits). The stadium lies in the northern part of the town of Zapresic, roughly 2.5 kilometres away from the town’s main railway station, which lies all the way south. You’ll be able to walk from the station to the stadium in roughly 30 minutes though. Trainsfrom Zagreb’s main railway station to Zapresic tend to run once to twice an hour for the journey that takes a little over 20 minutes. Closer to the stadium, though, lies rail station Zapresic Savska, a 15-minute walk away, though service is less frequent with trains running once every hour or other hour depending on the time of the day. Address: Ul. Vladimira Novaka 38, 10290, Zaprešić",Info not available,"Inter Zapresic tickets can be bought at the club office at the stadium, typically from two days before the match, and at the ticket windows of the stadium on the day of the match."
Croatian Football League,Croatia,Šibenik,Šubićevac,43.7435533,15.8960581,null,null,null
Croatian Football League,Croatia,Varaždin,Stadion Varteks,46.2933,16.3443,"Stadion Maksimir is located toward the north-east of the city of Zagreb at about 4 kilometres from the city’s main railway station and a similar distance from the city’s historic centre. The stadium is bordered on its northern side by Maksimir Park, the city’s largest park. The stadium lies close to two of Zagreb’s main avenues, Maksimirska and Zvonimirova, which both connect the stadium with the centre and the city’s ring road in the east. There are various options to reach the stadium bytram. From Ban Jelačić Square (in the city centre) one can either take tram 11 (to Dubec) or 12 (to Dubrava). Both trams pass the stadium north over Maksimirska avenue. Get off at stop Bukovačka or Hondlova. Alternatively, one can take tram 1 or 17 (both to Borongaj), which pass south of the stadium over Zvonimirova. Get off at stop Svetice. From the main railway station (Glavni Kolodvor) one can take tram 4 or 9. Tram 4 (to Dubec) passes over Maksimirska avenue, whereas tram 9 (to Borongaj) passes over Zvonimirova. From the bus station (Autobusni Kolodvor) one can take tram 7 (to Dubrava) or 5 (to Maksimir). All trams go at least once every 15 minutes, but generally much more often. Journey times ranges between 10 and 20 minutes depending on where you get on. Address: Maksimirska 128, 10 000 Zagreb","Stadion Maksimir is located in a predominantly residential neighbourhood. It is bordered on its northern side by Maksimir Park, which is a pleasant place to spend a few hours on a nice day. There is also a zoo nearby. There are some places to eat and drink along Maksimirska avenue, though you can do this just as well in Zagreb’s centre and then catch a quick tram to the match. There are a few hotels and rental apartments as well a little west of Stadion Maksimir on or around Maksimirska avenue, at about 10 minutes walking of the stadium.Hotel Maksimiris affordable and gets decent reviews, andFunk Lounge Hostelwill please the budget traveller. Then, a little further west, there isB&B Studios Kairos, which gets superb reviews. Clickherefor an overview of hotels near Stadion Maksimir, orhereto explore the options in central Zagreb.","Tickets for Dinamo matches can be boughtonline, or at the ticket office at the stadium on the day of the match. Tickets are also available on the gate from a few hours before kick-off. Dinamo never sell out a regular league match. Identification may be required in order to be able to buy a ticket. Tickets for regular league matches typically range in price from HRK 5.00 for a seat behind the goal to HRK 15.00 for one at the main stand. Prices will be higher for more important matches (e.g. Champions League), though Dinamo also occasionally offer discounted prices as cheap as HRK 1.00."
