Date,Time,Country,home_team,away_team,league_name,stadium_name,latitude,longitude
2023-08-04,19:45,Belgium,Standard,St. Gilloise,Belgian Pro League,Stade Maurice Dufrasne,50.61,5.54333
2023-08-05,12:00,Germany,Holstein Kiel,Greuther Furth,2. Bundesliga,Holstein-Stadion,54.34917,10.12361
2023-08-05,12:00,Germany,St Pauli,Fortuna Dusseldorf,2. Bundesliga,Millerntor-Stadion,53.554583,9.967667
2023-08-05,14:00,France,St Etienne,Grenoble,Ligue 2,Stade Geoffroy Guichard,45.46083,4.39028
2023-08-05,15:00,England,Bristol City,Preston,Championship,King Power Stadium,52.620277777778,-1.1422222222222
2023-08-05,15:00,Croatia,Norwich,Hull,Championship,ŠRC Velika Gorica,45.724,16.0732
2023-08-05,15:00,England,Watford,QPR,Championship,Brentford Community Stadium,51.49083,-0.28861
2023-08-05,15:00,Belgium,Genk,Eupen,Belgian Pro League,Cegeka Arena,51.005,5.53333
2023-08-05,17:15,Belgium,Cercle Brugge,Charleroi,Belgian Pro League,Jan Breydel Stadium,51.19333,3.18056
2023-08-05,18:00,Portugal,Amiens,Quevilly Rouen,Ligue 2,Estádio Comendador Joaquim de Almeida Freitas,41.37806,-8.35472
2023-08-05,18:00,Netherlands,Annecy,Guingamp,Ligue 2,Goffertstadion,51.8225,5.83667
2023-08-05,18:00,Greece,Laval,Angers,Ligue 2,Lamia Municipal Stadium,38.91,22.43111
2023-08-05,18:00,Greece,Paris FC,Caen,Ligue 2,Kleanthis Vikelidis Stadium,40.6,22.96944
2023-08-05,18:00,Spain,Valenciennes,Auxerre,Ligue 2,Mestalla,39.47472,-0.35833
2023-08-05,19:45,Belgium,Oud-Heverlee Leuven,RWD Molenbeek,Belgian Pro League,Den Dreef,50.86833,4.69417
2023-08-06,12:00,England,Leicester,Coventry,Championship,King Power Stadium,52.620277777778,-1.1422222222222
2023-08-06,12:30,Germany,Magdeburg,Braunschweig,2. Bundesliga,WWK Arena,48.32306,10.88611
2023-08-06,12:30,Belgium,Anderlecht,Antwerp,Belgian Pro League,Lotto Park,50.83417,4.29833
2023-08-06,15:00,Belgium,Mechelen,Gent,Belgian Pro League,AFAS-stadion Achter de Kazerne,51.037184,4.486397
2023-08-06,17:30,Belgium,Westerlo,Club Brugge,Belgian Pro League,Het Kuipje,51.094817,4.928806
2023-08-06,18:15,Belgium,Kortrijk,St Truiden,Belgian Pro League,Guldensporen Stadion,50.830432,3.248906
2023-08-11,18:00,Portugal,Amorebieta,Levante,Segunda Division,Estádio Comendador Joaquim de Almeida Freitas,41.37806,-8.35472
2023-08-11,18:30,Spain,Almeria,Vallecano,La Liga,Mestalla,39.47472,-0.35833
2023-08-11,19:00,Turkey,Trabzonspor,Antalyaspor,Super Lig,Papara Park,40.99917,39.64583
2023-08-11,19:45,Belgium,Antwerp,Kortrijk,Belgian Pro League,Bosuilstadion,51.2325,4.47222
2023-08-11,20:00,France,Nice,Lille,Ligue 1,Allianz Riviera,43.70528,7.1925
2023-08-11,20:15,Portugal,Sp Braga,Famalicao,Primeira Liga,Estádio Municipal de Braga,41.5625,-8.43
2023-08-11,20:30,Spain,Valladolid,Sp Gijon,Segunda Division,José Zorrilla,41.64444,-4.76111
2023-08-11,21:00,Spain,Sevilla,Valencia,La Liga,Ramón Sánchez-Pizjuán,37.384,-5.9705
2023-08-12,12:30,England,Arsenal,Nott'm Forest,Premier League,Emirates Stadium,51.55667,-0.10611
2023-08-12,15:00,England,Bournemouth,West Ham,Premier League,Dean Court,50.73528,-1.83833
2023-08-12,15:00,England,Brighton,Luton,Premier League,Falmer Stadium,50.861822222222,-0.083277777777778
2023-08-12,15:00,England,Everton,Fulham,Premier League,Goodison Park,53.438888888889,-2.9663888888889
2023-08-12,15:00,England,Sheffield United,Crystal Palace,Premier League,Old Trafford,53.463055555556,-2.2913888888889
2023-08-12,15:00,England,Ipswich,Stoke,Championship,Portman Road,52.055,1.14528
2023-08-12,15:00,Portugal,Preston,Sunderland,Championship,Estádio do Dragão,41.1618,-8.5839
2023-08-12,15:00,England,Southampton,Norwich,Championship,St Mary's Stadium,50.90583,-1.39111
2023-08-12,15:00,England,Watford,Plymouth,Championship,Brentford Community Stadium,51.49083,-0.28861
2023-08-12,15:00,Belgium,West Brom,Swansea,Championship,Het Kuipje,51.094817,4.928806
2023-08-12,15:30,Netherlands,PSV Eindhoven,Utrecht,Eredivisie,Philips Stadion,51.44167,5.4675
2023-08-12,15:30,Portugal,Gil Vicente,Portimonense,Primeira Liga,Estádio Cidade de Barcelos,41.551,-8.623
2023-08-12,16:00,Spain,Sociedad,Girona,La Liga,Anoeta,43.30139,-1.97361
2023-08-12,16:00,France,Marseille,Reims,Ligue 1,Orange Vélodrome,43.26972,5.39583
2023-08-12,17:15,Turkey,Konyaspor,Istanbulspor,Super Lig,Konya Metropolitan Municipality Stadium,37.946,32.488
2023-08-12,17:30,England,Newcastle,Aston Villa,Premier League,St James' Park,54.975555555556,-1.6216666666667
2023-08-12,17:45,Netherlands,Heerenveen,Waalwijk,Eredivisie,Abe Lenstra Stadion,52.95861,5.93611
2023-08-12,18:00,Denmark,Santander,Eibar,Segunda Division,Cepheus Park Randers,56.46594,10.010262
2023-08-12,18:00,France,Angers,Annecy,Ligue 2,Stade Raymond Kopa,47.460458,-0.530741
2023-08-12,18:00,France,Auxerre,Amiens,Ligue 2,Stade Abbé Deschamps,47.7867528,3.5886639
2023-08-12,18:00,Portugal,Bastia,Valenciennes,Ligue 2,Estádio do Bessa,41.16222,-8.64278
2023-08-12,18:00,Italy,Grenoble,Paris FC,Ligue 2,Stadio Luigi Ferraris,44.41639,8.9525
2023-08-12,18:00,Portugal,Farense,Casa Pia,Primeira Liga,Estádio de São Luís,37.022861,-7.928444
2023-08-12,18:30,Spain,Las Palmas,Mallorca,La Liga,Gran Canaria,28.10028,-15.45667
2023-08-12,19:00,Netherlands,Ajax,Heracles,Eredivisie,Johan Cruyff Arena,52.31417,4.94194
2023-08-12,19:45,Turkey,Kayserispor,Galatasaray,Super Lig,RHG Enertürk Enerji Stadium,38.73722,35.42306
2023-08-12,20:00,Portugal,Zaragoza,Villarreal B,Segunda Division,Estádio Municipal de Braga,41.5625,-8.43
2023-08-12,20:00,France,Paris SG,Lorient,Ligue 1,Parc des Princes,48.84138888888889,2.2530555555555556
2023-08-12,20:00,Netherlands,Zwolle,Sparta Rotterdam,Eredivisie,MAC³PARK Stadion,52.51722,6.12083
2023-08-12,20:30,Spain,Ath Bilbao,Real Madrid,La Liga,San Mamés,43.2643,-2.9504
2023-08-12,21:00,Belgium,Elche,Ferrol,Segunda Division,AFAS-stadion Achter de Kazerne,51.037184,4.486397
2023-08-13,12:00,France,Brest,Lens,Ligue 1,Stade Francis-Le Blé,48.402932,-4.461694
2023-08-13,12:30,Belgium,St Truiden,Anderlecht,Belgian Pro League,Stayen,50.813474,5.166256
2023-08-13,13:30,Netherlands,Feyenoord,For Sittard,Eredivisie,De Kuip,51.89389,4.52306
2023-08-13,14:00,England,Brentford,Tottenham,Premier League,Brentford Community Stadium,51.49083,-0.28861
2023-08-13,14:00,France,Montpellier,Le Havre,Ligue 1,Stade de la Mosson,43.62222,3.81194
2023-08-13,14:00,France,Nantes,Toulouse,Ligue 1,Stade de la Beaujoire,47.256,-1.525
2023-08-13,15:00,Belgium,Cercle Brugge,Genk,Belgian Pro League,Jan Breydel Stadium,51.19333,3.18056
2023-08-13,15:30,Portugal,Rio Ave,Chaves,Primeira Liga,Estádio dos Arcos,41.36278,-8.74028
2023-08-13,15:45,Netherlands,Almere City,Twente,Eredivisie,Yanmar Stadion,52.3944,5.2405
2023-08-13,16:00,Spain,Celta,Osasuna,La Liga,Balaídos,42.2118,-8.7397
2023-08-13,16:05,France,Rennes,Metz,Ligue 1,Roazhon Park,48.1075,-1.71278
2023-08-13,16:30,England,Chelsea,Liverpool,Premier League,Stamford Bridge,51.481666666667,-0.19111111111111
2023-08-13,17:15,Turkey,Sivasspor,Samsunspor,Super Lig,BG Grup 4 Eylül Stadium,39.72833,36.98389
2023-08-13,17:30,Belgium,Charleroi,Standard,Belgian Pro League,Stade du Pays de Charleroi,50.414609,4.453787
2023-08-13,18:00,Portugal,Estrela,Guimaraes,Primeira Liga,Estádio José Gomes,38.75194,-9.22806
2023-08-13,18:15,Belgium,Westerlo,Gent,Belgian Pro League,Het Kuipje,51.094817,4.928806
2023-08-13,18:30,Spain,Villarreal,Betis,La Liga,La Cerámica,39.94417,-0.10361
2023-08-13,18:30,England,Cartagena,Eldense,Segunda Division,Emirates Stadium,51.55667,-0.10611
2023-08-13,19:45,France,Strasbourg,Lyon,Ligue 1,Stade de la Meinau,48.56,7.755
2023-08-13,19:45,Turkey,Ad. Demirspor,Rizespor,Super Lig,New Adana Stadium,37.06333,35.375
2023-08-13,19:45,Turkey,Fenerbahce,Gaziantep,Super Lig,Ülker Stadium,40.98778,29.03694
2023-08-13,20:30,Spain,Getafe,Barcelona,La Liga,Coliseum,40.32556,-3.71472
2023-08-13,20:30,Portugal,Arouca,Estoril,Primeira Liga,Estádio Municipal de Arouca,40.933,-8.2503
2023-08-13,21:00,Spain,Leganes,Andorra,Segunda Division,Municipal de Butarque,40.3404,-3.7607
2023-08-14,18:00,Denmark,Mirandes,Alcorcon,Segunda Division,Cepheus Park Randers,56.46594,10.010262
2023-08-14,18:45,Portugal,Moreirense,Porto,Primeira Liga,Estádio Comendador Joaquim de Almeida Freitas,41.37806,-8.35472
2023-08-14,19:00,Turkey,Alanyaspor,Buyuksehyr,Super Lig,Alanya Oba Stadium,36.5626,32.0792
2023-08-14,20:00,England,Man United,Wolves,Premier League,Old Trafford,53.463055555556,-2.2913888888889
2023-08-14,20:30,Spain,Ath Madrid,Granada,La Liga,Santiago Bernabéu,40.45306,-3.68835
2023-08-14,20:45,Portugal,Boavista,Benfica,Primeira Liga,Estádio do Bessa,41.16222,-8.64278
2023-08-18,17:30,Belgium,Wehen,Karlsruhe,2. Bundesliga,AFAS-stadion Achter de Kazerne,51.037184,4.486397
2023-08-18,18:30,Spain,Mallorca,Villarreal,La Liga,Mallorca Son Moix,39.59,2.63
2023-08-18,19:00,Netherlands,Heracles,Nijmegen,Eredivisie,Asito Stadion[3],52.33889,6.65056
2023-08-18,19:00,Turkey,Antalyaspor,Konyaspor,Super Lig,Corendon Airlines Park,36.888278,30.668444
2023-08-18,19:00,Turkey,Istanbulspor,Kayserispor,Super Lig,Samsun 19 Mayıs Stadium,41.22778,36.4575
2023-08-18,19:00,Greece,Volos NFC,Lamia,Super League Greece,Panthessaliko Stadium,39.3875,22.93111
2023-08-18,19:30,Germany,Werder Bremen,Bayern Munich,Bundesliga,Weserstadion,53.06639,8.8375
2023-08-18,19:30,Greece,Bari,Palermo,Serie B,Kleanthis Vikelidis Stadium,40.6,22.96944
2023-08-18,19:45,England,Nott'm Forest,Sheffield United,Premier League,City Ground,52.94,-1.13278
2023-08-18,19:45,Belgium,Oud-Heverlee Leuven,Antwerp,Belgian Pro League,Den Dreef,50.86833,4.69417
2023-08-18,20:15,Portugal,Casa Pia,Sp Lisbon,Primeira Liga,Estádio Municipal de Rio Maior[A],39.34444,-8.93528
2023-08-18,20:30,Spain,Valencia,Las Palmas,La Liga,Mestalla,39.47472,-0.35833
2023-08-18,20:30,Portugal,Zaragoza,Valladolid,Segunda Division,Estádio Municipal de Braga,41.5625,-8.43
2023-08-19,12:00,Netherlands,Fortuna Dusseldorf,Paderborn,2. Bundesliga,Fortuna Sittard Stadion,50.992069,5.843675
2023-08-19,14:00,France,Angers,Auxerre,Ligue 2,Stade Raymond Kopa,47.460458,-0.530741
2023-08-19,14:30,Germany,Augsburg,M'gladbach,Bundesliga,WWK Arena,48.32306,10.88611
2023-08-19,14:30,Germany,Hoffenheim,Freiburg,Bundesliga,PreZero Arena,49.23806,8.8875
2023-08-19,14:30,Germany,Leverkusen,RB Leipzig,Bundesliga,BayArena,51.03833,7.00222
2023-08-19,14:30,Germany,Stuttgart,Bochum,Bundesliga,MHPArena,48.79222,9.23194
2023-08-19,14:30,Germany,Wolfsburg,Heidenheim,Bundesliga,Volkswagen Arena,52.43278,10.80389
2023-08-19,15:00,England,Fulham,Brentford,Premier League,Craven Cottage,51.475,-0.22166666666667
2023-08-19,15:00,England,Liverpool,Bournemouth,Premier League,Anfield,53.4308,-2.9608
2023-08-19,15:00,England,Wolves,Brighton,Premier League,Molineux Stadium,52.59028,-2.13028
2023-08-19,15:00,England,Bristol City,Birmingham,Championship,King Power Stadium,52.620277777778,-1.1422222222222
2023-08-19,15:00,England,Leicester,Cardiff,Championship,King Power Stadium,52.620277777778,-1.1422222222222
2023-08-19,15:00,Belgium,Standard,Cercle Brugge,Belgian Pro League,Stade Maurice Dufrasne,50.61,5.54333
2023-08-19,15:30,Portugal,Guimaraes,Gil Vicente,Primeira Liga,Estádio D. Afonso Henriques,41.44583,-8.30111
2023-08-19,16:00,Spain,Sociedad,Celta,La Liga,Anoeta,43.30139,-1.97361
2023-08-19,17:15,Turkey,Rizespor,Alanyaspor,Super Lig,Rize City Stadium,41.04202,40.5733
2023-08-19,17:30,England,Tottenham,Man United,Premier League,Tottenham Hotspur Stadium,51.6044,-0.0664
2023-08-19,17:30,Germany,Dortmund,FC Koln,Bundesliga,Signal Iduna Park,51.4925,7.45167
2023-08-19,17:30,Italy,Empoli,Verona,Serie A,Stadio Carlo Castellani - Computer Gross Arena,43.72639,10.955
2023-08-19,18:00,Spain,Espanol,Santander,Segunda Division,RCDE Stadium,41.34778,2.07556
2023-08-19,18:00,France,Lyon,Montpellier,Ligue 1,Groupama Stadium,45.765224,4.982131
2023-08-19,18:00,Portugal,Amiens,Bastia,Ligue 2,Estádio Comendador Joaquim de Almeida Freitas,41.37806,-8.35472
2023-08-19,18:00,Netherlands,Annecy,Dunkerque,Ligue 2,Goffertstadion,51.8225,5.83667
2023-08-19,18:00,Italy,Grenoble,Troyes,Ligue 2,Stadio Luigi Ferraris,44.41639,8.9525
2023-08-19,18:00,Greece,Laval,Rodez,Ligue 2,Lamia Municipal Stadium,38.91,22.43111
2023-08-19,18:00,France,St Etienne,Quevilly Rouen,Ligue 2,Stade Geoffroy Guichard,45.46083,4.39028
2023-08-19,18:00,Spain,Valenciennes,Guingamp,Ligue 2,Mestalla,39.47472,-0.35833
2023-08-19,18:00,Portugal,Chaves,Sp Braga,Primeira Liga,Estádio do CD Aves,41.366932,-8.411789
2023-08-19,18:30,Spain,Almeria,Real Madrid,La Liga,Mestalla,39.47472,-0.35833
2023-08-19,18:30,Spain,Levante,Burgos,Segunda Division,Municipal de Butarque,40.3404,-3.7607
2023-08-19,19:00,Netherlands,For Sittard,Almere City,Eredivisie,Fortuna Sittard Stadion,50.992069,5.843675
2023-08-19,19:30,Italy,Cosenza,Ascoli,Serie B,Stadio Brianteo,45.58278,9.30806
2023-08-19,19:30,France,Cremonese,Catanzaro,Serie B,Roazhon Park,48.1075,-1.71278
2023-08-19,19:45,Italy,Genoa,Fiorentina,Serie A,Stadio Luigi Ferraris,44.41639,8.9525
2023-08-19,19:45,Belgium,Mechelen,St. Gilloise,Belgian Pro League,AFAS-stadion Achter de Kazerne,51.037184,4.486397
2023-08-19,19:45,Turkey,Galatasaray,Trabzonspor,Super Lig,Rams Park,41.10278,28.99056
2023-08-19,19:45,Turkey,Hatayspor,Kasimpasa,Super Lig,Mersin Stadium[note 1],36.82056,34.53861
2023-08-19,20:00,England,Man City,Newcastle,Premier League,City of Manchester Stadium,53.483055555556,-2.2002777777778
2023-08-19,20:00,France,Toulouse,Paris SG,Ligue 1,Stadium de Toulouse,43.58306,1.43417
2023-08-19,20:00,Netherlands,Go Ahead Eagles,Volendam,Eredivisie,De Adelaarshorst,52.260416,6.172578
2023-08-19,20:30,Spain,Osasuna,Ath Bilbao,La Liga,El Sadar,42.79667,-1.63694
2023-08-19,20:30,Portugal,Benfica,Estrela,Primeira Liga,Estádio da Luz,38.7527,-9.1847
2023-08-19,21:00,Spain,Alcorcon,Leganes,Segunda Division,Mallorca Son Moix,39.59,2.63
2023-08-20,11:15,Netherlands,Utrecht,Heerenveen,Eredivisie,Stadion Galgenwaard,52.07833,5.14583
2023-08-20,12:00,Croatia,Norwich,Millwall,Championship,ŠRC Velika Gorica,45.724,16.0732
2023-08-20,12:00,France,Lille,Nantes,Ligue 1,Decathlon Arena Pierre Mauroy Stadium,50.6119,3.1304
2023-08-20,12:30,Germany,Holstein Kiel,Magdeburg,2. Bundesliga,Holstein-Stadion,54.34917,10.12361
2023-08-20,12:30,Belgium,Anderlecht,Westerlo,Belgian Pro League,Lotto Park,50.83417,4.29833
2023-08-20,13:30,Netherlands,Sparta Rotterdam,Feyenoord,Eredivisie,Spartastadion Het Kasteel,51.919485,4.433619
2023-08-20,13:30,Netherlands,Twente,Zwolle,Eredivisie,De Grolsch Veste,52.23667,6.8375
2023-08-20,14:00,England,Aston Villa,Everton,Premier League,Villa Park,52.509166666667,-1.8847222222222
2023-08-20,14:00,France,Le Havre,Brest,Ligue 1,Stade Océane,49.49889,0.16972
2023-08-20,14:00,France,Reims,Clermont,Ligue 1,Stade Auguste Delaune,49.24667,4.025
2023-08-20,14:30,Germany,Union Berlin,Mainz,Bundesliga,Stadion An der Alten Försterei,52.45722,13.56806
2023-08-20,15:00,Belgium,Genk,Charleroi,Belgian Pro League,Cegeka Arena,51.005,5.53333
2023-08-20,15:00,Belgium,Gent,St Truiden,Belgian Pro League,Planet Group Arena,51.01611,3.73417
2023-08-20,15:30,Portugal,Estoril,Rio Ave,Primeira Liga,Estádio António Coimbra da Mota,38.71583,-9.40639
2023-08-20,15:45,Netherlands,Waalwijk,AZ Alkmaar,Eredivisie,Mandemakers Stadion,51.68694,5.08861
2023-08-20,16:05,France,Monaco,Strasbourg,Ligue 1,Stade Louis II,43.7275,7.41556
2023-08-20,16:30,England,West Ham,Chelsea,Premier League,London Stadium,51.5386,-0.0164
2023-08-20,16:30,Germany,Ein Frankfurt,Darmstadt,Bundesliga,Deutsche Bank Park,50.068056,8.645806
2023-08-20,17:00,Austria,Sudtirol,Spezia,Serie B,Tivoli Stadion Tirol,47.25583,11.41083
2023-08-20,17:15,Turkey,Buyuksehyr,Karagumruk,Super Lig,Başakşehir Fatih Terim Stadium,41.12278,28.80861
2023-08-20,17:30,Italy,Roma,Salernitana,Serie A,Stadio Olimpico,41.93389,12.45472
2023-08-20,17:30,Belgium,Club Brugge,RWD Molenbeek,Belgian Pro League,Jan Breydel Stadium,51.19333,3.18056
2023-08-20,18:00,Spain,Girona,Getafe,La Liga,Montilivi,41.96139,2.82861
2023-08-20,18:00,Portugal,Porto,Farense,Primeira Liga,Estádio do Dragão,41.1618,-8.5839
2023-08-20,18:00,Greece,PAOK,Asteras Tripolis,Super League Greece,Toumba Stadium,40.61389,22.9725
2023-08-20,18:15,Belgium,Kortrijk,Eupen,Belgian Pro League,Guldensporen Stadion,50.830432,3.248906
2023-08-20,18:30,Spain,Barcelona,Cadiz,La Liga,Olímpic Lluís Companys,41.36472,2.15556
2023-08-20,19:30,Italy,Parma,FeralpiSalo,Serie B,Stadio Ennio Tardini,44.795,10.33833
2023-08-20,19:30,Italy,Venezia,Como,Serie B,Stadio Pier Luigi Penzo,45.4277611,12.3637306
2023-08-20,19:45,Italy,Lecce,Lazio,Serie A,Stadio Via del mare,40.36528,18.20889
2023-08-20,19:45,Italy,Udinese,Juventus,Serie A,Stadio Friuli,46.0816,13.2001
2023-08-20,19:45,France,Lens,Rennes,Ligue 1,Stade Bollaert-Delelis,50.43278,2.815
2023-08-20,19:45,Turkey,Besiktas,Pendikspor,Super Lig,Tüpraş Stadium,41.03917,28.99472
2023-08-20,19:45,Turkey,Gaziantep,Sivasspor,Super Lig,Gaziantep Stadium,37.12389,37.3825
2023-08-20,20:00,Greece,Olympiakos,Panserraikos,Super League Greece,Karaiskakis Stadium,37.94611,23.66444
2023-08-20,20:30,Spain,Betis,Ath Madrid,La Liga,Benito Villamarín,37.35639,-5.98139
2023-08-21,17:30,Italy,Torino,Cagliari,Serie A,Stadio Olimpico Grande Torino,45.04167,7.65
2023-08-21,18:00,Spain,Alaves,Sevilla,La Liga,Mendizorrotza,42.8371111,-2.6880444
2023-08-21,18:00,Spain,Villarreal B,Eldense,Segunda Division,La Cerámica,39.94417,-0.10361
2023-08-21,19:00,Turkey,Samsunspor,Fenerbahce,Super Lig,Samsun 19 Mayıs Stadium,41.22778,36.4575
2023-08-21,19:45,Italy,Bologna,Milan,Serie A,Stadio Renato Dall'Ara,44.49222,11.30972
2023-08-21,20:00,England,Crystal Palace,Arsenal,Premier League,Selhurst Park,51.39833,-0.08556
2023-08-21,20:15,Portugal,Famalicao,Moreirense,Primeira Liga,Estádio Municipal de Famalicão,41.40139,-8.5225
2023-08-21,20:30,Spain,Granada,Vallecano,La Liga,Montilivi,41.96139,2.82861
2023-08-25,18:30,Spain,Las Palmas,Sociedad,La Liga,Gran Canaria,28.10028,-15.45667
2023-08-25,19:00,Turkey,Konyaspor,Gaziantep,Super Lig,Konya Metropolitan Municipality Stadium,37.946,32.488
2023-08-25,19:00,Greece,Panetolikos,Giannina,Super League Greece,Panetolikos Stadium,38.63,21.41167
2023-08-25,19:30,Germany,RB Leipzig,Stuttgart,Bundesliga,Red Bull Arena,51.34583,12.34833
2023-08-25,19:30,Turkey,Sampdoria,Pisa,Serie B,Samsun 19 Mayıs Stadium,41.22778,36.4575
2023-08-25,20:00,England,Chelsea,Luton,Premier League,Stamford Bridge,51.481666666667,-0.19111111111111
2023-08-25,20:00,France,Nantes,Monaco,Ligue 1,Stade de la Beaujoire,47.256,-1.525
2023-08-25,20:15,Portugal,Estrela,Estoril,Primeira Liga,Estádio José Gomes,38.75194,-9.22806
2023-08-25,20:30,Spain,Celta,Real Madrid,La Liga,Balaídos,42.2118,-8.7397
2023-08-25,20:30,England,Cartagena,Levante,Segunda Division,Emirates Stadium,51.55667,-0.10611
2023-08-26,12:30,England,Bournemouth,Tottenham,Premier League,Dean Court,50.73528,-1.83833
2023-08-26,14:30,Germany,Bochum,Dortmund,Bundesliga,Vonovia Ruhrstadion,51.49,7.23667
2023-08-26,14:30,Germany,Freiburg,Werder Bremen,Bundesliga,Europa-Park Stadion,48.0216,7.8297
2023-08-26,14:30,Germany,Heidenheim,Hoffenheim,Bundesliga,Voith-Arena,48.66861,10.13944
2023-08-26,15:00,England,Arsenal,Fulham,Premier League,Emirates Stadium,51.55667,-0.10611
2023-08-26,15:00,England,Brentford,Crystal Palace,Premier League,Brentford Community Stadium,51.49083,-0.28861
2023-08-26,15:00,England,Everton,Wolves,Premier League,Goodison Park,53.438888888889,-2.9663888888889
2023-08-26,15:00,England,Man United,Nott'm Forest,Premier League,Old Trafford,53.463055555556,-2.2913888888889
2023-08-26,15:00,England,Ipswich,Leeds,Championship,Portman Road,52.055,1.14528
2023-08-26,15:00,Portugal,Preston,Swansea,Championship,Estádio do Dragão,41.1618,-8.5839
2023-08-26,15:00,England,Southampton,QPR,Championship,St Mary's Stadium,50.90583,-1.39111
2023-08-26,15:00,Belgium,West Brom,Middlesbrough,Championship,Het Kuipje,51.094817,4.928806
2023-08-26,15:00,Belgium,Westerlo,Mechelen,Belgian Pro League,Het Kuipje,51.094817,4.928806
2023-08-26,15:30,Portugal,Arouca,Portimonense,Primeira Liga,Estádio Municipal de Arouca,40.933,-8.2503
2023-08-26,17:00,Italy,Venezia,Cosenza,Serie B,Stadio Pier Luigi Penzo,45.4277611,12.3637306
2023-08-26,17:15,Turkey,Trabzonspor,Rizespor,Super Lig,Papara Park,40.99917,39.64583
2023-08-26,17:30,England,Brighton,West Ham,Premier League,Falmer Stadium,50.861822222222,-0.083277777777778
2023-08-26,17:30,Italy,Monza,Empoli,Serie A,Stadio Brianteo,45.58278,9.30806
2023-08-26,18:00,France,Marseille,Brest,Ligue 1,Orange Vélodrome,43.26972,5.39583
2023-08-26,18:00,France,Auxerre,Grenoble,Ligue 2,Stade Abbé Deschamps,47.7867528,3.5886639
2023-08-26,18:00,Portugal,Bastia,Troyes,Ligue 2,Estádio do Bessa,41.16222,-8.64278
2023-08-26,18:00,Greece,Paris FC,Concarneau,Ligue 2,Kleanthis Vikelidis Stadium,40.6,22.96944
2023-08-26,18:00,Portugal,Farense,Chaves,Primeira Liga,Estádio de São Luís,37.022861,-7.928444
2023-08-26,18:00,Greece,Asteras Tripolis,OFI Crete,Super League Greece,Theodoros Kolokotronis Stadium,37.5025,22.38861
2023-08-26,18:00,Greece,Panathinaikos,Volos NFC,Super League Greece,Athens Olympic Stadium,38.03606806,23.7876
2023-08-26,18:30,Spain,Granada,Mallorca,La Liga,Montilivi,41.96139,2.82861
2023-08-26,19:30,Italy,Como,Reggiana,Serie B,Stadio Giuseppe Sinigaglia,45.81389,9.07222
2023-08-26,19:30,France,Cremonese,Bari,Serie B,Roazhon Park,48.1075,-1.71278
2023-08-26,19:30,Netherlands,FeralpiSalo,Sudtirol,Serie B,Asito Stadion[3],52.33889,6.65056
2023-08-26,19:30,Italy,Modena,Ascoli,Serie B,Stadio Brianteo,45.58278,9.30806
2023-08-26,19:30,Italy,Parma,Cittadella,Serie B,Stadio Ennio Tardini,44.795,10.33833
2023-08-26,19:45,Italy,Milan,Torino,Serie A,San Siro,45.47806,9.12389
2023-08-26,19:45,Italy,Verona,Roma,Serie A,Stadio Marcantonio Bentegodi,45.43528,10.96861
2023-08-26,19:45,Belgium,Kortrijk,Standard,Belgian Pro League,Guldensporen Stadion,50.830432,3.248906
2023-08-26,19:45,Turkey,Sivasspor,Antalyaspor,Super Lig,BG Grup 4 Eylül Stadium,39.72833,36.98389
2023-08-26,20:00,France,Paris SG,Lens,Ligue 1,Parc des Princes,48.84138888888889,2.2530555555555556
2023-08-26,20:30,Spain,Sevilla,Girona,La Liga,Ramón Sánchez-Pizjuán,37.384,-5.9705
2023-08-26,20:30,Belgium,Elche,Villarreal B,Segunda Division,AFAS-stadion Achter de Kazerne,51.037184,4.486397
2023-08-26,20:30,Spain,Valladolid,Alcorcon,Segunda Division,José Zorrilla,41.64444,-4.76111
2023-08-26,20:30,Portugal,Gil Vicente,Benfica,Primeira Liga,Estádio Cidade de Barcelos,41.551,-8.623
2023-08-27,11:15,Netherlands,Zwolle,Utrecht,Eredivisie,MAC³PARK Stadion,52.51722,6.12083
2023-08-27,12:00,England,Watford,Blackburn,Championship,Brentford Community Stadium,51.49083,-0.28861
2023-08-27,12:00,France,Rennes,Le Havre,Ligue 1,Roazhon Park,48.1075,-1.71278
2023-08-27,12:30,Germany,St Pauli,Magdeburg,2. Bundesliga,Millerntor-Stadion,53.554583,9.967667
2023-08-27,13:30,Netherlands,Feyenoord,Almere City,Eredivisie,De Kuip,51.89389,4.52306
2023-08-27,14:00,England,Sheffield United,Man City,Premier League,Old Trafford,53.463055555556,-2.2913888888889
2023-08-27,14:00,France,Montpellier,Reims,Ligue 1,Stade de la Mosson,43.62222,3.81194
2023-08-27,14:00,France,Strasbourg,Toulouse,Ligue 1,Stade de la Meinau,48.56,7.755
2023-08-27,14:30,Germany,Mainz,Ein Frankfurt,Bundesliga,Mewa Arena,49.98417,8.22417
2023-08-27,15:00,Belgium,St Truiden,Cercle Brugge,Belgian Pro League,Stayen,50.813474,5.166256
2023-08-27,15:30,Portugal,Boavista,Casa Pia,Primeira Liga,Estádio do Bessa,41.16222,-8.64278
2023-08-27,15:45,Netherlands,Heerenveen,Sparta Rotterdam,Eredivisie,Abe Lenstra Stadion,52.95861,5.93611
2023-08-27,16:30,England,Newcastle,Liverpool,Premier League,St James' Park,54.975555555556,-1.6216666666667
2023-08-27,16:30,Spain,Villarreal,Barcelona,La Liga,La Cerámica,39.94417,-0.10361
2023-08-27,16:30,Germany,Bayern Munich,Augsburg,Bundesliga,Allianz Arena,48.218775,11.624752777778
2023-08-27,17:15,Turkey,Kayserispor,Samsunspor,Super Lig,RHG Enertürk Enerji Stadium,38.73722,35.42306
2023-08-27,17:15,Greece,Lamia,Aris,Super League Greece,Lamia Municipal Stadium,38.91,22.43111
2023-08-27,17:30,Italy,Fiorentina,Lecce,Serie A,Stadio Artemio Franchi,43.78083,11.28222
2023-08-27,17:30,Italy,Juventus,Bologna,Serie A,Juventus Stadium,45.10944,7.64111
2023-08-27,17:30,Belgium,Anderlecht,Charleroi,Belgian Pro League,Lotto Park,50.83417,4.29833
2023-08-27,18:00,Portugal,Guimaraes,Vizela,Primeira Liga,Estádio D. Afonso Henriques,41.44583,-8.30111
2023-08-27,18:30,Spain,Valencia,Osasuna,La Liga,Mestalla,39.47472,-0.35833
2023-08-27,18:30,Portugal,Amorebieta,Andorra,Segunda Division,Estádio Comendador Joaquim de Almeida Freitas,41.37806,-8.35472
2023-08-27,18:30,Denmark,Mirandes,Espanol,Segunda Division,Cepheus Park Randers,56.46594,10.010262
2023-08-27,19:00,Greece,PAOK,Kifisia,Super League Greece,Toumba Stadium,40.61389,22.9725
2023-08-27,19:30,Greece,Olympiakos,Atromitos,Super League Greece,Karaiskakis Stadium,37.94611,23.66444
2023-08-27,19:45,Italy,Lazio,Genoa,Serie A,Stadio Olimpico,41.93389,12.45472
2023-08-27,19:45,Italy,Napoli,Sassuolo,Serie A,Stadio Diego Armando Maradona,40.828,14.193
2023-08-27,19:45,France,Nice,Lyon,Ligue 1,Allianz Riviera,43.70528,7.1925
2023-08-27,19:45,Turkey,Alanyaspor,Hatayspor,Super Lig,Alanya Oba Stadium,36.5626,32.0792
2023-08-27,20:30,Spain,Ath Bilbao,Betis,La Liga,San Mamés,43.2643,-2.9504
2023-08-27,20:30,Spain,Leganes,Albacete,Segunda Division,Municipal de Butarque,40.3404,-3.7607
2023-08-28,18:00,France,Eldense,Eibar,Segunda Division,Stade Bollaert-Delelis,50.43278,2.815
2023-08-28,18:30,Spain,Getafe,Alaves,La Liga,Coliseum,40.32556,-3.71472
2023-08-28,19:45,Italy,Cagliari,Inter,Serie A,Unipol Domus,39.2,9.1375
2023-08-28,19:45,Netherlands,Annecy,St Etienne,Ligue 2,Goffertstadion,51.8225,5.83667
2023-08-28,20:15,Portugal,Rio Ave,Porto,Primeira Liga,Estádio dos Arcos,41.36278,-8.74028
2023-08-28,20:30,Spain,Vallecano,Ath Madrid,La Liga,Vallecas,40.39194,-3.65889
2023-08-28,20:30,Denmark,Santander,Huesca,Segunda Division,Cepheus Park Randers,56.46594,10.010262
2023-08-29,19:30,Italy,Ascoli,FeralpiSalo,Serie B,Stadio Diego Armando Maradona,40.828,14.193
2023-08-29,19:30,Italy,Cosenza,Modena,Serie B,Stadio Brianteo,45.58278,9.30806
2023-08-30,19:30,Greece,Bari,Cittadella,Serie B,Kleanthis Vikelidis Stadium,40.6,22.96944
2023-08-30,19:30,Turkey,Sampdoria,Venezia,Serie B,Samsun 19 Mayıs Stadium,41.22778,36.4575
2023-09-01,17:30,Netherlands,Fortuna Dusseldorf,Karlsruhe,2. Bundesliga,Fortuna Sittard Stadion,50.992069,5.843675
2023-09-01,18:30,Spain,Alcorcon,Ferrol,Segunda Division,Mallorca Son Moix,39.59,2.63
2023-09-01,19:00,Netherlands,Sparta Rotterdam,Nijmegen,Eredivisie,Spartastadion Het Kasteel,51.919485,4.433619
2023-09-01,19:00,Turkey,Rizespor,Karagumruk,Super Lig,Rize City Stadium,41.04202,40.5733
2023-09-01,19:30,Germany,Dortmund,Heidenheim,Bundesliga,Signal Iduna Park,51.4925,7.45167
2023-09-01,19:45,Italy,Roma,Milan,Serie A,Stadio Olimpico,41.93389,12.45472
2023-09-01,19:45,Belgium,Oud-Heverlee Leuven,Kortrijk,Belgian Pro League,Den Dreef,50.86833,4.69417
2023-09-01,20:00,France,Nantes,Marseille,Ligue 1,Stade de la Beaujoire,47.256,-1.525
2023-09-01,21:00,Spain,Almeria,Celta,La Liga,Mestalla,39.47472,-0.35833
2023-09-02,12:00,Germany,Holstein Kiel,Paderborn,2. Bundesliga,Holstein-Stadion,54.34917,10.12361
2023-09-02,12:00,Germany,Magdeburg,Hertha,2. Bundesliga,WWK Arena,48.32306,10.88611
2023-09-02,12:00,Belgium,Wehen,Schalke 04,2. Bundesliga,AFAS-stadion Achter de Kazerne,51.037184,4.486397
2023-09-02,12:30,England,Sheffield United,Everton,Premier League,Old Trafford,53.463055555556,-2.2913888888889
2023-09-02,13:00,Spain,Sociedad,Granada,La Liga,Anoeta,43.30139,-1.97361
2023-09-02,14:30,Germany,Augsburg,Bochum,Bundesliga,WWK Arena,48.32306,10.88611
2023-09-02,14:30,Germany,Hoffenheim,Wolfsburg,Bundesliga,PreZero Arena,49.23806,8.8875
2023-09-02,14:30,Germany,Leverkusen,Darmstadt,Bundesliga,BayArena,51.03833,7.00222
2023-09-02,14:30,Germany,Stuttgart,Freiburg,Bundesliga,MHPArena,48.79222,9.23194
2023-09-02,14:30,Germany,Werder Bremen,Mainz,Bundesliga,Weserstadion,53.06639,8.8375
2023-09-02,15:00,England,Brentford,Bournemouth,Premier League,Brentford Community Stadium,51.49083,-0.28861
2023-09-02,15:00,England,Chelsea,Nott'm Forest,Premier League,Stamford Bridge,51.481666666667,-0.19111111111111
2023-09-02,15:00,England,Man City,Fulham,Premier League,City of Manchester Stadium,53.483055555556,-2.2002777777778
2023-09-02,15:00,England,Ipswich,Cardiff,Championship,Portman Road,52.055,1.14528
2023-09-02,15:00,England,Leicester,Hull,Championship,King Power Stadium,52.620277777778,-1.1422222222222
2023-09-02,15:00,Belgium,West Brom,Huddersfield,Championship,Het Kuipje,51.094817,4.928806
2023-09-02,15:00,Belgium,Cercle Brugge,Westerlo,Belgian Pro League,Jan Breydel Stadium,51.19333,3.18056
2023-09-02,15:15,Spain,Real Madrid,Getafe,La Liga,Santiago Bernabéu,40.45306,-3.68835
2023-09-02,15:30,Netherlands,Almere City,Zwolle,Eredivisie,Yanmar Stadion,52.3944,5.2405
2023-09-02,15:30,Portugal,Casa Pia,Rio Ave,Primeira Liga,Estádio Municipal de Rio Maior[A],39.34444,-8.93528
2023-09-02,16:00,France,Brest,Rennes,Ligue 1,Stade Francis-Le Blé,48.402932,-4.461694
2023-09-02,17:15,Belgium,Mechelen,Eupen,Belgian Pro League,AFAS-stadion Achter de Kazerne,51.037184,4.486397
2023-09-02,17:15,Turkey,Buyuksehyr,Konyaspor,Super Lig,Başakşehir Fatih Terim Stadium,41.12278,28.80861
2023-09-02,17:30,England,Brighton,Newcastle,Premier League,Falmer Stadium,50.861822222222,-0.083277777777778
2023-09-02,17:30,Spain,Alaves,Valencia,La Liga,Mendizorrotza,42.8371111,-2.6880444
2023-09-02,17:30,Spain,Levante,Oviedo,Segunda Division,Municipal de Butarque,40.3404,-3.7607
2023-09-02,17:30,Italy,Bologna,Cagliari,Serie A,Stadio Renato Dall'Ara,44.49222,11.30972
2023-09-02,17:30,Italy,Udinese,Frosinone,Serie A,Stadio Friuli,46.0816,13.2001
2023-09-02,17:30,Italy,Modena,Pisa,Serie B,Stadio Brianteo,45.58278,9.30806
2023-09-02,17:30,Italy,Palermo,FeralpiSalo,Serie B,Stadio Ennio Tardini,44.795,10.33833
2023-09-02,17:30,Italy,Parma,Reggiana,Serie B,Stadio Ennio Tardini,44.795,10.33833
2023-09-02,17:30,Austria,Sudtirol,Ascoli,Serie B,Tivoli Stadion Tirol,47.25583,11.41083
2023-09-02,17:45,Netherlands,Go Ahead Eagles,Heerenveen,Eredivisie,De Adelaarshorst,52.260416,6.172578
2023-09-02,18:00,Portugal,Amiens,Guingamp,Ligue 2,Estádio Comendador Joaquim de Almeida Freitas,41.37806,-8.35472
2023-09-02,18:00,France,Angers,Paris FC,Ligue 2,Stade Raymond Kopa,47.460458,-0.530741
2023-09-02,18:00,Italy,Grenoble,Bastia,Ligue 2,Stadio Luigi Ferraris,44.41639,8.9525
2023-09-02,18:00,Greece,Laval,Caen,Ligue 2,Lamia Municipal Stadium,38.91,22.43111
2023-09-02,18:00,France,St Etienne,Valenciennes,Ligue 2,Stade Geoffroy Guichard,45.46083,4.39028
2023-09-02,18:00,Portugal,Famalicao,Farense,Primeira Liga,Estádio Municipal de Famalicão,41.40139,-8.5225
2023-09-02,19:00,Netherlands,Waalwijk,PSV Eindhoven,Eredivisie,Mandemakers Stadion,51.68694,5.08861
2023-09-02,19:00,Greece,Panserraikos,Panetolikos,Super League Greece,Serres Municipal Stadium,41.0847,23.5466
2023-09-02,19:45,Italy,Atalanta,Monza,Serie A,Gewiss Stadium,45.70889,9.68083
2023-09-02,19:45,Italy,Napoli,Lazio,Serie A,Stadio Diego Armando Maradona,40.828,14.193
2023-09-02,19:45,Belgium,Standard,RWD Molenbeek,Belgian Pro League,Stade Maurice Dufrasne,50.61,5.54333
2023-09-02,19:45,Turkey,Antalyaspor,Kayserispor,Super Lig,Corendon Airlines Park,36.888278,30.668444
2023-09-02,19:45,Turkey,Gaziantep,Galatasaray,Super Lig,Gaziantep Stadium,37.12389,37.3825
2023-09-02,20:00,Spain,Betis,Vallecano,La Liga,Benito Villamarín,37.35639,-5.98139
2023-09-02,20:00,Belgium,Elche,Santander,Segunda Division,AFAS-stadion Achter de Kazerne,51.037184,4.486397
2023-09-02,20:00,Spain,Villarreal B,Cartagena,Segunda Division,La Cerámica,39.94417,-0.10361
2023-09-02,20:00,France,Monaco,Lens,Ligue 1,Stade Louis II,43.7275,7.41556
2023-09-02,20:00,Netherlands,Heracles,Excelsior,Eredivisie,Asito Stadion[3],52.33889,6.65056
2023-09-02,20:30,Portugal,Benfica,Guimaraes,Primeira Liga,Estádio da Luz,38.7527,-9.1847
2023-09-03,11:15,Netherlands,Utrecht,Feyenoord,Eredivisie,Stadion Galgenwaard,52.07833,5.14583
2023-09-03,12:00,France,Toulouse,Clermont,Ligue 1,Stadium de Toulouse,43.58306,1.43417
2023-09-03,12:30,Belgium,Gent,Club Brugge,Belgian Pro League,Planet Group Arena,51.01611,3.73417
2023-09-03,13:00,Spain,Girona,Las Palmas,La Liga,Montilivi,41.96139,2.82861
2023-09-03,13:30,Netherlands,For Sittard,Ajax,Eredivisie,Fortuna Sittard Stadion,50.992069,5.843675
2023-09-03,14:00,England,Crystal Palace,Wolves,Premier League,Selhurst Park,51.39833,-0.08556
2023-09-03,14:00,England,Liverpool,Aston Villa,Premier League,Anfield,53.4308,-2.9608
2023-09-03,14:00,France,Le Havre,Lorient,Ligue 1,Stade Océane,49.49889,0.16972
2023-09-03,14:00,France,Lille,Montpellier,Ligue 1,Decathlon Arena Pierre Mauroy Stadium,50.6119,3.1304
2023-09-03,14:30,Germany,Ein Frankfurt,FC Koln,Bundesliga,Deutsche Bank Park,50.068056,8.645806
2023-09-03,15:15,Spain,Mallorca,Ath Bilbao,La Liga,Mallorca Son Moix,39.59,2.63
2023-09-03,15:15,France,Brescia,Cosenza,Serie B,Stade Francis-Le Blé,48.402932,-4.461694
2023-09-03,15:30,Portugal,Chaves,Moreirense,Primeira Liga,Estádio do CD Aves,41.366932,-8.411789
2023-09-03,15:30,Portugal,Estoril,Boavista,Primeira Liga,Estádio António Coimbra da Mota,38.71583,-9.40639
2023-09-03,16:05,France,Nice,Strasbourg,Ligue 1,Allianz Riviera,43.70528,7.1925
2023-09-03,16:30,England,Arsenal,Man United,Premier League,Emirates Stadium,51.55667,-0.10611
2023-09-03,16:30,Germany,Union Berlin,RB Leipzig,Bundesliga,Stadion An der Alten Försterei,52.45722,13.56806
2023-09-03,17:15,Turkey,Besiktas,Sivasspor,Super Lig,Tüpraş Stadium,41.03917,28.99472
2023-09-03,17:30,Spain,Espanol,Amorebieta,Segunda Division,RCDE Stadium,41.34778,2.07556
2023-09-03,17:30,Portugal,Zaragoza,Eldense,Segunda Division,Estádio Municipal de Braga,41.5625,-8.43
2023-09-03,17:30,Italy,Torino,Genoa,Serie A,Stadio Olimpico Grande Torino,45.04167,7.65
2023-09-03,17:30,France,Cremonese,Sampdoria,Serie B,Roazhon Park,48.1075,-1.71278
2023-09-03,17:30,Italy,Lecco,Catanzaro,Serie B,Stadio Via del mare,40.36528,18.20889
2023-09-03,17:30,Italy,Spezia,Como,Serie B,Stadio Pier Luigi Penzo,45.4277611,12.3637306
2023-09-03,17:30,Belgium,Genk,Anderlecht,Belgian Pro League,Cegeka Arena,51.005,5.53333
2023-09-03,18:00,Portugal,Porto,Arouca,Primeira Liga,Estádio do Dragão,41.1618,-8.5839
2023-09-03,18:00,Greece,Aris,Asteras Tripolis,Super League Greece,Kleanthis Vikelidis Stadium,40.6,22.96944
2023-09-03,18:00,Greece,Olympiakos,Lamia,Super League Greece,Karaiskakis Stadium,37.94611,23.66444
2023-09-03,18:15,Belgium,Charleroi,St Truiden,Belgian Pro League,Stade du Pays de Charleroi,50.414609,4.453787
2023-09-03,19:30,Greece,Volos NFC,AEK,Super League Greece,Panthessaliko Stadium,39.3875,22.93111
2023-09-03,19:45,Italy,Empoli,Juventus,Serie A,Stadio Carlo Castellani - Computer Gross Arena,43.72639,10.955
2023-09-03,19:45,Italy,Lecce,Salernitana,Serie A,Stadio Via del mare,40.36528,18.20889
2023-09-03,19:45,France,Lyon,Paris SG,Ligue 1,Groupama Stadium,45.765224,4.982131
2023-09-03,19:45,Turkey,Hatayspor,Ad. Demirspor,Super Lig,Mersin Stadium[note 1],36.82056,34.53861
2023-09-03,20:00,Spain,Osasuna,Barcelona,La Liga,El Sadar,42.79667,-1.63694
2023-09-03,20:30,Portugal,Sp Braga,Sp Lisbon,Primeira Liga,Estádio Municipal de Braga,41.5625,-8.43
2023-09-08,20:00,Spain,Levante,Espanol,Segunda Division,Municipal de Butarque,40.3404,-3.7607
2023-09-09,18:00,Portugal,Moreirense,Sp Braga,Primeira Liga,Estádio Comendador Joaquim de Almeida Freitas,41.37806,-8.35472
2023-09-09,20:00,Spain,Leganes,Huesca,Segunda Division,Municipal de Butarque,40.3404,-3.7607
2023-09-10,15:15,Denmark,Santander,Amorebieta,Segunda Division,Cepheus Park Randers,56.46594,10.010262
2023-09-10,17:30,England,Cartagena,Zaragoza,Segunda Division,Emirates Stadium,51.55667,-0.10611
2023-09-10,17:30,Denmark,Mirandes,Andorra,Segunda Division,Cepheus Park Randers,56.46594,10.010262
2023-09-10,20:00,Spain,Valladolid,Elche,Segunda Division,José Zorrilla,41.64444,-4.76111
2023-09-11,20:00,France,Eldense,Alcorcon,Segunda Division,Stade Bollaert-Delelis,50.43278,2.815
2023-09-15,19:15,Portugal,Estrela,Porto,Primeira Liga,Estádio José Gomes,38.75194,-9.22806
2023-09-15,19:30,Germany,Bayern Munich,Leverkusen,Bundesliga,Allianz Arena,48.218775,11.624752777778
2023-09-15,19:30,Italy,Venezia,Spezia,Serie B,Stadio Pier Luigi Penzo,45.4277611,12.3637306
2023-09-15,19:45,Belgium,Westerlo,Antwerp,Belgian Pro League,Het Kuipje,51.094817,4.928806
2023-09-15,20:00,England,Southampton,Leicester,Championship,St Mary's Stadium,50.90583,-1.39111
2023-09-15,20:00,Spain,Vallecano,Alaves,La Liga,Vallecas,40.39194,-3.65889
2023-09-15,20:00,France,Paris SG,Nice,Ligue 1,Parc des Princes,48.84138888888889,2.2530555555555556
2023-09-15,20:30,Portugal,Zaragoza,Santander,Segunda Division,Estádio Municipal de Braga,41.5625,-8.43
2023-09-16,12:30,England,Wolves,Liverpool,Premier League,Molineux Stadium,52.59028,-2.13028
2023-09-16,13:00,Spain,Ath Bilbao,Cadiz,La Liga,San Mamés,43.2643,-2.9504
2023-09-16,13:00,Italy,Ascoli,Palermo,Serie B,Stadio Diego Armando Maradona,40.828,14.193
2023-09-16,13:00,Italy,Cosenza,Sudtirol,Serie B,Stadio Brianteo,45.58278,9.30806
2023-09-16,13:00,Netherlands,FeralpiSalo,Modena,Serie B,Asito Stadion[3],52.33889,6.65056
2023-09-16,13:00,Italy,Lecco,Brescia,Serie B,Stadio Via del mare,40.36528,18.20889
2023-09-16,14:00,Italy,Juventus,Lazio,Serie A,Juventus Stadium,45.10944,7.64111
2023-09-16,14:30,Germany,Freiburg,Dortmund,Bundesliga,Europa-Park Stadion,48.0216,7.8297
2023-09-16,14:30,Germany,Mainz,Stuttgart,Bundesliga,Mewa Arena,49.98417,8.22417
2023-09-16,14:30,Germany,RB Leipzig,Augsburg,Bundesliga,Red Bull Arena,51.34583,12.34833
2023-09-16,14:30,Germany,Wolfsburg,Union Berlin,Bundesliga,Volkswagen Arena,52.43278,10.80389
2023-09-16,15:00,England,Aston Villa,Crystal Palace,Premier League,Villa Park,52.509166666667,-1.8847222222222
2023-09-16,15:00,England,Fulham,Luton,Premier League,Craven Cottage,51.475,-0.22166666666667
2023-09-16,15:00,England,Man United,Brighton,Premier League,Old Trafford,53.463055555556,-2.2913888888889
2023-09-16,15:00,England,Tottenham,Sheffield United,Premier League,Tottenham Hotspur Stadium,51.6044,-0.0664
2023-09-16,15:00,England,West Ham,Man City,Premier League,London Stadium,51.5386,-0.0164
2023-09-16,15:00,England,Bristol City,West Brom,Championship,King Power Stadium,52.620277777778,-1.1422222222222
2023-09-16,15:00,Croatia,Norwich,Stoke,Championship,ŠRC Velika Gorica,45.724,16.0732
2023-09-16,15:00,Portugal,Preston,Plymouth,Championship,Estádio do Dragão,41.1618,-8.5839
2023-09-16,15:00,England,Watford,Birmingham,Championship,Brentford Community Stadium,51.49083,-0.28861
2023-09-16,15:00,Turkey,Kayserispor,Gaziantep,Super Lig,RHG Enertürk Enerji Stadium,38.73722,35.42306
2023-09-16,15:00,Turkey,Konyaspor,Rizespor,Super Lig,Konya Metropolitan Municipality Stadium,37.946,32.488
2023-09-16,15:15,Spain,Valencia,Ath Madrid,La Liga,Mestalla,39.47472,-0.35833
2023-09-16,15:30,Netherlands,Feyenoord,Heerenveen,Eredivisie,De Kuip,51.89389,4.52306
2023-09-16,15:30,Portugal,Rio Ave,Famalicao,Primeira Liga,Estádio dos Arcos,41.36278,-8.74028
2023-09-16,15:30,Greece,Lamia,OFI Crete,Super League Greece,Lamia Municipal Stadium,38.91,22.43111
2023-09-16,16:00,France,Rennes,Lille,Ligue 1,Roazhon Park,48.1075,-1.71278
2023-09-16,17:30,England,Newcastle,Brentford,Premier League,St James' Park,54.975555555556,-1.6216666666667
2023-09-16,17:30,Spain,Celta,Mallorca,La Liga,Balaídos,42.2118,-8.7397
2023-09-16,17:30,Spain,Alcorcon,Levante,Segunda Division,Mallorca Son Moix,39.59,2.63
2023-09-16,17:30,Spain,Valladolid,Cartagena,Segunda Division,José Zorrilla,41.64444,-4.76111
2023-09-16,17:30,Germany,Bochum,Ein Frankfurt,Bundesliga,Vonovia Ruhrstadion,51.49,7.23667
2023-09-16,18:00,Netherlands,Annecy,Troyes,Ligue 2,Goffertstadion,51.8225,5.83667
2023-09-16,18:00,France,Auxerre,Pau FC,Ligue 2,Stade Abbé Deschamps,47.7867528,3.5886639
2023-09-16,18:00,Portugal,Bastia,Laval,Ligue 2,Estádio do Bessa,41.16222,-8.64278
2023-09-16,18:00,Greece,Paris FC,Amiens,Ligue 2,Kleanthis Vikelidis Stadium,40.6,22.96944
2023-09-16,18:00,Spain,Valenciennes,Bordeaux,Ligue 2,Mestalla,39.47472,-0.35833
2023-09-16,18:00,Portugal,Farense,Sp Braga,Primeira Liga,Estádio de São Luís,37.022861,-7.928444
2023-09-16,18:00,Turkey,Ad. Demirspor,Pendikspor,Super Lig,New Adana Stadium,37.06333,35.375
2023-09-16,18:00,Turkey,Galatasaray,Samsunspor,Super Lig,Rams Park,41.10278,28.99056
2023-09-16,18:30,Greece,Panetolikos,Panathinaikos,Super League Greece,Panetolikos Stadium,38.63,21.41167
2023-09-16,19:00,Netherlands,For Sittard,Volendam,Eredivisie,Fortuna Sittard Stadion,50.992069,5.843675
2023-09-16,19:00,Netherlands,PSV Eindhoven,Nijmegen,Eredivisie,Philips Stadion,51.44167,5.4675
2023-09-16,19:45,Italy,Genoa,Napoli,Serie A,Stadio Luigi Ferraris,44.41639,8.9525
2023-09-16,19:45,Belgium,Club Brugge,Charleroi,Belgian Pro League,Jan Breydel Stadium,51.19333,3.18056
2023-09-16,20:00,Spain,Barcelona,Betis,La Liga,Olímpic Lluís Companys,41.36472,2.15556
2023-09-16,20:00,France,Lens,Metz,Ligue 1,Stade Bollaert-Delelis,50.43278,2.815
2023-09-16,20:00,Netherlands,Heracles,Utrecht,Eredivisie,Asito Stadion[3],52.33889,6.65056
2023-09-17,11:15,Netherlands,Zwolle,Go Ahead Eagles,Eredivisie,MAC³PARK Stadion,52.51722,6.12083
2023-09-17,11:30,Italy,Cagliari,Udinese,Serie A,Unipol Domus,39.2,9.1375
2023-09-17,12:30,Germany,St Pauli,Holstein Kiel,2. Bundesliga,Millerntor-Stadion,53.554583,9.967667
2023-09-17,13:00,Spain,Getafe,Osasuna,La Liga,Coliseum,40.32556,-3.71472
2023-09-17,13:00,Portugal,Amorebieta,Mirandes,Segunda Division,Estádio Comendador Joaquim de Almeida Freitas,41.37806,-8.35472
2023-09-17,13:00,Greece,Asteras Tripolis,Giannina,Super League Greece,Theodoros Kolokotronis Stadium,37.5025,22.38861
2023-09-17,13:30,Netherlands,Twente,Ajax,Eredivisie,De Grolsch Veste,52.23667,6.8375
2023-09-17,14:00,England,Bournemouth,Chelsea,Premier League,Dean Court,50.73528,-1.83833
2023-09-17,14:00,Italy,Monza,Lecce,Serie A,Stadio Brianteo,45.58278,9.30806
2023-09-17,14:00,France,Reims,Brest,Ligue 1,Stade Auguste Delaune,49.24667,4.025
2023-09-17,14:00,France,Strasbourg,Montpellier,Ligue 1,Stade de la Meinau,48.56,7.755
2023-09-17,14:30,Germany,Heidenheim,Werder Bremen,Bundesliga,Voith-Arena,48.66861,10.13944
2023-09-17,15:00,Belgium,Kortrijk,Anderlecht,Belgian Pro League,Guldensporen Stadion,50.830432,3.248906
2023-09-17,15:00,Turkey,Fenerbahce,Antalyaspor,Super Lig,Ülker Stadium,40.98778,29.03694
2023-09-17,15:00,Turkey,Istanbulspor,Buyuksehyr,Super Lig,Samsun 19 Mayıs Stadium,41.22778,36.4575
2023-09-17,15:15,Spain,Villarreal,Almeria,La Liga,La Cerámica,39.94417,-0.10361
2023-09-17,15:15,Italy,Como,Ternana,Serie B,Stadio Giuseppe Sinigaglia,45.81389,9.07222
2023-09-17,15:30,Portugal,Arouca,Casa Pia,Primeira Liga,Estádio Municipal de Arouca,40.933,-8.2503
2023-09-17,15:30,Portugal,Gil Vicente,Estoril,Primeira Liga,Estádio Cidade de Barcelos,41.551,-8.623
2023-09-17,16:05,France,Marseille,Toulouse,Ligue 1,Orange Vélodrome,43.26972,5.39583
2023-09-17,16:30,England,Everton,Arsenal,Premier League,Goodison Park,53.438888888889,-2.9663888888889
2023-09-17,17:00,Italy,Fiorentina,Atalanta,Serie A,Stadio Artemio Franchi,43.78083,11.28222
2023-09-17,17:30,Spain,Sevilla,Las Palmas,La Liga,Ramón Sánchez-Pizjuán,37.384,-5.9705
2023-09-17,17:30,Belgium,Elche,Leganes,Segunda Division,AFAS-stadion Achter de Kazerne,51.037184,4.486397
2023-09-17,17:30,Spain,Espanol,Eldense,Segunda Division,RCDE Stadium,41.34778,2.07556
2023-09-17,17:30,Belgium,Oud-Heverlee Leuven,Gent,Belgian Pro League,Den Dreef,50.86833,4.69417
2023-09-17,18:00,Portugal,Guimaraes,Portimonense,Primeira Liga,Estádio D. Afonso Henriques,41.44583,-8.30111
2023-09-17,18:00,Turkey,Alanyaspor,Kasimpasa,Super Lig,Alanya Oba Stadium,36.5626,32.0792
2023-09-17,18:00,Turkey,Trabzonspor,Besiktas,Super Lig,Papara Park,40.99917,39.64583
2023-09-17,18:15,Belgium,St Truiden,Mechelen,Belgian Pro League,Stayen,50.813474,5.166256
2023-09-17,18:30,Greece,PAOK,Aris,Super League Greece,Toumba Stadium,40.61389,22.9725
2023-09-17,19:45,Italy,Roma,Empoli,Serie A,Stadio Olimpico,41.93389,12.45472
2023-09-17,19:45,France,Lyon,Le Havre,Ligue 1,Groupama Stadium,45.765224,4.982131
2023-09-17,20:00,Spain,Real Madrid,Sociedad,La Liga,Santiago Bernabéu,40.45306,-3.68835
2023-09-18,16:00,Greece,Atromitos,Volos NFC,Super League Greece,Peristeri Stadium,38.00472,23.68972
2023-09-18,18:00,Turkey,Sivasspor,Ankaragucu,Super Lig,BG Grup 4 Eylül Stadium,39.72833,36.98389
2023-09-18,19:30,Turkey,Sampdoria,Cittadella,Serie B,Samsun 19 Mayıs Stadium,41.22778,36.4575
2023-09-18,19:45,England,Nott'm Forest,Burnley,Premier League,City Ground,52.94,-1.13278
2023-09-18,19:45,Italy,Verona,Bologna,Serie A,Stadio Marcantonio Bentegodi,45.43528,10.96861
2023-09-18,20:00,Spain,Granada,Girona,La Liga,Montilivi,41.96139,2.82861
2023-09-18,20:15,Portugal,Boavista,Chaves,Primeira Liga,Estádio do Bessa,41.16222,-8.64278
2023-09-19,18:45,Italy,Milan,Newcastle United,Europa League,San Siro,45.47806,9.12389
2023-09-19,18:45,Denmark,Young Boys,RB Leipzig,Europa League,Lyngby Stadium,55.78134,12.505628
2023-09-19,19:45,England,Bristol City,Plymouth,Championship,King Power Stadium,52.620277777778,-1.1422222222222
2023-09-19,19:45,Portugal,Preston,Birmingham,Championship,Estádio do Dragão,41.1618,-8.5839
2023-09-19,19:45,England,Southampton,Ipswich,Championship,St Mary's Stadium,50.90583,-1.39111
2023-09-19,21:00,Netherlands,Feyenoord,Celtic,Europa League,De Kuip,51.89389,4.52306
2023-09-19,21:00,Italy,Lazio,Atlético Madrid,Europa League,Stadio Olimpico,41.93389,12.45472
2023-09-19,21:00,France,Paris Saint-Germain,Borussia Dortmund,Europa League,Parc des Princes,48.84138888888889,2.2530555555555556
2023-09-19,21:00,Spain,Barcelona,Antwerp,Europa League,Olímpic Lluís Companys,41.36472,2.15556
2023-09-19,21:00,Ukraine,Shakhtar Donetsk,Porto,Europa League,Arena Lviv,49.77528,24.02778
2023-09-19,21:00(20:00UTC+1),England,Manchester City,Red Star Belgrade,Europa League,City of Manchester Stadium,53.483055555556,-2.2002777777778
2023-09-20,18:45,Spain,Real Madrid,Union Berlin,Europa League,Santiago Bernabéu,40.45306,-3.68835
2023-09-20,18:45(19:45UTC+3),Turkey,Galatasaray,Copenhagen,Europa League,Rams Park,41.10278,28.99056
2023-09-20,19:45,England,Watford,West Brom,Championship,Brentford Community Stadium,51.49083,-0.28861
2023-09-20,20:00,Croatia,Norwich,Leicester,Championship,ŠRC Velika Gorica,45.724,16.0732
2023-09-20,21:00,Germany,Bayern Munich,Manchester United,Europa League,Allianz Arena,48.218775,11.624752777778
2023-09-20,21:00,Spain,Sevilla,Lens,Europa League,Ramón Sánchez-Pizjuán,37.384,-5.9705
2023-09-20,21:00,Spain,Real Sociedad,Inter Milan,Europa League,Anoeta,43.30139,-1.97361
2023-09-20,21:00(20:00UTC+1),England,Arsenal,PSV Eindhoven,Europa League,Emirates Stadium,51.55667,-0.10611
2023-09-20,21:00(20:00UTC+1),Portugal,Braga,Napoli,Europa League,Estádio Municipal de Braga,41.5625,-8.43
2023-09-20,21:00(20:00UTC+1),Portugal,Benfica,Red Bull Salzburg,Europa League,Estádio da Luz,38.7527,-9.1847
2023-09-21,18:45,Austria,LASK,Liverpool,Europa League,Raiffeisen Arena,48.293639,14.276667
2023-09-21,18:45,France,Rennes,Maccabi Haifa,Europa League,Roazhon Park,48.1075,-1.71278
2023-09-21,18:45,Germany,Bayer Leverkusen,BK Häcken,Europa League,BayArena,51.03833,7.00222
2023-09-21,18:45(19:45UTC+3),Greece,Panathinaikos,Villarreal,Europa League,Athens Olympic Stadium,38.03606806,23.7876
2023-09-21,18:45(20:45UTC+4),Denmark,Qarabağ,Molde,Europa League,Aalborg Portland Park,57.052056,9.898556
2023-09-21,21:00,Netherlands,Ajax,Marseille,Europa League,Johan Cruyff Arena,52.31417,4.94194
2023-09-21,21:00,Czech Republic,Sparta Prague,Aris Limassol,Europa League,epet ARENA,50.09972,14.41583
2023-09-21,21:00,Italy,Atalanta,Raków Częstochowa,Europa League,Gewiss Stadium,45.70889,9.68083
2023-09-21,21:00,Austria,Sturm Graz,Sporting CP,Europa League,Merkur-Arena,47.04611,15.45444
2023-09-21,21:00(20:00UTC+1),England,West Ham United,TSC,Europa League,London Stadium,51.5386,-0.0164
2023-09-21,21:00(20:00UTC+1),England,Brighton & Hove Albion,AEK Athens,Europa League,Falmer Stadium,50.861822222222,-0.083277777777778
2023-09-21,21:00(20:00UTC+1),France,Rangers,Real Betis,Europa League,Stade Raymond Kopa,47.460458,-0.530741
2023-09-21,21:00(22:00UTC+3),Greece,Olympiacos,SC Freiburg,Europa League,Karaiskakis Stadium,37.94611,23.66444
2023-09-22,17:30,Germany,Magdeburg,Paderborn,2. Bundesliga,WWK Arena,48.32306,10.88611
2023-09-22,18:00,Turkey,Gaziantep,Istanbulspor,Super Lig,Gaziantep Stadium,37.12389,37.3825
2023-09-22,19:00,Netherlands,Go Ahead Eagles,For Sittard,Eredivisie,De Adelaarshorst,52.260416,6.172578
2023-09-22,19:30,Germany,Stuttgart,Darmstadt,Bundesliga,MHPArena,48.79222,9.23194
2023-09-22,19:30,Italy,Palermo,Cosenza,Serie B,Stadio Ennio Tardini,44.795,10.33833
2023-09-22,19:45,Italy,Lecce,Genoa,Serie A,Stadio Via del mare,40.36528,18.20889
2023-09-22,19:45,Belgium,Standard,Westerlo,Belgian Pro League,Stade Maurice Dufrasne,50.61,5.54333
2023-09-22,20:00,Spain,Alaves,Ath Bilbao,La Liga,Mendizorrotza,42.8371111,-2.6880444
2023-09-22,20:00,England,Cartagena,Eibar,Segunda Division,Emirates Stadium,51.55667,-0.10611
2023-09-22,20:00,France,Monaco,Nice,Ligue 1,Stade Louis II,43.7275,7.41556
2023-09-22,20:15,Portugal,Famalicao,Arouca,Primeira Liga,Estádio Municipal de Famalicão,41.40139,-8.5225
2023-09-23,12:00,Belgium,Wehen,Elversberg,2. Bundesliga,AFAS-stadion Achter de Kazerne,51.037184,4.486397
2023-09-23,13:00,Spain,Girona,Mallorca,La Liga,Montilivi,41.96139,2.82861
2023-09-23,13:00,France,Brescia,Venezia,Serie B,Stade Francis-Le Blé,48.402932,-4.461694
2023-09-23,13:00,France,Cremonese,Ascoli,Serie B,Roazhon Park,48.1075,-1.71278
2023-09-23,13:00,Netherlands,FeralpiSalo,Pisa,Serie B,Asito Stadion[3],52.33889,6.65056
2023-09-23,13:00,Italy,Modena,Lecco,Serie B,Stadio Brianteo,45.58278,9.30806
2023-09-23,14:00,Italy,Milan,Verona,Serie A,San Siro,45.47806,9.12389
2023-09-23,14:30,Germany,Augsburg,Mainz,Bundesliga,WWK Arena,48.32306,10.88611
2023-09-23,14:30,Germany,Bayern Munich,Bochum,Bundesliga,Allianz Arena,48.218775,11.624752777778
2023-09-23,14:30,Germany,Dortmund,Wolfsburg,Bundesliga,Signal Iduna Park,51.4925,7.45167
2023-09-23,14:30,Germany,Union Berlin,Hoffenheim,Bundesliga,Stadion An der Alten Försterei,52.45722,13.56806
2023-09-23,15:00,England,Crystal Palace,Fulham,Premier League,Selhurst Park,51.39833,-0.08556
2023-09-23,15:00,England,Man City,Nott'm Forest,Premier League,City of Manchester Stadium,53.483055555556,-2.2002777777778
2023-09-23,15:00,England,Ipswich,Blackburn,Championship,Portman Road,52.055,1.14528
2023-09-23,15:00,England,Leicester,Bristol City,Championship,King Power Stadium,52.620277777778,-1.1422222222222
2023-09-23,15:00,Belgium,West Brom,Millwall,Championship,Het Kuipje,51.094817,4.928806
2023-09-23,15:00,Belgium,Charleroi,Kortrijk,Belgian Pro League,Stade du Pays de Charleroi,50.414609,4.453787
2023-09-23,15:00,Turkey,Rizespor,Sivasspor,Super Lig,Rize City Stadium,41.04202,40.5733
2023-09-23,15:15,Spain,Osasuna,Sevilla,La Liga,El Sadar,42.79667,-1.63694
2023-09-23,15:15,Spain,Levante,Eldense,Segunda Division,Municipal de Butarque,40.3404,-3.7607
2023-09-23,15:15,Italy,Spezia,Reggiana,Serie B,Stadio Pier Luigi Penzo,45.4277611,12.3637306
2023-09-23,15:30,Portugal,Estoril,Vizela,Primeira Liga,Estádio António Coimbra da Mota,38.71583,-9.40639
2023-09-23,15:30,Portugal,Moreirense,Farense,Primeira Liga,Estádio Comendador Joaquim de Almeida Freitas,41.37806,-8.35472
2023-09-23,16:00,France,Nantes,Lorient,Ligue 1,Stade de la Beaujoire,47.256,-1.525
2023-09-23,17:15,Belgium,Mechelen,Oud-Heverlee Leuven,Belgian Pro League,AFAS-stadion Achter de Kazerne,51.037184,4.486397
2023-09-23,17:30,England,Brentford,Everton,Premier League,Brentford Community Stadium,51.49083,-0.28861
2023-09-23,17:30,Spain,Barcelona,Celta,La Liga,Olímpic Lluís Companys,41.36472,2.15556
2023-09-23,17:30,Germany,Werder Bremen,FC Koln,Bundesliga,Weserstadion,53.06639,8.8375
2023-09-23,18:00,Portugal,Amiens,Valenciennes,Ligue 2,Estádio Comendador Joaquim de Almeida Freitas,41.37806,-8.35472
2023-09-23,18:00,France,Angers,Bastia,Ligue 2,Stade Raymond Kopa,47.460458,-0.530741
2023-09-23,18:00,Italy,Grenoble,Quevilly Rouen,Ligue 2,Stadio Luigi Ferraris,44.41639,8.9525
2023-09-23,18:00,Greece,Laval,Guingamp,Ligue 2,Lamia Municipal Stadium,38.91,22.43111
2023-09-23,18:00,Portugal,Casa Pia,Guimaraes,Primeira Liga,Estádio Municipal de Rio Maior[A],39.34444,-8.93528
2023-09-23,18:00,Turkey,Antalyaspor,Samsunspor,Super Lig,Corendon Airlines Park,36.888278,30.668444
2023-09-23,18:00,Turkey,Buyuksehyr,Galatasaray,Super Lig,Başakşehir Fatih Terim Stadium,41.12278,28.80861
2023-09-23,18:00,Greece,Panserraikos,Lamia,Super League Greece,Serres Municipal Stadium,41.0847,23.5466
2023-09-23,19:00,Netherlands,Almere City,PSV Eindhoven,Eredivisie,Yanmar Stadion,52.3944,5.2405
2023-09-23,19:30,Germany,St Pauli,Schalke 04,2. Bundesliga,Millerntor-Stadion,53.554583,9.967667
2023-09-23,19:45,Italy,Lazio,Monza,Serie A,Stadio Olimpico,41.93389,12.45472
2023-09-23,19:45,Belgium,Antwerp,RWD Molenbeek,Belgian Pro League,Bosuilstadion,51.2325,4.47222
2023-09-23,20:00,Spain,Almeria,Valencia,La Liga,Mestalla,39.47472,-0.35833
2023-09-23,20:00,Spain,Alcorcon,Huesca,Segunda Division,Mallorca Son Moix,39.59,2.63
2023-09-23,20:00,Denmark,Santander,Albacete,Segunda Division,Cepheus Park Randers,56.46594,10.010262
2023-09-23,20:00,France,Brest,Lyon,Ligue 1,Stade Francis-Le Blé,48.402932,-4.461694
2023-09-23,20:00,Netherlands,Heerenveen,Excelsior,Eredivisie,Abe Lenstra Stadion,52.95861,5.93611
2023-09-23,20:30,Portugal,Porto,Gil Vicente,Primeira Liga,Estádio do Dragão,41.1618,-8.5839
2023-09-24,11:15,Netherlands,Sparta Rotterdam,Vitesse,Eredivisie,Spartastadion Het Kasteel,51.919485,4.433619
2023-09-24,11:30,Italy,Empoli,Inter,Serie A,Stadio Carlo Castellani - Computer Gross Arena,43.72639,10.955
2023-09-24,12:30,Netherlands,Fortuna Dusseldorf,Hannover,2. Bundesliga,Fortuna Sittard Stadion,50.992069,5.843675
2023-09-24,12:30,Germany,Holstein Kiel,Hertha,2. Bundesliga,Holstein-Stadion,54.34917,10.12361
2023-09-24,12:30,Belgium,Genk,St Truiden,Belgian Pro League,Cegeka Arena,51.005,5.53333
2023-09-24,13:00,Spain,Sociedad,Getafe,La Liga,Anoeta,43.30139,-1.97361
2023-09-24,13:00,Spain,Villarreal B,Amorebieta,Segunda Division,La Cerámica,39.94417,-0.10361
2023-09-24,14:00,England,Arsenal,Tottenham,Premier League,Emirates Stadium,51.55667,-0.10611
2023-09-24,14:00,England,Brighton,Bournemouth,Premier League,Falmer Stadium,50.861822222222,-0.083277777777778
2023-09-24,14:00,England,Chelsea,Aston Villa,Premier League,Stamford Bridge,51.481666666667,-0.19111111111111
2023-09-24,14:00,England,Liverpool,West Ham,Premier League,Anfield,53.4308,-2.9608
2023-09-24,14:00,Italy,Atalanta,Cagliari,Serie A,Gewiss Stadium,45.70889,9.68083
2023-09-24,14:00,Italy,Udinese,Fiorentina,Serie A,Stadio Friuli,46.0816,13.2001
2023-09-24,14:00,France,Le Havre,Clermont,Ligue 1,Stade Océane,49.49889,0.16972
2023-09-24,14:00,France,Lens,Toulouse,Ligue 1,Stade Bollaert-Delelis,50.43278,2.815
2023-09-24,14:30,Germany,Leverkusen,Heidenheim,Bundesliga,BayArena,51.03833,7.00222
2023-09-24,15:00,Belgium,Cercle Brugge,St. Gilloise,Belgian Pro League,Jan Breydel Stadium,51.19333,3.18056
2023-09-24,15:00,Turkey,Besiktas,Kayserispor,Super Lig,Tüpraş Stadium,41.03917,28.99472
2023-09-24,15:00,Greece,Olympiakos,Kifisia,Super League Greece,Karaiskakis Stadium,37.94611,23.66444
2023-09-24,15:15,Spain,Vallecano,Villarreal,La Liga,Vallecas,40.39194,-3.65889
2023-09-24,15:15,Greece,Bari,Catanzaro,Serie B,Kleanthis Vikelidis Stadium,40.6,22.96944
2023-09-24,15:15,Italy,Parma,Sampdoria,Serie B,Stadio Ennio Tardini,44.795,10.33833
2023-09-24,15:30,Portugal,Chaves,Estrela,Primeira Liga,Estádio do CD Aves,41.366932,-8.411789
2023-09-24,15:30,Greece,Aris,Panetolikos,Super League Greece,Kleanthis Vikelidis Stadium,40.6,22.96944
2023-09-24,15:45,Netherlands,Waalwijk,Twente,Eredivisie,Mandemakers Stadion,51.68694,5.08861
2023-09-24,15:45,Netherlands,Zwolle,AZ Alkmaar,Eredivisie,MAC³PARK Stadion,52.51722,6.12083
2023-09-24,16:05,France,Montpellier,Rennes,Ligue 1,Stade de la Mosson,43.62222,3.81194
2023-09-24,16:30,England,Sheffield United,Newcastle,Premier League,Old Trafford,53.463055555556,-2.2913888888889
2023-09-24,16:30,Germany,Ein Frankfurt,Freiburg,Bundesliga,Deutsche Bank Park,50.068056,8.645806
2023-09-24,17:00,Italy,Bologna,Napoli,Serie A,Stadio Renato Dall'Ara,44.49222,11.30972
2023-09-24,17:30,Spain,Betis,Cadiz,La Liga,Benito Villamarín,37.35639,-5.98139
2023-09-24,17:30,Spain,Las Palmas,Granada,La Liga,Gran Canaria,28.10028,-15.45667
2023-09-24,17:30,Denmark,Mirandes,Leganes,Segunda Division,Cepheus Park Randers,56.46594,10.010262
2023-09-24,17:30,Belgium,Anderlecht,Club Brugge,Belgian Pro League,Lotto Park,50.83417,4.29833
2023-09-24,18:00,Turkey,Alanyaspor,Fenerbahce,Super Lig,Alanya Oba Stadium,36.5626,32.0792
2023-09-24,18:00,Greece,Volos NFC,Asteras Tripolis,Super League Greece,Panthessaliko Stadium,39.3875,22.93111
2023-09-24,18:15,Belgium,Gent,Eupen,Belgian Pro League,Planet Group Arena,51.01611,3.73417
2023-09-24,19:45,Italy,Torino,Roma,Serie A,Stadio Olimpico Grande Torino,45.04167,7.65
2023-09-24,19:45,France,Paris SG,Marseille,Ligue 1,Parc des Princes,48.84138888888889,2.2530555555555556
2023-09-24,20:00,Spain,Ath Madrid,Real Madrid,La Liga,Santiago Bernabéu,40.45306,-3.68835
2023-09-24,20:30,Portugal,Sp Braga,Boavista,Primeira Liga,Estádio Municipal de Braga,41.5625,-8.43
2023-09-25,18:00,Turkey,Hatayspor,Trabzonspor,Super Lig,Mersin Stadium[note 1],36.82056,34.53861
2023-09-25,19:00,Greece,Panathinaikos,AEK,Super League Greece,Athens Olympic Stadium,38.03606806,23.7876
2023-09-26,17:15,Italy,Cosenza,Cremonese,Serie B,Stadio Brianteo,45.58278,9.30806
2023-09-26,17:15,Italy,Lecco,FeralpiSalo,Serie B,Stadio Via del mare,40.36528,18.20889
2023-09-26,18:00,Spain,Sevilla,Almeria,La Liga,Ramón Sánchez-Pizjuán,37.384,-5.9705
2023-09-26,18:00,Turkey,Istanbulspor,Galatasaray,Super Lig,Samsun 19 Mayıs Stadium,41.22778,36.4575
2023-09-26,19:30,Italy,Ascoli,Ternana,Serie B,Stadio Diego Armando Maradona,40.828,14.193
2023-09-26,19:30,Italy,Spezia,Brescia,Serie B,Stadio Pier Luigi Penzo,45.4277611,12.3637306
2023-09-26,19:30,Austria,Sudtirol,Modena,Serie B,Tivoli Stadion Tirol,47.25583,11.41083
2023-09-26,19:30,Italy,Venezia,Palermo,Serie B,Stadio Pier Luigi Penzo,45.4277611,12.3637306
2023-09-26,19:45,Italy,Juventus,Lecce,Serie A,Juventus Stadium,45.10944,7.64111
2023-09-26,19:45,Portugal,Amiens,Ajaccio,Ligue 2,Estádio Comendador Joaquim de Almeida Freitas,41.37806,-8.35472
2023-09-26,19:45,France,Auxerre,Annecy,Ligue 2,Stade Abbé Deschamps,47.7867528,3.5886639
2023-09-26,19:45,Portugal,Bastia,Pau FC,Ligue 2,Estádio do Bessa,41.16222,-8.64278
2023-09-26,19:45,Greece,Paris FC,Laval,Ligue 2,Kleanthis Vikelidis Stadium,40.6,22.96944
2023-09-26,19:45,Spain,Valenciennes,Concarneau,Ligue 2,Mestalla,39.47472,-0.35833
2023-09-26,20:00,France,Lille,Reims,Ligue 1,Decathlon Arena Pierre Mauroy Stadium,50.6119,3.1304
2023-09-26,20:30,Spain,Mallorca,Barcelona,La Liga,Mallorca Son Moix,39.59,2.63
2023-09-27,13:00,Netherlands,Ajax,Feyenoord,Eredivisie,Johan Cruyff Arena,52.31417,4.94194
2023-09-27,14:00,Greece,Panetolikos,OFI Crete,Super League Greece,Panetolikos Stadium,38.63,21.41167
2023-09-27,17:30,Italy,Cagliari,Milan,Serie A,Unipol Domus,39.2,9.1375
2023-09-27,17:30,Italy,Empoli,Salernitana,Serie A,Stadio Carlo Castellani - Computer Gross Arena,43.72639,10.955
2023-09-27,17:30,Italy,Verona,Atalanta,Serie A,Stadio Marcantonio Bentegodi,45.43528,10.96861
2023-09-27,17:45,Netherlands,PSV Eindhoven,Go Ahead Eagles,Eredivisie,Philips Stadion,51.44167,5.4675
2023-09-27,18:00,Spain,Ath Bilbao,Getafe,La Liga,San Mamés,43.2643,-2.9504
2023-09-27,18:00,Spain,Real Madrid,Las Palmas,La Liga,Santiago Bernabéu,40.45306,-3.68835
2023-09-27,18:00,Spain,Villarreal,Girona,La Liga,La Cerámica,39.94417,-0.10361
2023-09-27,18:00,Turkey,Ad. Demirspor,Besiktas,Super Lig,New Adana Stadium,37.06333,35.375
2023-09-27,18:30,Greece,Olympiakos,Aris,Super League Greece,Karaiskakis Stadium,37.94611,23.66444
2023-09-27,18:30,Greece,PAOK,Volos NFC,Super League Greece,Toumba Stadium,40.61389,22.9725
2023-09-27,19:00,Netherlands,Twente,Vitesse,Eredivisie,De Grolsch Veste,52.23667,6.8375
2023-09-27,19:30,Italy,Como,Sampdoria,Serie B,Stadio Giuseppe Sinigaglia,45.81389,9.07222
2023-09-27,19:30,Italy,Parma,Bari,Serie B,Stadio Ennio Tardini,44.795,10.33833
2023-09-27,19:45,Italy,Lazio,Torino,Serie A,Stadio Olimpico,41.93389,12.45472
2023-09-27,19:45,Italy,Napoli,Udinese,Serie A,Stadio Diego Armando Maradona,40.828,14.193
2023-09-27,19:45,Belgium,Antwerp,Gent,Belgian Pro League,Bosuilstadion,51.2325,4.47222
2023-09-27,20:30,Spain,Valencia,Sociedad,La Liga,Mestalla,39.47472,-0.35833
2023-09-28,15:30,Greece,Panserraikos,Giannina,Super League Greece,Serres Municipal Stadium,41.0847,23.5466
2023-09-28,17:30,Italy,Monza,Bologna,Serie A,Stadio Brianteo,45.58278,9.30806
2023-09-28,18:00,Spain,Celta,Alaves,La Liga,Balaídos,42.2118,-8.7397
2023-09-28,18:00,Spain,Granada,Betis,La Liga,Montilivi,41.96139,2.82861
2023-09-28,18:00,Turkey,Fenerbahce,Buyuksehyr,Super Lig,Ülker Stadium,40.98778,29.03694
2023-09-28,18:30,Greece,Asteras Tripolis,Panathinaikos,Super League Greece,Theodoros Kolokotronis Stadium,37.5025,22.38861
2023-09-28,19:45,Italy,Genoa,Roma,Serie A,Stadio Luigi Ferraris,44.41639,8.9525
2023-09-28,19:45,Belgium,Club Brugge,Genk,Belgian Pro League,Jan Breydel Stadium,51.19333,3.18056
2023-09-28,20:15,Portugal,Estrela,Sp Braga,Primeira Liga,Estádio José Gomes,38.75194,-9.22806
2023-09-28,20:30,Spain,Osasuna,Ath Madrid,La Liga,El Sadar,42.79667,-1.63694
2023-09-29,18:00,Turkey,Samsunspor,Gaziantep,Super Lig,Samsun 19 Mayıs Stadium,41.22778,36.4575
2023-09-29,19:30,Germany,Hoffenheim,Dortmund,Bundesliga,PreZero Arena,49.23806,8.8875
2023-09-29,19:45,Belgium,Kortrijk,Cercle Brugge,Belgian Pro League,Guldensporen Stadion,50.830432,3.248906
2023-09-29,20:00,Spain,Barcelona,Sevilla,La Liga,Olímpic Lluís Companys,41.36472,2.15556
2023-09-29,20:00,Spain,Leganes,Santander,Segunda Division,Municipal de Butarque,40.3404,-3.7607
2023-09-29,20:00,France,Strasbourg,Lens,Ligue 1,Stade de la Meinau,48.56,7.755
2023-09-29,20:15,Portugal,Benfica,Porto,Primeira Liga,Estádio da Luz,38.7527,-9.1847
2023-09-30,11:30,Turkey,Sivasspor,Hatayspor,Super Lig,BG Grup 4 Eylül Stadium,39.72833,36.98389
2023-09-30,12:30,England,Aston Villa,Brighton,Premier League,Villa Park,52.509166666667,-1.8847222222222
2023-09-30,12:30,England,Southampton,Leeds,Championship,St Mary's Stadium,50.90583,-1.39111
2023-09-30,13:00,Spain,Getafe,Villarreal,La Liga,Coliseum,40.32556,-3.71472
2023-09-30,13:00,France,Brescia,Ascoli,Serie B,Stade Francis-Le Blé,48.402932,-4.461694
2023-09-30,13:00,Netherlands,FeralpiSalo,Spezia,Serie B,Asito Stadion[3],52.33889,6.65056
2023-09-30,13:00,Italy,Modena,Venezia,Serie B,Stadio Brianteo,45.58278,9.30806
2023-09-30,14:00,Italy,Lecce,Napoli,Serie A,Stadio Via del mare,40.36528,18.20889
2023-09-30,14:00,Turkey,Istanbulspor,Antalyaspor,Super Lig,Samsun 19 Mayıs Stadium,41.22778,36.4575
2023-09-30,14:00,Turkey,Trabzonspor,Pendikspor,Super Lig,Papara Park,40.99917,39.64583
2023-09-30,14:30,Germany,Bochum,M'gladbach,Bundesliga,Vonovia Ruhrstadion,51.49,7.23667
2023-09-30,14:30,Germany,Heidenheim,Union Berlin,Bundesliga,Voith-Arena,48.66861,10.13944
2023-09-30,14:30,Germany,Mainz,Leverkusen,Bundesliga,Mewa Arena,49.98417,8.22417
2023-09-30,14:30,Germany,Wolfsburg,Ein Frankfurt,Bundesliga,Volkswagen Arena,52.43278,10.80389
2023-09-30,15:00,England,Bournemouth,Arsenal,Premier League,Dean Court,50.73528,-1.83833
2023-09-30,15:00,England,Everton,Luton,Premier League,Goodison Park,53.438888888889,-2.9663888888889
2023-09-30,15:00,England,Man United,Crystal Palace,Premier League,Old Trafford,53.463055555556,-2.2913888888889
2023-09-30,15:00,England,Newcastle,Burnley,Premier League,St James' Park,54.975555555556,-1.6216666666667
2023-09-30,15:00,England,West Ham,Sheffield United,Premier League,London Stadium,51.5386,-0.0164
2023-09-30,15:00,England,Wolves,Man City,Premier League,Molineux Stadium,52.59028,-2.13028
2023-09-30,15:00,England,Bristol City,Stoke,Championship,King Power Stadium,52.620277777778,-1.1422222222222
2023-09-30,15:00,Croatia,Norwich,Birmingham,Championship,ŠRC Velika Gorica,45.724,16.0732
2023-09-30,15:00,Portugal,Preston,West Brom,Championship,Estádio do Dragão,41.1618,-8.5839
2023-09-30,15:00,England,Watford,Middlesbrough,Championship,Brentford Community Stadium,51.49083,-0.28861
2023-09-30,15:15,Spain,Vallecano,Mallorca,La Liga,Vallecas,40.39194,-3.65889
2023-09-30,15:30,Netherlands,Feyenoord,Go Ahead Eagles,Eredivisie,De Kuip,51.89389,4.52306
2023-09-30,17:00,Italy,Milan,Lazio,Serie A,San Siro,45.47806,9.12389
2023-09-30,17:00,Turkey,Galatasaray,Ankaragucu,Super Lig,Rams Park,41.10278,28.99056
2023-09-30,17:15,Belgium,Oud-Heverlee Leuven,Standard,Belgian Pro League,Den Dreef,50.86833,4.69417
2023-09-30,17:30,England,Tottenham,Liverpool,Premier League,Tottenham Hotspur Stadium,51.6044,-0.0664
2023-09-30,17:30,Spain,Girona,Real Madrid,La Liga,Montilivi,41.96139,2.82861
2023-09-30,17:30,Belgium,Elche,Levante,Segunda Division,AFAS-stadion Achter de Kazerne,51.037184,4.486397
2023-09-30,17:30,Germany,RB Leipzig,Bayern Munich,Bundesliga,Red Bull Arena,51.34583,12.34833
2023-09-30,17:45,Netherlands,PSV Eindhoven,Volendam,Eredivisie,Philips Stadion,51.44167,5.4675
2023-09-30,17:45,Netherlands,Utrecht,Almere City,Eredivisie,Stadion Galgenwaard,52.07833,5.14583
2023-09-30,18:00,France,Angers,Concarneau,Ligue 2,Stade Raymond Kopa,47.460458,-0.530741
2023-09-30,18:00,Netherlands,Annecy,Paris FC,Ligue 2,Goffertstadion,51.8225,5.83667
2023-09-30,18:00,France,Auxerre,Rodez,Ligue 2,Stade Abbé Deschamps,47.7867528,3.5886639
2023-09-30,18:00,Italy,Grenoble,Bordeaux,Ligue 2,Stadio Luigi Ferraris,44.41639,8.9525
2023-09-30,18:00,Greece,Laval,Valenciennes,Ligue 2,Lamia Municipal Stadium,38.91,22.43111
2023-09-30,18:00,Portugal,Boavista,Famalicao,Primeira Liga,Estádio do Bessa,41.16222,-8.64278
2023-09-30,19:45,Belgium,Mechelen,Antwerp,Belgian Pro League,AFAS-stadion Achter de Kazerne,51.037184,4.486397
2023-09-30,20:00,Spain,Sociedad,Ath Bilbao,La Liga,Anoeta,43.30139,-1.97361
2023-09-30,20:00,Spain,Villarreal B,Alcorcon,Segunda Division,La Cerámica,39.94417,-0.10361
2023-09-30,20:00,France,Monaco,Marseille,Ligue 1,Stade Louis II,43.7275,7.41556
2023-09-30,20:00,Netherlands,Twente,Heerenveen,Eredivisie,De Grolsch Veste,52.23667,6.8375
2023-09-30,20:30,Portugal,Farense,Sp Lisbon,Primeira Liga,Estádio de São Luís,37.022861,-7.928444
2023-10-01,11:30,Italy,Bologna,Empoli,Serie A,Stadio Renato Dall'Ara,44.49222,11.30972
2023-10-01,12:00,France,Reims,Lyon,Ligue 1,Stade Auguste Delaune,49.24667,4.025
2023-10-01,13:00,Spain,Almeria,Granada,La Liga,Mestalla,39.47472,-0.35833
2023-10-01,13:00,France,Eldense,Oviedo,Segunda Division,Stade Bollaert-Delelis,50.43278,2.815
2023-10-01,13:00,Greece,Lamia,Panetolikos,Super League Greece,Lamia Municipal Stadium,38.91,22.43111
2023-10-01,13:30,Netherlands,Heracles,Zwolle,Eredivisie,Asito Stadion[3],52.33889,6.65056
2023-10-01,14:00,England,Nott'm Forest,Brentford,Premier League,City Ground,52.94,-1.13278
2023-10-01,14:00,Italy,Udinese,Genoa,Serie A,Stadio Friuli,46.0816,13.2001
2023-10-01,14:00,France,Le Havre,Lille,Ligue 1,Stade Océane,49.49889,0.16972
2023-10-01,14:00,France,Nice,Brest,Ligue 1,Allianz Riviera,43.70528,7.1925
2023-10-01,14:00,France,Toulouse,Metz,Ligue 1,Stadium de Toulouse,43.58306,1.43417
2023-10-01,14:00,Turkey,Fenerbahce,Rizespor,Super Lig,Ülker Stadium,40.98778,29.03694
2023-10-01,15:00,Belgium,Genk,Westerlo,Belgian Pro League,Cegeka Arena,51.005,5.53333
2023-10-01,15:15,Spain,Alaves,Osasuna,La Liga,Mendizorrotza,42.8371111,-2.6880444
2023-10-01,15:15,Greece,Bari,Como,Serie B,Kleanthis Vikelidis Stadium,40.6,22.96944
2023-10-01,15:15,Italy,Palermo,Sudtirol,Serie B,Stadio Ennio Tardini,44.795,10.33833
2023-10-01,15:15,Turkey,Sampdoria,Catanzaro,Serie B,Samsun 19 Mayıs Stadium,41.22778,36.4575
2023-10-01,15:30,Portugal,Arouca,Chaves,Primeira Liga,Estádio Municipal de Arouca,40.933,-8.2503
2023-10-01,15:30,Greece,Aris,Kifisia,Super League Greece,Kleanthis Vikelidis Stadium,40.6,22.96944
2023-10-01,16:30,Germany,Freiburg,Augsburg,Bundesliga,Europa-Park Stadion,48.0216,7.8297
2023-10-01,17:00,Italy,Atalanta,Juventus,Serie A,Gewiss Stadium,45.70889,9.68083
2023-10-01,17:00,Turkey,Ad. Demirspor,Alanyaspor,Super Lig,New Adana Stadium,37.06333,35.375
2023-10-01,17:00,Turkey,Konyaspor,Besiktas,Super Lig,Konya Metropolitan Municipality Stadium,37.946,32.488
2023-10-01,17:30,Portugal,Amorebieta,Cartagena,Segunda Division,Estádio Comendador Joaquim de Almeida Freitas,41.37806,-8.35472
2023-10-01,17:30,Spain,Valladolid,Burgos,Segunda Division,José Zorrilla,41.64444,-4.76111
2023-10-01,17:30,Portugal,Zaragoza,Mirandes,Segunda Division,Estádio Municipal de Braga,41.5625,-8.43
2023-10-01,17:30,France,Cremonese,Parma,Serie B,Roazhon Park,48.1075,-1.71278
2023-10-01,17:30,Belgium,Club Brugge,St Truiden,Belgian Pro League,Jan Breydel Stadium,51.19333,3.18056
2023-10-01,17:30,Greece,Panathinaikos,PAOK,Super League Greece,Athens Olympic Stadium,38.03606806,23.7876
2023-10-01,18:00,Portugal,Guimaraes,Estoril,Primeira Liga,Estádio D. Afonso Henriques,41.44583,-8.30111
2023-10-01,19:45,Italy,Roma,Frosinone,Serie A,Stadio Olimpico,41.93389,12.45472
2023-10-01,19:45,France,Rennes,Nantes,Ligue 1,Roazhon Park,48.1075,-1.71278
2023-10-01,20:00,Spain,Ath Madrid,Cadiz,La Liga,Santiago Bernabéu,40.45306,-3.68835
2023-10-01,20:00,Spain,Betis,Valencia,La Liga,Benito Villamarín,37.35639,-5.98139
2023-10-01,20:30,Portugal,Rio Ave,Moreirense,Primeira Liga,Estádio dos Arcos,41.36278,-8.74028
2023-10-02,16:00,Greece,Atromitos,Asteras Tripolis,Super League Greece,Peristeri Stadium,38.00472,23.68972
2023-10-02,17:30,Italy,Torino,Verona,Serie A,Stadio Olimpico Grande Torino,45.04167,7.65
2023-10-02,18:00,Turkey,Kayserispor,Buyuksehyr,Super Lig,RHG Enertürk Enerji Stadium,38.73722,35.42306
2023-10-02,19:45,Italy,Fiorentina,Cagliari,Serie A,Stadio Artemio Franchi,43.78083,11.28222
2023-10-02,20:00,England,Fulham,Chelsea,Premier League,Craven Cottage,51.475,-0.22166666666667
2023-10-02,20:00,Spain,Las Palmas,Celta,La Liga,Gran Canaria,28.10028,-15.45667
2023-10-02,20:00,Spain,Espanol,Ferrol,Segunda Division,RCDE Stadium,41.34778,2.07556
2023-10-02,20:15,Portugal,Gil Vicente,Casa Pia,Primeira Liga,Estádio Cidade de Barcelos,41.551,-8.623
2023-10-03,18:00,Spain,Alcorcon,Albacete,Segunda Division,Mallorca Son Moix,39.59,2.63
2023-10-03,18:00,Spain,Levante,Villarreal B,Segunda Division,Municipal de Butarque,40.3404,-3.7607
2023-10-03,18:45,Germany,Union Berlin,Braga,Europa League,Stadion An der Alten Försterei,52.45722,13.56806
2023-10-03,18:45,Austria,Red Bull Salzburg,Real Sociedad,Europa League,Red Bull Arena,47.81639,12.99833
2023-10-03,19:45,England,Ipswich,Hull,Championship,Portman Road,52.055,1.14528
2023-10-03,20:00,Belgium,West Brom,Sheffield Weds,Championship,Het Kuipje,51.094817,4.928806
2023-10-03,21:00,Denmark,Copenhagen,Bayern Munich,Europa League,Parken,55.7024694,12.5722028
2023-10-03,21:00,France,Lens,Arsenal,Europa League,Stade Bollaert-Delelis,50.43278,2.815
2023-10-03,21:00,Netherlands,PSV Eindhoven,Sevilla,Europa League,Philips Stadion,51.44167,5.4675
2023-10-03,21:00,Italy,Napoli,Real Madrid,Europa League,Stadio Diego Armando Maradona,40.828,14.193
2023-10-03,21:00,Italy,Inter Milan,Benfica,Europa League,San Siro,45.47806,9.12389
2023-10-03,21:00(20:00UTC+1),England,Manchester United,Galatasaray,Europa League,Old Trafford,53.463055555556,-2.2913888888889
2023-10-04,17:45,France,St Etienne,Dunkerque,Ligue 2,Stade Geoffroy Guichard,45.46083,4.39028
2023-10-04,18:00,France,Eldense,Valladolid,Segunda Division,Stade Bollaert-Delelis,50.43278,2.815
2023-10-04,18:45,Spain,Atlético Madrid,Feyenoord,Europa League,Metropolitano,40.43611,-3.59944
2023-10-04,18:45,Belgium,Antwerp,Shakhtar Donetsk,Europa League,Bosuilstadion,51.2325,4.47222
2023-10-04,19:45,England,Leicester,Preston,Championship,King Power Stadium,52.620277777778,-1.1422222222222
2023-10-04,21:00,Germany,Borussia Dortmund,Milan,Europa League,Signal Iduna Park,51.4925,7.45167
2023-10-04,21:00,Germany,RB Leipzig,Manchester City,Europa League,Red Bull Arena,51.34583,12.34833
2023-10-04,21:00(20:00UTC+1),Spain,Celtic,Lazio,Europa League,Balaídos,42.2118,-8.7397
2023-10-04,21:00(20:00UTC+1),England,Newcastle United,Paris Saint-Germain,Europa League,St James' Park,54.975555555556,-1.6216666666667
2023-10-04,21:00(20:00UTC+1),Portugal,Porto,Barcelona,Europa League,Estádio do Dragão,41.1618,-8.5839
2023-10-05,18:00,Denmark,Mirandes,Eibar,Segunda Division,Cepheus Park Randers,56.46594,10.010262
2023-10-05,18:45,Germany,SC Freiburg,West Ham United,Europa League,Europa-Park Stadion,48.0216,7.8297
2023-10-05,18:45,France,Marseille,Brighton & Hove Albion,Europa League,Orange Vélodrome,43.26972,5.39583
2023-10-05,18:45,Spain,Real Betis,Sparta Prague,Europa League,Benito Villamarín,37.35639,-5.98139
2023-10-05,18:45,Poland,Raków Częstochowa,Sturm Graz,Europa League,Raków Municipal Football Stadium,50.776748,19.159229
2023-10-05,18:45(19:45UTC+3),Greece,AEK Athens,Ajax,Europa League,Agia Sophia Stadium,38.03722222222222,23.741666666666667
2023-10-05,18:45(19:45UTC+3),Greece,Aris Limassol,Rangers,Europa League,Kleanthis Vikelidis Stadium,40.6,22.96944
2023-10-05,20:30,England,Cartagena,Espanol,Segunda Division,Emirates Stadium,51.55667,-0.10611
2023-10-05,21:00,France,Toulouse,LASK,Europa League,Stadium de Toulouse,43.58306,1.43417
2023-10-05,21:00,Spain,Villarreal,Rennes,Europa League,La Cerámica,39.94417,-0.10361
2023-10-05,21:00,Italy,Roma,Servette,Europa League,Stadio Olimpico,41.93389,12.45472
2023-10-05,21:00,Czech Republic,Slavia Prague,Sheriff Tiraspol,Europa League,Fortuna Arena,50.0675,14.47167
2023-10-05,21:00(20:00UTC+1),England,Liverpool,Union Saint-Gilloise,Europa League,Anfield,53.4308,-2.9608
2023-10-06,17:30,Netherlands,Fortuna Dusseldorf,Osnabruck,2. Bundesliga,Fortuna Sittard Stadion,50.992069,5.843675
2023-10-06,17:30,Italy,Empoli,Udinese,Serie A,Stadio Carlo Castellani - Computer Gross Arena,43.72639,10.955
2023-10-06,18:00,Turkey,Ad. Demirspor,Trabzonspor,Super Lig,New Adana Stadium,37.06333,35.375
2023-10-06,18:00,Turkey,Alanyaspor,Karagumruk,Super Lig,Alanya Oba Stadium,36.5626,32.0792
2023-10-06,19:30,France,Brescia,FeralpiSalo,Serie B,Stade Francis-Le Blé,48.402932,-4.461694
2023-10-06,19:45,Italy,Lecce,Sassuolo,Serie A,Stadio Via del mare,40.36528,18.20889
2023-10-06,19:45,Belgium,Charleroi,RWD Molenbeek,Belgian Pro League,Stade du Pays de Charleroi,50.414609,4.453787
2023-10-06,20:00,Spain,Ath Bilbao,Almeria,La Liga,San Mamés,43.2643,-2.9504
2023-10-06,20:00,France,Strasbourg,Nantes,Ligue 1,Stade de la Meinau,48.56,7.755
2023-10-06,20:15,Portugal,Moreirense,Boavista,Primeira Liga,Estádio Comendador Joaquim de Almeida Freitas,41.37806,-8.35472
2023-10-07,12:00,Germany,Magdeburg,Karlsruhe,2. Bundesliga,WWK Arena,48.32306,10.88611
2023-10-07,12:00,Belgium,Wehen,Hamburg,2. Bundesliga,AFAS-stadion Achter de Kazerne,51.037184,4.486397
2023-10-07,13:00,Italy,Cosenza,Lecco,Serie B,Stadio Brianteo,45.58278,9.30806
2023-10-07,13:00,Italy,Modena,Palermo,Serie B,Stadio Brianteo,45.58278,9.30806
2023-10-07,13:00,Austria,Sudtirol,Catanzaro,Serie B,Tivoli Stadion Tirol,47.25583,11.41083
2023-10-07,14:30,Germany,Augsburg,Darmstadt,Bundesliga,WWK Arena,48.32306,10.88611
2023-10-07,14:30,Germany,Dortmund,Union Berlin,Bundesliga,Signal Iduna Park,51.4925,7.45167
2023-10-07,14:30,Germany,RB Leipzig,Bochum,Bundesliga,Red Bull Arena,51.34583,12.34833
2023-10-07,14:30,Germany,Stuttgart,Wolfsburg,Bundesliga,MHPArena,48.79222,9.23194
2023-10-07,15:00,England,Everton,Bournemouth,Premier League,Goodison Park,53.438888888889,-2.9663888888889
2023-10-07,15:00,England,Fulham,Sheffield United,Premier League,Craven Cottage,51.475,-0.22166666666667
2023-10-07,15:00,England,Man United,Brentford,Premier League,Old Trafford,53.463055555556,-2.2913888888889
2023-10-07,15:00,England,Ipswich,Preston,Championship,Portman Road,52.055,1.14528
2023-10-07,15:00,England,Leicester,Stoke,Championship,King Power Stadium,52.620277777778,-1.1422222222222
2023-10-07,15:00,England,Southampton,Rotherham,Championship,St Mary's Stadium,50.90583,-1.39111
2023-10-07,15:00,Belgium,Cercle Brugge,Oud-Heverlee Leuven,Belgian Pro League,Jan Breydel Stadium,51.19333,3.18056
2023-10-07,15:15,Spain,Real Madrid,Osasuna,La Liga,Santiago Bernabéu,40.45306,-3.68835
2023-10-07,15:15,Italy,Ascoli,Sampdoria,Serie B,Stadio Diego Armando Maradona,40.828,14.193
2023-10-07,15:15,Italy,Venezia,Parma,Serie B,Stadio Pier Luigi Penzo,45.4277611,12.3637306
2023-10-07,15:30,Netherlands,Heerenveen,Nijmegen,Eredivisie,Abe Lenstra Stadion,52.95861,5.93611
2023-10-07,15:30,Portugal,Chaves,Gil Vicente,Primeira Liga,Estádio do CD Aves,41.366932,-8.411789
2023-10-07,15:30,Portugal,Farense,Vizela,Primeira Liga,Estádio de São Luís,37.022861,-7.928444
2023-10-07,17:00,Italy,Juventus,Torino,Serie A,Juventus Stadium,45.10944,7.64111
2023-10-07,17:00,Turkey,Antalyaspor,Galatasaray,Super Lig,Corendon Airlines Park,36.888278,30.668444
2023-10-07,17:00,Turkey,Buyuksehyr,Gaziantep,Super Lig,Başakşehir Fatih Terim Stadium,41.12278,28.80861
2023-10-07,17:15,Belgium,Westerlo,Kortrijk,Belgian Pro League,Het Kuipje,51.094817,4.928806
2023-10-07,17:30,England,Crystal Palace,Nott'm Forest,Premier League,Selhurst Park,51.39833,-0.08556
2023-10-07,17:30,Spain,Mallorca,Valencia,La Liga,Mallorca Son Moix,39.59,2.63
2023-10-07,17:30,Denmark,Santander,Sp Gijon,Segunda Division,Cepheus Park Randers,56.46594,10.010262
2023-10-07,17:30,Germany,Werder Bremen,Hoffenheim,Bundesliga,Weserstadion,53.06639,8.8375
2023-10-07,17:45,Netherlands,Almere City,Waalwijk,Eredivisie,Yanmar Stadion,52.3944,5.2405
2023-10-07,18:00,Portugal,Amiens,Angers,Ligue 2,Estádio Comendador Joaquim de Almeida Freitas,41.37806,-8.35472
2023-10-07,18:00,Portugal,Bastia,Annecy,Ligue 2,Estádio do Bessa,41.16222,-8.64278
2023-10-07,18:00,Greece,Paris FC,Auxerre,Ligue 2,Kleanthis Vikelidis Stadium,40.6,22.96944
2023-10-07,18:00,France,St Etienne,Ajaccio,Ligue 2,Stade Geoffroy Guichard,45.46083,4.39028
2023-10-07,18:00,Spain,Valenciennes,Troyes,Ligue 2,Mestalla,39.47472,-0.35833
2023-10-07,18:00,Portugal,Sp Braga,Rio Ave,Primeira Liga,Estádio Municipal de Braga,41.5625,-8.43
2023-10-07,19:00,Netherlands,Go Ahead Eagles,Heracles,Eredivisie,De Adelaarshorst,52.260416,6.172578
2023-10-07,19:30,Germany,St Pauli,Nurnberg,2. Bundesliga,Millerntor-Stadion,53.554583,9.967667
2023-10-07,19:45,Italy,Genoa,Milan,Serie A,Stadio Luigi Ferraris,44.41639,8.9525
2023-10-07,19:45,Belgium,Anderlecht,Mechelen,Belgian Pro League,Lotto Park,50.83417,4.29833
2023-10-07,20:00,Spain,Sevilla,Vallecano,La Liga,Ramón Sánchez-Pizjuán,37.384,-5.9705
2023-10-07,20:00,Spain,Leganes,Oviedo,Segunda Division,Municipal de Butarque,40.3404,-3.7607
2023-10-07,20:00,France,Reims,Monaco,Ligue 1,Stade Auguste Delaune,49.24667,4.025
2023-10-07,20:30,Portugal,Estoril,Benfica,Primeira Liga,Estádio António Coimbra da Mota,38.71583,-9.40639
2023-10-08,11:15,Netherlands,Zwolle,Feyenoord,Eredivisie,MAC³PARK Stadion,52.51722,6.12083
2023-10-08,11:30,Italy,Monza,Salernitana,Serie A,Stadio Brianteo,45.58278,9.30806
2023-10-08,11:30,Turkey,Rizespor,Samsunspor,Super Lig,Rize City Stadium,41.04202,40.5733
2023-10-08,12:00,France,Marseille,Le Havre,Ligue 1,Orange Vélodrome,43.26972,5.39583
2023-10-08,12:30,Germany,Holstein Kiel,Elversberg,2. Bundesliga,Holstein-Stadion,54.34917,10.12361
2023-10-08,12:30,Belgium,Standard,Club Brugge,Belgian Pro League,Stade Maurice Dufrasne,50.61,5.54333
2023-10-08,13:00,Spain,Villarreal,Las Palmas,La Liga,La Cerámica,39.94417,-0.10361
2023-10-08,13:00,Portugal,Amorebieta,Eibar,Segunda Division,Estádio Comendador Joaquim de Almeida Freitas,41.37806,-8.35472
2023-10-08,13:30,Netherlands,Ajax,AZ Alkmaar,Eredivisie,Johan Cruyff Arena,52.31417,4.94194
2023-10-08,13:30,Netherlands,For Sittard,Twente,Eredivisie,Fortuna Sittard Stadion,50.992069,5.843675
2023-10-08,14:00,England,Brighton,Liverpool,Premier League,Falmer Stadium,50.861822222222,-0.083277777777778
2023-10-08,14:00,England,West Ham,Newcastle,Premier League,London Stadium,51.5386,-0.0164
2023-10-08,14:00,England,Wolves,Aston Villa,Premier League,Molineux Stadium,52.59028,-2.13028
2023-10-08,14:00,Italy,Lazio,Atalanta,Serie A,Stadio Olimpico,41.93389,12.45472
2023-10-08,14:00,France,Brest,Toulouse,Ligue 1,Stade Francis-Le Blé,48.402932,-4.461694
2023-10-08,14:00,France,Lyon,Lorient,Ligue 1,Groupama Stadium,45.765224,4.982131
2023-10-08,14:00,Turkey,Besiktas,Istanbulspor,Super Lig,Tüpraş Stadium,41.03917,28.99472
2023-10-08,14:30,Germany,Leverkusen,FC Koln,Bundesliga,BayArena,51.03833,7.00222
2023-10-08,15:00,Belgium,Antwerp,Eupen,Belgian Pro League,Bosuilstadion,51.2325,4.47222
2023-10-08,15:15,Spain,Ath Madrid,Sociedad,La Liga,Santiago Bernabéu,40.45306,-3.68835
2023-10-08,15:15,Spain,Valladolid,Mirandes,Segunda Division,José Zorrilla,41.64444,-4.76111
2023-10-08,15:15,Italy,Como,Cremonese,Serie B,Stadio Giuseppe Sinigaglia,45.81389,9.07222
2023-10-08,15:15,Italy,Spezia,Pisa,Serie B,Stadio Pier Luigi Penzo,45.4277611,12.3637306
2023-10-08,15:30,Portugal,Casa Pia,Estrela,Primeira Liga,Estádio Municipal de Rio Maior[A],39.34444,-8.93528
2023-10-08,15:30,Portugal,Famalicao,Guimaraes,Primeira Liga,Estádio Municipal de Famalicão,41.40139,-8.5225
2023-10-08,15:45,Netherlands,Sparta Rotterdam,PSV Eindhoven,Eredivisie,Spartastadion Het Kasteel,51.919485,4.433619
2023-10-08,16:05,France,Lens,Lille,Ligue 1,Stade Bollaert-Delelis,50.43278,2.815
2023-10-08,16:30,England,Arsenal,Man City,Premier League,Emirates Stadium,51.55667,-0.10611
2023-10-08,16:30,Germany,Bayern Munich,Freiburg,Bundesliga,Allianz Arena,48.218775,11.624752777778
2023-10-08,17:00,Italy,Cagliari,Roma,Serie A,Unipol Domus,39.2,9.1375
2023-10-08,17:00,Turkey,Hatayspor,Konyaspor,Super Lig,Mersin Stadium[note 1],36.82056,34.53861
2023-10-08,17:30,Spain,Alaves,Betis,La Liga,Mendizorrotza,42.8371111,-2.6880444
2023-10-08,17:30,Spain,Celta,Getafe,La Liga,Balaídos,42.2118,-8.7397
2023-10-08,17:30,Belgium,Gent,Genk,Belgian Pro League,Planet Group Arena,51.01611,3.73417
2023-10-08,18:00,Portugal,Porto,Portimonense,Primeira Liga,Estádio do Dragão,41.1618,-8.5839
2023-10-08,18:15,Belgium,St Truiden,St. Gilloise,Belgian Pro League,Stayen,50.813474,5.166256
2023-10-08,18:30,Germany,Ein Frankfurt,Heidenheim,Bundesliga,Deutsche Bank Park,50.068056,8.645806
2023-10-08,19:30,Greece,Panathinaikos,Atromitos,Super League Greece,Athens Olympic Stadium,38.03606806,23.7876
2023-10-08,19:45,Italy,Napoli,Fiorentina,Serie A,Stadio Diego Armando Maradona,40.828,14.193
2023-10-08,19:45,France,Rennes,Paris SG,Ligue 1,Roazhon Park,48.1075,-1.71278
2023-10-08,20:00,Spain,Granada,Barcelona,La Liga,Montilivi,41.96139,2.82861
2023-10-08,20:00,Portugal,Zaragoza,Alcorcon,Segunda Division,Estádio Municipal de Braga,41.5625,-8.43
2023-10-09,18:00,Belgium,Elche,Andorra,Segunda Division,AFAS-stadion Achter de Kazerne,51.037184,4.486397
2023-10-09,20:00,Spain,Villarreal B,Espanol,Segunda Division,La Cerámica,39.94417,-0.10361
2023-10-14,15:15,Denmark,Mirandes,Tenerife,Segunda Division,Cepheus Park Randers,56.46594,10.010262
2023-10-14,17:30,England,Cartagena,Santander,Segunda Division,Emirates Stadium,51.55667,-0.10611
2023-10-14,20:00,Spain,Espanol,Valladolid,Segunda Division,RCDE Stadium,41.34778,2.07556
2023-10-15,15:15,France,Eldense,Elche,Segunda Division,Stade Bollaert-Delelis,50.43278,2.815
2023-10-15,17:30,Spain,Leganes,Amorebieta,Segunda Division,Municipal de Butarque,40.3404,-3.7607
2023-10-16,20:00,Spain,Levante,Ferrol,Segunda Division,Municipal de Butarque,40.3404,-3.7607
2023-10-20,18:30,Greece,Lamia,Giannina,Super League Greece,Lamia Municipal Stadium,38.91,22.43111
2023-10-20,19:30,Germany,Dortmund,Werder Bremen,Bundesliga,Signal Iduna Park,51.4925,7.45167
2023-10-20,19:30,Italy,Parma,Como,Serie B,Stadio Ennio Tardini,44.795,10.33833
2023-10-20,20:00,Spain,Osasuna,Granada,La Liga,El Sadar,42.79667,-1.63694
2023-10-20,20:00,Spain,Espanol,Leganes,Segunda Division,RCDE Stadium,41.34778,2.07556
2023-10-20,20:00,France,Le Havre,Lens,Ligue 1,Stade Océane,49.49889,0.16972
2023-10-21,11:30,Turkey,Kayserispor,Rizespor,Super Lig,RHG Enertürk Enerji Stadium,38.73722,35.42306
2023-10-21,12:30,England,Liverpool,Everton,Premier League,Anfield,53.4308,-2.9608
2023-10-21,12:30,Portugal,Preston,Millwall,Championship,Estádio do Dragão,41.1618,-8.5839
2023-10-21,13:00,Spain,Sociedad,Mallorca,La Liga,Anoeta,43.30139,-1.97361
2023-10-21,13:00,Greece,Bari,Modena,Serie B,Kleanthis Vikelidis Stadium,40.6,22.96944
2023-10-21,13:00,France,Cremonese,Sudtirol,Serie B,Roazhon Park,48.1075,-1.71278
2023-10-21,13:00,Italy,Lecco,Ascoli,Serie B,Stadio Via del mare,40.36528,18.20889
2023-10-21,14:00,Italy,Verona,Napoli,Serie A,Stadio Marcantonio Bentegodi,45.43528,10.96861
2023-10-21,14:00,Turkey,Gaziantep,Antalyaspor,Super Lig,Gaziantep Stadium,37.12389,37.3825
2023-10-21,14:00,Turkey,Konyaspor,Pendikspor,Super Lig,Konya Metropolitan Municipality Stadium,37.946,32.488
2023-10-21,14:30,Germany,Freiburg,Bochum,Bundesliga,Europa-Park Stadion,48.0216,7.8297
2023-10-21,14:30,Germany,Hoffenheim,Ein Frankfurt,Bundesliga,PreZero Arena,49.23806,8.8875
2023-10-21,14:30,Germany,Union Berlin,Stuttgart,Bundesliga,Stadion An der Alten Försterei,52.45722,13.56806
2023-10-21,14:30,Germany,Wolfsburg,Leverkusen,Bundesliga,Volkswagen Arena,52.43278,10.80389
2023-10-21,15:00,England,Bournemouth,Wolves,Premier League,Dean Court,50.73528,-1.83833
2023-10-21,15:00,England,Brentford,Burnley,Premier League,Brentford Community Stadium,51.49083,-0.28861
2023-10-21,15:00,England,Man City,Brighton,Premier League,City of Manchester Stadium,53.483055555556,-2.2002777777778
2023-10-21,15:00,England,Newcastle,Crystal Palace,Premier League,St James' Park,54.975555555556,-1.6216666666667
2023-10-21,15:00,England,Nott'm Forest,Luton,Premier League,City Ground,52.94,-1.13278
2023-10-21,15:00,England,Bristol City,Coventry,Championship,King Power Stadium,52.620277777778,-1.1422222222222
2023-10-21,15:00,Croatia,Norwich,Leeds,Championship,ŠRC Velika Gorica,45.724,16.0732
2023-10-21,15:00,England,Watford,Sheffield Weds,Championship,Brentford Community Stadium,51.49083,-0.28861
2023-10-21,15:00,Belgium,West Brom,Plymouth,Championship,Het Kuipje,51.094817,4.928806
2023-10-21,15:00,Belgium,Kortrijk,Club Brugge,Belgian Pro League,Guldensporen Stadion,50.830432,3.248906
2023-10-21,15:15,Spain,Getafe,Betis,La Liga,Coliseum,40.32556,-3.71472
2023-10-21,15:15,Portugal,Amorebieta,Oviedo,Segunda Division,Estádio Comendador Joaquim de Almeida Freitas,41.37806,-8.35472
2023-10-21,15:15,Spain,Villarreal B,Mirandes,Segunda Division,La Cerámica,39.94417,-0.10361
2023-10-21,15:30,Greece,Panetolikos,Volos NFC,Super League Greece,Panetolikos Stadium,38.63,21.41167
2023-10-21,16:00,France,Paris SG,Strasbourg,Ligue 1,Parc des Princes,48.84138888888889,2.2530555555555556
2023-10-21,17:00,Italy,Torino,Inter,Serie A,Stadio Olimpico Grande Torino,45.04167,7.65
2023-10-21,17:00,Turkey,Galatasaray,Besiktas,Super Lig,Rams Park,41.10278,28.99056
2023-10-21,17:30,England,Chelsea,Arsenal,Premier League,Stamford Bridge,51.481666666667,-0.19111111111111
2023-10-21,17:30,Spain,Sevilla,Real Madrid,La Liga,Ramón Sánchez-Pizjuán,37.384,-5.9705
2023-10-21,17:30,Germany,Mainz,Bayern Munich,Bundesliga,Mewa Arena,49.98417,8.22417
2023-10-21,17:45,Netherlands,PSV Eindhoven,For Sittard,Eredivisie,Philips Stadion,51.44167,5.4675
2023-10-21,17:45,Netherlands,Waalwijk,Volendam,Eredivisie,Mandemakers Stadion,51.68694,5.08861
2023-10-21,18:00,France,Angers,Bordeaux,Ligue 2,Stade Raymond Kopa,47.460458,-0.530741
2023-10-21,18:00,Netherlands,Annecy,Amiens,Ligue 2,Goffertstadion,51.8225,5.83667
2023-10-21,18:00,Italy,Grenoble,Valenciennes,Ligue 2,Stadio Luigi Ferraris,44.41639,8.9525
2023-10-21,18:00,Greece,Aris,Panserraikos,Super League Greece,Kleanthis Vikelidis Stadium,40.6,22.96944
2023-10-21,19:30,Netherlands,Fortuna Dusseldorf,Kaiserslautern,2. Bundesliga,Fortuna Sittard Stadion,50.992069,5.843675
2023-10-21,19:45,Belgium,Charleroi,Antwerp,Belgian Pro League,Stade du Pays de Charleroi,50.414609,4.453787
2023-10-21,20:00,England,Sheffield United,Man United,Premier League,Old Trafford,53.463055555556,-2.2913888888889
2023-10-21,20:00,Spain,Celta,Ath Madrid,La Liga,Balaídos,42.2118,-8.7397
2023-10-21,20:00,Portugal,Zaragoza,Eibar,Segunda Division,Estádio Municipal de Braga,41.5625,-8.43
2023-10-21,20:00,France,Nice,Marseille,Ligue 1,Allianz Riviera,43.70528,7.1925
2023-10-21,20:00,Netherlands,Feyenoord,Vitesse,Eredivisie,De Kuip,51.89389,4.52306
2023-10-22,11:15,Netherlands,Utrecht,Ajax,Eredivisie,Stadion Galgenwaard,52.07833,5.14583
2023-10-22,11:30,Italy,Roma,Monza,Serie A,Stadio Olimpico,41.93389,12.45472
2023-10-22,11:30,Turkey,Sivasspor,Kasimpasa,Super Lig,BG Grup 4 Eylül Stadium,39.72833,36.98389
2023-10-22,12:30,Belgium,Genk,Mechelen,Belgian Pro League,Cegeka Arena,51.005,5.53333
2023-10-22,13:00,Spain,Las Palmas,Vallecano,La Liga,Gran Canaria,28.10028,-15.45667
2023-10-22,13:30,Netherlands,Heracles,Twente,Eredivisie,Asito Stadion[3],52.33889,6.65056
2023-10-22,14:00,Italy,Bologna,Frosinone,Serie A,Stadio Renato Dall'Ara,44.49222,11.30972
2023-10-22,14:00,France,Lille,Brest,Ligue 1,Decathlon Arena Pierre Mauroy Stadium,50.6119,3.1304
2023-10-22,14:00,France,Nantes,Montpellier,Ligue 1,Stade de la Beaujoire,47.256,-1.525
2023-10-22,14:00,France,Toulouse,Reims,Ligue 1,Stadium de Toulouse,43.58306,1.43417
2023-10-22,14:00,Turkey,Istanbulspor,Ankaragucu,Super Lig,Samsun 19 Mayıs Stadium,41.22778,36.4575
2023-10-22,14:00,Greece,Asteras Tripolis,AEK,Super League Greece,Theodoros Kolokotronis Stadium,37.5025,22.38861
2023-10-22,15:00,Belgium,Cercle Brugge,Gent,Belgian Pro League,Jan Breydel Stadium,51.19333,3.18056
2023-10-22,15:15,Spain,Girona,Almeria,La Liga,Montilivi,41.96139,2.82861
2023-10-22,15:15,Turkey,Sampdoria,Cosenza,Serie B,Samsun 19 Mayıs Stadium,41.22778,36.4575
2023-10-22,15:45,Netherlands,Go Ahead Eagles,Sparta Rotterdam,Eredivisie,De Adelaarshorst,52.260416,6.172578
2023-10-22,16:05,France,Monaco,Metz,Ligue 1,Stade Louis II,43.7275,7.41556
2023-10-22,16:30,England,Aston Villa,West Ham,Premier League,Villa Park,52.509166666667,-1.8847222222222
2023-10-22,16:30,Germany,Heidenheim,Augsburg,Bundesliga,Voith-Arena,48.66861,10.13944
2023-10-22,16:30,Greece,PAOK,Atromitos,Super League Greece,Toumba Stadium,40.61389,22.9725
2023-10-22,17:00,Italy,Atalanta,Genoa,Serie A,Gewiss Stadium,45.70889,9.68083
2023-10-22,17:00,Turkey,Fenerbahce,Hatayspor,Super Lig,Ülker Stadium,40.98778,29.03694
2023-10-22,17:00,Turkey,Samsunspor,Buyuksehyr,Super Lig,Samsun 19 Mayıs Stadium,41.22778,36.4575
2023-10-22,17:30,Spain,Villarreal,Alaves,La Liga,La Cerámica,39.94417,-0.10361
2023-10-22,17:30,Denmark,Santander,Burgos,Segunda Division,Cepheus Park Randers,56.46594,10.010262
2023-10-22,17:30,Belgium,Standard,Anderlecht,Belgian Pro League,Stade Maurice Dufrasne,50.61,5.54333
2023-10-22,17:30,Greece,Olympiakos,Panathinaikos,Super League Greece,Karaiskakis Stadium,37.94611,23.66444
2023-10-22,18:15,Belgium,Oud-Heverlee Leuven,St Truiden,Belgian Pro League,Den Dreef,50.86833,4.69417
2023-10-22,19:45,Italy,Milan,Juventus,Serie A,San Siro,45.47806,9.12389
2023-10-22,19:45,France,Lyon,Clermont,Ligue 1,Groupama Stadium,45.765224,4.982131
2023-10-22,20:00,Spain,Barcelona,Ath Bilbao,La Liga,Olímpic Lluís Companys,41.36472,2.15556
2023-10-22,20:00,Spain,Valladolid,Andorra,Segunda Division,José Zorrilla,41.64444,-4.76111
2023-10-23,17:30,Italy,Udinese,Lecce,Serie A,Stadio Friuli,46.0816,13.2001
2023-10-23,18:00,Turkey,Trabzonspor,Alanyaspor,Super Lig,Papara Park,40.99917,39.64583
2023-10-23,19:30,Italy,Palermo,Spezia,Serie B,Stadio Ennio Tardini,44.795,10.33833
2023-10-23,19:45,Italy,Fiorentina,Empoli,Serie A,Stadio Artemio Franchi,43.78083,11.28222
2023-10-23,19:45,Greece,Laval,St Etienne,Ligue 2,Lamia Municipal Stadium,38.91,22.43111
2023-10-23,20:00,England,Tottenham,Fulham,Premier League,Tottenham Hotspur Stadium,51.6044,-0.0664
2023-10-23,20:00,Spain,Valencia,Cadiz,La Liga,Mestalla,39.47472,-0.35833
2023-10-23,20:00,Spain,Alcorcon,Cartagena,Segunda Division,Mallorca Son Moix,39.59,2.63
2023-10-24,17:30,France,Brescia,Modena,Serie B,Stade Francis-Le Blé,48.402932,-4.461694
2023-10-24,18:45,Italy,Inter Milan,Red Bull Salzburg,Europa League,San Siro,45.47806,9.12389
2023-10-24,18:45(19:45UTC+3),Turkey,Galatasaray,Bayern Munich,Europa League,Rams Park,41.10278,28.99056
2023-10-24,19:45,Croatia,Norwich,Middlesbrough,Championship,ŠRC Velika Gorica,45.724,16.0732
2023-10-24,20:00,England,Leicester,Sunderland,Championship,King Power Stadium,52.620277777778,-1.1422222222222
2023-10-24,20:00,Belgium,West Brom,QPR,Championship,Het Kuipje,51.094817,4.928806
2023-10-24,21:00,Spain,Sevilla,Arsenal,Europa League,Ramón Sánchez-Pizjuán,37.384,-5.9705
2023-10-24,21:00,France,Lens,PSV Eindhoven,Europa League,Stade Bollaert-Delelis,50.43278,2.815
2023-10-24,21:00,Germany,Union Berlin,Napoli,Europa League,Stadion An der Alten Försterei,52.45722,13.56806
2023-10-24,21:00(20:00UTC+1),England,Manchester United,Copenhagen,Europa League,Old Trafford,53.463055555556,-2.2913888888889
2023-10-24,21:00(20:00UTC+1),Portugal,Braga,Real Madrid,Europa League,Estádio Municipal de Braga,41.5625,-8.43
2023-10-24,21:00(20:00UTC+1),Portugal,Benfica,Real Sociedad,Europa League,Estádio da Luz,38.7527,-9.1847
2023-10-25,18:45,Netherlands,Feyenoord,Lazio,Europa League,De Kuip,51.89389,4.52306
2023-10-25,18:45,Spain,Barcelona,Shakhtar Donetsk,Europa League,Olímpic Lluís Companys,41.36472,2.15556
2023-10-25,19:45,England,Bristol City,Ipswich,Championship,King Power Stadium,52.620277777778,-1.1422222222222
2023-10-25,19:45,Portugal,Preston,Southampton,Championship,Estádio do Dragão,41.1618,-8.5839
2023-10-25,21:00,France,Paris Saint-Germain,Milan,Europa League,Parc des Princes,48.84138888888889,2.2530555555555556
2023-10-25,21:00,Germany,RB Leipzig,Red Star Belgrade,Europa League,Red Bull Arena,51.34583,12.34833
2023-10-25,21:00,Denmark,Young Boys,Manchester City,Europa League,Lyngby Stadium,55.78134,12.505628
2023-10-25,21:00,Belgium,Antwerp,Porto,Europa League,Bosuilstadion,51.2325,4.47222
2023-10-25,21:00(20:00UTC+1),Spain,Celtic,Atlético Madrid,Europa League,Balaídos,42.2118,-8.7397
2023-10-25,21:00(20:00UTC+1),England,Newcastle United,Borussia Dortmund,Europa League,St James' Park,54.975555555556,-1.6216666666667
2023-10-26,18:45,France,Marseille,AEK Athens,Europa League,Orange Vélodrome,43.26972,5.39583
2023-10-26,18:45,Czech Republic,Sparta Prague,Rangers,Europa League,epet ARENA,50.09972,14.41583
2023-10-26,18:45,Austria,Sturm Graz,Atalanta,Europa League,Merkur-Arena,47.04611,15.45444
2023-10-26,18:45,Poland,Raków Częstochowa,Sporting CP,Europa League,Raków Municipal Football Stadium,50.776748,19.159229
2023-10-26,18:45(19:45UTC+3),Greece,Olympiacos,West Ham United,Europa League,Karaiskakis Stadium,37.94611,23.66444
2023-10-26,18:45(19:45UTC+3),Greece,Aris Limassol,Real Betis,Europa League,Kleanthis Vikelidis Stadium,40.6,22.96944
2023-10-26,21:00,Italy,Roma,Slavia Prague,Europa League,Stadio Olimpico,41.93389,12.45472
2023-10-26,21:00,Germany,Bayer Leverkusen,Qarabağ,Europa League,BayArena,51.03833,7.00222
2023-10-26,21:00(20:00UTC+1),England,Brighton & Hove Albion,Ajax,Europa League,Falmer Stadium,50.861822222222,-0.083277777777778
2023-10-26,21:00(20:00UTC+1),England,Liverpool,Toulouse,Europa League,Anfield,53.4308,-2.9608
2023-10-26,21:00(22:00UTC+3),Greece,Panathinaikos,Rennes,Europa League,Athens Olympic Stadium,38.03606806,23.7876
2023-10-27,18:00,Turkey,Hatayspor,Kayserispor,Super Lig,Mersin Stadium[note 1],36.82056,34.53861
2023-10-27,19:30,Germany,Bochum,Mainz,Bundesliga,Vonovia Ruhrstadion,51.49,7.23667
2023-10-27,19:45,Italy,Genoa,Salernitana,Serie A,Stadio Luigi Ferraris,44.41639,8.9525
2023-10-27,19:45,Belgium,St Truiden,RWD Molenbeek,Belgian Pro League,Stayen,50.813474,5.166256
2023-10-27,20:00,England,Crystal Palace,Tottenham,Premier League,Selhurst Park,51.39833,-0.08556
2023-10-27,20:00,Spain,Girona,Celta,La Liga,Montilivi,41.96139,2.82861
2023-10-27,20:15,Portugal,Arouca,Moreirense,Primeira Liga,Estádio Municipal de Arouca,40.933,-8.2503
2023-10-28,12:00,Germany,St Pauli,Karlsruhe,2. Bundesliga,Millerntor-Stadion,53.554583,9.967667
2023-10-28,12:30,England,Chelsea,Brentford,Premier League,Stamford Bridge,51.481666666667,-0.19111111111111
2023-10-28,12:30,England,Southampton,Birmingham,Championship,St Mary's Stadium,50.90583,-1.39111
2023-10-28,13:00,Spain,Almeria,Las Palmas,La Liga,Mestalla,39.47472,-0.35833
2023-10-28,13:00,France,Eldense,Amorebieta,Segunda Division,Stade Bollaert-Delelis,50.43278,2.815
2023-10-28,13:00,Italy,Como,Catanzaro,Serie B,Stadio Giuseppe Sinigaglia,45.81389,9.07222
2023-10-28,13:00,Netherlands,FeralpiSalo,Reggiana,Serie B,Asito Stadion[3],52.33889,6.65056
2023-10-28,13:00,Italy,Spezia,Cosenza,Serie B,Stadio Pier Luigi Penzo,45.4277611,12.3637306
2023-10-28,13:00,Austria,Sudtirol,Sampdoria,Serie B,Tivoli Stadion Tirol,47.25583,11.41083
2023-10-28,14:00,Turkey,Alanyaspor,Sivasspor,Super Lig,Alanya Oba Stadium,36.5626,32.0792
2023-10-28,14:30,Germany,Augsburg,Wolfsburg,Bundesliga,WWK Arena,48.32306,10.88611
2023-10-28,14:30,Germany,Bayern Munich,Darmstadt,Bundesliga,Allianz Arena,48.218775,11.624752777778
2023-10-28,14:30,Germany,Stuttgart,Hoffenheim,Bundesliga,MHPArena,48.79222,9.23194
2023-10-28,14:30,Germany,Werder Bremen,Union Berlin,Bundesliga,Weserstadion,53.06639,8.8375
2023-10-28,15:00,England,Arsenal,Sheffield United,Premier League,Emirates Stadium,51.55667,-0.10611
2023-10-28,15:00,England,Bournemouth,Burnley,Premier League,Dean Court,50.73528,-1.83833
2023-10-28,15:00,England,Ipswich,Plymouth,Championship,Portman Road,52.055,1.14528
2023-10-28,15:00,England,Watford,Millwall,Championship,Brentford Community Stadium,51.49083,-0.28861
2023-10-28,15:00,Belgium,Mechelen,Cercle Brugge,Belgian Pro League,AFAS-stadion Achter de Kazerne,51.037184,4.486397
2023-10-28,15:15,Spain,Barcelona,Real Madrid,La Liga,Olímpic Lluís Companys,41.36472,2.15556
2023-10-28,15:15,Italy,Ascoli,Parma,Serie B,Stadio Diego Armando Maradona,40.828,14.193
2023-10-28,15:30,Greece,Volos NFC,Kifisia,Super League Greece,Panthessaliko Stadium,39.3875,22.93111
2023-10-28,16:00,France,Reims,Lorient,Ligue 1,Stade Auguste Delaune,49.24667,4.025
2023-10-28,17:00,Italy,Lecce,Torino,Serie A,Stadio Via del mare,40.36528,18.20889
2023-10-28,17:00,Turkey,Ad. Demirspor,Konyaspor,Super Lig,New Adana Stadium,37.06333,35.375
2023-10-28,17:00,Turkey,Rizespor,Galatasaray,Super Lig,Rize City Stadium,41.04202,40.5733
2023-10-28,17:30,England,Wolves,Newcastle,Premier League,Molineux Stadium,52.59028,-2.13028
2023-10-28,17:30,Spain,Mallorca,Getafe,La Liga,Mallorca Son Moix,39.59,2.63
2023-10-28,17:30,Germany,RB Leipzig,FC Koln,Bundesliga,Red Bull Arena,51.34583,12.34833
2023-10-28,17:45,Netherlands,Heerenveen,Heracles,Eredivisie,Abe Lenstra Stadion,52.95861,5.93611
2023-10-28,18:00,Portugal,Amiens,Laval,Ligue 2,Estádio Comendador Joaquim de Almeida Freitas,41.37806,-8.35472
2023-10-28,18:00,France,Auxerre,Dunkerque,Ligue 2,Stade Abbé Deschamps,47.7867528,3.5886639
2023-10-28,18:00,Portugal,Bastia,Guingamp,Ligue 2,Estádio do Bessa,41.16222,-8.64278
2023-10-28,18:00,Greece,Paris FC,Troyes,Ligue 2,Kleanthis Vikelidis Stadium,40.6,22.96944
2023-10-28,18:00,Spain,Valenciennes,Caen,Ligue 2,Mestalla,39.47472,-0.35833
2023-10-28,18:00,Portugal,Benfica,Casa Pia,Primeira Liga,Estádio da Luz,38.7527,-9.1847
2023-10-28,18:00,Portugal,Guimaraes,Chaves,Primeira Liga,Estádio D. Afonso Henriques,41.44583,-8.30111
2023-10-28,18:00,Greece,Atromitos,Panetolikos,Super League Greece,Peristeri Stadium,38.00472,23.68972
2023-10-28,19:00,Netherlands,Almere City,Go Ahead Eagles,Eredivisie,Yanmar Stadion,52.3944,5.2405
2023-10-28,19:00,Netherlands,Sparta Rotterdam,Waalwijk,Eredivisie,Spartastadion Het Kasteel,51.919485,4.433619
2023-10-28,19:45,Italy,Juventus,Verona,Serie A,Juventus Stadium,45.10944,7.64111
2023-10-28,19:45,Belgium,Anderlecht,Oud-Heverlee Leuven,Belgian Pro League,Lotto Park,50.83417,4.29833
2023-10-28,20:00,Belgium,Elche,Tenerife,Segunda Division,AFAS-stadion Achter de Kazerne,51.037184,4.486397
2023-10-28,20:00,France,Lens,Nantes,Ligue 1,Stade Bollaert-Delelis,50.43278,2.815
2023-10-28,20:00,Netherlands,For Sittard,Utrecht,Eredivisie,Fortuna Sittard Stadion,50.992069,5.843675
2023-10-28,20:30,Portugal,Gil Vicente,Sp Braga,Primeira Liga,Estádio Cidade de Barcelos,41.551,-8.623
2023-10-29,11:15,Netherlands,Twente,Feyenoord,Eredivisie,De Grolsch Veste,52.23667,6.8375
2023-10-29,11:30,Italy,Cagliari,Frosinone,Serie A,Unipol Domus,39.2,9.1375
2023-10-29,12:00,France,Brest,Paris SG,Ligue 1,Stade Francis-Le Blé,48.402932,-4.461694
2023-10-29,12:30,Germany,Holstein Kiel,Nurnberg,2. Bundesliga,Holstein-Stadion,54.34917,10.12361
2023-10-29,12:30,Germany,Magdeburg,Elversberg,2. Bundesliga,WWK Arena,48.32306,10.88611
2023-10-29,12:30,Belgium,Wehen,Hansa Rostock,2. Bundesliga,AFAS-stadion Achter de Kazerne,51.037184,4.486397
2023-10-29,12:30,Belgium,Club Brugge,Antwerp,Belgian Pro League,Jan Breydel Stadium,51.19333,3.18056
2023-10-29,13:00,England,West Ham,Everton,Premier League,London Stadium,51.5386,-0.0164
2023-10-29,13:00,Spain,Betis,Osasuna,La Liga,Benito Villamarín,37.35639,-5.98139
2023-10-29,13:00,Denmark,Mirandes,Cartagena,Segunda Division,Cepheus Park Randers,56.46594,10.010262
2023-10-29,13:30,Netherlands,PSV Eindhoven,Ajax,Eredivisie,Philips Stadion,51.44167,5.4675
2023-10-29,14:00,England,Aston Villa,Luton,Premier League,Villa Park,52.509166666667,-1.8847222222222
2023-10-29,14:00,England,Brighton,Fulham,Premier League,Falmer Stadium,50.861822222222,-0.083277777777778
2023-10-29,14:00,England,Liverpool,Nott'm Forest,Premier League,Anfield,53.4308,-2.9608
2023-10-29,14:00,Italy,Monza,Udinese,Serie A,Stadio Brianteo,45.58278,9.30806
2023-10-29,14:00,France,Lille,Monaco,Ligue 1,Decathlon Arena Pierre Mauroy Stadium,50.6119,3.1304
2023-10-29,14:00,France,Montpellier,Toulouse,Ligue 1,Stade de la Mosson,43.62222,3.81194
2023-10-29,14:30,Germany,Ein Frankfurt,Dortmund,Bundesliga,Deutsche Bank Park,50.068056,8.645806
2023-10-29,15:00,Belgium,Westerlo,St. Gilloise,Belgian Pro League,Het Kuipje,51.094817,4.928806
2023-10-29,15:15,Spain,Vallecano,Sociedad,La Liga,Vallecas,40.39194,-3.65889
2023-10-29,15:15,France,Brescia,Bari,Serie B,Stade Francis-Le Blé,48.402932,-4.461694
2023-10-29,15:15,Italy,Modena,Ternana,Serie B,Stadio Brianteo,45.58278,9.30806
2023-10-29,15:15,Italy,Palermo,Lecco,Serie B,Stadio Ennio Tardini,44.795,10.33833
2023-10-29,15:15,Italy,Venezia,Pisa,Serie B,Stadio Pier Luigi Penzo,45.4277611,12.3637306
2023-10-29,15:30,England,Man United,Man City,Premier League,Old Trafford,53.463055555556,-2.2913888888889
2023-10-29,15:30,Portugal,Rio Ave,Farense,Primeira Liga,Estádio dos Arcos,41.36278,-8.74028
2023-10-29,15:30,Greece,Asteras Tripolis,Lamia,Super League Greece,Theodoros Kolokotronis Stadium,37.5025,22.38861
2023-10-29,16:00,Turkey,Antalyaspor,Buyuksehyr,Super Lig,Corendon Airlines Park,36.888278,30.668444
2023-10-29,16:05,France,Rennes,Strasbourg,Ligue 1,Roazhon Park,48.1075,-1.71278
2023-10-29,16:30,Germany,Leverkusen,Freiburg,Bundesliga,BayArena,51.03833,7.00222
2023-10-29,17:30,Spain,Ath Bilbao,Valencia,La Liga,San Mamés,43.2643,-2.9504
2023-10-29,17:30,Spain,Leganes,Villarreal B,Segunda Division,Municipal de Butarque,40.3404,-3.7607
2023-10-29,17:30,Belgium,Gent,Standard,Belgian Pro League,Planet Group Arena,51.01611,3.73417
2023-10-29,17:30,Greece,Panathinaikos,Panserraikos,Super League Greece,Athens Olympic Stadium,38.03606806,23.7876
2023-10-29,18:00,Portugal,Estrela,Famalicao,Primeira Liga,Estádio José Gomes,38.75194,-9.22806
2023-10-29,18:15,Belgium,Kortrijk,Genk,Belgian Pro League,Guldensporen Stadion,50.830432,3.248906
2023-10-29,18:30,Greece,Aris,Giannina,Super League Greece,Kleanthis Vikelidis Stadium,40.6,22.96944
2023-10-29,19:45,Italy,Napoli,Milan,Serie A,Stadio Diego Armando Maradona,40.828,14.193
2023-10-29,20:00,Spain,Ath Madrid,Alaves,La Liga,Santiago Bernabéu,40.45306,-3.68835
2023-10-29,20:00,Denmark,Santander,Ferrol,Segunda Division,Cepheus Park Randers,56.46594,10.010262
2023-10-30,17:00,Turkey,Besiktas,Gaziantep,Super Lig,Tüpraş Stadium,41.03917,28.99472
2023-10-30,17:30,Italy,Empoli,Atalanta,Serie A,Stadio Carlo Castellani - Computer Gross Arena,43.72639,10.955
2023-10-30,19:45,Italy,Lazio,Fiorentina,Serie A,Stadio Olimpico,41.93389,12.45472
2023-10-30,19:45,France,St Etienne,Angers,Ligue 2,Stade Geoffroy Guichard,45.46083,4.39028
2023-10-30,20:00,Spain,Granada,Villarreal,La Liga,Montilivi,41.96139,2.82861
2023-10-30,20:15,Portugal,Boavista,Sp Lisbon,Primeira Liga,Estádio do Bessa,41.16222,-8.64278
2023-11-02,19:00,Netherlands,Ajax,Volendam,Eredivisie,Johan Cruyff Arena,52.31417,4.94194
2023-11-03,17:00,Turkey,Galatasaray,Kasimpasa,Super Lig,Rams Park,41.10278,28.99056
2023-11-03,17:30,Netherlands,Fortuna Dusseldorf,Wehen,2. Bundesliga,Fortuna Sittard Stadion,50.992069,5.843675
2023-11-03,19:45,Italy,Bologna,Lazio,Serie A,Stadio Renato Dall'Ara,44.49222,11.30972
2023-11-03,19:45,Belgium,St Truiden,Eupen,Belgian Pro League,Stayen,50.813474,5.166256
2023-11-03,20:00,England,Leicester,Leeds,Championship,King Power Stadium,52.620277777778,-1.1422222222222
2023-11-03,20:00,Spain,Las Palmas,Ath Madrid,La Liga,Gran Canaria,28.10028,-15.45667
2023-11-03,20:00,Spain,Espanol,Eibar,Segunda Division,RCDE Stadium,41.34778,2.07556
2023-11-03,20:00,France,Paris SG,Montpellier,Ligue 1,Parc des Princes,48.84138888888889,2.2530555555555556
2023-11-03,20:15,Portugal,Porto,Estoril,Primeira Liga,Estádio do Dragão,41.1618,-8.5839
2023-11-04,10:30,Turkey,Istanbulspor,Pendikspor,Super Lig,Samsun 19 Mayıs Stadium,41.22778,36.4575
2023-11-04,12:30,England,Fulham,Man United,Premier League,Craven Cottage,51.475,-0.22166666666667
2023-11-04,13:00,Spain,Osasuna,Girona,La Liga,El Sadar,42.79667,-1.63694
2023-11-04,13:00,Greece,Bari,Ascoli,Serie B,Kleanthis Vikelidis Stadium,40.6,22.96944
2023-11-04,13:00,Italy,Cosenza,FeralpiSalo,Serie B,Stadio Brianteo,45.58278,9.30806
2023-11-04,13:00,Turkey,Samsunspor,Hatayspor,Super Lig,Samsun 19 Mayıs Stadium,41.22778,36.4575
2023-11-04,14:00,France,St Etienne,Paris FC,Ligue 2,Stade Geoffroy Guichard,45.46083,4.39028
2023-11-04,14:30,Germany,Freiburg,M'gladbach,Bundesliga,Europa-Park Stadion,48.0216,7.8297
2023-11-04,14:30,Germany,Hoffenheim,Leverkusen,Bundesliga,PreZero Arena,49.23806,8.8875
2023-11-04,14:30,Germany,Mainz,RB Leipzig,Bundesliga,Mewa Arena,49.98417,8.22417
2023-11-04,14:30,Germany,Union Berlin,Ein Frankfurt,Bundesliga,Stadion An der Alten Försterei,52.45722,13.56806
2023-11-04,15:00,England,Brentford,West Ham,Premier League,Brentford Community Stadium,51.49083,-0.28861
2023-11-04,15:00,England,Everton,Brighton,Premier League,Goodison Park,53.438888888889,-2.9663888888889
2023-11-04,15:00,England,Man City,Bournemouth,Premier League,City of Manchester Stadium,53.483055555556,-2.2002777777778
2023-11-04,15:00,England,Sheffield United,Wolves,Premier League,Old Trafford,53.463055555556,-2.2913888888889
2023-11-04,15:00,England,Bristol City,Sheffield Weds,Championship,King Power Stadium,52.620277777778,-1.1422222222222
2023-11-04,15:00,Portugal,Preston,Coventry,Championship,Estádio do Dragão,41.1618,-8.5839
2023-11-04,15:00,Belgium,West Brom,Hull,Championship,Het Kuipje,51.094817,4.928806
2023-11-04,15:15,Spain,Betis,Mallorca,La Liga,Benito Villamarín,37.35639,-5.98139
2023-11-04,15:15,Spain,Villarreal B,Sp Gijon,Segunda Division,La Cerámica,39.94417,-0.10361
2023-11-04,15:15,Turkey,Sampdoria,Palermo,Serie B,Samsun 19 Mayıs Stadium,41.22778,36.4575
2023-11-04,15:30,Netherlands,Heracles,PSV Eindhoven,Eredivisie,Asito Stadion[3],52.33889,6.65056
2023-11-04,15:30,Portugal,Chaves,Benfica,Primeira Liga,Estádio do CD Aves,41.366932,-8.411789
2023-11-04,15:30,Greece,Lamia,Panathinaikos,Super League Greece,Lamia Municipal Stadium,38.91,22.43111
2023-11-04,16:00,Turkey,Fenerbahce,Trabzonspor,Super Lig,Ülker Stadium,40.98778,29.03694
2023-11-04,17:00,Italy,Atalanta,Inter,Serie A,Gewiss Stadium,45.70889,9.68083
2023-11-04,17:15,Belgium,Oud-Heverlee Leuven,Westerlo,Belgian Pro League,Den Dreef,50.86833,4.69417
2023-11-04,17:30,England,Newcastle,Arsenal,Premier League,St James' Park,54.975555555556,-1.6216666666667
2023-11-04,17:30,Spain,Celta,Sevilla,La Liga,Balaídos,42.2118,-8.7397
2023-11-04,17:30,Spain,Levante,Mirandes,Segunda Division,Municipal de Butarque,40.3404,-3.7607
2023-11-04,17:30,Spain,Valladolid,Tenerife,Segunda Division,José Zorrilla,41.64444,-4.76111
2023-11-04,17:30,Germany,Dortmund,Bayern Munich,Bundesliga,Signal Iduna Park,51.4925,7.45167
2023-11-04,17:45,Netherlands,Waalwijk,Feyenoord,Eredivisie,Mandemakers Stadion,51.68694,5.08861
2023-11-04,18:00,France,Angers,Valenciennes,Ligue 2,Stade Raymond Kopa,47.460458,-0.530741
2023-11-04,18:00,Netherlands,Annecy,Laval,Ligue 2,Goffertstadion,51.8225,5.83667
2023-11-04,18:00,Portugal,Bastia,Bordeaux,Ligue 2,Estádio do Bessa,41.16222,-8.64278
2023-11-04,18:00,Italy,Grenoble,Ajaccio,Ligue 2,Stadio Luigi Ferraris,44.41639,8.9525
2023-11-04,18:00,Portugal,Famalicao,Gil Vicente,Primeira Liga,Estádio Municipal de Famalicão,41.40139,-8.5225
2023-11-04,19:45,Italy,Milan,Udinese,Serie A,San Siro,45.47806,9.12389
2023-11-04,19:45,Belgium,Antwerp,Genk,Belgian Pro League,Bosuilstadion,51.2325,4.47222
2023-11-04,20:00,Spain,Sociedad,Barcelona,La Liga,Anoeta,43.30139,-1.97361
2023-11-04,20:00,France,Marseille,Lille,Ligue 1,Orange Vélodrome,43.26972,5.39583
2023-11-04,20:00,Netherlands,Go Ahead Eagles,Vitesse,Eredivisie,De Adelaarshorst,52.260416,6.172578
2023-11-04,20:30,Portugal,Sp Braga,Portimonense,Primeira Liga,Estádio Municipal de Braga,41.5625,-8.43
2023-11-05,10:30,Turkey,Sivasspor,Ad. Demirspor,Super Lig,BG Grup 4 Eylül Stadium,39.72833,36.98389
2023-11-05,11:15,Netherlands,Utrecht,Twente,Eredivisie,Stadion Galgenwaard,52.07833,5.14583
2023-11-05,11:30,Italy,Verona,Monza,Serie A,Stadio Marcantonio Bentegodi,45.43528,10.96861
2023-11-05,12:00,Croatia,Norwich,Blackburn,Championship,ŠRC Velika Gorica,45.724,16.0732
2023-11-05,12:00,France,Lyon,Metz,Ligue 1,Groupama Stadium,45.765224,4.982131
2023-11-05,12:30,Belgium,Cercle Brugge,Anderlecht,Belgian Pro League,Jan Breydel Stadium,51.19333,3.18056
2023-11-05,13:00,Spain,Alaves,Almeria,La Liga,Mendizorrotza,42.8371111,-2.6880444
2023-11-05,13:00,Turkey,Buyuksehyr,Ankaragucu,Super Lig,Başakşehir Fatih Terim Stadium,41.12278,28.80861
2023-11-05,13:00,Turkey,Konyaspor,Karagumruk,Super Lig,Konya Metropolitan Municipality Stadium,37.946,32.488
2023-11-05,13:30,Netherlands,Zwolle,For Sittard,Eredivisie,MAC³PARK Stadion,52.51722,6.12083
2023-11-05,14:00,England,Nott'm Forest,Aston Villa,Premier League,City Ground,52.94,-1.13278
2023-11-05,14:00,Italy,Cagliari,Genoa,Serie A,Unipol Domus,39.2,9.1375
2023-11-05,14:00,France,Nantes,Reims,Ligue 1,Stade de la Beaujoire,47.256,-1.525
2023-11-05,14:00,France,Strasbourg,Clermont,Ligue 1,Stade de la Meinau,48.56,7.755
2023-11-05,14:00,France,Toulouse,Le Havre,Ligue 1,Stadium de Toulouse,43.58306,1.43417
2023-11-05,14:00,Greece,Panetolikos,Asteras Tripolis,Super League Greece,Panetolikos Stadium,38.63,21.41167
2023-11-05,14:30,Germany,Wolfsburg,Werder Bremen,Bundesliga,Volkswagen Arena,52.43278,10.80389
2023-11-05,15:00,Belgium,Standard,Mechelen,Belgian Pro League,Stade Maurice Dufrasne,50.61,5.54333
2023-11-05,15:15,Spain,Valencia,Granada,La Liga,Mestalla,39.47472,-0.35833
2023-11-05,15:15,Portugal,Amorebieta,Huesca,Segunda Division,Estádio Comendador Joaquim de Almeida Freitas,41.37806,-8.35472
2023-11-05,15:15,France,Cremonese,Spezia,Serie B,Roazhon Park,48.1075,-1.71278
2023-11-05,15:15,Italy,Parma,Sudtirol,Serie B,Stadio Ennio Tardini,44.795,10.33833
2023-11-05,15:30,Portugal,Casa Pia,Vizela,Primeira Liga,Estádio Municipal de Rio Maior[A],39.34444,-8.93528
2023-11-05,15:30,Portugal,Moreirense,Guimaraes,Primeira Liga,Estádio Comendador Joaquim de Almeida Freitas,41.37806,-8.35472
2023-11-05,15:45,Netherlands,Ajax,Heerenveen,Eredivisie,Johan Cruyff Arena,52.31417,4.94194
2023-11-05,15:45,Netherlands,Sparta Rotterdam,Almere City,Eredivisie,Spartastadion Het Kasteel,51.919485,4.433619
2023-11-05,16:00,Turkey,Antalyaspor,Besiktas,Super Lig,Corendon Airlines Park,36.888278,30.668444
2023-11-05,16:05,France,Monaco,Brest,Ligue 1,Stade Louis II,43.7275,7.41556
2023-11-05,16:30,Germany,Heidenheim,Stuttgart,Bundesliga,Voith-Arena,48.66861,10.13944
2023-11-05,17:00,Italy,Roma,Lecce,Serie A,Stadio Olimpico,41.93389,12.45472
2023-11-05,17:30,Spain,Villarreal,Ath Bilbao,La Liga,La Cerámica,39.94417,-0.10361
2023-11-05,17:30,Spain,Alcorcon,Santander,Segunda Division,Mallorca Son Moix,39.59,2.63
2023-11-05,17:30,England,Cartagena,Leganes,Segunda Division,Emirates Stadium,51.55667,-0.10611
2023-11-05,17:30,Greece,Olympiakos,PAOK,Super League Greece,Karaiskakis Stadium,37.94611,23.66444
2023-11-05,18:00,Portugal,Rio Ave,Boavista,Primeira Liga,Estádio dos Arcos,41.36278,-8.74028
2023-11-05,18:15,Belgium,Charleroi,Gent,Belgian Pro League,Stade du Pays de Charleroi,50.414609,4.453787
2023-11-05,18:15,Greece,Aris,Atromitos,Super League Greece,Kleanthis Vikelidis Stadium,40.6,22.96944
2023-11-05,19:45,Italy,Fiorentina,Juventus,Serie A,Stadio Artemio Franchi,43.78083,11.28222
2023-11-05,19:45,France,Nice,Rennes,Ligue 1,Allianz Riviera,43.70528,7.1925
2023-11-05,20:00,Spain,Real Madrid,Vallecano,La Liga,Santiago Bernabéu,40.45306,-3.68835
2023-11-05,20:00,France,Eldense,Burgos,Segunda Division,Stade Bollaert-Delelis,50.43278,2.815
2023-11-06,16:00,Greece,Panserraikos,OFI Crete,Super League Greece,Serres Municipal Stadium,41.0847,23.5466
2023-11-06,17:00,Turkey,Gaziantep,Rizespor,Super Lig,Gaziantep Stadium,37.12389,37.3825
2023-11-06,17:00,Turkey,Kayserispor,Alanyaspor,Super Lig,RHG Enertürk Enerji Stadium,38.73722,35.42306
2023-11-06,19:45,Italy,Torino,Sassuolo,Serie A,Stadio Olimpico Grande Torino,45.04167,7.65
2023-11-06,20:00,England,Tottenham,Chelsea,Premier League,Tottenham Hotspur Stadium,51.6044,-0.0664
2023-11-06,20:00,Spain,Getafe,Cadiz,La Liga,Coliseum,40.32556,-3.71472
2023-11-06,20:00,Portugal,Zaragoza,Oviedo,Segunda Division,Estádio Municipal de Braga,41.5625,-8.43
2023-11-06,20:15,Portugal,Farense,Arouca,Primeira Liga,Estádio de São Luís,37.022861,-7.928444
2023-11-07,18:45,Germany,Borussia Dortmund,Newcastle United,Europa League,Signal Iduna Park,51.4925,7.45167
2023-11-07,18:45,Ukraine,Shakhtar Donetsk,Barcelona,Europa League,Arena Lviv,49.77528,24.02778
2023-11-07,21:00,Spain,Atlético Madrid,Celtic,Europa League,Metropolitano,40.43611,-3.59944
2023-11-07,21:00,Italy,Lazio,Feyenoord,Europa League,Stadio Olimpico,41.93389,12.45472
2023-11-07,21:00,Italy,Milan,Paris Saint-Germain,Europa League,San Siro,45.47806,9.12389
2023-11-07,21:00(20:00UTC+0),England,Manchester City,Young Boys,Europa League,City of Manchester Stadium,53.483055555556,-2.2002777777778
2023-11-07,21:00(20:00UTC+0),Portugal,Porto,Antwerp,Europa League,Estádio do Dragão,41.1618,-8.5839
2023-11-08,17:00,Turkey,Samsunspor,Istanbulspor,Super Lig,Samsun 19 Mayıs Stadium,41.22778,36.4575
2023-11-08,17:30,Italy,Lecco,Spezia,Serie B,Stadio Via del mare,40.36528,18.20889
2023-11-08,17:30,Italy,Palermo,Brescia,Serie B,Stadio Ennio Tardini,44.795,10.33833
2023-11-08,18:45,Italy,Napoli,Union Berlin,Europa League,Stadio Diego Armando Maradona,40.828,14.193
2023-11-08,18:45,Spain,Real Sociedad,Benfica,Europa League,Anoeta,43.30139,-1.97361
2023-11-08,21:00,Germany,Bayern Munich,Galatasaray,Europa League,Allianz Arena,48.218775,11.624752777778
2023-11-08,21:00,Denmark,Copenhagen,Manchester United,Europa League,Parken,55.7024694,12.5722028
2023-11-08,21:00,Netherlands,PSV Eindhoven,Lens,Europa League,Philips Stadion,51.44167,5.4675
2023-11-08,21:00,Spain,Real Madrid,Braga,Europa League,Santiago Bernabéu,40.45306,-3.68835
2023-11-08,21:00,Austria,Red Bull Salzburg,Inter Milan,Europa League,Red Bull Arena,47.81639,12.99833
2023-11-08,21:00(20:00UTC+0),England,Arsenal,Sevilla,Europa League,Emirates Stadium,51.55667,-0.10611
2023-11-09,18:45,Netherlands,Ajax,Brighton & Hove Albion,Europa League,Johan Cruyff Arena,52.31417,4.94194
2023-11-09,18:45,Austria,LASK,Union Saint-Gilloise,Europa League,Raiffeisen Arena,48.293639,14.276667
2023-11-09,18:45,France,Toulouse,Liverpool,Europa League,Stadium de Toulouse,43.58306,1.43417
2023-11-09,18:45,France,Rennes,Panathinaikos,Europa League,Roazhon Park,48.1075,-1.71278
2023-11-09,18:45,Czech Republic,Slavia Prague,Roma,Europa League,Fortuna Arena,50.0675,14.47167
2023-11-09,18:45(21:45UTC+4),Denmark,Qarabağ,Bayer Leverkusen,Europa League,Aalborg Portland Park,57.052056,9.898556
2023-11-09,21:00,Germany,SC Freiburg,TSC,Europa League,Europa-Park Stadion,48.0216,7.8297
2023-11-09,21:00,Spain,Real Betis,Aris Limassol,Europa League,Benito Villamarín,37.35639,-5.98139
2023-11-09,21:00,Italy,Atalanta,Sturm Graz,Europa League,Gewiss Stadium,45.70889,9.68083
2023-11-09,21:00(20:00UTC+0),England,West Ham United,Olympiacos,Europa League,London Stadium,51.5386,-0.0164
2023-11-09,21:00(20:00UTC+0),France,Rangers,Sparta Prague,Europa League,Stade Raymond Kopa,47.460458,-0.530741
2023-11-09,21:00(22:00UTC+2),Greece,AEK Athens,Marseille,Europa League,Agia Sophia Stadium,38.03722222222222,23.741666666666667
2023-11-10,17:00,Turkey,Trabzonspor,Konyaspor,Super Lig,Papara Park,40.99917,39.64583
2023-11-10,17:30,Germany,St Pauli,Hannover,2. Bundesliga,Millerntor-Stadion,53.554583,9.967667
2023-11-10,19:00,Netherlands,For Sittard,Heracles,Eredivisie,Fortuna Sittard Stadion,50.992069,5.843675
2023-11-10,19:30,Spain,Leganes,Levante,Segunda Division,Municipal de Butarque,40.3404,-3.7607
2023-11-10,19:30,Italy,Venezia,Catanzaro,Serie B,Stadio Pier Luigi Penzo,45.4277611,12.3637306
2023-11-10,19:45,Italy,Genoa,Verona,Serie A,Stadio Luigi Ferraris,44.41639,8.9525
2023-11-10,19:45,Belgium,Westerlo,St Truiden,Belgian Pro League,Het Kuipje,51.094817,4.928806
2023-11-10,20:00,Spain,Ath Bilbao,Celta,La Liga,San Mamés,43.2643,-2.9504
2023-11-10,20:00,France,Montpellier,Nice,Ligue 1,Stade de la Mosson,43.62222,3.81194
2023-11-10,20:15,Portugal,Estoril,Casa Pia,Primeira Liga,Estádio António Coimbra da Mota,38.71583,-9.40639
2023-11-11,12:00,Germany,Holstein Kiel,Hamburg,2. Bundesliga,Holstein-Stadion,54.34917,10.12361
2023-11-11,12:30,England,Wolves,Tottenham,Premier League,Molineux Stadium,52.59028,-2.13028
2023-11-11,13:00,Spain,Vallecano,Girona,La Liga,Vallecas,40.39194,-3.65889
2023-11-11,13:00,Italy,Ascoli,Como,Serie B,Stadio Diego Armando Maradona,40.828,14.193
2023-11-11,13:00,Italy,Cosenza,Reggiana,Serie B,Stadio Brianteo,45.58278,9.30806
2023-11-11,13:00,Netherlands,FeralpiSalo,Bari,Serie B,Asito Stadion[3],52.33889,6.65056
2023-11-11,13:00,Austria,Sudtirol,Pisa,Serie B,Tivoli Stadion Tirol,47.25583,11.41083
2023-11-11,13:00,Turkey,Alanyaspor,Gaziantep,Super Lig,Alanya Oba Stadium,36.5626,32.0792
2023-11-11,14:00,Italy,Lecce,Milan,Serie A,Stadio Via del mare,40.36528,18.20889
2023-11-11,14:30,Germany,Augsburg,Hoffenheim,Bundesliga,WWK Arena,48.32306,10.88611
2023-11-11,14:30,Germany,Bayern Munich,Heidenheim,Bundesliga,Allianz Arena,48.218775,11.624752777778
2023-11-11,14:30,Germany,Stuttgart,Dortmund,Bundesliga,MHPArena,48.79222,9.23194
2023-11-11,15:00,England,Arsenal,Burnley,Premier League,Emirates Stadium,51.55667,-0.10611
2023-11-11,15:00,England,Crystal Palace,Everton,Premier League,Selhurst Park,51.39833,-0.08556
2023-11-11,15:00,England,Man United,Luton,Premier League,Old Trafford,53.463055555556,-2.2913888888889
2023-11-11,15:00,England,Ipswich,Swansea,Championship,Portman Road,52.055,1.14528
2023-11-11,15:00,England,Southampton,West Brom,Championship,St Mary's Stadium,50.90583,-1.39111
2023-11-11,15:00,England,Watford,Rotherham,Championship,Brentford Community Stadium,51.49083,-0.28861
2023-11-11,15:00,Belgium,Antwerp,Standard,Belgian Pro League,Bosuilstadion,51.2325,4.47222
2023-11-11,15:15,Spain,Almeria,Sociedad,La Liga,Mestalla,39.47472,-0.35833
2023-11-11,15:15,Denmark,Santander,Valladolid,Segunda Division,Cepheus Park Randers,56.46594,10.010262
2023-11-11,15:15,Italy,Modena,Sampdoria,Serie B,Stadio Brianteo,45.58278,9.30806
2023-11-11,16:00,France,Reims,Paris SG,Ligue 1,Stade Auguste Delaune,49.24667,4.025
2023-11-11,16:00,Turkey,Hatayspor,Galatasaray,Super Lig,Mersin Stadium[note 1],36.82056,34.53861
2023-11-11,17:00,Italy,Juventus,Cagliari,Serie A,Juventus Stadium,45.10944,7.64111
2023-11-11,17:00,Greece,Atromitos,Panserraikos,Super League Greece,Peristeri Stadium,38.00472,23.68972
2023-11-11,17:30,England,Bournemouth,Newcastle,Premier League,Dean Court,50.73528,-1.83833
2023-11-11,17:30,Spain,Granada,Getafe,La Liga,Montilivi,41.96139,2.82861
2023-11-11,17:30,Spain,Osasuna,Las Palmas,La Liga,El Sadar,42.79667,-1.63694
2023-11-11,17:30,Belgium,Elche,Zaragoza,Segunda Division,AFAS-stadion Achter de Kazerne,51.037184,4.486397
2023-11-11,17:30,Denmark,Mirandes,Ferrol,Segunda Division,Cepheus Park Randers,56.46594,10.010262
2023-11-11,17:30,Germany,Bochum,FC Koln,Bundesliga,Vonovia Ruhrstadion,51.49,7.23667
2023-11-11,17:45,Netherlands,Waalwijk,Go Ahead Eagles,Eredivisie,Mandemakers Stadion,51.68694,5.08861
2023-11-11,18:00,Portugal,Amiens,Grenoble,Ligue 2,Estádio Comendador Joaquim de Almeida Freitas,41.37806,-8.35472
2023-11-11,18:00,France,Auxerre,St Etienne,Ligue 2,Stade Abbé Deschamps,47.7867528,3.5886639
2023-11-11,18:00,Greece,Laval,Concarneau,Ligue 2,Lamia Municipal Stadium,38.91,22.43111
2023-11-11,18:00,Greece,Paris FC,Bastia,Ligue 2,Kleanthis Vikelidis Stadium,40.6,22.96944
2023-11-11,18:00,Spain,Valenciennes,Dunkerque,Ligue 2,Mestalla,39.47472,-0.35833
2023-11-11,18:00,Portugal,Estrela,Moreirense,Primeira Liga,Estádio José Gomes,38.75194,-9.22806
2023-11-11,18:00,Greece,Volos NFC,Aris,Super League Greece,Panthessaliko Stadium,39.3875,22.93111
2023-11-11,19:00,Netherlands,Twente,Nijmegen,Eredivisie,De Grolsch Veste,52.23667,6.8375
2023-11-11,19:45,Italy,Monza,Torino,Serie A,Stadio Brianteo,45.58278,9.30806
2023-11-11,19:45,Belgium,Mechelen,Charleroi,Belgian Pro League,AFAS-stadion Achter de Kazerne,51.037184,4.486397
2023-11-11,20:00,Spain,Real Madrid,Valencia,La Liga,Santiago Bernabéu,40.45306,-3.68835
2023-11-11,20:00,France,Le Havre,Monaco,Ligue 1,Stade Océane,49.49889,0.16972
2023-11-11,20:30,Portugal,Guimaraes,Porto,Primeira Liga,Estádio D. Afonso Henriques,41.44583,-8.30111
2023-11-12,11:15,Netherlands,PSV Eindhoven,Zwolle,Eredivisie,Philips Stadion,51.44167,5.4675
2023-11-12,11:30,Italy,Napoli,Empoli,Serie A,Stadio Diego Armando Maradona,40.828,14.193
2023-11-12,12:30,Germany,Magdeburg,Hansa Rostock,2. Bundesliga,WWK Arena,48.32306,10.88611
2023-11-12,12:30,Belgium,Wehen,Kaiserslautern,2. Bundesliga,AFAS-stadion Achter de Kazerne,51.037184,4.486397
2023-11-12,12:30,Belgium,Club Brugge,Cercle Brugge,Belgian Pro League,Jan Breydel Stadium,51.19333,3.18056
2023-11-12,13:00,Turkey,Besiktas,Buyuksehyr,Super Lig,Tüpraş Stadium,41.03917,28.99472
2023-11-12,13:00,Turkey,Rizespor,Istanbulspor,Super Lig,Rize City Stadium,41.04202,40.5733
2023-11-12,13:30,Netherlands,Almere City,Ajax,Eredivisie,Yanmar Stadion,52.3944,5.2405
2023-11-12,14:00,England,Aston Villa,Fulham,Premier League,Villa Park,52.509166666667,-1.8847222222222
2023-11-12,14:00,England,Brighton,Sheffield United,Premier League,Falmer Stadium,50.861822222222,-0.083277777777778
2023-11-12,14:00,England,Liverpool,Brentford,Premier League,Anfield,53.4308,-2.9608
2023-11-12,14:00,England,West Ham,Nott'm Forest,Premier League,London Stadium,51.5386,-0.0164
2023-11-12,14:00,Italy,Fiorentina,Bologna,Serie A,Stadio Artemio Franchi,43.78083,11.28222
2023-11-12,14:00,Italy,Udinese,Atalanta,Serie A,Stadio Friuli,46.0816,13.2001
2023-11-12,14:00,France,Lille,Toulouse,Ligue 1,Decathlon Arena Pierre Mauroy Stadium,50.6119,3.1304
2023-11-12,14:30,Germany,Leverkusen,Union Berlin,Bundesliga,BayArena,51.03833,7.00222
2023-11-12,15:00,Belgium,Genk,Oud-Heverlee Leuven,Belgian Pro League,Cegeka Arena,51.005,5.53333
2023-11-12,15:15,Spain,Barcelona,Alaves,La Liga,Olímpic Lluís Companys,41.36472,2.15556
2023-11-12,15:15,France,Brescia,Cremonese,Serie B,Stade Francis-Le Blé,48.402932,-4.461694
2023-11-12,15:15,Italy,Lecco,Parma,Serie B,Stadio Via del mare,40.36528,18.20889
2023-11-12,15:15,Italy,Palermo,Cittadella,Serie B,Stadio Ennio Tardini,44.795,10.33833
2023-11-12,15:15,Italy,Spezia,Ternana,Serie B,Stadio Pier Luigi Penzo,45.4277611,12.3637306
2023-11-12,15:30,Portugal,Boavista,Farense,Primeira Liga,Estádio do Bessa,41.16222,-8.64278
2023-11-12,15:30,Portugal,Gil Vicente,Rio Ave,Primeira Liga,Estádio Cidade de Barcelos,41.551,-8.623
2023-11-12,15:30,Greece,PAOK,Panetolikos,Super League Greece,Toumba Stadium,40.61389,22.9725
2023-11-12,15:45,Netherlands,Feyenoord,AZ Alkmaar,Eredivisie,De Kuip,51.89389,4.52306
2023-11-12,16:00,Turkey,Ad. Demirspor,Fenerbahce,Super Lig,New Adana Stadium,37.06333,35.375
2023-11-12,16:05,France,Rennes,Lyon,Ligue 1,Roazhon Park,48.1075,-1.71278
2023-11-12,16:30,England,Chelsea,Man City,Premier League,Stamford Bridge,51.481666666667,-0.19111111111111
2023-11-12,16:30,Germany,Werder Bremen,Ein Frankfurt,Bundesliga,Weserstadion,53.06639,8.8375
2023-11-12,17:00,Italy,Lazio,Roma,Serie A,Stadio Olimpico,41.93389,12.45472
2023-11-12,17:30,Spain,Sevilla,Betis,La Liga,Ramón Sánchez-Pizjuán,37.384,-5.9705
2023-11-12,17:30,Belgium,Gent,Anderlecht,Belgian Pro League,Planet Group Arena,51.01611,3.73417
2023-11-12,18:00,Portugal,Arouca,Sp Braga,Primeira Liga,Estádio Municipal de Arouca,40.933,-8.2503
2023-11-12,18:30,Germany,RB Leipzig,Freiburg,Bundesliga,Red Bull Arena,51.34583,12.34833
2023-11-12,18:30,Greece,Asteras Tripolis,Olympiakos,Super League Greece,Theodoros Kolokotronis Stadium,37.5025,22.38861
2023-11-12,19:00,Netherlands,Utrecht,Excelsior,Eredivisie,Stadion Galgenwaard,52.07833,5.14583
2023-11-12,19:45,France,Lens,Marseille,Ligue 1,Stade Bollaert-Delelis,50.43278,2.815
2023-11-12,20:00,Spain,Ath Madrid,Villarreal,La Liga,Santiago Bernabéu,40.45306,-3.68835
2023-11-12,20:30,Portugal,Benfica,Sp Lisbon,Primeira Liga,Estádio da Luz,38.7527,-9.1847
2023-11-17,20:00,Spain,Valladolid,Leganes,Segunda Division,José Zorrilla,41.64444,-4.76111
2023-11-18,15:15,Spain,Alcorcon,Sp Gijon,Segunda Division,Mallorca Son Moix,39.59,2.63
2023-11-18,17:30,Portugal,Amorebieta,Tenerife,Segunda Division,Estádio Comendador Joaquim de Almeida Freitas,41.37806,-8.35472
2023-11-18,17:30,Portugal,Zaragoza,Huesca,Segunda Division,Estádio Municipal de Braga,41.5625,-8.43
2023-11-18,20:00,Spain,Espanol,Elche,Segunda Division,RCDE Stadium,41.34778,2.07556
2023-11-19,15:15,France,Eldense,Mirandes,Segunda Division,Stade Bollaert-Delelis,50.43278,2.815
2023-11-19,17:30,England,Cartagena,Albacete,Segunda Division,Emirates Stadium,51.55667,-0.10611
2023-11-19,17:30,Spain,Villarreal B,Andorra,Segunda Division,La Cerámica,39.94417,-0.10361
2023-11-20,20:00,Spain,Levante,Santander,Segunda Division,Municipal de Butarque,40.3404,-3.7607
2023-11-24,19:30,Turkey,Sampdoria,Spezia,Serie B,Samsun 19 Mayıs Stadium,41.22778,36.4575
2023-11-24,19:45,Belgium,St Truiden,Antwerp,Belgian Pro League,Stayen,50.813474,5.166256
2023-11-24,20:00,Spain,Alaves,Granada,La Liga,Mendizorrotza,42.8371111,-2.6880444
2023-11-24,20:00,France,Paris SG,Monaco,Ligue 1,Parc des Princes,48.84138888888889,2.2530555555555556
2023-11-25,10:30,Turkey,Istanbulspor,Hatayspor,Super Lig,Samsun 19 Mayıs Stadium,41.22778,36.4575
2023-11-25,12:30,England,Man City,Liverpool,Premier League,City of Manchester Stadium,53.483055555556,-2.2002777777778
2023-11-25,13:00,Spain,Vallecano,Barcelona,La Liga,Vallecas,40.39194,-3.65889
2023-11-25,13:00,Greece,Bari,Venezia,Serie B,Kleanthis Vikelidis Stadium,40.6,22.96944
2023-11-25,13:00,Italy,Como,FeralpiSalo,Serie B,Stadio Giuseppe Sinigaglia,45.81389,9.07222
2023-11-25,13:00,France,Cremonese,Lecco,Serie B,Roazhon Park,48.1075,-1.71278
2023-11-25,13:00,Italy,Parma,Modena,Serie B,Stadio Ennio Tardini,44.795,10.33833
2023-11-25,13:00,Turkey,Gaziantep,Ankaragucu,Super Lig,Gaziantep Stadium,37.12389,37.3825
2023-11-25,13:00,Turkey,Konyaspor,Kasimpasa,Super Lig,Konya Metropolitan Municipality Stadium,37.946,32.488
2023-11-25,14:00,France,St Etienne,Pau FC,Ligue 2,Stade Geoffroy Guichard,45.46083,4.39028
2023-11-25,14:30,Germany,Dortmund,M'gladbach,Bundesliga,Signal Iduna Park,51.4925,7.45167
2023-11-25,14:30,Germany,Freiburg,Darmstadt,Bundesliga,Europa-Park Stadion,48.0216,7.8297
2023-11-25,14:30,Germany,Union Berlin,Augsburg,Bundesliga,Stadion An der Alten Försterei,52.45722,13.56806
2023-11-25,14:30,Germany,Werder Bremen,Leverkusen,Bundesliga,Weserstadion,53.06639,8.8375
2023-11-25,14:30,Germany,Wolfsburg,RB Leipzig,Bundesliga,Volkswagen Arena,52.43278,10.80389
2023-11-25,15:00,England,Newcastle,Chelsea,Premier League,St James' Park,54.975555555556,-1.6216666666667
2023-11-25,15:00,England,Nott'm Forest,Brighton,Premier League,City Ground,52.94,-1.13278
2023-11-25,15:00,England,Sheffield United,Bournemouth,Premier League,Old Trafford,53.463055555556,-2.2913888888889
2023-11-25,15:00,England,Bristol City,Middlesbrough,Championship,King Power Stadium,52.620277777778,-1.1422222222222
2023-11-25,15:00,England,Leicester,Watford,Championship,King Power Stadium,52.620277777778,-1.1422222222222
2023-11-25,15:00,Croatia,Norwich,QPR,Championship,ŠRC Velika Gorica,45.724,16.0732
2023-11-25,15:00,Portugal,Preston,Cardiff,Championship,Estádio do Dragão,41.1618,-8.5839
2023-11-25,15:00,Belgium,Cercle Brugge,Eupen,Belgian Pro League,Jan Breydel Stadium,51.19333,3.18056
2023-11-25,15:15,Spain,Valencia,Celta,La Liga,Mestalla,39.47472,-0.35833
2023-11-25,15:15,Denmark,Santander,Villarreal B,Segunda Division,Cepheus Park Randers,56.46594,10.010262
2023-11-25,15:30,Greece,Olympiakos,Panetolikos,Super League Greece,Karaiskakis Stadium,37.94611,23.66444
2023-11-25,16:00,Turkey,Galatasaray,Alanyaspor,Super Lig,Rams Park,41.10278,28.99056
2023-11-25,17:00,Italy,Atalanta,Napoli,Serie A,Gewiss Stadium,45.70889,9.68083
2023-11-25,17:15,Belgium,Charleroi,Westerlo,Belgian Pro League,Stade du Pays de Charleroi,50.414609,4.453787
2023-11-25,17:30,England,Brentford,Arsenal,Premier League,Brentford Community Stadium,51.49083,-0.28861
2023-11-25,17:30,Belgium,West Brom,Ipswich,Championship,Het Kuipje,51.094817,4.928806
2023-11-25,17:30,Spain,Getafe,Almeria,La Liga,Coliseum,40.32556,-3.71472
2023-11-25,17:30,Germany,Ein Frankfurt,Stuttgart,Bundesliga,Deutsche Bank Park,50.068056,8.645806
2023-11-25,17:30,Greece,PAOK,Panserraikos,Super League Greece,Toumba Stadium,40.61389,22.9725
2023-11-25,17:45,Netherlands,Heerenveen,For Sittard,Eredivisie,Abe Lenstra Stadion,52.95861,5.93611
2023-11-25,17:45,Netherlands,Twente,PSV Eindhoven,Eredivisie,De Grolsch Veste,52.23667,6.8375
2023-11-25,18:00,Portugal,Amiens,Concarneau,Ligue 2,Estádio Comendador Joaquim de Almeida Freitas,41.37806,-8.35472
2023-11-25,18:00,Netherlands,Annecy,Ajaccio,Ligue 2,Goffertstadion,51.8225,5.83667
2023-11-25,18:00,Portugal,Bastia,Auxerre,Ligue 2,Estádio do Bessa,41.16222,-8.64278
2023-11-25,18:00,Italy,Grenoble,Rodez,Ligue 2,Stadio Luigi Ferraris,44.41639,8.9525
2023-11-25,18:00,Greece,Paris FC,Bordeaux,Ligue 2,Kleanthis Vikelidis Stadium,40.6,22.96944
2023-11-25,19:30,Netherlands,Fortuna Dusseldorf,Schalke 04,2. Bundesliga,Fortuna Sittard Stadion,50.992069,5.843675
2023-11-25,19:45,Italy,Milan,Fiorentina,Serie A,San Siro,45.47806,9.12389
2023-11-25,19:45,Belgium,Standard,Genk,Belgian Pro League,Stade Maurice Dufrasne,50.61,5.54333
2023-11-25,20:00,Spain,Ath Madrid,Mallorca,La Liga,Santiago Bernabéu,40.45306,-3.68835
2023-11-25,20:00,France,Strasbourg,Marseille,Ligue 1,Stade de la Meinau,48.56,7.755
2023-11-25,20:00,Netherlands,Ajax,Vitesse,Eredivisie,Johan Cruyff Arena,52.31417,4.94194
2023-11-25,20:00,Netherlands,Zwolle,Waalwijk,Eredivisie,MAC³PARK Stadion,52.51722,6.12083
2023-11-26,10:30,Turkey,Kayserispor,Ad. Demirspor,Super Lig,RHG Enertürk Enerji Stadium,38.73722,35.42306
2023-11-26,11:15,Netherlands,Almere City,Heracles,Eredivisie,Yanmar Stadion,52.3944,5.2405
2023-11-26,11:30,Italy,Cagliari,Monza,Serie A,Unipol Domus,39.2,9.1375
2023-11-26,12:00,France,Nice,Toulouse,Ligue 1,Allianz Riviera,43.70528,7.1925
2023-11-26,12:30,Belgium,Gent,St. Gilloise,Belgian Pro League,Planet Group Arena,51.01611,3.73417
2023-11-26,13:00,Spain,Villarreal,Osasuna,La Liga,La Cerámica,39.94417,-0.10361
2023-11-26,13:00,Spain,Leganes,Ferrol,Segunda Division,Municipal de Butarque,40.3404,-3.7607
2023-11-26,13:00,Turkey,Antalyaspor,Rizespor,Super Lig,Corendon Airlines Park,36.888278,30.668444
2023-11-26,13:00,Turkey,Samsunspor,Besiktas,Super Lig,Samsun 19 Mayıs Stadium,41.22778,36.4575
2023-11-26,14:00,England,Tottenham,Aston Villa,Premier League,Tottenham Hotspur Stadium,51.6044,-0.0664
2023-11-26,14:00,Italy,Empoli,Sassuolo,Serie A,Stadio Carlo Castellani - Computer Gross Arena,43.72639,10.955
2023-11-26,14:00,France,Montpellier,Brest,Ligue 1,Stade de la Mosson,43.62222,3.81194
2023-11-26,14:00,France,Nantes,Le Havre,Ligue 1,Stade de la Beaujoire,47.256,-1.525
2023-11-26,14:30,Germany,Heidenheim,Bochum,Bundesliga,Voith-Arena,48.66861,10.13944
2023-11-26,15:00,Belgium,Oud-Heverlee Leuven,Club Brugge,Belgian Pro League,Den Dreef,50.86833,4.69417
2023-11-26,15:15,Spain,Sociedad,Sevilla,La Liga,Anoeta,43.30139,-1.97361
2023-11-26,15:15,Belgium,Elche,Amorebieta,Segunda Division,AFAS-stadion Achter de Kazerne,51.037184,4.486397
2023-11-26,15:15,Denmark,Mirandes,Oviedo,Segunda Division,Cepheus Park Randers,56.46594,10.010262
2023-11-26,15:45,Netherlands,Sparta Rotterdam,Utrecht,Eredivisie,Spartastadion Het Kasteel,51.919485,4.433619
2023-11-26,16:00,Turkey,Fenerbahce,Karagumruk,Super Lig,Ülker Stadium,40.98778,29.03694
2023-11-26,16:05,France,Rennes,Reims,Ligue 1,Roazhon Park,48.1075,-1.71278
2023-11-26,16:30,England,Everton,Man United,Premier League,Goodison Park,53.438888888889,-2.9663888888889
2023-11-26,16:30,Germany,Hoffenheim,Mainz,Bundesliga,PreZero Arena,49.23806,8.8875
2023-11-26,17:00,Italy,Roma,Udinese,Serie A,Stadio Olimpico,41.93389,12.45472
2023-11-26,17:30,Belgium,Anderlecht,RWD Molenbeek,Belgian Pro League,Lotto Park,50.83417,4.29833
2023-11-26,17:30,Greece,Lamia,Atromitos,Super League Greece,Lamia Municipal Stadium,38.91,22.43111
2023-11-26,18:15,Belgium,Kortrijk,Mechelen,Belgian Pro League,Guldensporen Stadion,50.830432,3.248906
2023-11-26,18:30,Greece,Aris,Panathinaikos,Super League Greece,Kleanthis Vikelidis Stadium,40.6,22.96944
2023-11-26,19:45,Italy,Juventus,Inter,Serie A,Juventus Stadium,45.10944,7.64111
2023-11-26,19:45,France,Lyon,Lille,Ligue 1,Groupama Stadium,45.765224,4.982131
2023-11-26,20:00,Spain,Betis,Las Palmas,La Liga,Benito Villamarín,37.35639,-5.98139
2023-11-26,20:00,Spain,Espanol,Alcorcon,Segunda Division,RCDE Stadium,41.34778,2.07556
2023-11-27,17:00,Turkey,Buyuksehyr,Pendikspor,Super Lig,Başakşehir Fatih Terim Stadium,41.12278,28.80861
2023-11-27,17:00,Turkey,Sivasspor,Trabzonspor,Super Lig,BG Grup 4 Eylül Stadium,39.72833,36.98389
2023-11-27,17:30,Italy,Verona,Lecce,Serie A,Stadio Marcantonio Bentegodi,45.43528,10.96861
2023-11-27,19:45,Italy,Bologna,Torino,Serie A,Stadio Renato Dall'Ara,44.49222,11.30972
2023-11-27,19:45,France,Angers,Caen,Ligue 2,Stade Raymond Kopa,47.460458,-0.530741
2023-11-27,20:00,England,Fulham,Wolves,Premier League,Craven Cottage,51.475,-0.22166666666667
2023-11-27,20:00,Spain,Girona,Ath Bilbao,La Liga,Montilivi,41.96139,2.82861
2023-11-28,17:30,Italy,Como,Lecco,Serie B,Stadio Giuseppe Sinigaglia,45.81389,9.07222
2023-11-28,17:30,Austria,Sudtirol,Brescia,Serie B,Tivoli Stadion Tirol,47.25583,11.41083
2023-11-28,18:45,Italy,Lazio,Celtic,Europa League,Stadio Olimpico,41.93389,12.45472
2023-11-28,18:45,Ukraine,Shakhtar Donetsk,Antwerp,Europa League,Arena Lviv,49.77528,24.02778
2023-11-28,20:00,England,Watford,Norwich,Championship,Brentford Community Stadium,51.49083,-0.28861
2023-11-28,21:00,Netherlands,Feyenoord,Atlético Madrid,Europa League,De Kuip,51.89389,4.52306
2023-11-28,21:00,France,Paris Saint-Germain,Newcastle United,Europa League,Parc des Princes,48.84138888888889,2.2530555555555556
2023-11-28,21:00,Italy,Milan,Borussia Dortmund,Europa League,San Siro,45.47806,9.12389
2023-11-28,21:00,Denmark,Young Boys,Red Star Belgrade,Europa League,Lyngby Stadium,55.78134,12.505628
2023-11-28,21:00,Spain,Barcelona,Porto,Europa League,Olímpic Lluís Companys,41.36472,2.15556
2023-11-28,21:00(20:00UTC+0),England,Manchester City,RB Leipzig,Europa League,City of Manchester Stadium,53.483055555556,-2.2002777777778
2023-11-29,15:00,Greece,Volos NFC,Panserraikos,Super League Greece,Panthessaliko Stadium,39.3875,22.93111
2023-11-29,18:00,France,Montpellier,Clermont,Ligue 1,Stade de la Mosson,43.62222,3.81194
2023-11-29,18:45,Spain,Sevilla,PSV Eindhoven,Europa League,Ramón Sánchez-Pizjuán,37.384,-5.9705
2023-11-29,18:45(20:45UTC+3),Turkey,Galatasaray,Manchester United,Europa League,Rams Park,41.10278,28.99056
2023-11-29,19:45,England,Southampton,Bristol City,Championship,St Mary's Stadium,50.90583,-1.39111
2023-11-29,20:00,England,Ipswich,Millwall,Championship,Portman Road,52.055,1.14528
2023-11-29,20:00,Spain,Mallorca,Cadiz,La Liga,Mallorca Son Moix,39.59,2.63
2023-11-29,21:00,Germany,Bayern Munich,Copenhagen,Europa League,Allianz Arena,48.218775,11.624752777778
2023-11-29,21:00,Spain,Real Madrid,Napoli,Europa League,Santiago Bernabéu,40.45306,-3.68835
2023-11-29,21:00,Spain,Real Sociedad,Red Bull Salzburg,Europa League,Anoeta,43.30139,-1.97361
2023-11-29,21:00(20:00UTC+0),England,Arsenal,Lens,Europa League,Emirates Stadium,51.55667,-0.10611
2023-11-29,21:00(20:00UTC+0),Portugal,Braga,Union Berlin,Europa League,Estádio Municipal de Braga,41.5625,-8.43
2023-11-29,21:00(20:00UTC+0),Portugal,Benfica,Inter Milan,Europa League,Estádio da Luz,38.7527,-9.1847
2023-11-30,18:45,Germany,SC Freiburg,Olympiacos,Europa League,Europa-Park Stadion,48.0216,7.8297
2023-11-30,18:45,Czech Republic,Sparta Prague,Real Betis,Europa League,epet ARENA,50.09972,14.41583
2023-11-30,18:45,Italy,Atalanta,Sporting CP,Europa League,Gewiss Stadium,45.70889,9.68083
2023-11-30,18:45,Austria,Sturm Graz,Raków Częstochowa,Europa League,Merkur-Arena,47.04611,15.45444
2023-11-30,18:45(19:45UTC+2),Greece,AEK Athens,Brighton & Hove Albion,Europa League,Agia Sophia Stadium,38.03722222222222,23.741666666666667
2023-11-30,21:00,France,Marseille,Ajax,Europa League,Orange Vélodrome,43.26972,5.39583
2023-11-30,21:00,France,Toulouse,Union Saint-Gilloise,Europa League,Stadium de Toulouse,43.58306,1.43417
2023-11-30,21:00,Spain,Villarreal,Panathinaikos,Europa League,La Cerámica,39.94417,-0.10361
2023-11-30,21:00(20:00UTC+0),France,Rangers,Aris Limassol,Europa League,Stade Raymond Kopa,47.460458,-0.530741
2023-11-30,21:00(20:00UTC+0),England,Liverpool,LASK,Europa League,Anfield,53.4308,-2.9608
2023-12-01,17:00,Turkey,Hatayspor,Antalyaspor,Super Lig,Mersin Stadium[note 1],36.82056,34.53861
2023-12-01,17:30,Germany,St Pauli,Hamburg,2. Bundesliga,Millerntor-Stadion,53.554583,9.967667
2023-12-01,19:00,Netherlands,Heerenveen,Almere City,Eredivisie,Abe Lenstra Stadion,52.95861,5.93611
2023-12-01,19:30,Italy,Palermo,Catanzaro,Serie B,Stadio Ennio Tardini,44.795,10.33833
2023-12-01,19:45,Italy,Monza,Juventus,Serie A,Stadio Brianteo,45.58278,9.30806
2023-12-01,19:45,Belgium,Westerlo,Anderlecht,Belgian Pro League,Het Kuipje,51.094817,4.928806
2023-12-01,20:00,Portugal,Preston,QPR,Championship,Estádio do Dragão,41.1618,-8.5839
2023-12-01,20:00,Spain,Las Palmas,Getafe,La Liga,Gran Canaria,28.10028,-15.45667
2023-12-01,20:00,France,Reims,Strasbourg,Ligue 1,Stade Auguste Delaune,49.24667,4.025
2023-12-01,20:30,Portugal,Chaves,Vizela,Primeira Liga,Estádio do CD Aves,41.366932,-8.411789
2023-12-02,10:30,Turkey,Alanyaspor,Konyaspor,Super Lig,Alanya Oba Stadium,36.5626,32.0792
2023-12-02,12:00,Germany,Holstein Kiel,Wehen,2. Bundesliga,Holstein-Stadion,54.34917,10.12361
2023-12-02,12:30,Belgium,West Brom,Leicester,Championship,Het Kuipje,51.094817,4.928806
2023-12-02,13:00,Spain,Girona,Valencia,La Liga,Montilivi,41.96139,2.82861
2023-12-02,13:00,Italy,Cosenza,Ternana,Serie B,Stadio Brianteo,45.58278,9.30806
2023-12-02,13:00,Netherlands,FeralpiSalo,Cittadella,Serie B,Asito Stadion[3],52.33889,6.65056
2023-12-02,13:00,Italy,Modena,Reggiana,Serie B,Stadio Brianteo,45.58278,9.30806
2023-12-02,13:00,Italy,Venezia,Ascoli,Serie B,Stadio Pier Luigi Penzo,45.4277611,12.3637306
2023-12-02,13:00,Turkey,Rizespor,Buyuksehyr,Super Lig,Rize City Stadium,41.04202,40.5733
2023-12-02,14:00,Italy,Genoa,Empoli,Serie A,Stadio Luigi Ferraris,44.41639,8.9525
2023-12-02,14:30,Germany,Bochum,Wolfsburg,Bundesliga,Vonovia Ruhrstadion,51.49,7.23667
2023-12-02,14:30,Germany,RB Leipzig,Heidenheim,Bundesliga,Red Bull Arena,51.34583,12.34833
2023-12-02,15:00,England,Arsenal,Wolves,Premier League,Emirates Stadium,51.55667,-0.10611
2023-12-02,15:00,England,Brentford,Luton,Premier League,Brentford Community Stadium,51.49083,-0.28861
2023-12-02,15:00,England,Ipswich,Coventry,Championship,Portman Road,52.055,1.14528
2023-12-02,15:00,England,Southampton,Cardiff,Championship,St Mary's Stadium,50.90583,-1.39111
2023-12-02,15:15,Spain,Ath Bilbao,Vallecano,La Liga,San Mamés,43.2643,-2.9504
2023-12-02,15:15,England,Cartagena,Sp Gijon,Segunda Division,Emirates Stadium,51.55667,-0.10611
2023-12-02,15:15,France,Eldense,Tenerife,Segunda Division,Stade Bollaert-Delelis,50.43278,2.815
2023-12-02,15:15,Italy,Spezia,Parma,Serie B,Stadio Pier Luigi Penzo,45.4277611,12.3637306
2023-12-02,15:30,Portugal,Farense,Guimaraes,Primeira Liga,Estádio de São Luís,37.022861,-7.928444
2023-12-02,15:30,Portugal,Rio Ave,Estrela,Primeira Liga,Estádio dos Arcos,41.36278,-8.74028
2023-12-02,15:30,Greece,Panetolikos,Kifisia,Super League Greece,Panetolikos Stadium,38.63,21.41167
2023-12-02,16:00,France,Lens,Lyon,Ligue 1,Stade Bollaert-Delelis,50.43278,2.815
2023-12-02,16:00,Turkey,Ad. Demirspor,Samsunspor,Super Lig,New Adana Stadium,37.06333,35.375
2023-12-02,17:00,Italy,Lazio,Cagliari,Serie A,Stadio Olimpico,41.93389,12.45472
2023-12-02,17:30,England,Nott'm Forest,Everton,Premier League,City Ground,52.94,-1.13278
2023-12-02,17:30,Spain,Real Madrid,Granada,La Liga,Santiago Bernabéu,40.45306,-3.68835
2023-12-02,17:30,Portugal,Zaragoza,Leganes,Segunda Division,Estádio Municipal de Braga,41.5625,-8.43
2023-12-02,17:30,Germany,Stuttgart,Werder Bremen,Bundesliga,MHPArena,48.79222,9.23194
2023-12-02,18:00,Portugal,Amiens,St Etienne,Ligue 2,Estádio Comendador Joaquim de Almeida Freitas,41.37806,-8.35472
2023-12-02,18:00,France,Auxerre,Quevilly Rouen,Ligue 2,Stade Abbé Deschamps,47.7867528,3.5886639
2023-12-02,18:00,Greece,Laval,Grenoble,Ligue 2,Lamia Municipal Stadium,38.91,22.43111
2023-12-02,18:00,Spain,Valenciennes,Annecy,Ligue 2,Mestalla,39.47472,-0.35833
2023-12-02,18:00,Portugal,Famalicao,Porto,Primeira Liga,Estádio Municipal de Famalicão,41.40139,-8.5225
2023-12-02,18:00,Greece,Asteras Tripolis,Panserraikos,Super League Greece,Theodoros Kolokotronis Stadium,37.5025,22.38861
2023-12-02,19:00,Netherlands,For Sittard,Vitesse,Eredivisie,Fortuna Sittard Stadion,50.992069,5.843675
2023-12-02,19:00,Netherlands,Waalwijk,Excelsior,Eredivisie,Mandemakers Stadion,51.68694,5.08861
2023-12-02,19:30,Germany,Magdeburg,Kaiserslautern,2. Bundesliga,WWK Arena,48.32306,10.88611
2023-12-02,19:45,Italy,Milan,Frosinone,Serie A,San Siro,45.47806,9.12389
2023-12-02,19:45,Belgium,Antwerp,Oud-Heverlee Leuven,Belgian Pro League,Bosuilstadion,51.2325,4.47222
2023-12-02,20:00,England,Newcastle,Man United,Premier League,St James' Park,54.975555555556,-1.6216666666667
2023-12-02,20:00,Spain,Osasuna,Sociedad,La Liga,El Sadar,42.79667,-1.63694
2023-12-02,20:00,Spain,Levante,Valladolid,Segunda Division,Municipal de Butarque,40.3404,-3.7607
2023-12-02,20:00,France,Nantes,Nice,Ligue 1,Stade de la Beaujoire,47.256,-1.525
2023-12-02,20:00,Netherlands,Heracles,Sparta Rotterdam,Eredivisie,Asito Stadion[3],52.33889,6.65056
2023-12-02,20:30,Portugal,Casa Pia,Portimonense,Primeira Liga,Estádio Municipal de Rio Maior[A],39.34444,-8.93528
2023-12-03,11:15,Netherlands,Feyenoord,PSV Eindhoven,Eredivisie,De Kuip,51.89389,4.52306
2023-12-03,11:30,Italy,Lecce,Bologna,Serie A,Stadio Via del mare,40.36528,18.20889
2023-12-03,12:00,France,Le Havre,Paris SG,Ligue 1,Stade Océane,49.49889,0.16972
2023-12-03,12:30,Belgium,Genk,Gent,Belgian Pro League,Cegeka Arena,51.005,5.53333
2023-12-03,13:00,Spain,Mallorca,Alaves,La Liga,Mallorca Son Moix,39.59,2.63
2023-12-03,13:00,Turkey,Trabzonspor,Kayserispor,Super Lig,Papara Park,40.99917,39.64583
2023-12-03,13:30,England,Bristol City,Norwich,Championship,King Power Stadium,52.620277777778,-1.1422222222222
2023-12-03,13:30,Netherlands,Go Ahead Eagles,Twente,Eredivisie,De Adelaarshorst,52.260416,6.172578
2023-12-03,14:00,England,Bournemouth,Aston Villa,Premier League,Dean Court,50.73528,-1.83833
2023-12-03,14:00,England,Chelsea,Brighton,Premier League,Stamford Bridge,51.481666666667,-0.19111111111111
2023-12-03,14:00,England,Liverpool,Fulham,Premier League,Anfield,53.4308,-2.9608
2023-12-03,14:00,England,West Ham,Crystal Palace,Premier League,London Stadium,51.5386,-0.0164
2023-12-03,14:00,Italy,Fiorentina,Salernitana,Serie A,Stadio Artemio Franchi,43.78083,11.28222
2023-12-03,14:00,Italy,Udinese,Verona,Serie A,Stadio Friuli,46.0816,13.2001
2023-12-03,14:00,France,Brest,Clermont,Ligue 1,Stade Francis-Le Blé,48.402932,-4.461694
2023-12-03,14:00,France,Monaco,Montpellier,Ligue 1,Stade Louis II,43.7275,7.41556
2023-12-03,14:00,France,Toulouse,Lorient,Ligue 1,Stadium de Toulouse,43.58306,1.43417
2023-12-03,14:30,Germany,Mainz,Freiburg,Bundesliga,Mewa Arena,49.98417,8.22417
2023-12-03,14:30,Greece,Volos NFC,Olympiakos,Super League Greece,Panthessaliko Stadium,39.3875,22.93111
2023-12-03,15:00,Belgium,Mechelen,St Truiden,Belgian Pro League,AFAS-stadion Achter de Kazerne,51.037184,4.486397
2023-12-03,15:15,Spain,Almeria,Betis,La Liga,Mestalla,39.47472,-0.35833
2023-12-03,15:15,Spain,Alcorcon,Elche,Segunda Division,Mallorca Son Moix,39.59,2.63
2023-12-03,15:15,France,Brescia,Sampdoria,Serie B,Stade Francis-Le Blé,48.402932,-4.461694
2023-12-03,15:15,Italy,Lecco,Bari,Serie B,Stadio Via del mare,40.36528,18.20889
2023-12-03,15:15,Austria,Sudtirol,Como,Serie B,Tivoli Stadion Tirol,47.25583,11.41083
2023-12-03,15:30,Portugal,Sp Braga,Estoril,Primeira Liga,Estádio Municipal de Braga,41.5625,-8.43
2023-12-03,15:30,Greece,Atromitos,Giannina,Super League Greece,Peristeri Stadium,38.00472,23.68972
2023-12-03,15:45,Netherlands,Utrecht,AZ Alkmaar,Eredivisie,Stadion Galgenwaard,52.07833,5.14583
2023-12-03,16:05,France,Lille,Metz,Ligue 1,Decathlon Arena Pierre Mauroy Stadium,50.6119,3.1304
2023-12-03,16:30,England,Man City,Tottenham,Premier League,City of Manchester Stadium,53.483055555556,-2.2002777777778
2023-12-03,16:30,Germany,Leverkusen,Dortmund,Bundesliga,BayArena,51.03833,7.00222
2023-12-03,17:30,Spain,Sevilla,Villarreal,La Liga,Ramón Sánchez-Pizjuán,37.384,-5.9705
2023-12-03,17:30,Denmark,Mirandes,Santander,Segunda Division,Cepheus Park Randers,56.46594,10.010262
2023-12-03,17:30,Belgium,Club Brugge,Standard,Belgian Pro League,Jan Breydel Stadium,51.19333,3.18056
2023-12-03,17:30,Greece,Panathinaikos,OFI Crete,Super League Greece,Athens Olympic Stadium,38.03606806,23.7876
2023-12-03,18:00,Portugal,Moreirense,Benfica,Primeira Liga,Estádio Comendador Joaquim de Almeida Freitas,41.37806,-8.35472
2023-12-03,18:30,Germany,Augsburg,Ein Frankfurt,Bundesliga,WWK Arena,48.32306,10.88611
2023-12-03,19:45,Italy,Napoli,Inter,Serie A,Stadio Diego Armando Maradona,40.828,14.193
2023-12-03,19:45,France,Marseille,Rennes,Ligue 1,Orange Vélodrome,43.26972,5.39583
2023-12-03,20:00,Spain,Barcelona,Ath Madrid,La Liga,Olímpic Lluís Companys,41.36472,2.15556
2023-12-03,20:00,Portugal,Amorebieta,Burgos,Segunda Division,Estádio Comendador Joaquim de Almeida Freitas,41.37806,-8.35472
2023-12-03,20:30,Portugal,Boavista,Arouca,Primeira Liga,Estádio do Bessa,41.16222,-8.64278
2023-12-04,16:00,Greece,PAOK,Lamia,Super League Greece,Toumba Stadium,40.61389,22.9725
2023-12-04,17:00,Turkey,Fenerbahce,Sivasspor,Super Lig,Ülker Stadium,40.98778,29.03694
2023-12-04,19:30,Spain,Villarreal B,Eibar,Segunda Division,La Cerámica,39.94417,-0.10361
2023-12-04,19:45,Italy,Torino,Atalanta,Serie A,Stadio Olimpico Grande Torino,45.04167,7.65
2023-12-04,20:00,Spain,Celta,Cadiz,La Liga,Balaídos,42.2118,-8.7397
2023-12-05,19:30,England,Wolves,Burnley,Premier League,Molineux Stadium,52.59028,-2.13028
2023-12-05,19:45,France,Angers,Grenoble,Ligue 2,Stade Raymond Kopa,47.460458,-0.530741
2023-12-05,19:45,Greece,Paris FC,Rodez,Ligue 2,Kleanthis Vikelidis Stadium,40.6,22.96944
2023-12-05,19:45,France,St Etienne,Guingamp,Ligue 2,Stade Geoffroy Guichard,45.46083,4.39028
2023-12-06,18:00,Netherlands,Annecy,Caen,Ligue 2,Goffertstadion,51.8225,5.83667
2023-12-06,19:00,Netherlands,Waalwijk,Ajax,Eredivisie,Mandemakers Stadion,51.68694,5.08861
2023-12-06,19:30,England,Brighton,Brentford,Premier League,Falmer Stadium,50.861822222222,-0.083277777777778
2023-12-06,19:30,England,Crystal Palace,Bournemouth,Premier League,Selhurst Park,51.39833,-0.08556
2023-12-06,19:30,England,Fulham,Nott'm Forest,Premier League,Craven Cottage,51.475,-0.22166666666667
2023-12-06,19:30,England,Sheffield United,Liverpool,Premier League,Old Trafford,53.463055555556,-2.2913888888889
2023-12-06,20:00,France,Marseille,Lyon,Ligue 1,Orange Vélodrome,43.26972,5.39583
2023-12-06,20:15,England,Aston Villa,Man City,Premier League,Villa Park,52.509166666667,-1.8847222222222
2023-12-06,20:15,England,Man United,Chelsea,Premier League,Old Trafford,53.463055555556,-2.2913888888889
2023-12-06,21:00,Spain,Villarreal,Maccabi Haifa,Europa League,La Cerámica,39.94417,-0.10361
2023-12-07,17:45,Netherlands,PSV Eindhoven,Heerenveen,Eredivisie,Philips Stadion,51.44167,5.4675
2023-12-07,19:30,England,Everton,Newcastle,Premier League,Goodison Park,53.438888888889,-2.9663888888889
2023-12-07,19:30,France,Brest,Strasbourg,Ligue 1,Stade Francis-Le Blé,48.402932,-4.461694
2023-12-07,20:00,Netherlands,Feyenoord,Volendam,Eredivisie,De Kuip,51.89389,4.52306
2023-12-07,20:15,England,Tottenham,West Ham,Premier League,Tottenham Hotspur Stadium,51.6044,-0.0664
2023-12-08,17:00,Turkey,Galatasaray,Ad. Demirspor,Super Lig,Rams Park,41.10278,28.99056
2023-12-08,17:30,Belgium,Wehen,Braunschweig,2. Bundesliga,AFAS-stadion Achter de Kazerne,51.037184,4.486397
2023-12-08,18:00,Portugal,Benfica,Farense,Primeira Liga,Estádio da Luz,38.7527,-9.1847
2023-12-08,19:00,Netherlands,Twente,Excelsior,Eredivisie,De Grolsch Veste,52.23667,6.8375
2023-12-08,19:30,Germany,Hoffenheim,Bochum,Bundesliga,PreZero Arena,49.23806,8.8875
2023-12-08,19:45,Italy,Juventus,Napoli,Serie A,Juventus Stadium,45.10944,7.64111
2023-12-08,19:45,Belgium,Kortrijk,Westerlo,Belgian Pro League,Guldensporen Stadion,50.830432,3.248906
2023-12-08,20:00,Spain,Getafe,Valencia,La Liga,Coliseum,40.32556,-3.71472
2023-12-08,20:00,Spain,Espanol,Zaragoza,Segunda Division,RCDE Stadium,41.34778,2.07556
2023-12-08,20:00,France,Montpellier,Lens,Ligue 1,Stade de la Mosson,43.62222,3.81194
2023-12-09,10:30,Turkey,Antalyaspor,Karagumruk,Super Lig,Corendon Airlines Park,36.888278,30.668444
2023-12-09,12:30,England,Crystal Palace,Liverpool,Premier League,Selhurst Park,51.39833,-0.08556
2023-12-09,13:00,Spain,Alaves,Las Palmas,La Liga,Mendizorrotza,42.8371111,-2.6880444
2023-12-09,13:00,Italy,Ascoli,Spezia,Serie B,Stadio Diego Armando Maradona,40.828,14.193
2023-12-09,13:00,Greece,Bari,Sudtirol,Serie B,Kleanthis Vikelidis Stadium,40.6,22.96944
2023-12-09,13:00,France,Cremonese,Venezia,Serie B,Roazhon Park,48.1075,-1.71278
2023-12-09,13:00,Turkey,Sampdoria,Lecco,Serie B,Samsun 19 Mayıs Stadium,41.22778,36.4575
2023-12-09,13:00,Turkey,Samsunspor,Kasimpasa,Super Lig,Samsun 19 Mayıs Stadium,41.22778,36.4575
2023-12-09,14:00,Italy,Verona,Lazio,Serie A,Stadio Marcantonio Bentegodi,45.43528,10.96861
2023-12-09,14:30,Germany,Ein Frankfurt,Bayern Munich,Bundesliga,Deutsche Bank Park,50.068056,8.645806
2023-12-09,14:30,Germany,Heidenheim,Darmstadt,Bundesliga,Voith-Arena,48.66861,10.13944
2023-12-09,14:30,Germany,Union Berlin,M'gladbach,Bundesliga,Stadion An der Alten Försterei,52.45722,13.56806
2023-12-09,14:30,Germany,Werder Bremen,Augsburg,Bundesliga,Weserstadion,53.06639,8.8375
2023-12-09,14:30,Germany,Wolfsburg,Freiburg,Bundesliga,Volkswagen Arena,52.43278,10.80389
2023-12-09,15:00,England,Brighton,Burnley,Premier League,Falmer Stadium,50.861822222222,-0.083277777777778
2023-12-09,15:00,England,Man United,Bournemouth,Premier League,Old Trafford,53.463055555556,-2.2913888888889
2023-12-09,15:00,England,Sheffield United,Brentford,Premier League,Old Trafford,53.463055555556,-2.2913888888889
2023-12-09,15:00,England,Wolves,Nott'm Forest,Premier League,Molineux Stadium,52.59028,-2.13028
2023-12-09,15:00,England,Leicester,Plymouth,Championship,King Power Stadium,52.620277777778,-1.1422222222222
2023-12-09,15:00,Croatia,Norwich,Preston,Championship,ŠRC Velika Gorica,45.724,16.0732
2023-12-09,15:00,England,Watford,Southampton,Championship,Brentford Community Stadium,51.49083,-0.28861
2023-12-09,15:00,Belgium,Cercle Brugge,Antwerp,Belgian Pro League,Jan Breydel Stadium,51.19333,3.18056
2023-12-09,15:15,Spain,Betis,Real Madrid,La Liga,Benito Villamarín,37.35639,-5.98139
2023-12-09,15:15,Spain,Valladolid,Amorebieta,Segunda Division,José Zorrilla,41.64444,-4.76111
2023-12-09,16:00,France,Rennes,Monaco,Ligue 1,Roazhon Park,48.1075,-1.71278
2023-12-09,16:00,Turkey,Besiktas,Fenerbahce,Super Lig,Tüpraş Stadium,41.03917,28.99472
2023-12-09,17:00,Italy,Atalanta,Milan,Serie A,Gewiss Stadium,45.70889,9.68083
2023-12-09,17:15,Belgium,St Truiden,Oud-Heverlee Leuven,Belgian Pro League,Stayen,50.813474,5.166256
2023-12-09,17:30,England,Aston Villa,Arsenal,Premier League,Villa Park,52.509166666667,-1.8847222222222
2023-12-09,17:30,Spain,Villarreal,Sociedad,La Liga,La Cerámica,39.94417,-0.10361
2023-12-09,17:30,Germany,Dortmund,RB Leipzig,Bundesliga,Signal Iduna Park,51.4925,7.45167
2023-12-09,17:45,Netherlands,Ajax,Sparta Rotterdam,Eredivisie,Johan Cruyff Arena,52.31417,4.94194
2023-12-09,18:00,Portugal,Guimaraes,Sp Lisbon,Primeira Liga,Estádio D. Afonso Henriques,41.44583,-8.30111
2023-12-09,19:00,Netherlands,Zwolle,Nijmegen,Eredivisie,MAC³PARK Stadion,52.51722,6.12083
2023-12-09,19:45,Belgium,Gent,RWD Molenbeek,Belgian Pro League,Planet Group Arena,51.01611,3.73417
2023-12-09,20:00,Spain,Mallorca,Sevilla,La Liga,Mallorca Son Moix,39.59,2.63
2023-12-09,20:00,France,Paris SG,Nantes,Ligue 1,Parc des Princes,48.84138888888889,2.2530555555555556
2023-12-09,20:30,Portugal,Porto,Casa Pia,Primeira Liga,Estádio do Dragão,41.1618,-8.5839
2023-12-10,10:30,Turkey,Istanbulspor,Alanyaspor,Super Lig,Samsun 19 Mayıs Stadium,41.22778,36.4575
2023-12-10,11:15,Netherlands,Go Ahead Eagles,Utrecht,Eredivisie,De Adelaarshorst,52.260416,6.172578
2023-12-10,12:00,France,Nice,Reims,Ligue 1,Allianz Riviera,43.70528,7.1925
2023-12-10,12:30,Netherlands,Fortuna Dusseldorf,Holstein Kiel,2. Bundesliga,Fortuna Sittard Stadion,50.992069,5.843675
2023-12-10,12:30,Belgium,Mechelen,Club Brugge,Belgian Pro League,AFAS-stadion Achter de Kazerne,51.037184,4.486397
2023-12-10,13:00,Spain,Ath Madrid,Almeria,La Liga,Santiago Bernabéu,40.45306,-3.68835
2023-12-10,13:00,Belgium,Elche,Cartagena,Segunda Division,AFAS-stadion Achter de Kazerne,51.037184,4.486397
2023-12-10,13:00,Turkey,Buyuksehyr,Hatayspor,Super Lig,Başakşehir Fatih Terim Stadium,41.12278,28.80861
2023-12-10,13:00,Turkey,Kayserispor,Pendikspor,Super Lig,RHG Enertürk Enerji Stadium,38.73722,35.42306
2023-12-10,13:30,Netherlands,For Sittard,Waalwijk,Eredivisie,Fortuna Sittard Stadion,50.992069,5.843675
2023-12-10,14:00,England,Everton,Chelsea,Premier League,Goodison Park,53.438888888889,-2.9663888888889
2023-12-10,14:00,England,Fulham,West Ham,Premier League,Craven Cottage,51.475,-0.22166666666667
2023-12-10,14:00,Italy,Monza,Genoa,Serie A,Stadio Brianteo,45.58278,9.30806
2023-12-10,14:00,France,Strasbourg,Le Havre,Ligue 1,Stade de la Meinau,48.56,7.755
2023-12-10,14:30,Germany,Stuttgart,Leverkusen,Bundesliga,MHPArena,48.79222,9.23194
2023-12-10,15:15,Denmark,Santander,Oviedo,Segunda Division,Cepheus Park Randers,56.46594,10.010262
2023-12-10,15:15,Italy,Como,Modena,Serie B,Stadio Giuseppe Sinigaglia,45.81389,9.07222
2023-12-10,15:15,Italy,Parma,Palermo,Serie B,Stadio Ennio Tardini,44.795,10.33833
2023-12-10,15:30,Portugal,Estrela,Boavista,Primeira Liga,Estádio José Gomes,38.75194,-9.22806
2023-12-10,16:00,Turkey,Gaziantep,Trabzonspor,Super Lig,Gaziantep Stadium,37.12389,37.3825
2023-12-10,16:05,France,Lyon,Toulouse,Ligue 1,Groupama Stadium,45.765224,4.982131
2023-12-10,16:30,England,Tottenham,Newcastle,Premier League,Tottenham Hotspur Stadium,51.6044,-0.0664
2023-12-10,17:30,Spain,Leganes,Eldense,Segunda Division,Municipal de Butarque,40.3404,-3.7607
2023-12-10,17:30,Belgium,Anderlecht,Standard,Belgian Pro League,Lotto Park,50.83417,4.29833
2023-12-10,18:00,Portugal,Arouca,Rio Ave,Primeira Liga,Estádio Municipal de Arouca,40.933,-8.2503
2023-12-10,18:15,Belgium,Charleroi,St. Gilloise,Belgian Pro League,Stade du Pays de Charleroi,50.414609,4.453787
2023-12-10,19:45,Italy,Roma,Fiorentina,Serie A,Stadio Olimpico,41.93389,12.45472
2023-12-10,20:00,Spain,Barcelona,Girona,La Liga,Olímpic Lluís Companys,41.36472,2.15556
2023-12-10,20:30,Portugal,Estoril,Chaves,Primeira Liga,Estádio António Coimbra da Mota,38.71583,-9.40639
2023-12-11,17:00,Turkey,Konyaspor,Sivasspor,Super Lig,Konya Metropolitan Municipality Stadium,37.946,32.488
2023-12-11,17:30,Italy,Empoli,Lecce,Serie A,Stadio Carlo Castellani - Computer Gross Arena,43.72639,10.955
2023-12-11,19:45,Italy,Cagliari,Sassuolo,Serie A,Unipol Domus,39.2,9.1375
2023-12-11,20:00,Spain,Granada,Ath Bilbao,La Liga,Montilivi,41.96139,2.82861
2023-12-11,20:00,Spain,Vallecano,Celta,La Liga,Vallecas,40.39194,-3.65889
2023-12-11,20:15,Portugal,Gil Vicente,Moreirense,Primeira Liga,Estádio Cidade de Barcelos,41.551,-8.623
2023-12-12,18:45,France,Lens,Sevilla,Europa League,Stade Bollaert-Delelis,50.43278,2.815
2023-12-12,18:45,Netherlands,PSV Eindhoven,Arsenal,Europa League,Philips Stadion,51.44167,5.4675
2023-12-12,19:45,England,Watford,Ipswich,Championship,Brentford Community Stadium,51.49083,-0.28861
2023-12-12,21:00,Denmark,Copenhagen,Galatasaray,Europa League,Parken,55.7024694,12.5722028
2023-12-12,21:00,Italy,Napoli,Braga,Europa League,Stadio Diego Armando Maradona,40.828,14.193
2023-12-12,21:00,Germany,Union Berlin,Real Madrid,Europa League,Stadion An der Alten Försterei,52.45722,13.56806
2023-12-12,21:00,Italy,Inter Milan,Real Sociedad,Europa League,San Siro,45.47806,9.12389
2023-12-12,21:00,Austria,Red Bull Salzburg,Benfica,Europa League,Red Bull Arena,47.81639,12.99833
2023-12-12,21:00(20:00UTC+0),England,Manchester United,Bayern Munich,Europa League,Old Trafford,53.463055555556,-2.2913888888889
2023-12-13,18:45,Germany,RB Leipzig,Young Boys,Europa League,Red Bull Arena,51.34583,12.34833
2023-12-13,19:45,England,Leicester,Millwall,Championship,King Power Stadium,52.620277777778,-1.1422222222222
2023-12-13,19:45,Croatia,Norwich,Sheffield Weds,Championship,ŠRC Velika Gorica,45.724,16.0732
2023-12-13,21:00,Spain,Atlético Madrid,Lazio,Europa League,Metropolitano,40.43611,-3.59944
2023-12-13,21:00,Germany,Borussia Dortmund,Paris Saint-Germain,Europa League,Signal Iduna Park,51.4925,7.45167
2023-12-13,21:00,Belgium,Antwerp,Barcelona,Europa League,Bosuilstadion,51.2325,4.47222
2023-12-13,21:00(20:00UTC+0),Spain,Celtic,Feyenoord,Europa League,Balaídos,42.2118,-8.7397
2023-12-13,21:00(20:00UTC+0),England,Newcastle United,Milan,Europa League,St James' Park,54.975555555556,-1.6216666666667
2023-12-13,21:00(20:00UTC+0),Portugal,Porto,Shakhtar Donetsk,Europa League,Estádio do Dragão,41.1618,-8.5839
2023-12-14,18:45,Austria,LASK,Toulouse,Europa League,Raiffeisen Arena,48.293639,14.276667
2023-12-14,18:45,France,Rennes,Villarreal,Europa League,Roazhon Park,48.1075,-1.71278
2023-12-14,18:45,Italy,Roma,Sheriff Tiraspol,Europa League,Stadio Olimpico,41.93389,12.45472
2023-12-14,18:45,Czech Republic,Slavia Prague,Servette,Europa League,Fortuna Arena,50.0675,14.47167
2023-12-14,18:45,Germany,Bayer Leverkusen,Molde,Europa League,BayArena,51.03833,7.00222
2023-12-14,18:45(19:45UTC+2),Greece,Panathinaikos,Maccabi Haifa,Europa League,Athens Olympic Stadium,38.03606806,23.7876
2023-12-14,18:45(21:45UTC+4),Denmark,Qarabağ,BK Häcken,Europa League,Aalborg Portland Park,57.052056,9.898556
2023-12-14,21:00,Netherlands,Ajax,AEK Athens,Europa League,Johan Cruyff Arena,52.31417,4.94194
2023-12-14,21:00,Spain,Real Betis,Rangers,Europa League,Benito Villamarín,37.35639,-5.98139
2023-12-14,21:00,Poland,Raków Częstochowa,Atalanta,Europa League,Raków Municipal Football Stadium,50.776748,19.159229
2023-12-14,21:00(20:00UTC+0),England,West Ham United,SC Freiburg,Europa League,London Stadium,51.5386,-0.0164
2023-12-14,21:00(20:00UTC+0),England,Brighton & Hove Albion,Marseille,Europa League,Falmer Stadium,50.861822222222,-0.083277777777778
2023-12-14,21:00(22:00UTC+2),Greece,Olympiacos,TSC,Europa League,Karaiskakis Stadium,37.94611,23.66444
2023-12-14,21:00(22:00UTC+2),Greece,Aris Limassol,Sparta Prague,Europa League,Kleanthis Vikelidis Stadium,40.6,22.96944
2023-12-15,19:30,Italy,Spezia,Bari,Serie B,Stadio Pier Luigi Penzo,45.4277611,12.3637306
2023-12-15,19:45,Italy,Genoa,Juventus,Serie A,Stadio Luigi Ferraris,44.41639,8.9525
2023-12-15,19:45,Belgium,Westerlo,Eupen,Belgian Pro League,Het Kuipje,51.094817,4.928806
2023-12-15,20:00,England,Nott'm Forest,Tottenham,Premier League,City Ground,52.94,-1.13278
2023-12-15,20:00,Spain,Osasuna,Vallecano,La Liga,El Sadar,42.79667,-1.63694
2023-12-15,20:00,France,Monaco,Lyon,Ligue 1,Stade Louis II,43.7275,7.41556
2023-12-15,20:15,Portugal,Farense,Estrela,Primeira Liga,Estádio de São Luís,37.022861,-7.928444
2023-12-16,12:00,Germany,Magdeburg,Fortuna Dusseldorf,2. Bundesliga,WWK Arena,48.32306,10.88611
2023-12-16,12:30,England,Ipswich,Norwich,Championship,Portman Road,52.055,1.14528
2023-12-16,13:00,Spain,Celta,Granada,La Liga,Balaídos,42.2118,-8.7397
2023-12-16,13:00,France,Eldense,Santander,Segunda Division,Stade Bollaert-Delelis,50.43278,2.815
2023-12-16,13:00,France,Brescia,Como,Serie B,Stade Francis-Le Blé,48.402932,-4.461694
2023-12-16,13:00,Netherlands,FeralpiSalo,Cremonese,Serie B,Asito Stadion[3],52.33889,6.65056
2023-12-16,13:00,Italy,Modena,Cittadella,Serie B,Stadio Brianteo,45.58278,9.30806
2023-12-16,13:00,Italy,Venezia,Sudtirol,Serie B,Stadio Pier Luigi Penzo,45.4277611,12.3637306
2023-12-16,14:00,Italy,Lecce,Frosinone,Serie A,Stadio Via del mare,40.36528,18.20889
2023-12-16,14:00,France,Auxerre,Ajaccio,Ligue 2,Stade Abbé Deschamps,47.7867528,3.5886639
2023-12-16,14:30,Germany,Augsburg,Dortmund,Bundesliga,WWK Arena,48.32306,10.88611
2023-12-16,14:30,Germany,Bochum,Union Berlin,Bundesliga,Vonovia Ruhrstadion,51.49,7.23667
2023-12-16,14:30,Germany,Mainz,Heidenheim,Bundesliga,Mewa Arena,49.98417,8.22417
2023-12-16,15:00,England,Chelsea,Sheffield United,Premier League,Stamford Bridge,51.481666666667,-0.19111111111111
2023-12-16,15:00,England,Man City,Crystal Palace,Premier League,City of Manchester Stadium,53.483055555556,-2.2002777777778
2023-12-16,15:00,England,Newcastle,Fulham,Premier League,St James' Park,54.975555555556,-1.6216666666667
2023-12-16,15:00,England,Bristol City,Sunderland,Championship,King Power Stadium,52.620277777778,-1.1422222222222
2023-12-16,15:00,Portugal,Preston,Watford,Championship,Estádio do Dragão,41.1618,-8.5839
2023-12-16,15:00,England,Southampton,Blackburn,Championship,St Mary's Stadium,50.90583,-1.39111
2023-12-16,15:00,Belgium,Oud-Heverlee Leuven,Cercle Brugge,Belgian Pro League,Den Dreef,50.86833,4.69417
2023-12-16,15:15,Spain,Ath Bilbao,Ath Madrid,La Liga,San Mamés,43.2643,-2.9504
2023-12-16,15:15,Italy,Ascoli,Catanzaro,Serie B,Stadio Diego Armando Maradona,40.828,14.193
2023-12-16,15:15,Italy,Cosenza,Parma,Serie B,Stadio Brianteo,45.58278,9.30806
2023-12-16,15:15,Italy,Palermo,Pisa,Serie B,Stadio Ennio Tardini,44.795,10.33833
2023-12-16,15:30,Netherlands,Utrecht,Waalwijk,Eredivisie,Stadion Galgenwaard,52.07833,5.14583
2023-12-16,15:30,Portugal,Rio Ave,Vizela,Primeira Liga,Estádio dos Arcos,41.36278,-8.74028
2023-12-16,16:00,France,Le Havre,Nice,Ligue 1,Stade Océane,49.49889,0.16972
2023-12-16,17:00,Italy,Napoli,Cagliari,Serie A,Stadio Diego Armando Maradona,40.828,14.193
2023-12-16,17:30,Spain,Sevilla,Getafe,La Liga,Ramón Sánchez-Pizjuán,37.384,-5.9705
2023-12-16,17:30,England,Cartagena,Burgos,Segunda Division,Emirates Stadium,51.55667,-0.10611
2023-12-16,17:30,Germany,RB Leipzig,Hoffenheim,Bundesliga,Red Bull Arena,51.34583,12.34833
2023-12-16,18:00,Portugal,Bastia,Quevilly Rouen,Ligue 2,Estádio do Bessa,41.16222,-8.64278
2023-12-16,18:00,Italy,Grenoble,Annecy,Ligue 2,Stadio Luigi Ferraris,44.41639,8.9525
2023-12-16,18:00,Greece,Laval,Pau FC,Ligue 2,Lamia Municipal Stadium,38.91,22.43111
2023-12-16,18:00,Spain,Valenciennes,Paris FC,Ligue 2,Mestalla,39.47472,-0.35833
2023-12-16,18:00,Portugal,Arouca,Gil Vicente,Primeira Liga,Estádio Municipal de Arouca,40.933,-8.2503
2023-12-16,19:30,Germany,Holstein Kiel,Hannover,2. Bundesliga,Holstein-Stadion,54.34917,10.12361
2023-12-16,19:45,Italy,Torino,Empoli,Serie A,Stadio Olimpico Grande Torino,45.04167,7.65
2023-12-16,19:45,Belgium,Standard,Charleroi,Belgian Pro League,Stade Maurice Dufrasne,50.61,5.54333
2023-12-16,20:00,Spain,Valencia,Barcelona,La Liga,Mestalla,39.47472,-0.35833
2023-12-16,20:00,Denmark,Mirandes,Albacete,Segunda Division,Cepheus Park Randers,56.46594,10.010262
2023-12-16,20:00,France,Lens,Reims,Ligue 1,Stade Bollaert-Delelis,50.43278,2.815
2023-12-16,20:00,Netherlands,Heerenveen,Volendam,Eredivisie,Abe Lenstra Stadion,52.95861,5.93611
2023-12-16,20:30,Portugal,Boavista,Guimaraes,Primeira Liga,Estádio do Bessa,41.16222,-8.64278
2023-12-17,11:15,Netherlands,Almere City,Vitesse,Eredivisie,Yanmar Stadion,52.3944,5.2405
2023-12-17,11:30,Italy,Milan,Monza,Serie A,San Siro,45.47806,9.12389
2023-12-17,12:00,Belgium,West Brom,Stoke,Championship,Het Kuipje,51.094817,4.928806
2023-12-17,12:00,France,Nantes,Brest,Ligue 1,Stade de la Beaujoire,47.256,-1.525
2023-12-17,12:30,Germany,St Pauli,Wehen,2. Bundesliga,Millerntor-Stadion,53.554583,9.967667
2023-12-17,12:30,Belgium,Club Brugge,Gent,Belgian Pro League,Jan Breydel Stadium,51.19333,3.18056
2023-12-17,13:00,Spain,Almeria,Mallorca,La Liga,Mestalla,39.47472,-0.35833
2023-12-17,13:00,Spain,Alcorcon,Eibar,Segunda Division,Mallorca Son Moix,39.59,2.63
2023-12-17,13:00,Greece,Aris,OFI Crete,Super League Greece,Kleanthis Vikelidis Stadium,40.6,22.96944
2023-12-17,13:30,Netherlands,Heracles,Feyenoord,Eredivisie,Asito Stadion[3],52.33889,6.65056
2023-12-17,13:30,Netherlands,Sparta Rotterdam,Twente,Eredivisie,Spartastadion Het Kasteel,51.919485,4.433619
2023-12-17,14:00,England,Arsenal,Brighton,Premier League,Emirates Stadium,51.55667,-0.10611
2023-12-17,14:00,England,Brentford,Aston Villa,Premier League,Brentford Community Stadium,51.49083,-0.28861
2023-12-17,14:00,England,West Ham,Wolves,Premier League,London Stadium,51.5386,-0.0164
2023-12-17,14:00,Italy,Fiorentina,Verona,Serie A,Stadio Artemio Franchi,43.78083,11.28222
2023-12-17,14:00,Italy,Udinese,Sassuolo,Serie A,Stadio Friuli,46.0816,13.2001
2023-12-17,14:00,France,Toulouse,Rennes,Ligue 1,Stadium de Toulouse,43.58306,1.43417
2023-12-17,14:30,Germany,Freiburg,FC Koln,Bundesliga,Europa-Park Stadion,48.0216,7.8297
2023-12-17,15:15,Spain,Sociedad,Betis,La Liga,Anoeta,43.30139,-1.97361
2023-12-17,15:15,Spain,Levante,Huesca,Segunda Division,Municipal de Butarque,40.3404,-3.7607
2023-12-17,15:15,Italy,Lecco,Ternana,Serie B,Stadio Via del mare,40.36528,18.20889
2023-12-17,15:30,Portugal,Chaves,Casa Pia,Primeira Liga,Estádio do CD Aves,41.366932,-8.411789
2023-12-17,15:30,Portugal,Moreirense,Portimonense,Primeira Liga,Estádio Comendador Joaquim de Almeida Freitas,41.37806,-8.35472
2023-12-17,15:30,Greece,Asteras Tripolis,PAOK,Super League Greece,Theodoros Kolokotronis Stadium,37.5025,22.38861
2023-12-17,15:45,Netherlands,Ajax,Zwolle,Eredivisie,Johan Cruyff Arena,52.31417,4.94194
2023-12-17,16:05,France,Marseille,Clermont,Ligue 1,Orange Vélodrome,43.26972,5.39583
2023-12-17,16:30,England,Liverpool,Man United,Premier League,Anfield,53.4308,-2.9608
2023-12-17,16:30,Germany,Leverkusen,Ein Frankfurt,Bundesliga,BayArena,51.03833,7.00222
2023-12-17,17:00,Italy,Bologna,Roma,Serie A,Stadio Renato Dall'Ara,44.49222,11.30972
2023-12-17,17:30,Spain,Las Palmas,Cadiz,La Liga,Gran Canaria,28.10028,-15.45667
2023-12-17,17:30,Portugal,Amorebieta,Zaragoza,Segunda Division,Estádio Comendador Joaquim de Almeida Freitas,41.37806,-8.35472
2023-12-17,17:30,Belgium,Antwerp,Anderlecht,Belgian Pro League,Bosuilstadion,51.2325,4.47222
2023-12-17,17:30,Greece,Lamia,Volos NFC,Super League Greece,Lamia Municipal Stadium,38.91,22.43111
2023-12-17,18:00,Portugal,Famalicao,Estoril,Primeira Liga,Estádio Municipal de Famalicão,41.40139,-8.5225
2023-12-17,18:15,Belgium,Genk,Kortrijk,Belgian Pro League,Cegeka Arena,51.005,5.53333
2023-12-17,18:30,Germany,Bayern Munich,Stuttgart,Bundesliga,Allianz Arena,48.218775,11.624752777778
2023-12-17,18:30,Greece,Atromitos,Panathinaikos,Super League Greece,Peristeri Stadium,38.00472,23.68972
2023-12-17,19:45,Italy,Lazio,Inter,Serie A,Stadio Olimpico,41.93389,12.45472
2023-12-17,19:45,France,Lille,Paris SG,Ligue 1,Decathlon Arena Pierre Mauroy Stadium,50.6119,3.1304
2023-12-17,20:00,Spain,Real Madrid,Villarreal,La Liga,Santiago Bernabéu,40.45306,-3.68835
2023-12-17,20:30,Portugal,Sp Braga,Benfica,Primeira Liga,Estádio Municipal de Braga,41.5625,-8.43
2023-12-18,15:00,Greece,Panetolikos,AEK,Super League Greece,Panetolikos Stadium,38.63,21.41167
2023-12-18,16:00,Greece,Panserraikos,Olympiakos,Super League Greece,Serres Municipal Stadium,41.0847,23.5466
2023-12-18,19:30,Spain,Villarreal B,Valladolid,Segunda Division,La Cerámica,39.94417,-0.10361
2023-12-18,19:45,Italy,Atalanta,Salernitana,Serie A,Gewiss Stadium,45.70889,9.68083
2023-12-18,20:00,Spain,Girona,Alaves,La Liga,Montilivi,41.96139,2.82861
2023-12-19,14:00,Turkey,Buyuksehyr,Sivasspor,Super Lig,Başakşehir Fatih Terim Stadium,41.12278,28.80861
2023-12-19,17:00,Turkey,Gaziantep,Ad. Demirspor,Super Lig,Gaziantep Stadium,37.12389,37.3825
2023-12-19,17:00,Turkey,Istanbulspor,Trabzonspor,Super Lig,Samsun 19 Mayıs Stadium,41.22778,36.4575
2023-12-19,17:30,Germany,Werder Bremen,RB Leipzig,Bundesliga,Weserstadion,53.06639,8.8375
2023-12-19,18:00,Spain,Vallecano,Valencia,La Liga,Vallecas,40.39194,-3.65889
2023-12-19,18:00,Denmark,Santander,Andorra,Segunda Division,Cepheus Park Randers,56.46594,10.010262
2023-12-19,19:30,Germany,Dortmund,Mainz,Bundesliga,Signal Iduna Park,51.4925,7.45167
2023-12-19,19:30,Germany,Hoffenheim,Darmstadt,Bundesliga,PreZero Arena,49.23806,8.8875
2023-12-19,19:45,Portugal,Amiens,Caen,Ligue 2,Estádio Comendador Joaquim de Almeida Freitas,41.37806,-8.35472
2023-12-19,19:45,France,Angers,Guingamp,Ligue 2,Stade Raymond Kopa,47.460458,-0.530741
2023-12-19,19:45,Netherlands,Annecy,Rodez,Ligue 2,Goffertstadion,51.8225,5.83667
2023-12-19,19:45,Greece,Laval,Auxerre,Ligue 2,Lamia Municipal Stadium,38.91,22.43111
2023-12-19,19:45,Greece,Paris FC,Quevilly Rouen,Ligue 2,Kleanthis Vikelidis Stadium,40.6,22.96944
2023-12-19,19:45,France,St Etienne,Bastia,Ligue 2,Stade Geoffroy Guichard,45.46083,4.39028
2023-12-19,20:30,Spain,Ath Madrid,Getafe,La Liga,Santiago Bernabéu,40.45306,-3.68835
2023-12-19,20:30,Spain,Granada,Sevilla,La Liga,Montilivi,41.96139,2.82861
2023-12-19,20:30,Belgium,Elche,Mirandes,Segunda Division,AFAS-stadion Achter de Kazerne,51.037184,4.486397
2023-12-19,20:30,Spain,Espanol,Burgos,Segunda Division,RCDE Stadium,41.34778,2.07556
2023-12-20,14:00,Turkey,Kayserispor,Fenerbahce,Super Lig,RHG Enertürk Enerji Stadium,38.73722,35.42306
2023-12-20,15:00,Greece,Aris,Lamia,Super League Greece,Kleanthis Vikelidis Stadium,40.6,22.96944
2023-12-20,17:00,Turkey,Antalyaspor,Kasimpasa,Super Lig,Corendon Airlines Park,36.888278,30.668444
2023-12-20,17:00,Turkey,Galatasaray,Karagumruk,Super Lig,Rams Park,41.10278,28.99056
2023-12-20,17:00,Greece,Volos NFC,Panathinaikos,Super League Greece,Panthessaliko Stadium,39.3875,22.93111
2023-12-20,17:30,Germany,Union Berlin,FC Koln,Bundesliga,Stadion An der Alten Försterei,52.45722,13.56806
2023-12-20,17:30,Belgium,Cercle Brugge,Kortrijk,Belgian Pro League,Jan Breydel Stadium,51.19333,3.18056
2023-12-20,18:00,Spain,Barcelona,Almeria,La Liga,Olímpic Lluís Companys,41.36472,2.15556
2023-12-20,18:00,Portugal,Zaragoza,Levante,Segunda Division,Estádio Municipal de Braga,41.5625,-8.43
2023-12-20,19:30,Germany,Ein Frankfurt,M'gladbach,Bundesliga,Deutsche Bank Park,50.068056,8.645806
2023-12-20,19:30,Germany,Heidenheim,Freiburg,Bundesliga,Voith-Arena,48.66861,10.13944
2023-12-20,19:30,Germany,Leverkusen,Bochum,Bundesliga,BayArena,51.03833,7.00222
2023-12-20,19:30,Germany,Stuttgart,Augsburg,Bundesliga,MHPArena,48.79222,9.23194
2023-12-20,19:30,Germany,Wolfsburg,Bayern Munich,Bundesliga,Volkswagen Arena,52.43278,10.80389
2023-12-20,19:45,Belgium,Mechelen,Standard,Belgian Pro League,AFAS-stadion Achter de Kazerne,51.037184,4.486397
2023-12-20,20:00,France,Brest,Lorient,Ligue 1,Stade Francis-Le Blé,48.402932,-4.461694
2023-12-20,20:00,France,Lyon,Nantes,Ligue 1,Groupama Stadium,45.765224,4.982131
2023-12-20,20:00,France,Montpellier,Marseille,Ligue 1,Stade de la Mosson,43.62222,3.81194
2023-12-20,20:00,France,Nice,Lens,Ligue 1,Allianz Riviera,43.70528,7.1925
2023-12-20,20:00,France,Paris SG,Metz,Ligue 1,Parc des Princes,48.84138888888889,2.2530555555555556
2023-12-20,20:00,France,Reims,Le Havre,Ligue 1,Stade Auguste Delaune,49.24667,4.025
2023-12-20,20:00,France,Strasbourg,Lille,Ligue 1,Stade de la Meinau,48.56,7.755
2023-12-20,20:00,France,Toulouse,Monaco,Ligue 1,Stadium de Toulouse,43.58306,1.43417
2023-12-20,20:30,Spain,Ath Bilbao,Las Palmas,La Liga,San Mamés,43.2643,-2.9504
2023-12-20,20:30,Spain,Villarreal,Celta,La Liga,La Cerámica,39.94417,-0.10361
2023-12-20,20:30,Spain,Leganes,Tenerife,Segunda Division,Municipal de Butarque,40.3404,-3.7607
2023-12-21,14:00,Turkey,Rizespor,Pendikspor,Super Lig,Rize City Stadium,41.04202,40.5733
2023-12-21,14:00,Turkey,Samsunspor,Konyaspor,Super Lig,Samsun 19 Mayıs Stadium,41.22778,36.4575
2023-12-21,15:00,Greece,Panserraikos,AEK,Super League Greece,Serres Municipal Stadium,41.0847,23.5466
2023-12-21,17:00,Turkey,Besiktas,Alanyaspor,Super Lig,Tüpraş Stadium,41.03917,28.99472
2023-12-21,18:00,Spain,Betis,Girona,La Liga,Benito Villamarín,37.35639,-5.98139
2023-12-21,18:00,Spain,Villarreal B,Oviedo,Segunda Division,La Cerámica,39.94417,-0.10361
2023-12-21,18:30,Greece,Atromitos,Olympiakos,Super League Greece,Peristeri Stadium,38.00472,23.68972
2023-12-21,19:45,Belgium,Gent,Oud-Heverlee Leuven,Belgian Pro League,Planet Group Arena,51.01611,3.73417
2023-12-21,20:00,England,Crystal Palace,Brighton,Premier League,Selhurst Park,51.39833,-0.08556
2023-12-21,20:30,Spain,Alaves,Real Madrid,La Liga,Mendizorrotza,42.8371111,-2.6880444
2023-12-21,20:30,Spain,Mallorca,Osasuna,La Liga,Mallorca Son Moix,39.59,2.63
2023-12-21,20:30,Portugal,Amorebieta,Alcorcon,Segunda Division,Estádio Comendador Joaquim de Almeida Freitas,41.37806,-8.35472
2023-12-21,20:30,Spain,Valladolid,Ferrol,Segunda Division,José Zorrilla,41.64444,-4.76111
2023-12-22,17:30,Italy,Empoli,Lazio,Serie A,Stadio Carlo Castellani - Computer Gross Arena,43.72639,10.955
2023-12-22,19:45,England,Bristol City,Hull,Championship,King Power Stadium,52.620277777778,-1.1422222222222
2023-12-22,19:45,Italy,Monza,Fiorentina,Serie A,Stadio Brianteo,45.58278,9.30806
2023-12-22,20:00,England,Aston Villa,Sheffield United,Premier League,Villa Park,52.509166666667,-1.8847222222222
2023-12-23,10:30,Turkey,Sivasspor,Istanbulspor,Super Lig,BG Grup 4 Eylül Stadium,39.72833,36.98389
2023-12-23,12:30,England,West Ham,Man United,Premier League,London Stadium,51.5386,-0.0164
2023-12-23,13:00,Italy,Como,Palermo,Serie B,Stadio Giuseppe Sinigaglia,45.81389,9.07222
2023-12-23,13:00,France,Cremonese,Modena,Serie B,Roazhon Park,48.1075,-1.71278
2023-12-23,13:00,Italy,Parma,Ternana,Serie B,Stadio Ennio Tardini,44.795,10.33833
2023-12-23,13:00,Italy,Venezia,Lecco,Serie B,Stadio Pier Luigi Penzo,45.4277611,12.3637306
2023-12-23,14:00,Italy,Bologna,Atalanta,Serie A,Stadio Renato Dall'Ara,44.49222,11.30972
2023-12-23,14:00,Italy,Torino,Udinese,Serie A,Stadio Olimpico Grande Torino,45.04167,7.65
2023-12-23,15:00,England,Fulham,Burnley,Premier League,Craven Cottage,51.475,-0.22166666666667
2023-12-23,15:00,England,Nott'm Forest,Bournemouth,Premier League,City Ground,52.94,-1.13278
2023-12-23,15:00,England,Tottenham,Everton,Premier League,Tottenham Hotspur Stadium,51.6044,-0.0664
2023-12-23,15:00,England,Leicester,Rotherham,Championship,King Power Stadium,52.620277777778,-1.1422222222222
2023-12-23,15:00,Croatia,Norwich,Huddersfield,Championship,ŠRC Velika Gorica,45.724,16.0732
2023-12-23,15:15,Spain,Ath Madrid,Sevilla,La Liga,Santiago Bernabéu,40.45306,-3.68835
2023-12-23,15:15,Greece,Bari,Cosenza,Serie B,Kleanthis Vikelidis Stadium,40.6,22.96944
2023-12-23,15:15,Turkey,Sampdoria,FeralpiSalo,Serie B,Samsun 19 Mayıs Stadium,41.22778,36.4575
2023-12-23,15:15,Austria,Sudtirol,Reggiana,Serie B,Tivoli Stadion Tirol,47.25583,11.41083
2023-12-23,15:30,Portugal,Guimaraes,Rio Ave,Primeira Liga,Estádio D. Afonso Henriques,41.44583,-8.30111
2023-12-23,16:00,Turkey,Trabzonspor,Buyuksehyr,Super Lig,Papara Park,40.99917,39.64583
2023-12-23,17:00,Italy,Verona,Cagliari,Serie A,Stadio Marcantonio Bentegodi,45.43528,10.96861
2023-12-23,17:15,Belgium,Antwerp,Westerlo,Belgian Pro League,Bosuilstadion,51.2325,4.47222
2023-12-23,17:15,Belgium,St Truiden,Charleroi,Belgian Pro League,Stayen,50.813474,5.166256
2023-12-23,17:30,England,Liverpool,Arsenal,Premier League,Anfield,53.4308,-2.9608
2023-12-23,19:45,Italy,Roma,Napoli,Serie A,Stadio Olimpico,41.93389,12.45472
2023-12-23,19:45,Belgium,Anderlecht,Genk,Belgian Pro League,Lotto Park,50.83417,4.29833
2023-12-24,10:30,Turkey,Konyaspor,Kayserispor,Super Lig,Konya Metropolitan Municipality Stadium,37.946,32.488
2023-12-24,13:00,England,Wolves,Chelsea,Premier League,Molineux Stadium,52.59028,-2.13028
2023-12-24,13:00,Turkey,Ad. Demirspor,Antalyaspor,Super Lig,New Adana Stadium,37.06333,35.375
2023-12-24,16:00,Turkey,Fenerbahce,Galatasaray,Super Lig,Ülker Stadium,40.98778,29.03694
2023-12-25,14:00,Turkey,Alanyaspor,Samsunspor,Super Lig,Alanya Oba Stadium,36.5626,32.0792
2023-12-25,17:00,Turkey,Hatayspor,Besiktas,Super Lig,Mersin Stadium[note 1],36.82056,34.53861
2023-12-26,12:30,England,Newcastle,Nott'm Forest,Premier League,St James' Park,54.975555555556,-1.6216666666667
2023-12-26,12:30,Portugal,Preston,Leeds,Championship,Estádio do Dragão,41.1618,-8.5839
2023-12-26,12:30,Belgium,Genk,Antwerp,Belgian Pro League,Cegeka Arena,51.005,5.53333
2023-12-26,14:00,Italy,Ascoli,Cittadella,Serie B,Stadio Diego Armando Maradona,40.828,14.193
2023-12-26,14:00,France,Brescia,Parma,Serie B,Stade Francis-Le Blé,48.402932,-4.461694
2023-12-26,14:00,Italy,Cosenza,Como,Serie B,Stadio Brianteo,45.58278,9.30806
2023-12-26,14:00,Netherlands,FeralpiSalo,Venezia,Serie B,Asito Stadion[3],52.33889,6.65056
2023-12-26,14:00,Italy,Lecco,Sudtirol,Serie B,Stadio Via del mare,40.36528,18.20889
2023-12-26,14:00,Italy,Spezia,Modena,Serie B,Stadio Pier Luigi Penzo,45.4277611,12.3637306
2023-12-26,15:00,England,Bournemouth,Fulham,Premier League,Dean Court,50.73528,-1.83833
2023-12-26,15:00,England,Sheffield United,Luton,Premier League,Old Trafford,53.463055555556,-2.2913888888889
2023-12-26,15:00,England,Southampton,Swansea,Championship,St Mary's Stadium,50.90583,-1.39111
2023-12-26,15:00,England,Watford,Bristol City,Championship,Brentford Community Stadium,51.49083,-0.28861
2023-12-26,15:00,Belgium,West Brom,Norwich,Championship,Het Kuipje,51.094817,4.928806
2023-12-26,15:00,Belgium,Kortrijk,Gent,Belgian Pro League,Guldensporen Stadion,50.830432,3.248906
2023-12-26,15:00,Belgium,Oud-Heverlee Leuven,Eupen,Belgian Pro League,Den Dreef,50.86833,4.69417
2023-12-26,17:00,Italy,Palermo,Cremonese,Serie B,Stadio Ennio Tardini,44.795,10.33833
2023-12-26,17:30,Belgium,Westerlo,RWD Molenbeek,Belgian Pro League,Het Kuipje,51.094817,4.928806
2023-12-26,19:30,Turkey,Sampdoria,Bari,Serie B,Samsun 19 Mayıs Stadium,41.22778,36.4575
2023-12-26,19:45,England,Ipswich,Leicester,Championship,Portman Road,52.055,1.14528
2023-12-26,19:45,Belgium,Club Brugge,St. Gilloise,Belgian Pro League,Jan Breydel Stadium,51.19333,3.18056
2023-12-26,20:00,England,Man United,Aston Villa,Premier League,Old Trafford,53.463055555556,-2.2913888888889
2023-12-27,17:30,Belgium,Standard,St Truiden,Belgian Pro League,Stade Maurice Dufrasne,50.61,5.54333
2023-12-27,19:30,England,Brentford,Wolves,Premier League,Brentford Community Stadium,51.49083,-0.28861
2023-12-27,19:30,England,Chelsea,Crystal Palace,Premier League,Stamford Bridge,51.481666666667,-0.19111111111111
2023-12-27,19:45,Belgium,Anderlecht,Cercle Brugge,Belgian Pro League,Lotto Park,50.83417,4.29833
2023-12-27,19:45,Belgium,Charleroi,Mechelen,Belgian Pro League,Stade du Pays de Charleroi,50.414609,4.453787
2023-12-27,20:15,England,Everton,Man City,Premier League,Goodison Park,53.438888888889,-2.9663888888889
2023-12-28,19:30,England,Brighton,Tottenham,Premier League,Falmer Stadium,50.861822222222,-0.083277777777778
2023-12-28,20:15,England,Arsenal,West Ham,Premier League,Emirates Stadium,51.55667,-0.10611
2023-12-28,20:15,Portugal,Estrela,Arouca,Primeira Liga,Estádio José Gomes,38.75194,-9.22806
2023-12-29,17:30,Italy,Fiorentina,Torino,Serie A,Stadio Artemio Franchi,43.78083,11.28222
2023-12-29,17:30,Italy,Napoli,Monza,Serie A,Stadio Diego Armando Maradona,40.828,14.193
2023-12-29,18:00,England,Southampton,Plymouth,Championship,St Mary's Stadium,50.90583,-1.39111
2023-12-29,18:45,Portugal,Benfica,Famalicao,Primeira Liga,Estádio da Luz,38.7527,-9.1847
2023-12-29,19:45,England,Ipswich,QPR,Championship,Portman Road,52.055,1.14528
2023-12-29,19:45,Portugal,Preston,Sheffield Weds,Championship,Estádio do Dragão,41.1618,-8.5839
2023-12-29,19:45,England,Watford,Stoke,Championship,Brentford Community Stadium,51.49083,-0.28861
2023-12-29,19:45,Italy,Genoa,Inter,Serie A,Stadio Luigi Ferraris,44.41639,8.9525
2023-12-29,19:45,Italy,Lazio,Frosinone,Serie A,Stadio Olimpico,41.93389,12.45472
2023-12-29,20:15,Belgium,West Brom,Leeds,Championship,Het Kuipje,51.094817,4.928806
2023-12-29,20:45,Portugal,Porto,Chaves,Primeira Liga,Estádio do Dragão,41.1618,-8.5839
2023-12-30,11:30,Italy,Atalanta,Lecce,Serie A,Gewiss Stadium,45.70889,9.68083
2023-12-30,14:00,Italy,Cagliari,Empoli,Serie A,Unipol Domus,39.2,9.1375
2023-12-30,14:00,Italy,Udinese,Bologna,Serie A,Stadio Friuli,46.0816,13.2001
2023-12-30,15:00,England,Aston Villa,Burnley,Premier League,Villa Park,52.509166666667,-1.8847222222222
2023-12-30,15:00,England,Crystal Palace,Brentford,Premier League,Selhurst Park,51.39833,-0.08556
2023-12-30,15:00,England,Man City,Sheffield United,Premier League,City of Manchester Stadium,53.483055555556,-2.2002777777778
2023-12-30,15:00,England,Wolves,Everton,Premier League,Molineux Stadium,52.59028,-2.13028
2023-12-30,15:30,Portugal,Estoril,Farense,Primeira Liga,Estádio António Coimbra da Mota,38.71583,-9.40639
2023-12-30,15:30,Portugal,Gil Vicente,Boavista,Primeira Liga,Estádio Cidade de Barcelos,41.551,-8.623
2023-12-30,17:00,Italy,Milan,Sassuolo,Serie A,San Siro,45.47806,9.12389
2023-12-30,17:00,Italy,Verona,Salernitana,Serie A,Stadio Marcantonio Bentegodi,45.43528,10.96861
2023-12-30,17:30,England,Nott'm Forest,Man United,Premier League,City Ground,52.94,-1.13278
2023-12-30,18:00,Portugal,Casa Pia,Sp Braga,Primeira Liga,Estádio Municipal de Rio Maior[A],39.34444,-8.93528
2023-12-30,19:45,Italy,Juventus,Roma,Serie A,Juventus Stadium,45.10944,7.64111
2023-12-31,14:00,England,Fulham,Arsenal,Premier League,Craven Cottage,51.475,-0.22166666666667
2023-12-31,14:00,England,Tottenham,Bournemouth,Premier League,Tottenham Hotspur Stadium,51.6044,-0.0664
2024-01-01,15:00,England,Bristol City,Millwall,Championship,King Power Stadium,52.620277777778,-1.1422222222222
2024-01-01,15:00,England,Leicester,Huddersfield,Championship,King Power Stadium,52.620277777778,-1.1422222222222
2024-01-01,15:00,Croatia,Norwich,Southampton,Championship,ŠRC Velika Gorica,45.724,16.0732
2024-01-01,20:00,England,Liverpool,Newcastle,Premier League,Anfield,53.4308,-2.9608
2024-01-02,16:00,Spain,Getafe,Vallecano,La Liga,Coliseum,40.32556,-3.71472
2024-01-02,18:15,Spain,Sociedad,Alaves,La Liga,Anoeta,43.30139,-1.97361
2024-01-02,19:30,England,West Ham,Brighton,Premier League,London Stadium,51.5386,-0.0164
2024-01-02,20:30,Spain,Valencia,Villarreal,La Liga,Mestalla,39.47472,-0.35833
2024-01-03,14:00,Greece,Asteras Tripolis,Aris,Super League Greece,Theodoros Kolokotronis Stadium,37.5025,22.38861
2024-01-03,15:00,Greece,Lamia,Olympiakos,Super League Greece,Lamia Municipal Stadium,38.91,22.43111
2024-01-03,16:00,Spain,Granada,Cadiz,La Liga,Montilivi,41.96139,2.82861
2024-01-03,18:00,Greece,Panathinaikos,Giannina,Super League Greece,Athens Olympic Stadium,38.03606806,23.7876
2024-01-03,18:00,Greece,PAOK,OFI Crete,Super League Greece,Toumba Stadium,40.61389,22.9725
2024-01-03,18:15,Spain,Celta,Betis,La Liga,Balaídos,42.2118,-8.7397
2024-01-03,18:15,Spain,Real Madrid,Mallorca,La Liga,Santiago Bernabéu,40.45306,-3.68835
2024-01-03,20:30,Spain,Girona,Ath Madrid,La Liga,Montilivi,41.96139,2.82861
2024-01-04,15:00,Greece,Panetolikos,Panserraikos,Super League Greece,Panetolikos Stadium,38.63,21.41167
2024-01-04,16:00,Spain,Osasuna,Almeria,La Liga,El Sadar,42.79667,-1.63694
2024-01-04,17:00,Greece,Atromitos,Kifisia,Super League Greece,Peristeri Stadium,38.00472,23.68972
2024-01-04,18:15,Spain,Sevilla,Ath Bilbao,La Liga,Ramón Sánchez-Pizjuán,37.384,-5.9705
2024-01-04,20:30,Spain,Las Palmas,Barcelona,La Liga,Gran Canaria,28.10028,-15.45667
2024-01-05,14:00,Turkey,Gaziantep,Pendikspor,Super Lig,Gaziantep Stadium,37.12389,37.3825
2024-01-05,17:00,Turkey,Antalyaspor,Alanyaspor,Super Lig,Corendon Airlines Park,36.888278,30.668444
2024-01-05,17:00,Turkey,Besiktas,Kasimpasa,Super Lig,Tüpraş Stadium,41.03917,28.99472
2024-01-05,19:45,Italy,Bologna,Genoa,Serie A,Stadio Renato Dall'Ara,44.49222,11.30972
2024-01-05,20:45,Portugal,Boavista,Porto,Primeira Liga,Estádio do Bessa,41.16222,-8.64278
2024-01-06,10:30,Turkey,Rizespor,Hatayspor,Super Lig,Rize City Stadium,41.04202,40.5733
2024-01-06,13:00,Turkey,Buyuksehyr,Ad. Demirspor,Super Lig,Başakşehir Fatih Terim Stadium,41.12278,28.80861
2024-01-06,15:30,Portugal,Estrela,Vizela,Primeira Liga,Estádio José Gomes,38.75194,-9.22806
2024-01-06,15:30,Portugal,Farense,Gil Vicente,Primeira Liga,Estádio de São Luís,37.022861,-7.928444
2024-01-06,16:00,Turkey,Samsunspor,Karagumruk,Super Lig,Samsun 19 Mayıs Stadium,41.22778,36.4575
2024-01-06,17:00,Italy,Lecce,Cagliari,Serie A,Stadio Via del mare,40.36528,18.20889
2024-01-06,18:00,Portugal,Arouca,Benfica,Primeira Liga,Estádio Municipal de Arouca,40.933,-8.2503
2024-01-06,20:30,Portugal,Sp Braga,Guimaraes,Primeira Liga,Estádio Municipal de Braga,41.5625,-8.43
2024-01-07,10:30,Turkey,Kayserispor,Sivasspor,Super Lig,RHG Enertürk Enerji Stadium,38.73722,35.42306
2024-01-07,11:30,Italy,Empoli,Milan,Serie A,Stadio Carlo Castellani - Computer Gross Arena,43.72639,10.955
2024-01-07,13:00,Turkey,Istanbulspor,Fenerbahce,Super Lig,Samsun 19 Mayıs Stadium,41.22778,36.4575
2024-01-07,13:00,Greece,Panserraikos,Kifisia,Super League Greece,Serres Municipal Stadium,41.0847,23.5466
2024-01-07,13:00,Greece,Volos NFC,Atromitos,Super League Greece,Panthessaliko Stadium,39.3875,22.93111
2024-01-07,14:00,Italy,Torino,Napoli,Serie A,Stadio Olimpico Grande Torino,45.04167,7.65
2024-01-07,14:00,Italy,Udinese,Lazio,Serie A,Stadio Friuli,46.0816,13.2001
2024-01-07,15:00,Greece,Panathinaikos,Panetolikos,Super League Greece,Athens Olympic Stadium,38.03606806,23.7876
2024-01-07,16:00,Turkey,Galatasaray,Konyaspor,Super Lig,Rams Park,41.10278,28.99056
2024-01-07,17:30,Greece,Aris,PAOK,Super League Greece,Kleanthis Vikelidis Stadium,40.6,22.96944
2024-01-07,18:00,Portugal,Rio Ave,Portimonense,Primeira Liga,Estádio dos Arcos,41.36278,-8.74028
2024-01-07,19:00,Greece,Olympiakos,AEK,Super League Greece,Karaiskakis Stadium,37.94611,23.66444
2024-01-07,19:45,Italy,Roma,Atalanta,Serie A,Stadio Olimpico,41.93389,12.45472
2024-01-07,20:30,Portugal,Famalicao,Chaves,Primeira Liga,Estádio Municipal de Famalicão,41.40139,-8.5225
2024-01-08,20:15,Portugal,Moreirense,Casa Pia,Primeira Liga,Estádio Comendador Joaquim de Almeida Freitas,41.37806,-8.35472
2024-01-09,14:00,Turkey,Alanyaspor,Ankaragucu,Super Lig,Alanya Oba Stadium,36.5626,32.0792
2024-01-09,17:00,Turkey,Rizespor,Besiktas,Super Lig,Rize City Stadium,41.04202,40.5733
2024-01-10,14:00,Turkey,Hatayspor,Gaziantep,Super Lig,Mersin Stadium[note 1],36.82056,34.53861
2024-01-10,17:00,Turkey,Ad. Demirspor,Istanbulspor,Super Lig,New Adana Stadium,37.06333,35.375
2024-01-10,17:00,Turkey,Fenerbahce,Konyaspor,Super Lig,Ülker Stadium,40.98778,29.03694
2024-01-11,14:00,Turkey,Sivasspor,Galatasaray,Super Lig,BG Grup 4 Eylül Stadium,39.72833,36.98389
2024-01-11,17:00,Turkey,Trabzonspor,Samsunspor,Super Lig,Papara Park,40.99917,39.64583
2024-01-12,19:00,Netherlands,Waalwijk,Heracles,Eredivisie,Mandemakers Stadion,51.68694,5.08861
2024-01-12,19:30,Germany,Bayern Munich,Hoffenheim,Bundesliga,Allianz Arena,48.218775,11.624752777778
2024-01-12,20:00,Spain,Sevilla,Alaves,La Liga,Ramón Sánchez-Pizjuán,37.384,-5.9705
2024-01-12,20:00,France,Marseille,Strasbourg,Ligue 1,Orange Vélodrome,43.26972,5.39583
2024-01-13,10:30,Turkey,Hatayspor,Pendikspor,Super Lig,Mersin Stadium[note 1],36.82056,34.53861
2024-01-13,12:30,England,Chelsea,Fulham,Premier League,Stamford Bridge,51.481666666667,-0.19111111111111
2024-01-13,13:00,Spain,Las Palmas,Villarreal,La Liga,Gran Canaria,28.10028,-15.45667
2024-01-13,13:00,Spain,Alcorcon,Mirandes,Segunda Division,Mallorca Son Moix,39.59,2.63
2024-01-13,13:00,Greece,Bari,Ternana,Serie B,Kleanthis Vikelidis Stadium,40.6,22.96944
2024-01-13,13:00,Italy,Como,Spezia,Serie B,Stadio Giuseppe Sinigaglia,45.81389,9.07222
2024-01-13,13:00,Italy,Modena,Brescia,Serie B,Stadio Brianteo,45.58278,9.30806
2024-01-13,13:00,Austria,Sudtirol,FeralpiSalo,Serie B,Tivoli Stadion Tirol,47.25583,11.41083
2024-01-13,13:00,Turkey,Buyuksehyr,Alanyaspor,Super Lig,Başakşehir Fatih Terim Stadium,41.12278,28.80861
2024-01-13,14:00,Italy,Genoa,Torino,Serie A,Stadio Luigi Ferraris,44.41639,8.9525
2024-01-13,14:00,Italy,Napoli,Salernitana,Serie A,Stadio Diego Armando Maradona,40.828,14.193
2024-01-13,14:00,France,St Etienne,Laval,Ligue 2,Stade Geoffroy Guichard,45.46083,4.39028
2024-01-13,14:30,Germany,Augsburg,Leverkusen,Bundesliga,WWK Arena,48.32306,10.88611
2024-01-13,14:30,Germany,Freiburg,Union Berlin,Bundesliga,Europa-Park Stadion,48.0216,7.8297
2024-01-13,14:30,Germany,Mainz,Wolfsburg,Bundesliga,Mewa Arena,49.98417,8.22417
2024-01-13,14:30,Germany,RB Leipzig,Ein Frankfurt,Bundesliga,Red Bull Arena,51.34583,12.34833
2024-01-13,15:00,Portugal,Preston,Bristol City,Championship,Estádio do Dragão,41.1618,-8.5839
2024-01-13,15:00,England,Southampton,Sheffield Weds,Championship,St Mary's Stadium,50.90583,-1.39111
2024-01-13,15:00,Belgium,West Brom,Blackburn,Championship,Het Kuipje,51.094817,4.928806
2024-01-13,15:15,Spain,Mallorca,Celta,La Liga,Mallorca Son Moix,39.59,2.63
2024-01-13,15:15,Spain,Levante,Albacete,Segunda Division,Municipal de Butarque,40.3404,-3.7607
2024-01-13,15:30,Netherlands,For Sittard,Sparta Rotterdam,Eredivisie,Fortuna Sittard Stadion,50.992069,5.843675
2024-01-13,15:30,Portugal,Casa Pia,Famalicao,Primeira Liga,Estádio Municipal de Rio Maior[A],39.34444,-8.93528
2024-01-13,16:00,France,Monaco,Reims,Ligue 1,Stade Louis II,43.7275,7.41556
2024-01-13,16:00,Turkey,Besiktas,Karagumruk,Super Lig,Tüpraş Stadium,41.03917,28.99472
2024-01-13,16:00,Turkey,Rizespor,Ad. Demirspor,Super Lig,Rize City Stadium,41.04202,40.5733
2024-01-13,17:00,Italy,Verona,Empoli,Serie A,Stadio Marcantonio Bentegodi,45.43528,10.96861
2024-01-13,17:00,Greece,Atromitos,OFI Crete,Super League Greece,Peristeri Stadium,38.00472,23.68972
2024-01-13,17:30,England,Newcastle,Man City,Premier League,St James' Park,54.975555555556,-1.6216666666667
2024-01-13,17:30,England,Ipswich,Sunderland,Championship,Portman Road,52.055,1.14528
2024-01-13,17:30,Spain,Ath Bilbao,Sociedad,La Liga,San Mamés,43.2643,-2.9504
2024-01-13,17:45,Netherlands,Twente,AZ Alkmaar,Eredivisie,De Grolsch Veste,52.23667,6.8375
2024-01-13,18:00,Portugal,Bastia,Angers,Ligue 2,Estádio do Bessa,41.16222,-8.64278
2024-01-13,18:00,Italy,Grenoble,Dunkerque,Ligue 2,Stadio Luigi Ferraris,44.41639,8.9525
2024-01-13,18:00,Greece,Paris FC,Annecy,Ligue 2,Kleanthis Vikelidis Stadium,40.6,22.96944
2024-01-13,18:00,Spain,Valenciennes,Amiens,Ligue 2,Mestalla,39.47472,-0.35833
2024-01-13,18:00,Portugal,Chaves,Sp Lisbon,Primeira Liga,Estádio do CD Aves,41.366932,-8.411789
2024-01-13,18:00,Greece,Lamia,Panserraikos,Super League Greece,Lamia Municipal Stadium,38.91,22.43111
2024-01-13,19:00,Netherlands,Zwolle,Heerenveen,Eredivisie,MAC³PARK Stadion,52.51722,6.12083
2024-01-13,19:45,Italy,Monza,Inter,Serie A,Stadio Brianteo,45.58278,9.30806
2024-01-13,20:00,Spain,Betis,Granada,La Liga,Benito Villamarín,37.35639,-5.98139
2024-01-13,20:00,France,Rennes,Nice,Ligue 1,Roazhon Park,48.1075,-1.71278
2024-01-13,20:00,Netherlands,PSV Eindhoven,Excelsior,Eredivisie,Philips Stadion,51.44167,5.4675
2024-01-13,20:30,Portugal,Estoril,Moreirense,Primeira Liga,Estádio António Coimbra da Mota,38.71583,-9.40639
2024-01-14,10:30,Turkey,Istanbulspor,Konyaspor,Super Lig,Samsun 19 Mayıs Stadium,41.22778,36.4575
2024-01-14,11:30,Italy,Lazio,Lecce,Serie A,Stadio Olimpico,41.93389,12.45472
2024-01-14,12:00,France,Lille,Lorient,Ligue 1,Decathlon Arena Pierre Mauroy Stadium,50.6119,3.1304
2024-01-14,13:00,Spain,Almeria,Girona,La Liga,Mestalla,39.47472,-0.35833
2024-01-14,13:00,Turkey,Antalyaspor,Trabzonspor,Super Lig,Corendon Airlines Park,36.888278,30.668444
2024-01-14,13:00,Turkey,Samsunspor,Sivasspor,Super Lig,Samsun 19 Mayıs Stadium,41.22778,36.4575
2024-01-14,13:00,Greece,Panetolikos,Aris,Super League Greece,Panetolikos Stadium,38.63,21.41167
2024-01-14,13:30,Netherlands,Go Ahead Eagles,Ajax,Eredivisie,De Adelaarshorst,52.260416,6.172578
2024-01-14,14:00,England,Everton,Aston Villa,Premier League,Goodison Park,53.438888888889,-2.9663888888889
2024-01-14,14:00,Italy,Cagliari,Bologna,Serie A,Unipol Domus,39.2,9.1375
2024-01-14,14:00,France,Brest,Montpellier,Ligue 1,Stade Francis-Le Blé,48.402932,-4.461694
2024-01-14,14:00,France,Nantes,Clermont,Ligue 1,Stade de la Beaujoire,47.256,-1.525
2024-01-14,14:30,Germany,Bochum,Werder Bremen,Bundesliga,Vonovia Ruhrstadion,51.49,7.23667
2024-01-14,15:15,England,Cartagena,Villarreal B,Segunda Division,Emirates Stadium,51.55667,-0.10611
2024-01-14,15:15,France,Cremonese,Cosenza,Serie B,Roazhon Park,48.1075,-1.71278
2024-01-14,15:15,Italy,Parma,Ascoli,Serie B,Stadio Ennio Tardini,44.795,10.33833
2024-01-14,15:15,Italy,Venezia,Sampdoria,Serie B,Stadio Pier Luigi Penzo,45.4277611,12.3637306
2024-01-14,15:30,Portugal,Gil Vicente,Estrela,Primeira Liga,Estádio Cidade de Barcelos,41.551,-8.623
2024-01-14,15:30,Greece,Asteras Tripolis,Volos NFC,Super League Greece,Theodoros Kolokotronis Stadium,37.5025,22.38861
2024-01-14,15:45,Netherlands,Feyenoord,Nijmegen,Eredivisie,De Kuip,51.89389,4.52306
2024-01-14,16:00,Turkey,Gaziantep,Fenerbahce,Super Lig,Gaziantep Stadium,37.12389,37.3825
2024-01-14,16:05,France,Le Havre,Lyon,Ligue 1,Stade Océane,49.49889,0.16972
2024-01-14,16:30,England,Man United,Tottenham,Premier League,Old Trafford,53.463055555556,-2.2913888888889
2024-01-14,17:00,Italy,Fiorentina,Udinese,Serie A,Stadio Artemio Franchi,43.78083,11.28222
2024-01-14,18:00,Portugal,Benfica,Rio Ave,Primeira Liga,Estádio da Luz,38.7527,-9.1847
2024-01-14,18:30,Greece,PAOK,Giannina,Super League Greece,Toumba Stadium,40.61389,22.9725
2024-01-14,19:45,Italy,Milan,Roma,Serie A,San Siro,45.47806,9.12389
2024-01-14,19:45,France,Lens,Paris SG,Ligue 1,Stade Bollaert-Delelis,50.43278,2.815
2024-01-14,20:30,Portugal,Porto,Sp Braga,Primeira Liga,Estádio do Dragão,41.1618,-8.5839
2024-01-15,17:00,Turkey,Galatasaray,Kayserispor,Super Lig,Rams Park,41.10278,28.99056
2024-01-15,19:30,France,Eldense,Zaragoza,Segunda Division,Stade Bollaert-Delelis,50.43278,2.815
2024-01-15,19:45,Italy,Atalanta,Frosinone,Serie A,Gewiss Stadium,45.70889,9.68083
2024-01-15,19:45,France,Auxerre,Bordeaux,Ligue 2,Stade Abbé Deschamps,47.7867528,3.5886639
2024-01-15,20:15,Portugal,Guimaraes,Arouca,Primeira Liga,Estádio D. Afonso Henriques,41.44583,-8.30111
2024-01-16,19:45,Italy,Juventus,Sassuolo,Serie A,Juventus Stadium,45.10944,7.64111
2024-01-18,18:45,Portugal,Famalicao,Sp Braga,Primeira Liga,Estádio Municipal de Famalicão,41.40139,-8.5225
2024-01-19,17:30,Germany,Holstein Kiel,Braunschweig,2. Bundesliga,Holstein-Stadion,54.34917,10.12361
2024-01-19,19:30,Turkey,Sampdoria,Parma,Serie B,Samsun 19 Mayıs Stadium,41.22778,36.4575
2024-01-19,19:45,Belgium,Gent,Mechelen,Belgian Pro League,Planet Group Arena,51.01611,3.73417
2024-01-19,20:00,Spain,Alaves,Cadiz,La Liga,Mendizorrotza,42.8371111,-2.6880444
2024-01-19,20:15,Portugal,Benfica,Boavista,Primeira Liga,Estádio da Luz,38.7527,-9.1847
2024-01-20,12:00,Germany,St Pauli,Kaiserslautern,2. Bundesliga,Millerntor-Stadion,53.554583,9.967667
2024-01-20,12:30,England,Arsenal,Crystal Palace,Premier League,Emirates Stadium,51.55667,-0.10611
2024-01-20,13:00,Spain,Vallecano,Las Palmas,La Liga,Vallecas,40.39194,-3.65889
2024-01-20,13:00,France,Brescia,Sudtirol,Serie B,Stade Francis-Le Blé,48.402932,-4.461694
2024-01-20,13:00,Netherlands,FeralpiSalo,Catanzaro,Serie B,Asito Stadion[3],52.33889,6.65056
2024-01-20,13:00,Italy,Spezia,Cremonese,Serie B,Stadio Pier Luigi Penzo,45.4277611,12.3637306
2024-01-20,13:00,Turkey,Alanyaspor,Rizespor,Super Lig,Alanya Oba Stadium,36.5626,32.0792
2024-01-20,14:30,Germany,Bochum,Stuttgart,Bundesliga,Vonovia Ruhrstadion,51.49,7.23667
2024-01-20,14:30,Germany,Freiburg,Hoffenheim,Bundesliga,Europa-Park Stadion,48.0216,7.8297
2024-01-20,14:30,Germany,Heidenheim,Wolfsburg,Bundesliga,Voith-Arena,48.66861,10.13944
2024-01-20,15:00,England,Bristol City,Watford,Championship,King Power Stadium,52.620277777778,-1.1422222222222
2024-01-20,15:00,Croatia,Norwich,West Brom,Championship,ŠRC Velika Gorica,45.724,16.0732
2024-01-20,15:00,Belgium,Genk,Cercle Brugge,Belgian Pro League,Cegeka Arena,51.005,5.53333
2024-01-20,15:15,Spain,Villarreal,Mallorca,La Liga,La Cerámica,39.94417,-0.10361
2024-01-20,15:15,Portugal,Amorebieta,Eldense,Segunda Division,Estádio Comendador Joaquim de Almeida Freitas,41.37806,-8.35472
2024-01-20,15:15,Portugal,Zaragoza,Andorra,Segunda Division,Estádio Municipal de Braga,41.5625,-8.43
2024-01-20,15:15,Italy,Cosenza,Venezia,Serie B,Stadio Brianteo,45.58278,9.30806
2024-01-20,15:15,Italy,Lecco,Pisa,Serie B,Stadio Via del mare,40.36528,18.20889
2024-01-20,15:15,Italy,Palermo,Modena,Serie B,Stadio Ennio Tardini,44.795,10.33833
2024-01-20,15:30,Portugal,Estoril,Arouca,Primeira Liga,Estádio António Coimbra da Mota,38.71583,-9.40639
2024-01-20,15:30,Greece,Lamia,Kifisia,Super League Greece,Lamia Municipal Stadium,38.91,22.43111
2024-01-20,16:00,Turkey,Ad. Demirspor,Ankaragucu,Super Lig,New Adana Stadium,37.06333,35.375
2024-01-20,17:00,Italy,Roma,Verona,Serie A,Stadio Olimpico,41.93389,12.45472
2024-01-20,17:15,Belgium,Standard,Kortrijk,Belgian Pro League,Stade Maurice Dufrasne,50.61,5.54333
2024-01-20,17:30,England,Brentford,Nott'm Forest,Premier League,Brentford Community Stadium,51.49083,-0.28861
2024-01-20,17:30,Spain,Valencia,Ath Bilbao,La Liga,Mestalla,39.47472,-0.35833
2024-01-20,17:30,Spain,Espanol,Villarreal B,Segunda Division,RCDE Stadium,41.34778,2.07556
2024-01-20,17:30,Germany,RB Leipzig,Leverkusen,Bundesliga,Red Bull Arena,51.34583,12.34833
2024-01-20,17:45,Netherlands,Heracles,Volendam,Eredivisie,Asito Stadion[3],52.33889,6.65056
2024-01-20,18:00,Portugal,Casa Pia,Farense,Primeira Liga,Estádio Municipal de Rio Maior[A],39.34444,-8.93528
2024-01-20,19:45,Italy,Udinese,Milan,Serie A,Stadio Friuli,46.0816,13.2001
2024-01-20,19:45,Belgium,Club Brugge,Westerlo,Belgian Pro League,Jan Breydel Stadium,51.19333,3.18056
2024-01-20,20:00,Spain,Celta,Sociedad,La Liga,Balaídos,42.2118,-8.7397
2024-01-20,20:30,Portugal,Porto,Moreirense,Primeira Liga,Estádio do Dragão,41.1618,-8.5839
2024-01-21,10:30,Turkey,Sivasspor,Gaziantep,Super Lig,BG Grup 4 Eylül Stadium,39.72833,36.98389
2024-01-21,11:15,Netherlands,Utrecht,PSV Eindhoven,Eredivisie,Stadion Galgenwaard,52.07833,5.14583
2024-01-21,12:30,Germany,Magdeburg,Wehen,2. Bundesliga,WWK Arena,48.32306,10.88611
2024-01-21,12:30,Belgium,Antwerp,Charleroi,Belgian Pro League,Bosuilstadion,51.2325,4.47222
2024-01-21,13:00,Spain,Osasuna,Getafe,La Liga,El Sadar,42.79667,-1.63694
2024-01-21,13:00,Denmark,Santander,Cartagena,Segunda Division,Cepheus Park Randers,56.46594,10.010262
2024-01-21,13:00,Turkey,Fenerbahce,Samsunspor,Super Lig,Ülker Stadium,40.98778,29.03694
2024-01-21,13:00,Turkey,Konyaspor,Antalyaspor,Super Lig,Konya Metropolitan Municipality Stadium,37.946,32.488
2024-01-21,13:30,Netherlands,Sparta Rotterdam,Go Ahead Eagles,Eredivisie,Spartastadion Het Kasteel,51.919485,4.433619
2024-01-21,14:00,England,Sheffield United,West Ham,Premier League,Old Trafford,53.463055555556,-2.2913888888889
2024-01-21,14:00,Italy,Empoli,Monza,Serie A,Stadio Carlo Castellani - Computer Gross Arena,43.72639,10.955
2024-01-21,14:00,Greece,Volos NFC,PAOK,Super League Greece,Panthessaliko Stadium,39.3875,22.93111
2024-01-21,14:30,Germany,Bayern Munich,Werder Bremen,Bundesliga,Allianz Arena,48.218775,11.624752777778
2024-01-21,15:15,Spain,Real Madrid,Almeria,La Liga,Santiago Bernabéu,40.45306,-3.68835
2024-01-21,15:15,Denmark,Mirandes,Levante,Segunda Division,Cepheus Park Randers,56.46594,10.010262
2024-01-21,15:15,Italy,Ascoli,Bari,Serie B,Stadio Diego Armando Maradona,40.828,14.193
2024-01-21,15:30,Greece,Atromitos,AEK,Super League Greece,Peristeri Stadium,38.00472,23.68972
2024-01-21,15:45,Netherlands,Ajax,Waalwijk,Eredivisie,Johan Cruyff Arena,52.31417,4.94194
2024-01-21,16:00,Turkey,Trabzonspor,Galatasaray,Super Lig,Papara Park,40.99917,39.64583
2024-01-21,16:30,England,Bournemouth,Liverpool,Premier League,Dean Court,50.73528,-1.83833
2024-01-21,17:30,Spain,Betis,Barcelona,La Liga,Benito Villamarín,37.35639,-5.98139
2024-01-21,17:30,Belgium,Oud-Heverlee Leuven,Anderlecht,Belgian Pro League,Den Dreef,50.86833,4.69417
2024-01-21,17:30,Greece,Panathinaikos,Asteras Tripolis,Super League Greece,Athens Olympic Stadium,38.03606806,23.7876
2024-01-21,18:00,Portugal,Chaves,Rio Ave,Primeira Liga,Estádio do CD Aves,41.366932,-8.411789
2024-01-21,18:30,Greece,Aris,Olympiakos,Super League Greece,Kleanthis Vikelidis Stadium,40.6,22.96944
2024-01-21,19:45,Italy,Lecce,Juventus,Serie A,Stadio Via del mare,40.36528,18.20889
2024-01-21,20:00,Spain,Girona,Sevilla,La Liga,Montilivi,41.96139,2.82861
2024-01-21,20:00,Belgium,Elche,Valladolid,Segunda Division,AFAS-stadion Achter de Kazerne,51.037184,4.486397
2024-01-21,20:30,Portugal,Guimaraes,Estrela,Primeira Liga,Estádio D. Afonso Henriques,41.44583,-8.30111
2024-01-22,17:00,Turkey,Kayserispor,Istanbulspor,Super Lig,RHG Enertürk Enerji Stadium,38.73722,35.42306
2024-01-22,19:30,Spain,Leganes,Burgos,Segunda Division,Municipal de Butarque,40.3404,-3.7607
2024-01-22,19:45,England,Brighton,Wolves,Premier League,Falmer Stadium,50.861822222222,-0.083277777777778
2024-01-22,20:00,England,Leicester,Ipswich,Championship,King Power Stadium,52.620277777778,-1.1422222222222
2024-01-22,20:00,Spain,Granada,Ath Madrid,La Liga,Montilivi,41.96139,2.82861
2024-01-23,14:00,Turkey,Hatayspor,Alanyaspor,Super Lig,Mersin Stadium[note 1],36.82056,34.53861
2024-01-23,17:00,Turkey,Besiktas,Ad. Demirspor,Super Lig,Tüpraş Stadium,41.03917,28.99472
2024-01-23,19:45,Portugal,Amiens,Annecy,Ligue 2,Estádio Comendador Joaquim de Almeida Freitas,41.37806,-8.35472
2024-01-23,19:45,France,Angers,Quevilly Rouen,Ligue 2,Stade Raymond Kopa,47.460458,-0.530741
2024-01-23,19:45,Portugal,Bastia,Caen,Ligue 2,Estádio do Bessa,41.16222,-8.64278
2024-01-23,19:45,Italy,Grenoble,Auxerre,Ligue 2,Stadio Luigi Ferraris,44.41639,8.9525
2024-01-23,19:45,Greece,Laval,Paris FC,Ligue 2,Lamia Municipal Stadium,38.91,22.43111
2024-01-24,14:00,Turkey,Gaziantep,Konyaspor,Super Lig,Gaziantep Stadium,37.12389,37.3825
2024-01-24,17:00,Turkey,Antalyaspor,Sivasspor,Super Lig,Corendon Airlines Park,36.888278,30.668444
2024-01-24,17:00,Turkey,Buyuksehyr,Fenerbahce,Super Lig,Başakşehir Fatih Terim Stadium,41.12278,28.80861
2024-01-24,17:45,Netherlands,Almere City,For Sittard,Eredivisie,Yanmar Stadion,52.3944,5.2405
2024-01-24,19:30,Germany,Bayern Munich,Union Berlin,Bundesliga,Allianz Arena,48.218775,11.624752777778
2024-01-25,14:00,Turkey,Samsunspor,Kayserispor,Super Lig,Samsun 19 Mayıs Stadium,41.22778,36.4575
2024-01-25,17:00,Turkey,Galatasaray,Istanbulspor,Super Lig,Rams Park,41.10278,28.99056
2024-01-25,17:00,Turkey,Rizespor,Trabzonspor,Super Lig,Rize City Stadium,41.04202,40.5733
2024-01-26,19:00,Netherlands,Zwolle,Vitesse,Eredivisie,MAC³PARK Stadion,52.51722,6.12083
2024-01-26,19:30,Germany,Ein Frankfurt,Mainz,Bundesliga,Deutsche Bank Park,50.068056,8.645806
2024-01-26,19:45,Italy,Cagliari,Torino,Serie A,Unipol Domus,39.2,9.1375
2024-01-26,19:45,Belgium,Cercle Brugge,Standard,Belgian Pro League,Jan Breydel Stadium,51.19333,3.18056
2024-01-26,20:00,Spain,Almeria,Alaves,La Liga,Mestalla,39.47472,-0.35833
2024-01-26,20:00,France,Lyon,Rennes,Ligue 1,Groupama Stadium,45.765224,4.982131
2024-01-27,12:00,Belgium,Wehen,Hertha,2. Bundesliga,AFAS-stadion Achter de Kazerne,51.037184,4.486397
2024-01-27,13:00,Spain,Sociedad,Vallecano,La Liga,Anoeta,43.30139,-1.97361
2024-01-27,13:00,Italy,Como,Ascoli,Serie B,Stadio Giuseppe Sinigaglia,45.81389,9.07222
2024-01-27,13:00,France,Cremonese,Brescia,Serie B,Roazhon Park,48.1075,-1.71278
2024-01-27,13:00,Italy,Modena,Parma,Serie B,Stadio Brianteo,45.58278,9.30806
2024-01-27,13:00,Austria,Sudtirol,Cosenza,Serie B,Tivoli Stadion Tirol,47.25583,11.41083
2024-01-27,13:00,Italy,Venezia,Ternana,Serie B,Stadio Pier Luigi Penzo,45.4277611,12.3637306
2024-01-27,13:00,Turkey,Alanyaspor,Pendikspor,Super Lig,Alanya Oba Stadium,36.5626,32.0792
2024-01-27,14:00,Italy,Atalanta,Udinese,Serie A,Gewiss Stadium,45.70889,9.68083
2024-01-27,14:00,France,St Etienne,Amiens,Ligue 2,Stade Geoffroy Guichard,45.46083,4.39028
2024-01-27,14:30,Germany,Augsburg,Bayern Munich,Bundesliga,WWK Arena,48.32306,10.88611
2024-01-27,14:30,Germany,Hoffenheim,Heidenheim,Bundesliga,PreZero Arena,49.23806,8.8875
2024-01-27,14:30,Germany,Stuttgart,RB Leipzig,Bundesliga,MHPArena,48.79222,9.23194
2024-01-27,14:30,Germany,Werder Bremen,Freiburg,Bundesliga,Weserstadion,53.06639,8.8375
2024-01-27,14:30,Germany,Wolfsburg,FC Koln,Bundesliga,Volkswagen Arena,52.43278,10.80389
2024-01-27,15:00,Belgium,Kortrijk,Oud-Heverlee Leuven,Belgian Pro League,Guldensporen Stadion,50.830432,3.248906
2024-01-27,15:15,Spain,Las Palmas,Real Madrid,La Liga,Gran Canaria,28.10028,-15.45667
2024-01-27,15:15,Spain,Alcorcon,Zaragoza,Segunda Division,Mallorca Son Moix,39.59,2.63
2024-01-27,15:15,England,Cartagena,Amorebieta,Segunda Division,Emirates Stadium,51.55667,-0.10611
2024-01-27,15:15,Greece,Bari,Reggiana,Serie B,Kleanthis Vikelidis Stadium,40.6,22.96944
2024-01-27,15:15,Netherlands,FeralpiSalo,Lecco,Serie B,Asito Stadion[3],52.33889,6.65056
2024-01-27,15:30,Greece,Panetolikos,Lamia,Super League Greece,Panetolikos Stadium,38.63,21.41167
2024-01-27,16:00,France,Nice,Metz,Ligue 1,Allianz Riviera,43.70528,7.1925
2024-01-27,16:00,Turkey,Ad. Demirspor,Hatayspor,Super Lig,New Adana Stadium,37.06333,35.375
2024-01-27,17:00,Italy,Juventus,Empoli,Serie A,Juventus Stadium,45.10944,7.64111
2024-01-27,17:30,Spain,Barcelona,Villarreal,La Liga,Olímpic Lluís Companys,41.36472,2.15556
2024-01-27,17:30,Germany,Leverkusen,M'gladbach,Bundesliga,BayArena,51.03833,7.00222
2024-01-27,17:30,Greece,Panserraikos,Volos NFC,Super League Greece,Serres Municipal Stadium,41.0847,23.5466
2024-01-27,17:45,Netherlands,PSV Eindhoven,Almere City,Eredivisie,Philips Stadion,51.44167,5.4675
2024-01-27,17:45,Netherlands,Waalwijk,Sparta Rotterdam,Eredivisie,Mandemakers Stadion,51.68694,5.08861
2024-01-27,18:00,Netherlands,Annecy,Pau FC,Ligue 2,Goffertstadion,51.8225,5.83667
2024-01-27,18:00,France,Auxerre,Guingamp,Ligue 2,Stade Abbé Deschamps,47.7867528,3.5886639
2024-01-27,18:00,Greece,Paris FC,Dunkerque,Ligue 2,Kleanthis Vikelidis Stadium,40.6,22.96944
2024-01-27,18:00,Spain,Valenciennes,Bastia,Ligue 2,Mestalla,39.47472,-0.35833
2024-01-27,19:30,Netherlands,Fortuna Dusseldorf,St Pauli,2. Bundesliga,Fortuna Sittard Stadion,50.992069,5.843675
2024-01-27,19:45,Italy,Milan,Bologna,Serie A,San Siro,45.47806,9.12389
2024-01-27,19:45,Belgium,Charleroi,Club Brugge,Belgian Pro League,Stade du Pays de Charleroi,50.414609,4.453787
2024-01-27,19:45,Belgium,Gent,Westerlo,Belgian Pro League,Planet Group Arena,51.01611,3.73417
2024-01-27,20:00,Spain,Mallorca,Betis,La Liga,Mallorca Son Moix,39.59,2.63
2024-01-27,20:00,Spain,Levante,Tenerife,Segunda Division,Municipal de Butarque,40.3404,-3.7607
2024-01-27,20:00,France,Marseille,Monaco,Ligue 1,Orange Vélodrome,43.26972,5.39583
2024-01-27,20:00,Netherlands,Heracles,Ajax,Eredivisie,Asito Stadion[3],52.33889,6.65056
2024-01-28,10:30,Turkey,Konyaspor,Buyuksehyr,Super Lig,Konya Metropolitan Municipality Stadium,37.946,32.488
2024-01-28,11:15,Netherlands,Heerenveen,AZ Alkmaar,Eredivisie,Abe Lenstra Stadion,52.95861,5.93611
2024-01-28,11:30,Italy,Genoa,Lecce,Serie A,Stadio Luigi Ferraris,44.41639,8.9525
2024-01-28,12:00,France,Montpellier,Lille,Ligue 1,Stade de la Mosson,43.62222,3.81194
2024-01-28,12:30,Belgium,St Truiden,Genk,Belgian Pro League,Stayen,50.813474,5.166256
2024-01-28,13:00,Spain,Celta,Girona,La Liga,Balaídos,42.2118,-8.7397
2024-01-28,13:00,France,Eldense,Espanol,Segunda Division,Stade Bollaert-Delelis,50.43278,2.815
2024-01-28,13:00,Turkey,Sivasspor,Besiktas,Super Lig,BG Grup 4 Eylül Stadium,39.72833,36.98389
2024-01-28,13:30,Netherlands,Feyenoord,Twente,Eredivisie,De Kuip,51.89389,4.52306
2024-01-28,13:30,Netherlands,Go Ahead Eagles,Nijmegen,Eredivisie,De Adelaarshorst,52.260416,6.172578
2024-01-28,14:00,Italy,Monza,Sassuolo,Serie A,Stadio Brianteo,45.58278,9.30806
2024-01-28,14:00,Italy,Verona,Frosinone,Serie A,Stadio Marcantonio Bentegodi,45.43528,10.96861
2024-01-28,14:00,France,Reims,Nantes,Ligue 1,Stade Auguste Delaune,49.24667,4.025
2024-01-28,14:30,Germany,Union Berlin,Darmstadt,Bundesliga,Stadion An der Alten Försterei,52.45722,13.56806
2024-01-28,15:15,Spain,Villarreal B,Huesca,Segunda Division,La Cerámica,39.94417,-0.10361
2024-01-28,15:30,Portugal,Boavista,Portimonense,Primeira Liga,Estádio do Bessa,41.16222,-8.64278
2024-01-28,15:30,Portugal,Moreirense,Famalicao,Primeira Liga,Estádio Comendador Joaquim de Almeida Freitas,41.37806,-8.35472
2024-01-28,15:30,Greece,Asteras Tripolis,Atromitos,Super League Greece,Theodoros Kolokotronis Stadium,37.5025,22.38861
2024-01-28,16:00,Turkey,Fenerbahce,Ankaragucu,Super Lig,Ülker Stadium,40.98778,29.03694
2024-01-28,16:05,France,Toulouse,Lens,Ligue 1,Stadium de Toulouse,43.58306,1.43417
2024-01-28,16:30,Germany,Dortmund,Bochum,Bundesliga,Signal Iduna Park,51.4925,7.45167
2024-01-28,17:00,Italy,Lazio,Napoli,Serie A,Stadio Olimpico,41.93389,12.45472
2024-01-28,17:30,Spain,Sevilla,Osasuna,La Liga,Ramón Sánchez-Pizjuán,37.384,-5.9705
2024-01-28,17:30,Belgium,Anderlecht,St. Gilloise,Belgian Pro League,Lotto Park,50.83417,4.29833
2024-01-28,17:30,Greece,Olympiakos,Giannina,Super League Greece,Karaiskakis Stadium,37.94611,23.66444
2024-01-28,18:00,Portugal,Farense,Porto,Primeira Liga,Estádio de São Luís,37.022861,-7.928444
2024-01-28,18:15,Belgium,Mechelen,RWD Molenbeek,Belgian Pro League,AFAS-stadion Achter de Kazerne,51.037184,4.486397
2024-01-28,18:30,Greece,PAOK,Panathinaikos,Super League Greece,Toumba Stadium,40.61389,22.9725
2024-01-28,19:45,Italy,Fiorentina,Inter,Serie A,Stadio Artemio Franchi,43.78083,11.28222
2024-01-28,19:45,France,Paris SG,Brest,Ligue 1,Parc des Princes,48.84138888888889,2.2530555555555556
2024-01-28,20:00,Spain,Ath Madrid,Valencia,La Liga,Santiago Bernabéu,40.45306,-3.68835
2024-01-28,20:30,Portugal,Arouca,Vizela,Primeira Liga,Estádio Municipal de Arouca,40.933,-8.2503
2024-01-28,20:30,Portugal,Gil Vicente,Guimaraes,Primeira Liga,Estádio Cidade de Barcelos,41.551,-8.623
2024-01-29,14:00,Turkey,Istanbulspor,Samsunspor,Super Lig,Samsun 19 Mayıs Stadium,41.22778,36.4575
2024-01-29,14:00,Turkey,Kayserispor,Antalyaspor,Super Lig,RHG Enertürk Enerji Stadium,38.73722,35.42306
2024-01-29,17:00,Turkey,Galatasaray,Gaziantep,Super Lig,Rams Park,41.10278,28.99056
2024-01-29,17:00,Turkey,Trabzonspor,Kasimpasa,Super Lig,Papara Park,40.99917,39.64583
2024-01-29,18:45,Portugal,Estrela,Benfica,Primeira Liga,Estádio José Gomes,38.75194,-9.22806
2024-01-29,19:30,Spain,Valladolid,Santander,Segunda Division,José Zorrilla,41.64444,-4.76111
2024-01-29,20:00,Spain,Getafe,Granada,La Liga,Coliseum,40.32556,-3.71472
2024-01-30,19:30,England,Nott'm Forest,Arsenal,Premier League,City Ground,52.94,-1.13278
2024-01-30,19:30,Belgium,Club Brugge,Kortrijk,Belgian Pro League,Jan Breydel Stadium,51.19333,3.18056
2024-01-30,19:30,Belgium,Westerlo,Cercle Brugge,Belgian Pro League,Het Kuipje,51.094817,4.928806
2024-01-30,19:45,England,Fulham,Everton,Premier League,Craven Cottage,51.475,-0.22166666666667
2024-01-30,19:45,England,Leicester,Swansea,Championship,King Power Stadium,52.620277777778,-1.1422222222222
2024-01-30,20:00,England,Crystal Palace,Sheffield United,Premier League,Selhurst Park,51.39833,-0.08556
2024-01-30,20:15,England,Aston Villa,Newcastle,Premier League,Villa Park,52.509166666667,-1.8847222222222
2024-01-31,17:45,Belgium,Charleroi,Eupen,Belgian Pro League,Stade du Pays de Charleroi,50.414609,4.453787
2024-01-31,17:45,Belgium,Oud-Heverlee Leuven,Genk,Belgian Pro League,Den Dreef,50.86833,4.69417
2024-01-31,18:00,Spain,Barcelona,Osasuna,La Liga,Olímpic Lluís Companys,41.36472,2.15556
2024-01-31,18:45,Portugal,Rio Ave,Estoril,Primeira Liga,Estádio dos Arcos,41.36278,-8.74028
2024-01-31,19:30,England,Man City,Burnley,Premier League,City of Manchester Stadium,53.483055555556,-2.2002777777778
2024-01-31,19:30,England,Tottenham,Brentford,Premier League,Tottenham Hotspur Stadium,51.6044,-0.0664
2024-01-31,20:00,Spain,Ath Madrid,Vallecano,La Liga,Santiago Bernabéu,40.45306,-3.68835
2024-01-31,20:00,Belgium,Standard,Antwerp,Belgian Pro League,Stade Maurice Dufrasne,50.61,5.54333
2024-01-31,20:15,England,Liverpool,Chelsea,Premier League,Anfield,53.4308,-2.9608
2024-01-31,20:45,Portugal,Sp Braga,Chaves,Primeira Liga,Estádio Municipal de Braga,41.5625,-8.43
2024-02-01,19:30,England,West Ham,Bournemouth,Premier League,London Stadium,51.5386,-0.0164
2024-02-01,19:30,Belgium,Mechelen,Anderlecht,Belgian Pro League,AFAS-stadion Achter de Kazerne,51.037184,4.486397
2024-02-01,19:30,Belgium,St Truiden,Gent,Belgian Pro League,Stayen,50.813474,5.166256
2024-02-01,20:00,Spain,Getafe,Real Madrid,La Liga,Coliseum,40.32556,-3.71472
2024-02-01,20:15,England,Wolves,Man United,Premier League,Molineux Stadium,52.59028,-2.13028
2024-02-02,14:00,Turkey,Hatayspor,Karagumruk,Super Lig,Mersin Stadium[note 1],36.82056,34.53861
2024-02-02,17:00,Turkey,Samsunspor,Galatasaray,Super Lig,Samsun 19 Mayıs Stadium,41.22778,36.4575
2024-02-02,17:30,Germany,Magdeburg,Holstein Kiel,2. Bundesliga,WWK Arena,48.32306,10.88611
2024-02-02,19:00,Netherlands,Almere City,Excelsior,Eredivisie,Yanmar Stadion,52.3944,5.2405
2024-02-02,19:30,Belgium,Elche,Burgos,Segunda Division,AFAS-stadion Achter de Kazerne,51.037184,4.486397
2024-02-02,19:30,Germany,Heidenheim,Dortmund,Bundesliga,Voith-Arena,48.66861,10.13944
2024-02-02,19:30,Italy,Palermo,Bari,Serie B,Stadio Ennio Tardini,44.795,10.33833
2024-02-02,19:45,Italy,Lecce,Fiorentina,Serie A,Stadio Via del mare,40.36528,18.20889
2024-02-02,20:00,England,Bristol City,Leeds,Championship,King Power Stadium,52.620277777778,-1.1422222222222
2024-02-02,20:00,Spain,Ath Bilbao,Mallorca,La Liga,San Mamés,43.2643,-2.9504
2024-02-02,20:00,France,Strasbourg,Paris SG,Ligue 1,Stade de la Meinau,48.56,7.755
2024-02-03,10:30,Turkey,Rizespor,Konyaspor,Super Lig,Rize City Stadium,41.04202,40.5733
2024-02-03,12:00,Germany,St Pauli,Greuther Furth,2. Bundesliga,Millerntor-Stadion,53.554583,9.967667
2024-02-03,12:30,England,Everton,Tottenham,Premier League,Goodison Park,53.438888888889,-2.9663888888889
2024-02-03,13:00,Spain,Valencia,Almeria,La Liga,Mestalla,39.47472,-0.35833
2024-02-03,13:00,France,Brescia,Cittadella,Serie B,Stade Francis-Le Blé,48.402932,-4.461694
2024-02-03,13:00,Italy,Cosenza,Pisa,Serie B,Stadio Brianteo,45.58278,9.30806
2024-02-03,13:00,Italy,Parma,Venezia,Serie B,Stadio Ennio Tardini,44.795,10.33833
2024-02-03,13:00,Italy,Spezia,Catanzaro,Serie B,Stadio Pier Luigi Penzo,45.4277611,12.3637306
2024-02-03,13:00,Turkey,Buyuksehyr,Istanbulspor,Super Lig,Başakşehir Fatih Terim Stadium,41.12278,28.80861
2024-02-03,14:00,Italy,Empoli,Genoa,Serie A,Stadio Carlo Castellani - Computer Gross Arena,43.72639,10.955
2024-02-03,14:00,Italy,Udinese,Monza,Serie A,Stadio Friuli,46.0816,13.2001
2024-02-03,14:30,Germany,Bayern Munich,M'gladbach,Bundesliga,Allianz Arena,48.218775,11.624752777778
2024-02-03,14:30,Germany,Bochum,Augsburg,Bundesliga,Vonovia Ruhrstadion,51.49,7.23667
2024-02-03,14:30,Germany,Freiburg,Stuttgart,Bundesliga,Europa-Park Stadion,48.0216,7.8297
2024-02-03,14:30,Germany,Mainz,Werder Bremen,Bundesliga,Mewa Arena,49.98417,8.22417
2024-02-03,15:00,England,Brighton,Crystal Palace,Premier League,Falmer Stadium,50.861822222222,-0.083277777777778
2024-02-03,15:00,England,Newcastle,Luton,Premier League,St James' Park,54.975555555556,-1.6216666666667
2024-02-03,15:00,Croatia,Norwich,Coventry,Championship,ŠRC Velika Gorica,45.724,16.0732
2024-02-03,15:00,Portugal,Preston,Ipswich,Championship,Estádio do Dragão,41.1618,-8.5839
2024-02-03,15:00,England,Watford,Cardiff,Championship,Brentford Community Stadium,51.49083,-0.28861
2024-02-03,15:00,Belgium,West Brom,Birmingham,Championship,Het Kuipje,51.094817,4.928806
2024-02-03,15:15,Spain,Granada,Las Palmas,La Liga,Montilivi,41.96139,2.82861
2024-02-03,15:15,Denmark,Mirandes,Villarreal B,Segunda Division,Cepheus Park Randers,56.46594,10.010262
2024-02-03,15:15,Italy,Lecco,Cremonese,Serie B,Stadio Via del mare,40.36528,18.20889
2024-02-03,15:15,Turkey,Sampdoria,Modena,Serie B,Samsun 19 Mayıs Stadium,41.22778,36.4575
2024-02-03,15:30,Netherlands,Twente,Waalwijk,Eredivisie,De Grolsch Veste,52.23667,6.8375
2024-02-03,15:30,Greece,Volos NFC,Panetolikos,Super League Greece,Panthessaliko Stadium,39.3875,22.93111
2024-02-03,16:00,France,Rennes,Montpellier,Ligue 1,Roazhon Park,48.1075,-1.71278
2024-02-03,16:00,Turkey,Antalyaspor,Fenerbahce,Super Lig,Corendon Airlines Park,36.888278,30.668444
2024-02-03,16:00,Turkey,Gaziantep,Kayserispor,Super Lig,Gaziantep Stadium,37.12389,37.3825
2024-02-03,17:15,Belgium,Kortrijk,Charleroi,Belgian Pro League,Guldensporen Stadion,50.830432,3.248906
2024-02-03,17:15,Belgium,Westerlo,Oud-Heverlee Leuven,Belgian Pro League,Het Kuipje,51.094817,4.928806
2024-02-03,17:30,England,Sheffield United,Aston Villa,Premier League,Old Trafford,53.463055555556,-2.2913888888889
2024-02-03,17:30,Spain,Alaves,Barcelona,La Liga,Mendizorrotza,42.8371111,-2.6880444
2024-02-03,17:30,Spain,Leganes,Valladolid,Segunda Division,Municipal de Butarque,40.3404,-3.7607
2024-02-03,17:30,Greece,Panserraikos,Aris,Super League Greece,Serres Municipal Stadium,41.0847,23.5466
2024-02-03,17:45,Netherlands,For Sittard,Heerenveen,Eredivisie,Fortuna Sittard Stadion,50.992069,5.843675
2024-02-03,18:00,Portugal,Amiens,Paris FC,Ligue 2,Estádio Comendador Joaquim de Almeida Freitas,41.37806,-8.35472
2024-02-03,18:00,France,Angers,Rodez,Ligue 2,Stade Raymond Kopa,47.460458,-0.530741
2024-02-03,18:00,Italy,Grenoble,Caen,Ligue 2,Stadio Luigi Ferraris,44.41639,8.9525
2024-02-03,18:00,Greece,Laval,Quevilly Rouen,Ligue 2,Lamia Municipal Stadium,38.91,22.43111
2024-02-03,19:00,Netherlands,Ajax,PSV Eindhoven,Eredivisie,Johan Cruyff Arena,52.31417,4.94194
2024-02-03,19:45,Italy,Bologna,Sassuolo,Serie A,Stadio Renato Dall'Ara,44.49222,11.30972
2024-02-03,19:45,Belgium,Genk,St. Gilloise,Belgian Pro League,Cegeka Arena,51.005,5.53333
2024-02-03,20:00,Spain,Girona,Sociedad,La Liga,Montilivi,41.96139,2.82861
2024-02-03,20:00,France,Nantes,Lens,Ligue 1,Stade de la Beaujoire,47.256,-1.525
2024-02-03,20:30,Portugal,Porto,Rio Ave,Primeira Liga,Estádio do Dragão,41.1618,-8.5839
2024-02-04,11:30,Italy,Torino,Salernitana,Serie A,Stadio Olimpico Grande Torino,45.04167,7.65
2024-02-04,12:00,France,Monaco,Le Havre,Ligue 1,Stade Louis II,43.7275,7.41556
2024-02-04,12:30,Belgium,Antwerp,Club Brugge,Belgian Pro League,Bosuilstadion,51.2325,4.47222
2024-02-04,13:00,Spain,Villarreal,Cadiz,La Liga,La Cerámica,39.94417,-0.10361
2024-02-04,13:30,Netherlands,Utrecht,Volendam,Eredivisie,Stadion Galgenwaard,52.07833,5.14583
2024-02-04,14:00,England,Bournemouth,Nott'm Forest,Premier League,Dean Court,50.73528,-1.83833
2024-02-04,14:00,England,Chelsea,Wolves,Premier League,Stamford Bridge,51.481666666667,-0.19111111111111
2024-02-04,14:00,England,Man United,West Ham,Premier League,Old Trafford,53.463055555556,-2.2913888888889
2024-02-04,14:00,Italy,Napoli,Verona,Serie A,Stadio Diego Armando Maradona,40.828,14.193
2024-02-04,14:00,France,Lille,Clermont,Ligue 1,Decathlon Arena Pierre Mauroy Stadium,50.6119,3.1304
2024-02-04,14:00,France,Reims,Toulouse,Ligue 1,Stade Auguste Delaune,49.24667,4.025
2024-02-04,14:30,Germany,Wolfsburg,Hoffenheim,Bundesliga,Volkswagen Arena,52.43278,10.80389
2024-02-04,15:15,Spain,Osasuna,Celta,La Liga,El Sadar,42.79667,-1.63694
2024-02-04,15:15,Portugal,Amorebieta,Santander,Segunda Division,Estádio Comendador Joaquim de Almeida Freitas,41.37806,-8.35472
2024-02-04,15:15,Italy,Ascoli,Sudtirol,Serie B,Stadio Diego Armando Maradona,40.828,14.193
2024-02-04,15:30,Portugal,Chaves,Farense,Primeira Liga,Estádio do CD Aves,41.366932,-8.411789
2024-02-04,15:45,Netherlands,Sparta Rotterdam,Zwolle,Eredivisie,Spartastadion Het Kasteel,51.919485,4.433619
2024-02-04,16:00,Turkey,Besiktas,Trabzonspor,Super Lig,Tüpraş Stadium,41.03917,28.99472
2024-02-04,16:05,France,Brest,Nice,Ligue 1,Stade Francis-Le Blé,48.402932,-4.461694
2024-02-04,16:30,England,Arsenal,Liverpool,Premier League,Emirates Stadium,51.55667,-0.10611
2024-02-04,16:30,Germany,RB Leipzig,Union Berlin,Bundesliga,Red Bull Arena,51.34583,12.34833
2024-02-04,17:00,Italy,Atalanta,Lazio,Serie A,Gewiss Stadium,45.70889,9.68083
2024-02-04,17:30,Spain,Betis,Getafe,La Liga,Benito Villamarín,37.35639,-5.98139
2024-02-04,17:30,Spain,Espanol,Levante,Segunda Division,RCDE Stadium,41.34778,2.07556
2024-02-04,17:30,Belgium,Anderlecht,Gent,Belgian Pro League,Lotto Park,50.83417,4.29833
2024-02-04,18:00,Portugal,Benfica,Gil Vicente,Primeira Liga,Estádio da Luz,38.7527,-9.1847
2024-02-04,18:00,Portugal,Estoril,Estrela,Primeira Liga,Estádio António Coimbra da Mota,38.71583,-9.40639
2024-02-04,18:15,Belgium,Cercle Brugge,St Truiden,Belgian Pro League,Jan Breydel Stadium,51.19333,3.18056
2024-02-04,18:30,Greece,Atromitos,PAOK,Super League Greece,Peristeri Stadium,38.00472,23.68972
2024-02-04,19:00,Greece,Panathinaikos,Olympiakos,Super League Greece,Athens Olympic Stadium,38.03606806,23.7876
2024-02-04,19:45,France,Lyon,Marseille,Ligue 1,Groupama Stadium,45.765224,4.982131
2024-02-04,20:00,Spain,Real Madrid,Ath Madrid,La Liga,Santiago Bernabéu,40.45306,-3.68835
2024-02-04,20:30,Portugal,Sp Braga,Moreirense,Primeira Liga,Estádio Municipal de Braga,41.5625,-8.43
2024-02-05,19:30,Portugal,Zaragoza,Sp Gijon,Segunda Division,Estádio Municipal de Braga,41.5625,-8.43
2024-02-05,19:45,Italy,Roma,Cagliari,Serie A,Stadio Olimpico,41.93389,12.45472
2024-02-05,19:45,Portugal,Bastia,Ajaccio,Ligue 2,Estádio do Bessa,41.16222,-8.64278
2024-02-05,20:00,England,Brentford,Man City,Premier League,Brentford Community Stadium,51.49083,-0.28861
2024-02-05,20:00,Spain,Vallecano,Sevilla,La Liga,Vallecas,40.39194,-3.65889
2024-02-05,20:15,Portugal,Casa Pia,Boavista,Primeira Liga,Estádio Municipal de Rio Maior[A],39.34444,-8.93528
2024-02-07,17:30,Germany,Mainz,Union Berlin,Bundesliga,Mewa Arena,49.98417,8.22417
2024-02-09,17:00,Turkey,Ad. Demirspor,Kasimpasa,Super Lig,New Adana Stadium,37.06333,35.375
2024-02-09,17:30,Belgium,Wehen,Nurnberg,2. Bundesliga,AFAS-stadion Achter de Kazerne,51.037184,4.486397
2024-02-09,19:00,Netherlands,Waalwijk,Nijmegen,Eredivisie,Mandemakers Stadion,51.68694,5.08861
2024-02-09,19:30,Spain,Levante,Leganes,Segunda Division,Municipal de Butarque,40.3404,-3.7607
2024-02-09,19:30,Germany,Dortmund,Freiburg,Bundesliga,Signal Iduna Park,51.4925,7.45167
2024-02-09,19:30,Italy,Como,Brescia,Serie B,Stadio Giuseppe Sinigaglia,45.81389,9.07222
2024-02-09,19:45,Belgium,St Truiden,Kortrijk,Belgian Pro League,Stayen,50.813474,5.166256
2024-02-09,20:00,France,Marseille,Metz,Ligue 1,Orange Vélodrome,43.26972,5.39583
2024-02-09,20:15,Portugal,Estrela,Portimonense,Primeira Liga,Estádio José Gomes,38.75194,-9.22806
2024-02-10,12:00,Netherlands,Fortuna Dusseldorf,Elversberg,2. Bundesliga,Fortuna Sittard Stadion,50.992069,5.843675
2024-02-10,12:00,Germany,Magdeburg,St Pauli,2. Bundesliga,WWK Arena,48.32306,10.88611
2024-02-10,12:30,England,Man City,Everton,Premier League,City of Manchester Stadium,53.483055555556,-2.2002777777778
2024-02-10,12:30,England,Ipswich,West Brom,Championship,Portman Road,52.055,1.14528
2024-02-10,13:00,Spain,Alaves,Villarreal,La Liga,Mendizorrotza,42.8371111,-2.6880444
2024-02-10,13:00,France,Cremonese,Reggiana,Serie B,Roazhon Park,48.1075,-1.71278
2024-02-10,13:00,Netherlands,FeralpiSalo,Palermo,Serie B,Asito Stadion[3],52.33889,6.65056
2024-02-10,13:00,Italy,Modena,Cosenza,Serie B,Stadio Brianteo,45.58278,9.30806
2024-02-10,13:00,Austria,Sudtirol,Venezia,Serie B,Tivoli Stadion Tirol,47.25583,11.41083
2024-02-10,14:00,Italy,Cagliari,Lazio,Serie A,Unipol Domus,39.2,9.1375
2024-02-10,14:00,France,Auxerre,Angers,Ligue 2,Stade Abbé Deschamps,47.7867528,3.5886639
2024-02-10,14:30,Germany,Augsburg,RB Leipzig,Bundesliga,WWK Arena,48.32306,10.88611
2024-02-10,14:30,Germany,Ein Frankfurt,Bochum,Bundesliga,Deutsche Bank Park,50.068056,8.645806
2024-02-10,14:30,Germany,Union Berlin,Wolfsburg,Bundesliga,Stadion An der Alten Försterei,52.45722,13.56806
2024-02-10,14:30,Germany,Werder Bremen,Heidenheim,Bundesliga,Weserstadion,53.06639,8.8375
2024-02-10,15:00,England,Fulham,Bournemouth,Premier League,Craven Cottage,51.475,-0.22166666666667
2024-02-10,15:00,England,Liverpool,Burnley,Premier League,Anfield,53.4308,-2.9608
2024-02-10,15:00,England,Tottenham,Brighton,Premier League,Tottenham Hotspur Stadium,51.6044,-0.0664
2024-02-10,15:00,England,Wolves,Brentford,Premier League,Molineux Stadium,52.59028,-2.13028
2024-02-10,15:00,England,Southampton,Huddersfield,Championship,St Mary's Stadium,50.90583,-1.39111
2024-02-10,15:00,England,Watford,Leicester,Championship,Brentford Community Stadium,51.49083,-0.28861
2024-02-10,15:00,Belgium,Standard,Oud-Heverlee Leuven,Belgian Pro League,Stade Maurice Dufrasne,50.61,5.54333
2024-02-10,15:15,Spain,Sociedad,Osasuna,La Liga,Anoeta,43.30139,-1.97361
2024-02-10,15:15,Portugal,Amorebieta,Elche,Segunda Division,Estádio Comendador Joaquim de Almeida Freitas,41.37806,-8.35472
2024-02-10,15:15,France,Eldense,Huesca,Segunda Division,Stade Bollaert-Delelis,50.43278,2.815
2024-02-10,15:15,Greece,Bari,Lecco,Serie B,Kleanthis Vikelidis Stadium,40.6,22.96944
2024-02-10,15:30,Portugal,Farense,Famalicao,Primeira Liga,Estádio de São Luís,37.022861,-7.928444
2024-02-10,15:30,Greece,Olympiakos,OFI Crete,Super League Greece,Karaiskakis Stadium,37.94611,23.66444
2024-02-10,16:00,France,Lens,Strasbourg,Ligue 1,Stade Bollaert-Delelis,50.43278,2.815
2024-02-10,16:00,Turkey,Galatasaray,Buyuksehyr,Super Lig,Rams Park,41.10278,28.99056
2024-02-10,17:00,Italy,Roma,Inter,Serie A,Stadio Olimpico,41.93389,12.45472
2024-02-10,17:30,England,Nott'm Forest,Newcastle,Premier League,City Ground,52.94,-1.13278
2024-02-10,17:30,Spain,Real Madrid,Girona,La Liga,Santiago Bernabéu,40.45306,-3.68835
2024-02-10,17:30,Germany,Leverkusen,Bayern Munich,Bundesliga,BayArena,51.03833,7.00222
2024-02-10,17:30,Greece,Panetolikos,Atromitos,Super League Greece,Panetolikos Stadium,38.63,21.41167
2024-02-10,18:00,Netherlands,Annecy,Concarneau,Ligue 2,Goffertstadion,51.8225,5.83667
2024-02-10,18:00,Greece,Paris FC,Pau FC,Ligue 2,Kleanthis Vikelidis Stadium,40.6,22.96944
2024-02-10,18:00,Spain,Valenciennes,Laval,Ligue 2,Mestalla,39.47472,-0.35833
2024-02-10,18:00,Portugal,Moreirense,Chaves,Primeira Liga,Estádio Comendador Joaquim de Almeida Freitas,41.37806,-8.35472
2024-02-10,19:00,Netherlands,Almere City,AZ Alkmaar,Eredivisie,Yanmar Stadion,52.3944,5.2405
2024-02-10,19:45,Belgium,Club Brugge,Eupen,Belgian Pro League,Jan Breydel Stadium,51.19333,3.18056
2024-02-10,20:00,Spain,Las Palmas,Valencia,La Liga,Gran Canaria,28.10028,-15.45667
2024-02-10,20:00,Denmark,Santander,Espanol,Segunda Division,Cepheus Park Randers,56.46594,10.010262
2024-02-10,20:00,France,Paris SG,Lille,Ligue 1,Parc des Princes,48.84138888888889,2.2530555555555556
2024-02-10,20:00,Netherlands,Heracles,Vitesse,Eredivisie,Asito Stadion[3],52.33889,6.65056
2024-02-10,20:30,Portugal,Boavista,Estoril,Primeira Liga,Estádio do Bessa,41.16222,-8.64278
2024-02-11,10:30,Turkey,Sivasspor,Rizespor,Super Lig,BG Grup 4 Eylül Stadium,39.72833,36.98389
2024-02-11,11:15,Netherlands,Go Ahead Eagles,Zwolle,Eredivisie,De Adelaarshorst,52.260416,6.172578
2024-02-11,11:30,Italy,Fiorentina,Frosinone,Serie A,Stadio Artemio Franchi,43.78083,11.28222
2024-02-11,12:00,France,Le Havre,Rennes,Ligue 1,Stade Océane,49.49889,0.16972
2024-02-11,12:30,Germany,Holstein Kiel,Schalke 04,2. Bundesliga,Holstein-Stadion,54.34917,10.12361
2024-02-11,13:00,Spain,Getafe,Celta,La Liga,Coliseum,40.32556,-3.71472
2024-02-11,13:00,Spain,Villarreal B,Tenerife,Segunda Division,La Cerámica,39.94417,-0.10361
2024-02-11,13:00,Turkey,Istanbulspor,Gaziantep,Super Lig,Samsun 19 Mayıs Stadium,41.22778,36.4575
2024-02-11,13:00,Turkey,Konyaspor,Ankaragucu,Super Lig,Konya Metropolitan Municipality Stadium,37.946,32.488
2024-02-11,13:30,Netherlands,Heerenveen,Ajax,Eredivisie,Abe Lenstra Stadion,52.95861,5.93611
2024-02-11,13:30,Netherlands,Utrecht,For Sittard,Eredivisie,Stadion Galgenwaard,52.07833,5.14583
2024-02-11,14:00,England,West Ham,Arsenal,Premier League,London Stadium,51.5386,-0.0164
2024-02-11,14:00,Italy,Bologna,Lecce,Serie A,Stadio Renato Dall'Ara,44.49222,11.30972
2024-02-11,14:00,Italy,Monza,Verona,Serie A,Stadio Brianteo,45.58278,9.30806
2024-02-11,14:00,France,Toulouse,Nantes,Ligue 1,Stadium de Toulouse,43.58306,1.43417
2024-02-11,14:30,Germany,Stuttgart,Mainz,Bundesliga,MHPArena,48.79222,9.23194
2024-02-11,15:00,Belgium,Mechelen,Genk,Belgian Pro League,AFAS-stadion Achter de Kazerne,51.037184,4.486397
2024-02-11,15:00,Greece,Panserraikos,Panathinaikos,Super League Greece,Serres Municipal Stadium,41.0847,23.5466
2024-02-11,15:15,Spain,Mallorca,Vallecano,La Liga,Mallorca Son Moix,39.59,2.63
2024-02-11,15:15,Spain,Alcorcon,Andorra,Segunda Division,Mallorca Son Moix,39.59,2.63
2024-02-11,15:15,England,Cartagena,Mirandes,Segunda Division,Emirates Stadium,51.55667,-0.10611
2024-02-11,15:30,Portugal,Rio Ave,Casa Pia,Primeira Liga,Estádio dos Arcos,41.36278,-8.74028
2024-02-11,16:00,Turkey,Fenerbahce,Alanyaspor,Super Lig,Ülker Stadium,40.98778,29.03694
2024-02-11,16:05,France,Montpellier,Lyon,Ligue 1,Stade de la Mosson,43.62222,3.81194
2024-02-11,16:30,England,Aston Villa,Man United,Premier League,Villa Park,52.509166666667,-1.8847222222222
2024-02-11,16:30,Germany,Hoffenheim,FC Koln,Bundesliga,PreZero Arena,49.23806,8.8875
2024-02-11,17:00,Italy,Genoa,Atalanta,Serie A,Stadio Luigi Ferraris,44.41639,8.9525
2024-02-11,17:30,Spain,Sevilla,Ath Madrid,La Liga,Ramón Sánchez-Pizjuán,37.384,-5.9705
2024-02-11,17:30,Belgium,Charleroi,Anderlecht,Belgian Pro League,Stade du Pays de Charleroi,50.414609,4.453787
2024-02-11,17:30,Greece,Lamia,Asteras Tripolis,Super League Greece,Lamia Municipal Stadium,38.91,22.43111
2024-02-11,18:00,Greece,PAOK,AEK,Super League Greece,Toumba Stadium,40.61389,22.9725
2024-02-11,18:15,Belgium,Gent,Cercle Brugge,Belgian Pro League,Planet Group Arena,51.01611,3.73417
2024-02-11,19:00,Netherlands,Feyenoord,Sparta Rotterdam,Eredivisie,De Kuip,51.89389,4.52306
2024-02-11,19:45,Italy,Milan,Napoli,Serie A,San Siro,45.47806,9.12389
2024-02-11,19:45,France,Nice,Monaco,Ligue 1,Allianz Riviera,43.70528,7.1925
2024-02-11,20:00,Spain,Barcelona,Granada,La Liga,Olímpic Lluís Companys,41.36472,2.15556
2024-02-11,20:30,Portugal,Guimaraes,Benfica,Primeira Liga,Estádio D. Afonso Henriques,41.44583,-8.30111
2024-02-12,14:00,Turkey,Trabzonspor,Hatayspor,Super Lig,Papara Park,40.99917,39.64583
2024-02-12,17:00,Turkey,Kayserispor,Besiktas,Super Lig,RHG Enertürk Enerji Stadium,38.73722,35.42306
2024-02-12,17:00,Turkey,Samsunspor,Antalyaspor,Super Lig,Samsun 19 Mayıs Stadium,41.22778,36.4575
2024-02-12,19:30,Spain,Valladolid,Albacete,Segunda Division,José Zorrilla,41.64444,-4.76111
2024-02-12,19:45,Italy,Juventus,Udinese,Serie A,Juventus Stadium,45.10944,7.64111
2024-02-12,19:45,France,St Etienne,Troyes,Ligue 2,Stade Geoffroy Guichard,45.46083,4.39028
2024-02-12,20:00,England,Crystal Palace,Chelsea,Premier League,Selhurst Park,51.39833,-0.08556
2024-02-12,20:00,Spain,Almeria,Ath Bilbao,La Liga,Mestalla,39.47472,-0.35833
2024-02-12,20:15,Portugal,Arouca,Porto,Primeira Liga,Estádio Municipal de Arouca,40.933,-8.2503
2024-02-13,15:30,Portugal,Gil Vicente,Vizela,Primeira Liga,Estádio Cidade de Barcelos,41.551,-8.623
2024-02-13,19:45,England,Leicester,Sheffield Weds,Championship,King Power Stadium,52.620277777778,-1.1422222222222
2024-02-13,19:45,Croatia,Norwich,Watford,Championship,ŠRC Velika Gorica,45.724,16.0732
2024-02-13,20:00,England,Bristol City,Southampton,Championship,King Power Stadium,52.620277777778,-1.1422222222222
2024-02-13,20:00,Belgium,West Brom,Cardiff,Championship,Het Kuipje,51.094817,4.928806
2024-02-13,21:00,Denmark,Copenhagen,Manchester City,Europa League,Parken,55.7024694,12.5722028
2024-02-13,21:00,Germany,RB Leipzig,Real Madrid,Europa League,Red Bull Arena,51.34583,12.34833
2024-02-14,18:00,Italy,Bologna,Fiorentina,Serie A,Stadio Renato Dall'Ara,44.49222,11.30972
2024-02-14,19:45,Portugal,Preston,Middlesbrough,Championship,Estádio do Dragão,41.1618,-8.5839
2024-02-14,21:00,France,Paris Saint-Germain,Real Sociedad,Europa League,Parc des Princes,48.84138888888889,2.2530555555555556
2024-02-14,21:00,Italy,Lazio,Bayern Munich,Europa League,Stadio Olimpico,41.93389,12.45472
2024-02-15,18:45,Netherlands,Feyenoord,Roma,Europa League,De Kuip,51.89389,4.52306
2024-02-15,18:45,Denmark,Young Boys,Sporting CP,Europa League,Lyngby Stadium,55.78134,12.505628
2024-02-15,18:45,Ukraine,Shakhtar Donetsk,Marseille,Europa League,Arena Lviv,49.77528,24.02778
2024-02-15,18:45(20:45UTC+3),Turkey,Galatasaray,Sparta Prague,Europa League,Rams Park,41.10278,28.99056
2024-02-15,21:00,Italy,Milan,Rennes,Europa League,San Siro,45.47806,9.12389
2024-02-15,21:00,France,Lens,SC Freiburg,Europa League,Stade Bollaert-Delelis,50.43278,2.815
2024-02-15,21:00(20:00UTC+0),Portugal,Benfica,Toulouse,Europa League,Estádio da Luz,38.7527,-9.1847
2024-02-15,21:00(20:00UTC+0),Portugal,Braga,Qarabağ,Europa League,Estádio Municipal de Braga,41.5625,-8.43
2024-02-16,18:00,Italy,Torino,Lecce,Serie A,Stadio Olimpico Grande Torino,45.04167,7.65
2024-02-16,19:00,Netherlands,PSV Eindhoven,Heracles,Eredivisie,Philips Stadion,51.44167,5.4675
2024-02-16,19:30,Portugal,Zaragoza,Cartagena,Segunda Division,Estádio Municipal de Braga,41.5625,-8.43
2024-02-16,19:30,Italy,Ascoli,Cremonese,Serie B,Stadio Diego Armando Maradona,40.828,14.193
2024-02-16,19:45,Belgium,Westerlo,Standard,Belgian Pro League,Het Kuipje,51.094817,4.928806
2024-02-16,20:00,Belgium,West Brom,Southampton,Championship,Het Kuipje,51.094817,4.928806
2024-02-16,20:00,Spain,Villarreal,Getafe,La Liga,La Cerámica,39.94417,-0.10361
2024-02-16,20:00,France,Lyon,Nice,Ligue 1,Groupama Stadium,45.765224,4.982131
2024-02-16,20:15,Portugal,Famalicao,Rio Ave,Primeira Liga,Estádio Municipal de Famalicão,41.40139,-8.5225
2024-02-17,10:30,Turkey,Antalyaspor,Istanbulspor,Super Lig,Corendon Airlines Park,36.888278,30.668444
2024-02-17,12:30,England,Brentford,Liverpool,Premier League,Brentford Community Stadium,51.49083,-0.28861
2024-02-17,13:00,Spain,Ath Madrid,Las Palmas,La Liga,Santiago Bernabéu,40.45306,-3.68835
2024-02-17,13:00,Greece,Bari,FeralpiSalo,Serie B,Kleanthis Vikelidis Stadium,40.6,22.96944
2024-02-17,13:00,Italy,Lecco,Cosenza,Serie B,Stadio Via del mare,40.36528,18.20889
2024-02-17,13:00,Italy,Parma,Pisa,Serie B,Stadio Ennio Tardini,44.795,10.33833
2024-02-17,13:00,Italy,Spezia,Cittadella,Serie B,Stadio Pier Luigi Penzo,45.4277611,12.3637306
2024-02-17,13:00,Turkey,Hatayspor,Sivasspor,Super Lig,Mersin Stadium[note 1],36.82056,34.53861
2024-02-17,14:00,Italy,Napoli,Genoa,Serie A,Stadio Diego Armando Maradona,40.828,14.193
2024-02-17,14:00,France,Angers,St Etienne,Ligue 2,Stade Raymond Kopa,47.460458,-0.530741
2024-02-17,14:30,Germany,Heidenheim,Leverkusen,Bundesliga,Voith-Arena,48.66861,10.13944
2024-02-17,14:30,Germany,Hoffenheim,Union Berlin,Bundesliga,PreZero Arena,49.23806,8.8875
2024-02-17,14:30,Germany,Mainz,Augsburg,Bundesliga,Mewa Arena,49.98417,8.22417
2024-02-17,14:30,Germany,Wolfsburg,Dortmund,Bundesliga,Volkswagen Arena,52.43278,10.80389
2024-02-17,15:00,England,Fulham,Aston Villa,Premier League,Craven Cottage,51.475,-0.22166666666667
2024-02-17,15:00,England,Newcastle,Bournemouth,Premier League,St James' Park,54.975555555556,-1.6216666666667
2024-02-17,15:00,England,Nott'm Forest,West Ham,Premier League,City Ground,52.94,-1.13278
2024-02-17,15:00,England,Tottenham,Wolves,Premier League,Tottenham Hotspur Stadium,51.6044,-0.0664
2024-02-17,15:00,England,Bristol City,QPR,Championship,King Power Stadium,52.620277777778,-1.1422222222222
2024-02-17,15:00,England,Leicester,Middlesbrough,Championship,King Power Stadium,52.620277777778,-1.1422222222222
2024-02-17,15:00,Croatia,Norwich,Cardiff,Championship,ŠRC Velika Gorica,45.724,16.0732
2024-02-17,15:00,Portugal,Preston,Blackburn,Championship,Estádio do Dragão,41.1618,-8.5839
2024-02-17,15:00,Belgium,Genk,RWD Molenbeek,Belgian Pro League,Cegeka Arena,51.005,5.53333
2024-02-17,15:15,Spain,Osasuna,Cadiz,La Liga,El Sadar,42.79667,-1.63694
2024-02-17,15:15,Italy,Palermo,Como,Serie B,Stadio Ennio Tardini,44.795,10.33833
2024-02-17,15:15,Turkey,Sampdoria,Brescia,Serie B,Samsun 19 Mayıs Stadium,41.22778,36.4575
2024-02-17,15:30,Portugal,Chaves,Boavista,Primeira Liga,Estádio do CD Aves,41.366932,-8.411789
2024-02-17,16:00,France,Lille,Le Havre,Ligue 1,Decathlon Arena Pierre Mauroy Stadium,50.6119,3.1304
2024-02-17,16:00,Turkey,Rizespor,Fenerbahce,Super Lig,Rize City Stadium,41.04202,40.5733
2024-02-17,17:00,Italy,Verona,Juventus,Serie A,Stadio Marcantonio Bentegodi,45.43528,10.96861
2024-02-17,17:15,Belgium,Oud-Heverlee Leuven,Charleroi,Belgian Pro League,Den Dreef,50.86833,4.69417
2024-02-17,17:30,England,Man City,Chelsea,Premier League,City of Manchester Stadium,53.483055555556,-2.2002777777778
2024-02-17,17:30,Spain,Celta,Barcelona,La Liga,Balaídos,42.2118,-8.7397
2024-02-17,17:30,Germany,RB Leipzig,M'gladbach,Bundesliga,Red Bull Arena,51.34583,12.34833
2024-02-17,17:30,Greece,Atromitos,Aris,Super League Greece,Peristeri Stadium,38.00472,23.68972
2024-02-17,17:45,Netherlands,For Sittard,AZ Alkmaar,Eredivisie,Fortuna Sittard Stadion,50.992069,5.843675
2024-02-17,17:45,Netherlands,Sparta Rotterdam,Excelsior,Eredivisie,Spartastadion Het Kasteel,51.919485,4.433619
2024-02-17,18:00,Netherlands,Annecy,Auxerre,Ligue 2,Goffertstadion,51.8225,5.83667
2024-02-17,18:00,Portugal,Bastia,Rodez,Ligue 2,Estádio do Bessa,41.16222,-8.64278
2024-02-17,18:00,Greece,Laval,Ajaccio,Ligue 2,Lamia Municipal Stadium,38.91,22.43111
2024-02-17,18:30,Greece,Panathinaikos,Lamia,Super League Greece,Athens Olympic Stadium,38.03606806,23.7876
2024-02-17,19:45,Italy,Atalanta,Sassuolo,Serie A,Gewiss Stadium,45.70889,9.68083
2024-02-17,19:45,Belgium,Antwerp,Mechelen,Belgian Pro League,Bosuilstadion,51.2325,4.47222
2024-02-17,20:00,Spain,Valencia,Sevilla,La Liga,Mestalla,39.47472,-0.35833
2024-02-17,20:00,Spain,Espanol,Mirandes,Segunda Division,RCDE Stadium,41.34778,2.07556
2024-02-17,20:00,France,Nantes,Paris SG,Ligue 1,Stade de la Beaujoire,47.256,-1.525
2024-02-17,20:00,Netherlands,Heerenveen,Go Ahead Eagles,Eredivisie,Abe Lenstra Stadion,52.95861,5.93611
2024-02-17,20:00,Netherlands,Zwolle,Almere City,Eredivisie,MAC³PARK Stadion,52.51722,6.12083
2024-02-17,20:30,Portugal,Porto,Estrela,Primeira Liga,Estádio do Dragão,41.1618,-8.5839
2024-02-18,10:30,Turkey,Alanyaspor,Ad. Demirspor,Super Lig,Alanya Oba Stadium,36.5626,32.0792
2024-02-18,11:15,Netherlands,Twente,Utrecht,Eredivisie,De Grolsch Veste,52.23667,6.8375
2024-02-18,11:30,Italy,Lazio,Bologna,Serie A,Stadio Olimpico,41.93389,12.45472
2024-02-18,12:00,France,Strasbourg,Lorient,Ligue 1,Stade de la Meinau,48.56,7.755
2024-02-18,12:30,Germany,St Pauli,Braunschweig,2. Bundesliga,Millerntor-Stadion,53.554583,9.967667
2024-02-18,12:30,Belgium,Cercle Brugge,Club Brugge,Belgian Pro League,Jan Breydel Stadium,51.19333,3.18056
2024-02-18,13:00,Spain,Vallecano,Real Madrid,La Liga,Vallecas,40.39194,-3.65889
2024-02-18,13:00,Turkey,Gaziantep,Samsunspor,Super Lig,Gaziantep Stadium,37.12389,37.3825
2024-02-18,13:30,Netherlands,Ajax,Nijmegen,Eredivisie,Johan Cruyff Arena,52.31417,4.94194
2024-02-18,13:30,Greece,Volos NFC,Giannina,Super League Greece,Panthessaliko Stadium,39.3875,22.93111
2024-02-18,14:00,England,Sheffield United,Brighton,Premier League,Old Trafford,53.463055555556,-2.2913888888889
2024-02-18,14:00,Italy,Empoli,Fiorentina,Serie A,Stadio Carlo Castellani - Computer Gross Arena,43.72639,10.955
2024-02-18,14:00,Italy,Udinese,Cagliari,Serie A,Stadio Friuli,46.0816,13.2001
2024-02-18,14:00,France,Monaco,Toulouse,Ligue 1,Stade Louis II,43.7275,7.41556
2024-02-18,14:00,France,Montpellier,Metz,Ligue 1,Stade de la Mosson,43.62222,3.81194
2024-02-18,14:00,France,Rennes,Clermont,Ligue 1,Roazhon Park,48.1075,-1.71278
2024-02-18,14:30,Germany,Freiburg,Ein Frankfurt,Bundesliga,Europa-Park Stadion,48.0216,7.8297
2024-02-18,15:00,Belgium,Kortrijk,St. Gilloise,Belgian Pro League,Guldensporen Stadion,50.830432,3.248906
2024-02-18,15:15,Spain,Granada,Almeria,La Liga,Montilivi,41.96139,2.82861
2024-02-18,15:15,Spain,Leganes,Alcorcon,Segunda Division,Municipal de Butarque,40.3404,-3.7607
2024-02-18,15:15,Italy,Venezia,Modena,Serie B,Stadio Pier Luigi Penzo,45.4277611,12.3637306
2024-02-18,15:30,Portugal,Casa Pia,Arouca,Primeira Liga,Estádio Municipal de Rio Maior[A],39.34444,-8.93528
2024-02-18,15:45,Netherlands,Feyenoord,Waalwijk,Eredivisie,De Kuip,51.89389,4.52306
2024-02-18,16:05,France,Reims,Lens,Ligue 1,Stade Auguste Delaune,49.24667,4.025
2024-02-18,16:30,Germany,Bochum,Bayern Munich,Bundesliga,Vonovia Ruhrstadion,51.49,7.23667
2024-02-18,17:30,Spain,Mallorca,Sociedad,La Liga,Mallorca Son Moix,39.59,2.63
2024-02-18,17:30,Belgium,Anderlecht,St Truiden,Belgian Pro League,Lotto Park,50.83417,4.29833
2024-02-18,18:00,Portugal,Benfica,Vizela,Primeira Liga,Estádio da Luz,38.7527,-9.1847
2024-02-18,18:00,Portugal,Estoril,Gil Vicente,Primeira Liga,Estádio António Coimbra da Mota,38.71583,-9.40639
2024-02-18,18:30,Greece,PAOK,Olympiakos,Super League Greece,Toumba Stadium,40.61389,22.9725
2024-02-18,19:45,Italy,Monza,Milan,Serie A,Stadio Brianteo,45.58278,9.30806
2024-02-18,19:45,France,Brest,Marseille,Ligue 1,Stade Francis-Le Blé,48.402932,-4.461694
2024-02-18,20:00,Spain,Betis,Alaves,La Liga,Benito Villamarín,37.35639,-5.98139
2024-02-18,20:00,Belgium,Elche,Eibar,Segunda Division,AFAS-stadion Achter de Kazerne,51.037184,4.486397
2024-02-18,20:30,Portugal,Sp Braga,Farense,Primeira Liga,Estádio Municipal de Braga,41.5625,-8.43
2024-02-19,16:00,Greece,Asteras Tripolis,Panetolikos,Super League Greece,Theodoros Kolokotronis Stadium,37.5025,22.38861
2024-02-19,17:00,Turkey,Besiktas,Konyaspor,Super Lig,Tüpraş Stadium,41.03917,28.99472
2024-02-19,17:00,Turkey,Buyuksehyr,Kayserispor,Super Lig,Başakşehir Fatih Terim Stadium,41.12278,28.80861
2024-02-19,19:45,Portugal,Amiens,Bordeaux,Ligue 2,Estádio Comendador Joaquim de Almeida Freitas,41.37806,-8.35472
2024-02-19,20:00,England,Everton,Crystal Palace,Premier League,Goodison Park,53.438888888889,-2.9663888888889
2024-02-19,20:00,Spain,Ath Bilbao,Girona,La Liga,San Mamés,43.2643,-2.9504
2024-02-19,20:15,Portugal,Moreirense,Sp Lisbon,Primeira Liga,Estádio Comendador Joaquim de Almeida Freitas,41.37806,-8.35472
2024-02-20,19:30,England,Man City,Brentford,Premier League,City of Manchester Stadium,53.483055555556,-2.2002777777778
2024-02-20,19:45,England,Ipswich,Rotherham,Championship,Portman Road,52.055,1.14528
2024-02-20,19:45,England,Southampton,Hull,Championship,St Mary's Stadium,50.90583,-1.39111
2024-02-20,21:00,Italy,Inter Milan,Atlético Madrid,Europa League,San Siro,45.47806,9.12389
2024-02-20,21:00,Netherlands,PSV Eindhoven,Borussia Dortmund,Europa League,Philips Stadion,51.44167,5.4675
2024-02-21,19:30,England,Liverpool,Luton,Premier League,Anfield,53.4308,-2.9608
2024-02-21,21:00,Italy,Napoli,Barcelona,Europa League,Stadio Diego Armando Maradona,40.828,14.193
2024-02-21,21:00(20:00UTC+0),Portugal,Porto,Arsenal,Europa League,Estádio do Dragão,41.1618,-8.5839
2024-02-22,18:45,France,Rennes,Milan,Europa League,Roazhon Park,48.1075,-1.71278
2024-02-22,18:45,Germany,SC Freiburg,Lens,Europa League,Europa-Park Stadion,48.0216,7.8297
2024-02-22,18:45,France,Toulouse,Benfica,Europa League,Stadium de Toulouse,43.58306,1.43417
2024-02-22,18:45(21:45UTC+4),Denmark,Qarabağ,Braga,Europa League,Aalborg Portland Park,57.052056,9.898556
2024-02-22,19:45,Italy,Torino,Lazio,Serie A,Stadio Olimpico Grande Torino,45.04167,7.65
2024-02-22,21:00,Italy,Roma,Feyenoord,Europa League,Stadio Olimpico,41.93389,12.45472
2024-02-22,21:00,Czech Republic,Sparta Prague,Galatasaray,Europa League,epet ARENA,50.09972,14.41583
2024-02-22,21:00,France,Marseille,Shakhtar Donetsk,Europa League,Orange Vélodrome,43.26972,5.39583
2024-02-23,17:00,Turkey,Samsunspor,Rizespor,Super Lig,Samsun 19 Mayıs Stadium,41.22778,36.4575
2024-02-23,17:30,Germany,Holstein Kiel,St Pauli,2. Bundesliga,Holstein-Stadion,54.34917,10.12361
2024-02-23,17:30,Belgium,Wehen,Paderborn,2. Bundesliga,AFAS-stadion Achter de Kazerne,51.037184,4.486397
2024-02-23,19:00,Netherlands,Utrecht,Heracles,Eredivisie,Stadion Galgenwaard,52.07833,5.14583
2024-02-23,19:30,Spain,Valladolid,Oviedo,Segunda Division,José Zorrilla,41.64444,-4.76111
2024-02-23,19:30,Germany,Leverkusen,Mainz,Bundesliga,BayArena,51.03833,7.00222
2024-02-23,19:30,Italy,Cosenza,Sampdoria,Serie B,Stadio Brianteo,45.58278,9.30806
2024-02-23,19:45,Italy,Bologna,Verona,Serie A,Stadio Renato Dall'Ara,44.49222,11.30972
2024-02-23,19:45,Belgium,Charleroi,Genk,Belgian Pro League,Stade du Pays de Charleroi,50.414609,4.453787
2024-02-23,20:00,Spain,Sociedad,Villarreal,La Liga,Anoeta,43.30139,-1.97361
2024-02-23,20:15,Portugal,Arouca,Famalicao,Primeira Liga,Estádio Municipal de Arouca,40.933,-8.2503
2024-02-24,10:30,Turkey,Kayserispor,Ankaragucu,Super Lig,RHG Enertürk Enerji Stadium,38.73722,35.42306
2024-02-24,13:00,France,Brescia,Reggiana,Serie B,Stade Francis-Le Blé,48.402932,-4.461694
2024-02-24,13:00,France,Cremonese,Palermo,Serie B,Roazhon Park,48.1075,-1.71278
2024-02-24,13:00,Netherlands,FeralpiSalo,Ascoli,Serie B,Asito Stadion[3],52.33889,6.65056
2024-02-24,13:00,Austria,Sudtirol,Bari,Serie B,Tivoli Stadion Tirol,47.25583,11.41083
2024-02-24,13:00,Turkey,Gaziantep,Buyuksehyr,Super Lig,Gaziantep Stadium,37.12389,37.3825
2024-02-24,14:00,France,St Etienne,Annecy,Ligue 2,Stade Geoffroy Guichard,45.46083,4.39028
2024-02-24,14:30,Germany,Stuttgart,FC Koln,Bundesliga,MHPArena,48.79222,9.23194
2024-02-24,14:30,Germany,Union Berlin,Heidenheim,Bundesliga,Stadion An der Alten Försterei,52.45722,13.56806
2024-02-24,14:30,Germany,Werder Bremen,Darmstadt,Bundesliga,Weserstadion,53.06639,8.8375
2024-02-24,15:00,England,Aston Villa,Nott'm Forest,Premier League,Villa Park,52.509166666667,-1.8847222222222
2024-02-24,15:00,England,Brighton,Everton,Premier League,Falmer Stadium,50.861822222222,-0.083277777777778
2024-02-24,15:00,England,Crystal Palace,Burnley,Premier League,Selhurst Park,51.39833,-0.08556
2024-02-24,15:00,England,Man United,Fulham,Premier League,Old Trafford,53.463055555556,-2.2913888888889
2024-02-24,15:00,England,Ipswich,Birmingham,Championship,Portman Road,52.055,1.14528
2024-02-24,15:00,England,Southampton,Millwall,Championship,St Mary's Stadium,50.90583,-1.39111
2024-02-24,15:00,England,Watford,Huddersfield,Championship,Brentford Community Stadium,51.49083,-0.28861
2024-02-24,15:15,Spain,Barcelona,Getafe,La Liga,Olímpic Lluís Companys,41.36472,2.15556
2024-02-24,15:15,Denmark,Santander,Leganes,Segunda Division,Cepheus Park Randers,56.46594,10.010262
2024-02-24,15:15,Italy,Como,Parma,Serie B,Stadio Giuseppe Sinigaglia,45.81389,9.07222
2024-02-24,15:30,Portugal,Farense,Moreirense,Primeira Liga,Estádio de São Luís,37.022861,-7.928444
2024-02-24,16:00,Turkey,Fenerbahce,Kasimpasa,Super Lig,Ülker Stadium,40.98778,29.03694
2024-02-24,16:00,Turkey,Konyaspor,Hatayspor,Super Lig,Konya Metropolitan Municipality Stadium,37.946,32.488
2024-02-24,17:00,Greece,Lamia,AEK,Super League Greece,Lamia Municipal Stadium,38.91,22.43111
2024-02-24,17:15,Belgium,St Truiden,Westerlo,Belgian Pro League,Stayen,50.813474,5.166256
2024-02-24,17:30,England,Bournemouth,Man City,Premier League,Dean Court,50.73528,-1.83833
2024-02-24,17:30,Spain,Alaves,Mallorca,La Liga,Mendizorrotza,42.8371111,-2.6880444
2024-02-24,17:30,Spain,Villarreal B,Zaragoza,Segunda Division,La Cerámica,39.94417,-0.10361
2024-02-24,17:30,Germany,Bayern Munich,RB Leipzig,Bundesliga,Allianz Arena,48.218775,11.624752777778
2024-02-24,17:30,Greece,Panserraikos,Atromitos,Super League Greece,Serres Municipal Stadium,41.0847,23.5466
2024-02-24,17:45,Netherlands,Waalwijk,For Sittard,Eredivisie,Mandemakers Stadion,51.68694,5.08861
2024-02-24,18:00,France,Auxerre,Bastia,Ligue 2,Stade Abbé Deschamps,47.7867528,3.5886639
2024-02-24,18:00,Italy,Grenoble,Pau FC,Ligue 2,Stadio Luigi Ferraris,44.41639,8.9525
2024-02-24,18:00,Spain,Valenciennes,Rodez,Ligue 2,Mestalla,39.47472,-0.35833
2024-02-24,18:00,Portugal,Estrela,Chaves,Primeira Liga,Estádio José Gomes,38.75194,-9.22806
2024-02-24,19:00,Netherlands,Zwolle,PSV Eindhoven,Eredivisie,MAC³PARK Stadion,52.51722,6.12083
2024-02-24,19:30,Germany,Magdeburg,Schalke 04,2. Bundesliga,WWK Arena,48.32306,10.88611
2024-02-24,19:45,Italy,Genoa,Udinese,Serie A,Stadio Luigi Ferraris,44.41639,8.9525
2024-02-24,19:45,Belgium,Mechelen,Kortrijk,Belgian Pro League,AFAS-stadion Achter de Kazerne,51.037184,4.486397
2024-02-24,20:00,England,Arsenal,Newcastle,Premier League,Emirates Stadium,51.55667,-0.10611
2024-02-24,20:00,Spain,Almeria,Ath Madrid,La Liga,Mestalla,39.47472,-0.35833
2024-02-24,20:00,France,Strasbourg,Brest,Ligue 1,Stade de la Meinau,48.56,7.755
2024-02-24,20:30,Portugal,Guimaraes,Casa Pia,Primeira Liga,Estádio D. Afonso Henriques,41.44583,-8.30111
2024-02-25,10:30,Turkey,Sivasspor,Pendikspor,Super Lig,BG Grup 4 Eylül Stadium,39.72833,36.98389
2024-02-25,11:30,Italy,Juventus,Frosinone,Serie A,Juventus Stadium,45.10944,7.64111
2024-02-25,12:00,France,Lens,Monaco,Ligue 1,Stade Bollaert-Delelis,50.43278,2.815
2024-02-25,12:30,Netherlands,Fortuna Dusseldorf,Hansa Rostock,2. Bundesliga,Fortuna Sittard Stadion,50.992069,5.843675
2024-02-25,12:30,Belgium,Club Brugge,Anderlecht,Belgian Pro League,Jan Breydel Stadium,51.19333,3.18056
2024-02-25,13:00,France,Eldense,Ferrol,Segunda Division,Stade Bollaert-Delelis,50.43278,2.815
2024-02-25,13:00,Turkey,Trabzonspor,Ad. Demirspor,Super Lig,Papara Park,40.99917,39.64583
2024-02-25,13:30,England,Wolves,Sheffield United,Premier League,Molineux Stadium,52.59028,-2.13028
2024-02-25,13:30,Netherlands,Almere City,Feyenoord,Eredivisie,Yanmar Stadion,52.3944,5.2405
2024-02-25,13:30,Netherlands,Twente,Go Ahead Eagles,Eredivisie,De Grolsch Veste,52.23667,6.8375
2024-02-25,14:00,Italy,Cagliari,Napoli,Serie A,Unipol Domus,39.2,9.1375
2024-02-25,14:00,France,Le Havre,Reims,Ligue 1,Stade Océane,49.49889,0.16972
2024-02-25,14:00,France,Nice,Clermont,Ligue 1,Allianz Riviera,43.70528,7.1925
2024-02-25,14:00,France,Toulouse,Lille,Ligue 1,Stadium de Toulouse,43.58306,1.43417
2024-02-25,14:30,Germany,Ein Frankfurt,Wolfsburg,Bundesliga,Deutsche Bank Park,50.068056,8.645806
2024-02-25,15:00,Belgium,Gent,Antwerp,Belgian Pro League,Planet Group Arena,51.01611,3.73417
2024-02-25,15:00,Greece,Panetolikos,PAOK,Super League Greece,Panetolikos Stadium,38.63,21.41167
2024-02-25,15:15,Spain,Betis,Ath Bilbao,La Liga,Benito Villamarín,37.35639,-5.98139
2024-02-25,15:15,Spain,Alcorcon,Tenerife,Segunda Division,Mallorca Son Moix,39.59,2.63
2024-02-25,15:15,Italy,Modena,Spezia,Serie B,Stadio Brianteo,45.58278,9.30806
2024-02-25,16:00,Turkey,Istanbulspor,Besiktas,Super Lig,Samsun 19 Mayıs Stadium,41.22778,36.4575
2024-02-25,16:00,Greece,Olympiakos,Asteras Tripolis,Super League Greece,Karaiskakis Stadium,37.94611,23.66444
2024-02-25,16:05,France,Paris SG,Rennes,Ligue 1,Parc des Princes,48.84138888888889,2.2530555555555556
2024-02-25,16:30,Germany,Dortmund,Hoffenheim,Bundesliga,Signal Iduna Park,51.4925,7.45167
2024-02-25,17:00,Italy,Lecce,Inter,Serie A,Stadio Via del mare,40.36528,18.20889
2024-02-25,17:30,Spain,Las Palmas,Osasuna,La Liga,Gran Canaria,28.10028,-15.45667
2024-02-25,17:30,England,Cartagena,Elche,Segunda Division,Emirates Stadium,51.55667,-0.10611
2024-02-25,17:30,Greece,Aris,Volos NFC,Super League Greece,Kleanthis Vikelidis Stadium,40.6,22.96944
2024-02-25,18:00,Portugal,Benfica,Portimonense,Primeira Liga,Estádio da Luz,38.7527,-9.1847
2024-02-25,18:00,Portugal,Gil Vicente,Porto,Primeira Liga,Estádio Cidade de Barcelos,41.551,-8.623
2024-02-25,18:00,Greece,Panathinaikos,Kifisia,Super League Greece,Athens Olympic Stadium,38.03606806,23.7876
2024-02-25,18:30,Germany,Augsburg,Freiburg,Bundesliga,WWK Arena,48.32306,10.88611
2024-02-25,19:45,Italy,Milan,Atalanta,Serie A,San Siro,45.47806,9.12389
2024-02-25,19:45,France,Marseille,Montpellier,Ligue 1,Orange Vélodrome,43.26972,5.39583
2024-02-25,20:00,Spain,Real Madrid,Sevilla,La Liga,Santiago Bernabéu,40.45306,-3.68835
2024-02-25,20:00,Portugal,Amorebieta,Albacete,Segunda Division,Estádio Comendador Joaquim de Almeida Freitas,41.37806,-8.35472
2024-02-25,20:30,Portugal,Rio Ave,Sp Lisbon,Primeira Liga,Estádio dos Arcos,41.36278,-8.74028
2024-02-26,17:00,Turkey,Galatasaray,Antalyaspor,Super Lig,Rams Park,41.10278,28.99056
2024-02-26,17:30,Italy,Roma,Torino,Serie A,Stadio Olimpico,41.93389,12.45472
2024-02-26,19:30,Denmark,Mirandes,Huesca,Segunda Division,Cepheus Park Randers,56.46594,10.010262
2024-02-26,19:45,Italy,Fiorentina,Lazio,Serie A,Stadio Artemio Franchi,43.78083,11.28222
2024-02-26,20:00,England,West Ham,Brentford,Premier League,London Stadium,51.5386,-0.0164
2024-02-26,20:00,Spain,Girona,Vallecano,La Liga,Montilivi,41.96139,2.82861
2024-02-26,20:15,Portugal,Boavista,Sp Braga,Primeira Liga,Estádio do Bessa,41.16222,-8.64278
2024-02-27,17:15,Italy,Ascoli,Brescia,Serie B,Stadio Diego Armando Maradona,40.828,14.193
2024-02-27,19:30,Italy,Lecco,Como,Serie B,Stadio Via del mare,40.36528,18.20889
2024-02-27,19:30,Italy,Palermo,Ternana,Serie B,Stadio Ennio Tardini,44.795,10.33833
2024-02-27,19:30,Italy,Parma,Cosenza,Serie B,Stadio Ennio Tardini,44.795,10.33833
2024-02-27,19:30,Turkey,Sampdoria,Cremonese,Serie B,Samsun 19 Mayıs Stadium,41.22778,36.4575
2024-02-28,13:00,Greece,Asteras Tripolis,Kifisia,Super League Greece,Theodoros Kolokotronis Stadium,37.5025,22.38861
2024-02-28,13:00,Greece,Volos NFC,OFI Crete,Super League Greece,Panthessaliko Stadium,39.3875,22.93111
2024-02-28,15:00,Greece,Atromitos,Lamia,Super League Greece,Peristeri Stadium,38.00472,23.68972
2024-02-28,15:00,Greece,Panetolikos,Olympiakos,Super League Greece,Panetolikos Stadium,38.63,21.41167
2024-02-28,18:00,Greece,Panserraikos,PAOK,Super League Greece,Serres Municipal Stadium,41.0847,23.5466
2024-02-28,19:00,Greece,Panathinaikos,Aris,Super League Greece,Athens Olympic Stadium,38.03606806,23.7876
2024-02-28,19:30,Italy,Spezia,FeralpiSalo,Serie B,Stadio Pier Luigi Penzo,45.4277611,12.3637306
2024-02-28,19:30,Italy,Venezia,Cittadella,Serie B,Stadio Pier Luigi Penzo,45.4277611,12.3637306
2024-03-01,19:30,Germany,Freiburg,Bayern Munich,Bundesliga,Europa-Park Stadion,48.0216,7.8297
2024-03-01,19:45,Italy,Lazio,Milan,Serie A,Stadio Olimpico,41.93389,12.45472
2024-03-01,19:45,Belgium,Westerlo,Charleroi,Belgian Pro League,Het Kuipje,51.094817,4.928806
2024-03-01,20:00,Belgium,West Brom,Coventry,Championship,Het Kuipje,51.094817,4.928806
2024-03-01,20:00,Spain,Celta,Almeria,La Liga,Balaídos,42.2118,-8.7397
2024-03-01,20:00,France,Monaco,Paris SG,Ligue 1,Stade Louis II,43.7275,7.41556
2024-03-01,20:15,Portugal,Chaves,Arouca,Primeira Liga,Estádio do CD Aves,41.366932,-8.411789
2024-03-02,12:30,England,Bristol City,Cardiff,Championship,King Power Stadium,52.620277777778,-1.1422222222222
2024-03-02,13:00,Spain,Sevilla,Sociedad,La Liga,Ramón Sánchez-Pizjuán,37.384,-5.9705
2024-03-02,13:00,France,Eldense,Villarreal B,Segunda Division,Stade Bollaert-Delelis,50.43278,2.815
2024-03-02,13:00,France,Brescia,Palermo,Serie B,Stade Francis-Le Blé,48.402932,-4.461694
2024-03-02,13:00,Austria,Sudtirol,Lecco,Serie B,Tivoli Stadion Tirol,47.25583,11.41083
2024-03-02,13:00,Turkey,Rizespor,Kayserispor,Super Lig,Rize City Stadium,41.04202,40.5733
2024-03-02,14:00,Italy,Udinese,Salernitana,Serie A,Stadio Friuli,46.0816,13.2001
2024-03-02,14:00,Greece,Paris FC,St Etienne,Ligue 2,Kleanthis Vikelidis Stadium,40.6,22.96944
2024-03-02,14:30,Germany,Bochum,RB Leipzig,Bundesliga,Vonovia Ruhrstadion,51.49,7.23667
2024-03-02,14:30,Germany,Heidenheim,Ein Frankfurt,Bundesliga,Voith-Arena,48.66861,10.13944
2024-03-02,14:30,Germany,Mainz,M'gladbach,Bundesliga,Mewa Arena,49.98417,8.22417
2024-03-02,14:30,Germany,Union Berlin,Dortmund,Bundesliga,Stadion An der Alten Försterei,52.45722,13.56806
2024-03-02,15:00,England,Brentford,Chelsea,Premier League,Brentford Community Stadium,51.49083,-0.28861
2024-03-02,15:00,England,Everton,West Ham,Premier League,Goodison Park,53.438888888889,-2.9663888888889
2024-03-02,15:00,England,Fulham,Brighton,Premier League,Craven Cottage,51.475,-0.22166666666667
2024-03-02,15:00,England,Newcastle,Wolves,Premier League,St James' Park,54.975555555556,-1.6216666666667
2024-03-02,15:00,England,Nott'm Forest,Liverpool,Premier League,City Ground,52.94,-1.13278
2024-03-02,15:00,England,Tottenham,Crystal Palace,Premier League,Tottenham Hotspur Stadium,51.6044,-0.0664
2024-03-02,15:00,England,Leicester,QPR,Championship,King Power Stadium,52.620277777778,-1.1422222222222
2024-03-02,15:00,Croatia,Norwich,Sunderland,Championship,ŠRC Velika Gorica,45.724,16.0732
2024-03-02,15:00,Portugal,Preston,Hull,Championship,Estádio do Dragão,41.1618,-8.5839
2024-03-02,15:00,Belgium,Cercle Brugge,Mechelen,Belgian Pro League,Jan Breydel Stadium,51.19333,3.18056
2024-03-02,15:15,Spain,Vallecano,Cadiz,La Liga,Vallecas,40.39194,-3.65889
2024-03-02,15:15,Spain,Espanol,Huesca,Segunda Division,RCDE Stadium,41.34778,2.07556
2024-03-02,15:30,Portugal,Moreirense,Rio Ave,Primeira Liga,Estádio Comendador Joaquim de Almeida Freitas,41.37806,-8.35472
2024-03-02,16:00,France,Reims,Lille,Ligue 1,Stade Auguste Delaune,49.24667,4.025
2024-03-02,16:00,Turkey,Hatayspor,Fenerbahce,Super Lig,Mersin Stadium[note 1],36.82056,34.53861
2024-03-02,17:00,Italy,Monza,Roma,Serie A,Stadio Brianteo,45.58278,9.30806
2024-03-02,17:15,Belgium,Oud-Heverlee Leuven,St. Gilloise,Belgian Pro League,Den Dreef,50.86833,4.69417
2024-03-02,17:30,Spain,Getafe,Las Palmas,La Liga,Coliseum,40.32556,-3.71472
2024-03-02,17:30,Germany,Wolfsburg,Stuttgart,Bundesliga,Volkswagen Arena,52.43278,10.80389
2024-03-02,17:45,Netherlands,Go Ahead Eagles,Waalwijk,Eredivisie,De Adelaarshorst,52.260416,6.172578
2024-03-02,18:00,Netherlands,Annecy,Quevilly Rouen,Ligue 2,Goffertstadion,51.8225,5.83667
2024-03-02,18:00,France,Auxerre,Valenciennes,Ligue 2,Stade Abbé Deschamps,47.7867528,3.5886639
2024-03-02,18:00,Portugal,Bastia,Grenoble,Ligue 2,Estádio do Bessa,41.16222,-8.64278
2024-03-02,18:00,Greece,Laval,Amiens,Ligue 2,Lamia Municipal Stadium,38.91,22.43111
2024-03-02,18:00,Portugal,Estoril,Guimaraes,Primeira Liga,Estádio António Coimbra da Mota,38.71583,-9.40639
2024-03-02,19:45,Italy,Torino,Fiorentina,Serie A,Stadio Olimpico Grande Torino,45.04167,7.65
2024-03-02,19:45,Belgium,Standard,Gent,Belgian Pro League,Stade Maurice Dufrasne,50.61,5.54333
2024-03-02,20:00,Spain,Valencia,Real Madrid,La Liga,Mestalla,39.47472,-0.35833
2024-03-02,20:00,Netherlands,Sparta Rotterdam,AZ Alkmaar,Eredivisie,Spartastadion Het Kasteel,51.919485,4.433619
2024-03-02,20:30,Portugal,Sp Braga,Estrela,Primeira Liga,Estádio Municipal de Braga,41.5625,-8.43
2024-03-03,10:30,Turkey,Buyuksehyr,Samsunspor,Super Lig,Başakşehir Fatih Terim Stadium,41.12278,28.80861
2024-03-03,11:15,Netherlands,Ajax,Utrecht,Eredivisie,Johan Cruyff Arena,52.31417,4.94194
2024-03-03,11:30,Italy,Verona,Sassuolo,Serie A,Stadio Marcantonio Bentegodi,45.43528,10.96861
2024-03-03,12:00,France,Toulouse,Nice,Ligue 1,Stadium de Toulouse,43.58306,1.43417
2024-03-03,12:30,Belgium,Genk,Club Brugge,Belgian Pro League,Cegeka Arena,51.005,5.53333
2024-03-03,13:00,Spain,Villarreal,Granada,La Liga,La Cerámica,39.94417,-0.10361
2024-03-03,13:30,Netherlands,Heerenveen,Zwolle,Eredivisie,Abe Lenstra Stadion,52.95861,5.93611
2024-03-03,13:30,Netherlands,PSV Eindhoven,Feyenoord,Eredivisie,Philips Stadion,51.44167,5.4675
2024-03-03,14:00,Italy,Empoli,Cagliari,Serie A,Stadio Carlo Castellani - Computer Gross Arena,43.72639,10.955
2024-03-03,14:00,France,Brest,Le Havre,Ligue 1,Stade Francis-Le Blé,48.402932,-4.461694
2024-03-03,14:00,France,Montpellier,Strasbourg,Ligue 1,Stade de la Mosson,43.62222,3.81194
2024-03-03,14:00,France,Nantes,Metz,Ligue 1,Stade de la Beaujoire,47.256,-1.525
2024-03-03,15:00,Belgium,Antwerp,St Truiden,Belgian Pro League,Bosuilstadion,51.2325,4.47222
2024-03-03,15:15,Spain,Ath Madrid,Betis,La Liga,Santiago Bernabéu,40.45306,-3.68835
2024-03-03,15:15,Italy,Ascoli,Reggiana,Serie B,Stadio Diego Armando Maradona,40.828,14.193
2024-03-03,15:15,Greece,Bari,Spezia,Serie B,Kleanthis Vikelidis Stadium,40.6,22.96944
2024-03-03,15:15,Italy,Como,Venezia,Serie B,Stadio Giuseppe Sinigaglia,45.81389,9.07222
2024-03-03,15:15,Italy,Cosenza,Catanzaro,Serie B,Stadio Brianteo,45.58278,9.30806
2024-03-03,15:15,Netherlands,FeralpiSalo,Sampdoria,Serie B,Asito Stadion[3],52.33889,6.65056
2024-03-03,15:30,England,Man City,Man United,Premier League,City of Manchester Stadium,53.483055555556,-2.2002777777778
2024-03-03,15:30,Portugal,Casa Pia,Gil Vicente,Primeira Liga,Estádio Municipal de Rio Maior[A],39.34444,-8.93528
2024-03-03,15:45,Netherlands,For Sittard,Excelsior,Eredivisie,Fortuna Sittard Stadion,50.992069,5.843675
2024-03-03,16:00,Turkey,Besiktas,Galatasaray,Super Lig,Tüpraş Stadium,41.03917,28.99472
2024-03-03,16:05,France,Rennes,Lorient,Ligue 1,Roazhon Park,48.1075,-1.71278
2024-03-03,16:30,Germany,Hoffenheim,Werder Bremen,Bundesliga,PreZero Arena,49.23806,8.8875
2024-03-03,17:00,Italy,Atalanta,Bologna,Serie A,Gewiss Stadium,45.70889,9.68083
2024-03-03,17:30,Spain,Mallorca,Girona,La Liga,Mallorca Son Moix,39.59,2.63
2024-03-03,17:30,Portugal,Zaragoza,Amorebieta,Segunda Division,Estádio Municipal de Braga,41.5625,-8.43
2024-03-03,17:30,Italy,Modena,Cremonese,Serie B,Stadio Brianteo,45.58278,9.30806
2024-03-03,17:30,Belgium,Anderlecht,Eupen,Belgian Pro League,Lotto Park,50.83417,4.29833
2024-03-03,17:30,Greece,Aris,AEK,Super League Greece,Kleanthis Vikelidis Stadium,40.6,22.96944
2024-03-03,17:30,Greece,Lamia,PAOK,Super League Greece,Lamia Municipal Stadium,38.91,22.43111
2024-03-03,17:30,Greece,Olympiakos,Volos NFC,Super League Greece,Karaiskakis Stadium,37.94611,23.66444
2024-03-03,17:30,Greece,Panserraikos,Asteras Tripolis,Super League Greece,Serres Municipal Stadium,41.0847,23.5466
2024-03-03,18:15,Belgium,Kortrijk,RWD Molenbeek,Belgian Pro League,Guldensporen Stadion,50.830432,3.248906
2024-03-03,19:00,Netherlands,Heracles,Almere City,Eredivisie,Asito Stadion[3],52.33889,6.65056
2024-03-03,19:45,Italy,Napoli,Juventus,Serie A,Stadio Diego Armando Maradona,40.828,14.193
2024-03-03,19:45,France,Lyon,Lens,Ligue 1,Groupama Stadium,45.765224,4.982131
2024-03-03,20:00,Spain,Ath Bilbao,Barcelona,La Liga,San Mamés,43.2643,-2.9504
2024-03-03,20:00,Spain,Leganes,Eibar,Segunda Division,Municipal de Butarque,40.3404,-3.7607
2024-03-03,20:30,Portugal,Porto,Benfica,Primeira Liga,Estádio do Dragão,41.1618,-8.5839
2024-03-04,14:00,Turkey,Ad. Demirspor,Karagumruk,Super Lig,New Adana Stadium,37.06333,35.375
2024-03-04,17:00,Turkey,Alanyaspor,Trabzonspor,Super Lig,Alanya Oba Stadium,36.5626,32.0792
2024-03-04,17:00,Turkey,Antalyaspor,Gaziantep,Super Lig,Corendon Airlines Park,36.888278,30.668444
2024-03-04,19:30,Belgium,Elche,Alcorcon,Segunda Division,AFAS-stadion Achter de Kazerne,51.037184,4.486397
2024-03-04,19:45,France,Angers,Ajaccio,Ligue 2,Stade Raymond Kopa,47.460458,-0.530741
2024-03-04,20:00,England,Sheffield United,Arsenal,Premier League,Old Trafford,53.463055555556,-2.2913888888889
2024-03-04,20:00,Spain,Osasuna,Alaves,La Liga,El Sadar,42.79667,-1.63694
2024-03-04,20:15,Portugal,Famalicao,Boavista,Primeira Liga,Estádio Municipal de Famalicão,41.40139,-8.5225
2024-03-05,20:00,England,Ipswich,Bristol City,Championship,Portman Road,52.055,1.14528
2024-03-05,21:00,Spain,Real Sociedad,Paris Saint-Germain,Europa League,Anoeta,43.30139,-1.97361
2024-03-05,21:00,Germany,Bayern Munich,Lazio,Europa League,Allianz Arena,48.218775,11.624752777778
2024-03-06,19:45,England,Watford,Swansea,Championship,Brentford Community Stadium,51.49083,-0.28861
2024-03-06,21:00,Spain,Real Madrid,RB Leipzig,Europa League,Santiago Bernabéu,40.45306,-3.68835
2024-03-06,21:00(20:00UTC+0),England,Manchester City,Copenhagen,Europa League,City of Manchester Stadium,53.483055555556,-2.2002777777778
2024-03-07,18:45,Czech Republic,Sparta Prague,Liverpool,Europa League,epet ARENA,50.09972,14.41583
2024-03-07,18:45,Italy,Roma,Brighton & Hove Albion,Europa League,Stadio Olimpico,41.93389,12.45472
2024-03-07,18:45(21:45UTC+4),Denmark,Qarabağ,Bayer Leverkusen,Europa League,Aalborg Portland Park,57.052056,9.898556
2024-03-07,21:00,France,Marseille,Villarreal,Europa League,Orange Vélodrome,43.26972,5.39583
2024-03-07,21:00,Germany,SC Freiburg,West Ham United,Europa League,Europa-Park Stadion,48.0216,7.8297
2024-03-07,21:00,Italy,Milan,Slavia Prague,Europa League,San Siro,45.47806,9.12389
2024-03-07,21:00(20:00UTC+0),Portugal,Benfica,Rangers,Europa League,Estádio da Luz,38.7527,-9.1847
2024-03-08,17:00,Turkey,Galatasaray,Rizespor,Super Lig,Rams Park,41.10278,28.99056
2024-03-08,17:30,Netherlands,Fortuna Dusseldorf,Hamburg,2. Bundesliga,Fortuna Sittard Stadion,50.992069,5.843675
2024-03-08,19:00,Netherlands,Go Ahead Eagles,PSV Eindhoven,Eredivisie,De Adelaarshorst,52.260416,6.172578
2024-03-08,19:30,Germany,Stuttgart,Union Berlin,Bundesliga,MHPArena,48.79222,9.23194
2024-03-08,19:30,Italy,Parma,Brescia,Serie B,Stadio Ennio Tardini,44.795,10.33833
2024-03-08,19:45,Italy,Napoli,Torino,Serie A,Stadio Diego Armando Maradona,40.828,14.193
2024-03-08,19:45,Belgium,Mechelen,Westerlo,Belgian Pro League,AFAS-stadion Achter de Kazerne,51.037184,4.486397
2024-03-08,20:00,Spain,Barcelona,Mallorca,La Liga,Olímpic Lluís Companys,41.36472,2.15556
2024-03-08,20:00,France,Nice,Montpellier,Ligue 1,Allianz Riviera,43.70528,7.1925
2024-03-08,20:45,Portugal,Estrela,Casa Pia,Primeira Liga,Estádio José Gomes,38.75194,-9.22806
2024-03-09,10:30,Turkey,Sivasspor,Alanyaspor,Super Lig,BG Grup 4 Eylül Stadium,39.72833,36.98389
2024-03-09,12:00,Germany,Holstein Kiel,Karlsruhe,2. Bundesliga,Holstein-Stadion,54.34917,10.12361
2024-03-09,12:00,Belgium,Wehen,Hannover,2. Bundesliga,AFAS-stadion Achter de Kazerne,51.037184,4.486397
2024-03-09,12:30,England,Man United,Everton,Premier League,Old Trafford,53.463055555556,-2.2913888888889
2024-03-09,13:00,Spain,Valencia,Getafe,La Liga,Mestalla,39.47472,-0.35833
2024-03-09,13:00,Italy,Cosenza,Cittadella,Serie B,Stadio Brianteo,45.58278,9.30806
2024-03-09,13:00,Italy,Modena,FeralpiSalo,Serie B,Stadio Brianteo,45.58278,9.30806
2024-03-09,13:00,Italy,Spezia,Sudtirol,Serie B,Stadio Pier Luigi Penzo,45.4277611,12.3637306
2024-03-09,13:00,Turkey,Konyaspor,Ad. Demirspor,Super Lig,Konya Metropolitan Municipality Stadium,37.946,32.488
2024-03-09,14:00,Italy,Cagliari,Salernitana,Serie A,Unipol Domus,39.2,9.1375
2024-03-09,14:00,France,St Etienne,Auxerre,Ligue 2,Stade Geoffroy Guichard,45.46083,4.39028
2024-03-09,14:30,Germany,Augsburg,Heidenheim,Bundesliga,WWK Arena,48.32306,10.88611
2024-03-09,14:30,Germany,Bayern Munich,Mainz,Bundesliga,Allianz Arena,48.218775,11.624752777778
2024-03-09,14:30,Germany,RB Leipzig,Darmstadt,Bundesliga,Red Bull Arena,51.34583,12.34833
2024-03-09,15:00,England,Bournemouth,Sheffield United,Premier League,Dean Court,50.73528,-1.83833
2024-03-09,15:00,England,Crystal Palace,Luton,Premier League,Selhurst Park,51.39833,-0.08556
2024-03-09,15:00,England,Wolves,Fulham,Premier League,Molineux Stadium,52.59028,-2.13028
2024-03-09,15:00,Croatia,Norwich,Rotherham,Championship,ŠRC Velika Gorica,45.724,16.0732
2024-03-09,15:00,Portugal,Preston,Stoke,Championship,Estádio do Dragão,41.1618,-8.5839
2024-03-09,15:00,England,Southampton,Sunderland,Championship,St Mary's Stadium,50.90583,-1.39111
2024-03-09,15:00,England,Watford,Coventry,Championship,Brentford Community Stadium,51.49083,-0.28861
2024-03-09,15:00,Belgium,Kortrijk,Antwerp,Belgian Pro League,Guldensporen Stadion,50.830432,3.248906
2024-03-09,15:15,France,Cremonese,Como,Serie B,Roazhon Park,48.1075,-1.71278
2024-03-09,16:00,Turkey,Buyuksehyr,Antalyaspor,Super Lig,Başakşehir Fatih Terim Stadium,41.12278,28.80861
2024-03-09,16:00,Turkey,Trabzonspor,Karagumruk,Super Lig,Papara Park,40.99917,39.64583
2024-03-09,17:00,Italy,Bologna,Inter,Serie A,Stadio Renato Dall'Ara,44.49222,11.30972
2024-03-09,17:15,Belgium,Charleroi,Cercle Brugge,Belgian Pro League,Stade du Pays de Charleroi,50.414609,4.453787
2024-03-09,17:30,England,Arsenal,Brentford,Premier League,Emirates Stadium,51.55667,-0.10611
2024-03-09,17:30,Spain,Granada,Sociedad,La Liga,Montilivi,41.96139,2.82861
2024-03-09,17:30,Denmark,Mirandes,Eldense,Segunda Division,Cepheus Park Randers,56.46594,10.010262
2024-03-09,17:30,Spain,Valladolid,Zaragoza,Segunda Division,José Zorrilla,41.64444,-4.76111
2024-03-09,17:30,Germany,Werder Bremen,Dortmund,Bundesliga,Weserstadion,53.06639,8.8375
2024-03-09,17:45,Netherlands,Twente,Sparta Rotterdam,Eredivisie,De Grolsch Veste,52.23667,6.8375
2024-03-09,18:00,Portugal,Amiens,Rodez,Ligue 2,Estádio Comendador Joaquim de Almeida Freitas,41.37806,-8.35472
2024-03-09,18:00,Spain,Valenciennes,Angers,Ligue 2,Mestalla,39.47472,-0.35833
2024-03-09,18:00,Portugal,Boavista,Moreirense,Primeira Liga,Estádio do Bessa,41.16222,-8.64278
2024-03-09,18:00,Portugal,Rio Ave,Sp Braga,Primeira Liga,Estádio dos Arcos,41.36278,-8.74028
2024-03-09,19:00,Netherlands,Almere City,Utrecht,Eredivisie,Yanmar Stadion,52.3944,5.2405
2024-03-09,19:30,Germany,Magdeburg,Nurnberg,2. Bundesliga,WWK Arena,48.32306,10.88611
2024-03-09,19:45,Italy,Genoa,Monza,Serie A,Stadio Luigi Ferraris,44.41639,8.9525
2024-03-09,20:00,Spain,Girona,Osasuna,La Liga,Montilivi,41.96139,2.82861
2024-03-09,20:00,England,Cartagena,Ferrol,Segunda Division,Emirates Stadium,51.55667,-0.10611
2024-03-09,20:00,France,Lens,Brest,Ligue 1,Stade Bollaert-Delelis,50.43278,2.815
2024-03-09,20:00,Netherlands,Waalwijk,Vitesse,Eredivisie,Mandemakers Stadion,51.68694,5.08861
2024-03-09,20:30,Portugal,Guimaraes,Famalicao,Primeira Liga,Estádio D. Afonso Henriques,41.44583,-8.30111
2024-03-10,10:30,Turkey,Kayserispor,Hatayspor,Super Lig,RHG Enertürk Enerji Stadium,38.73722,35.42306
2024-03-10,11:30,Italy,Lecce,Verona,Serie A,Stadio Via del mare,40.36528,18.20889
2024-03-10,12:00,France,Paris SG,Reims,Ligue 1,Parc des Princes,48.84138888888889,2.2530555555555556
2024-03-10,12:30,England,Bristol City,Swansea,Championship,King Power Stadium,52.620277777778,-1.1422222222222
2024-03-10,12:30,Germany,St Pauli,Hertha,2. Bundesliga,Millerntor-Stadion,53.554583,9.967667
2024-03-10,12:30,Belgium,Genk,Standard,Belgian Pro League,Cegeka Arena,51.005,5.53333
2024-03-10,13:00,England,Aston Villa,Tottenham,Premier League,Villa Park,52.509166666667,-1.8847222222222
2024-03-10,13:00,Spain,Alaves,Vallecano,La Liga,Mendizorrotza,42.8371111,-2.6880444
2024-03-10,13:00,Denmark,Santander,Tenerife,Segunda Division,Cepheus Park Randers,56.46594,10.010262
2024-03-10,13:00,Turkey,Istanbulspor,Kasimpasa,Super Lig,Samsun 19 Mayıs Stadium,41.22778,36.4575
2024-03-10,13:00,Turkey,Samsunspor,Ankaragucu,Super Lig,Samsun 19 Mayıs Stadium,41.22778,36.4575
2024-03-10,13:30,Netherlands,Ajax,For Sittard,Eredivisie,Johan Cruyff Arena,52.31417,4.94194
2024-03-10,13:30,Netherlands,Zwolle,Volendam,Eredivisie,MAC³PARK Stadion,52.51722,6.12083
2024-03-10,14:00,England,Brighton,Nott'm Forest,Premier League,Falmer Stadium,50.861822222222,-0.083277777777778
2024-03-10,14:00,England,West Ham,Burnley,Premier League,London Stadium,51.5386,-0.0164
2024-03-10,14:00,Italy,Milan,Empoli,Serie A,San Siro,45.47806,9.12389
2024-03-10,14:00,France,Le Havre,Toulouse,Ligue 1,Stade Océane,49.49889,0.16972
2024-03-10,14:00,France,Strasbourg,Monaco,Ligue 1,Stade de la Meinau,48.56,7.755
2024-03-10,14:30,Germany,Bochum,Freiburg,Bundesliga,Vonovia Ruhrstadion,51.49,7.23667
2024-03-10,15:00,Belgium,Club Brugge,Oud-Heverlee Leuven,Belgian Pro League,Jan Breydel Stadium,51.19333,3.18056
2024-03-10,15:00,Greece,Lamia,AEK,Super League Greece,Lamia Municipal Stadium,38.91,22.43111
2024-03-10,15:15,Spain,Las Palmas,Ath Bilbao,La Liga,Gran Canaria,28.10028,-15.45667
2024-03-10,15:15,Spain,Levante,Sp Gijon,Segunda Division,Municipal de Butarque,40.3404,-3.7607
2024-03-10,15:15,Spain,Villarreal B,Elche,Segunda Division,La Cerámica,39.94417,-0.10361
2024-03-10,15:15,Italy,Lecco,Palermo,Serie B,Stadio Via del mare,40.36528,18.20889
2024-03-10,15:15,Italy,Venezia,Bari,Serie B,Stadio Pier Luigi Penzo,45.4277611,12.3637306
2024-03-10,15:45,England,Liverpool,Man City,Premier League,Anfield,53.4308,-2.9608
2024-03-10,16:00,Turkey,Fenerbahce,Pendikspor,Super Lig,Ülker Stadium,40.98778,29.03694
2024-03-10,16:05,France,Lille,Rennes,Ligue 1,Decathlon Arena Pierre Mauroy Stadium,50.6119,3.1304
2024-03-10,16:30,Germany,Ein Frankfurt,Hoffenheim,Bundesliga,Deutsche Bank Park,50.068056,8.645806
2024-03-10,17:00,Italy,Juventus,Atalanta,Serie A,Juventus Stadium,45.10944,7.64111
2024-03-10,17:30,Spain,Real Madrid,Celta,La Liga,Santiago Bernabéu,40.45306,-3.68835
2024-03-10,18:00,Portugal,Arouca,Sp Lisbon,Primeira Liga,Estádio Municipal de Arouca,40.933,-8.2503
2024-03-10,18:30,Germany,Leverkusen,Wolfsburg,Bundesliga,BayArena,51.03833,7.00222
2024-03-10,18:30,Greece,Olympiakos,Panathinaikos,Super League Greece,Karaiskakis Stadium,37.94611,23.66444
2024-03-10,19:00,Netherlands,Feyenoord,Heracles,Eredivisie,De Kuip,51.89389,4.52306
2024-03-10,19:00,Greece,PAOK,Aris,Super League Greece,Toumba Stadium,40.61389,22.9725
2024-03-10,19:45,Italy,Fiorentina,Roma,Serie A,Stadio Artemio Franchi,43.78083,11.28222
2024-03-10,19:45,France,Marseille,Nantes,Ligue 1,Orange Vélodrome,43.26972,5.39583
2024-03-10,20:00,Spain,Betis,Villarreal,La Liga,Benito Villamarín,37.35639,-5.98139
2024-03-10,20:00,Spain,Alcorcon,Espanol,Segunda Division,Mallorca Son Moix,39.59,2.63
2024-03-10,20:30,Portugal,Benfica,Estoril,Primeira Liga,Estádio da Luz,38.7527,-9.1847
2024-03-11,17:30,Turkey,Gaziantep,Besiktas,Super Lig,Gaziantep Stadium,37.12389,37.3825
2024-03-11,19:30,Portugal,Amorebieta,Leganes,Segunda Division,Estádio Comendador Joaquim de Almeida Freitas,41.37806,-8.35472
2024-03-11,19:30,Turkey,Sampdoria,Ascoli,Serie B,Samsun 19 Mayıs Stadium,41.22778,36.4575
2024-03-11,19:45,Italy,Lazio,Udinese,Serie A,Stadio Olimpico,41.93389,12.45472
2024-03-11,19:45,Italy,Grenoble,Laval,Ligue 2,Stadio Luigi Ferraris,44.41639,8.9525
2024-03-11,20:00,England,Chelsea,Newcastle,Premier League,Stamford Bridge,51.481666666667,-0.19111111111111
2024-03-11,20:00,Spain,Almeria,Sevilla,La Liga,Mestalla,39.47472,-0.35833
2024-03-11,20:15,Portugal,Gil Vicente,Chaves,Primeira Liga,Estádio Cidade de Barcelos,41.551,-8.623
2024-03-12,21:00,Spain,Barcelona,Napoli,Europa League,Olímpic Lluís Companys,41.36472,2.15556
2024-03-12,21:00(20:00UTC+0),England,Arsenal,Porto,Europa League,Emirates Stadium,51.55667,-0.10611
2024-03-13,18:00,Spain,Levante,Andorra,Segunda Division,Municipal de Butarque,40.3404,-3.7607
2024-03-13,19:30,England,Bournemouth,Luton,Premier League,Dean Court,50.73528,-1.83833
2024-03-13,21:00,Spain,Atlético Madrid,Inter Milan,Europa League,Metropolitano,40.43611,-3.59944
2024-03-13,21:00,Germany,Borussia Dortmund,PSV Eindhoven,Europa League,Signal Iduna Park,51.4925,7.45167
2024-03-14,18:45,Spain,Villarreal,Marseille,Europa League,La Cerámica,39.94417,-0.10361
2024-03-14,18:45,Czech Republic,Slavia Prague,Milan,Europa League,Fortuna Arena,50.0675,14.47167
2024-03-14,18:45(17:45UTC+0),France,Rangers,Benfica,Europa League,Stade Raymond Kopa,47.460458,-0.530741
2024-03-14,18:45(17:45UTC+0),England,West Ham United,SC Freiburg,Europa League,London Stadium,51.5386,-0.0164
2024-03-14,21:00,Italy,Atalanta,Sporting CP,Europa League,Gewiss Stadium,45.70889,9.68083
2024-03-14,21:00,Germany,Bayer Leverkusen,Qarabağ,Europa League,BayArena,51.03833,7.00222
2024-03-14,21:00(20:00UTC+0),England,Liverpool,Sparta Prague,Europa League,Anfield,53.4308,-2.9608
2024-03-14,21:00(20:00UTC+0),England,Brighton & Hove Albion,Roma,Europa League,Falmer Stadium,50.861822222222,-0.083277777777778
2024-03-15,19:00,Netherlands,Heracles,Go Ahead Eagles,Eredivisie,Asito Stadion[3],52.33889,6.65056
2024-03-15,19:30,France,Eldense,Cartagena,Segunda Division,Stade Bollaert-Delelis,50.43278,2.815
2024-03-15,19:30,Italy,Palermo,Venezia,Serie B,Stadio Ennio Tardini,44.795,10.33833
2024-03-15,19:45,Italy,Empoli,Bologna,Serie A,Stadio Carlo Castellani - Computer Gross Arena,43.72639,10.955
2024-03-15,20:00,Spain,Sociedad,Cadiz,La Liga,Anoeta,43.30139,-1.97361
2024-03-15,20:00,France,Toulouse,Lyon,Ligue 1,Stadium de Toulouse,43.58306,1.43417
2024-03-15,20:15,Portugal,Estoril,Portimonense,Primeira Liga,Estádio António Coimbra da Mota,38.71583,-9.40639
2024-03-16,10:30,Turkey,Alanyaspor,Kayserispor,Super Lig,Alanya Oba Stadium,36.5626,32.0792
2024-03-16,13:00,Spain,Mallorca,Granada,La Liga,Mallorca Son Moix,39.59,2.63
2024-03-16,13:00,France,Brescia,Catanzaro,Serie B,Stade Francis-Le Blé,48.402932,-4.461694
2024-03-16,13:00,Italy,Como,Pisa,Serie B,Stadio Giuseppe Sinigaglia,45.81389,9.07222
2024-03-16,13:00,Netherlands,FeralpiSalo,Parma,Serie B,Asito Stadion[3],52.33889,6.65056
2024-03-16,13:00,Austria,Sudtirol,Cremonese,Serie B,Tivoli Stadion Tirol,47.25583,11.41083
2024-03-16,14:00,Italy,Monza,Cagliari,Serie A,Stadio Brianteo,45.58278,9.30806
2024-03-16,14:00,Italy,Udinese,Torino,Serie A,Stadio Friuli,46.0816,13.2001
2024-03-16,14:00,France,Auxerre,Caen,Ligue 2,Stade Abbé Deschamps,47.7867528,3.5886639
2024-03-16,14:30,Germany,Heidenheim,M'gladbach,Bundesliga,Voith-Arena,48.66861,10.13944
2024-03-16,14:30,Germany,Mainz,Bochum,Bundesliga,Mewa Arena,49.98417,8.22417
2024-03-16,14:30,Germany,Union Berlin,Werder Bremen,Bundesliga,Stadion An der Alten Försterei,52.45722,13.56806
2024-03-16,14:30,Germany,Wolfsburg,Augsburg,Bundesliga,Volkswagen Arena,52.43278,10.80389
2024-03-16,15:00,England,Ipswich,Sheffield Weds,Championship,Portman Road,52.055,1.14528
2024-03-16,15:00,Belgium,West Brom,Bristol City,Championship,Het Kuipje,51.094817,4.928806
2024-03-16,15:00,Greece,Asteras Tripolis,Volos NFC,Super League Greece,Theodoros Kolokotronis Stadium,37.5025,22.38861
2024-03-16,15:15,Spain,Osasuna,Real Madrid,La Liga,El Sadar,42.79667,-1.63694
2024-03-16,15:15,Greece,Bari,Sampdoria,Serie B,Kleanthis Vikelidis Stadium,40.6,22.96944
2024-03-16,15:30,Portugal,Famalicao,Estrela,Primeira Liga,Estádio Municipal de Famalicão,41.40139,-8.5225
2024-03-16,16:00,France,Nantes,Strasbourg,Ligue 1,Stade de la Beaujoire,47.256,-1.525
2024-03-16,17:15,Belgium,Standard,Eupen,Belgian Pro League,Stade Maurice Dufrasne,50.61,5.54333
2024-03-16,17:30,England,Fulham,Tottenham,Premier League,Craven Cottage,51.475,-0.22166666666667
2024-03-16,17:30,Spain,Getafe,Girona,La Liga,Coliseum,40.32556,-3.71472
2024-03-16,17:30,Germany,Hoffenheim,Stuttgart,Bundesliga,PreZero Arena,49.23806,8.8875
2024-03-16,17:30,Turkey,Ad. Demirspor,Sivasspor,Super Lig,New Adana Stadium,37.06333,35.375
2024-03-16,17:30,Turkey,Besiktas,Antalyaspor,Super Lig,Tüpraş Stadium,41.03917,28.99472
2024-03-16,17:30,Greece,Atromitos,Giannina,Super League Greece,Peristeri Stadium,38.00472,23.68972
2024-03-16,17:45,Netherlands,For Sittard,Zwolle,Eredivisie,Fortuna Sittard Stadion,50.992069,5.843675
2024-03-16,18:00,France,Angers,Amiens,Ligue 2,Stade Raymond Kopa,47.460458,-0.530741
2024-03-16,18:00,Netherlands,Annecy,Bordeaux,Ligue 2,Goffertstadion,51.8225,5.83667
2024-03-16,18:00,Portugal,Bastia,St Etienne,Ligue 2,Estádio do Bessa,41.16222,-8.64278
2024-03-16,18:00,Greece,Laval,Dunkerque,Ligue 2,Lamia Municipal Stadium,38.91,22.43111
2024-03-16,18:00,Greece,Paris FC,Ajaccio,Ligue 2,Kleanthis Vikelidis Stadium,40.6,22.96944
2024-03-16,18:00,Portugal,Farense,Rio Ave,Primeira Liga,Estádio de São Luís,37.022861,-7.928444
2024-03-16,18:00,Portugal,Sp Braga,Gil Vicente,Primeira Liga,Estádio Municipal de Braga,41.5625,-8.43
2024-03-16,18:00,Greece,Panetolikos,Panserraikos,Super League Greece,Panetolikos Stadium,38.63,21.41167
2024-03-16,19:45,Belgium,Anderlecht,Kortrijk,Belgian Pro League,Lotto Park,50.83417,4.29833
2024-03-16,20:00,Spain,Ath Bilbao,Alaves,La Liga,San Mamés,43.2643,-2.9504
2024-03-16,20:00,France,Lens,Nice,Ligue 1,Stade Bollaert-Delelis,50.43278,2.815
2024-03-16,20:30,Portugal,Porto,Vizela,Primeira Liga,Estádio do Dragão,41.1618,-8.5839
2024-03-17,10:30,Turkey,Rizespor,Gaziantep,Super Lig,Rize City Stadium,41.04202,40.5733
2024-03-17,11:30,Italy,Juventus,Genoa,Serie A,Juventus Stadium,45.10944,7.64111
2024-03-17,12:00,France,Brest,Lille,Ligue 1,Stade Francis-Le Blé,48.402932,-4.461694
2024-03-17,12:30,Belgium,St Truiden,Club Brugge,Belgian Pro League,Stayen,50.813474,5.166256
2024-03-17,13:00,Spain,Sevilla,Celta,La Liga,Ramón Sánchez-Pizjuán,37.384,-5.9705
2024-03-17,13:00,Spain,Leganes,Mirandes,Segunda Division,Municipal de Butarque,40.3404,-3.7607
2024-03-17,13:00,Turkey,Hatayspor,Samsunspor,Super Lig,Mersin Stadium[note 1],36.82056,34.53861
2024-03-17,13:30,Netherlands,Heerenveen,Feyenoord,Eredivisie,Abe Lenstra Stadion,52.95861,5.93611
2024-03-17,13:30,Netherlands,Utrecht,Nijmegen,Eredivisie,Stadion Galgenwaard,52.07833,5.14583
2024-03-17,14:00,England,West Ham,Aston Villa,Premier League,London Stadium,51.5386,-0.0164
2024-03-17,14:00,Italy,Verona,Milan,Serie A,Stadio Marcantonio Bentegodi,45.43528,10.96861
2024-03-17,14:00,France,Monaco,Lorient,Ligue 1,Stade Louis II,43.7275,7.41556
2024-03-17,14:00,France,Reims,Metz,Ligue 1,Stade Auguste Delaune,49.24667,4.025
2024-03-17,14:30,Germany,Freiburg,Leverkusen,Bundesliga,Europa-Park Stadion,48.0216,7.8297
2024-03-17,15:00,Belgium,Antwerp,St. Gilloise,Belgian Pro League,Bosuilstadion,51.2325,4.47222
2024-03-17,15:15,Spain,Las Palmas,Almeria,La Liga,Gran Canaria,28.10028,-15.45667
2024-03-17,15:15,Spain,Villarreal,Valencia,La Liga,La Cerámica,39.94417,-0.10361
2024-03-17,15:15,Italy,Ascoli,Lecco,Serie B,Stadio Diego Armando Maradona,40.828,14.193
2024-03-17,15:30,Portugal,Chaves,Guimaraes,Primeira Liga,Estádio do CD Aves,41.366932,-8.411789
2024-03-17,15:30,Portugal,Moreirense,Arouca,Primeira Liga,Estádio Comendador Joaquim de Almeida Freitas,41.37806,-8.35472
2024-03-17,15:45,Netherlands,Sparta Rotterdam,Ajax,Eredivisie,Spartastadion Het Kasteel,51.919485,4.433619
2024-03-17,16:05,France,Rennes,Marseille,Ligue 1,Roazhon Park,48.1075,-1.71278
2024-03-17,16:30,Germany,Dortmund,Ein Frankfurt,Bundesliga,Signal Iduna Park,51.4925,7.45167
2024-03-17,17:00,Italy,Roma,Sassuolo,Serie A,Stadio Olimpico,41.93389,12.45472
2024-03-17,17:30,Spain,Vallecano,Betis,La Liga,Vallecas,40.39194,-3.65889
2024-03-17,17:30,Belgium,Elche,Albacete,Segunda Division,AFAS-stadion Achter de Kazerne,51.037184,4.486397
2024-03-17,17:30,Portugal,Zaragoza,Espanol,Segunda Division,Estádio Municipal de Braga,41.5625,-8.43
2024-03-17,17:30,Belgium,Cercle Brugge,RWD Molenbeek,Belgian Pro League,Jan Breydel Stadium,51.19333,3.18056
2024-03-17,17:30,Belgium,Gent,Charleroi,Belgian Pro League,Planet Group Arena,51.01611,3.73417
2024-03-17,17:30,Belgium,Oud-Heverlee Leuven,Mechelen,Belgian Pro League,Den Dreef,50.86833,4.69417
2024-03-17,17:30,Belgium,Westerlo,Genk,Belgian Pro League,Het Kuipje,51.094817,4.928806
2024-03-17,17:30,Turkey,Trabzonspor,Fenerbahce,Super Lig,Papara Park,40.99917,39.64583
2024-03-17,18:00,Portugal,Casa Pia,Benfica,Primeira Liga,Estádio Municipal de Rio Maior[A],39.34444,-8.93528
2024-03-17,19:00,Netherlands,PSV Eindhoven,Twente,Eredivisie,Philips Stadion,51.44167,5.4675
2024-03-17,19:45,France,Montpellier,Paris SG,Ligue 1,Stade de la Mosson,43.62222,3.81194
2024-03-17,20:00,Spain,Ath Madrid,Barcelona,La Liga,Santiago Bernabéu,40.45306,-3.68835
2024-03-23,15:15,Spain,Alcorcon,Oviedo,Segunda Division,Mallorca Son Moix,39.59,2.63
2024-03-23,17:30,England,Cartagena,Andorra,Segunda Division,Emirates Stadium,51.55667,-0.10611
2024-03-23,17:30,Spain,Villarreal B,Leganes,Segunda Division,La Cerámica,39.94417,-0.10361
2024-03-23,20:00,Spain,Espanol,Tenerife,Segunda Division,RCDE Stadium,41.34778,2.07556
2024-03-24,13:00,Portugal,Amorebieta,Sp Gijon,Segunda Division,Estádio Comendador Joaquim de Almeida Freitas,41.37806,-8.35472
2024-03-24,15:15,Spain,Valladolid,Eibar,Segunda Division,José Zorrilla,41.64444,-4.76111
2024-03-24,17:30,Spain,Levante,Elche,Segunda Division,Municipal de Butarque,40.3404,-3.7607
2024-03-24,17:30,Denmark,Mirandes,Zaragoza,Segunda Division,Cepheus Park Randers,56.46594,10.010262
2024-03-24,20:00,Denmark,Santander,Eldense,Segunda Division,Cepheus Park Randers,56.46594,10.010262
2024-03-29,12:30,England,Bristol City,Leicester,Championship,King Power Stadium,52.620277777778,-1.1422222222222
2024-03-29,15:00,Croatia,Norwich,Plymouth,Championship,ŠRC Velika Gorica,45.724,16.0732
2024-03-29,15:00,Portugal,Preston,Rotherham,Championship,Estádio do Dragão,41.1618,-8.5839
2024-03-29,15:00,England,Southampton,Middlesbrough,Championship,St Mary's Stadium,50.90583,-1.39111
2024-03-29,15:30,Portugal,Gil Vicente,Famalicao,Primeira Liga,Estádio Cidade de Barcelos,41.551,-8.623
2024-03-29,18:00,Portugal,Benfica,Chaves,Primeira Liga,Estádio da Luz,38.7527,-9.1847
2024-03-29,19:45,Belgium,Gent,Standard,Belgian Pro League,Planet Group Arena,51.01611,3.73417
2024-03-29,20:00,England,Watford,Leeds,Championship,Brentford Community Stadium,51.49083,-0.28861
2024-03-29,20:00,France,Lille,Lens,Ligue 1,Decathlon Arena Pierre Mauroy Stadium,50.6119,3.1304
2024-03-29,20:30,Portugal,Estrela,Sp Lisbon,Primeira Liga,Estádio José Gomes,38.75194,-9.22806
2024-03-30,11:30,Italy,Napoli,Atalanta,Serie A,Stadio Diego Armando Maradona,40.828,14.193
2024-03-30,12:00,Germany,Holstein Kiel,Hansa Rostock,2. Bundesliga,Holstein-Stadion,54.34917,10.12361
2024-03-30,12:30,England,Newcastle,West Ham,Premier League,St James' Park,54.975555555556,-1.6216666666667
2024-03-30,13:00,Spain,Getafe,Sevilla,La Liga,Coliseum,40.32556,-3.71472
2024-03-30,13:00,Spain,Valladolid,Levante,Segunda Division,José Zorrilla,41.64444,-4.76111
2024-03-30,13:00,Greece,Panserraikos,Asteras Tripolis,Super League Greece,Serres Municipal Stadium,41.0847,23.5466
2024-03-30,14:00,Italy,Genoa,Frosinone,Serie A,Stadio Luigi Ferraris,44.41639,8.9525
2024-03-30,14:00,Italy,Torino,Monza,Serie A,Stadio Olimpico Grande Torino,45.04167,7.65
2024-03-30,14:00,Spain,Valenciennes,St Etienne,Ligue 2,Mestalla,39.47472,-0.35833
2024-03-30,14:30,Germany,Ein Frankfurt,Union Berlin,Bundesliga,Deutsche Bank Park,50.068056,8.645806
2024-03-30,14:30,Germany,Leverkusen,Hoffenheim,Bundesliga,BayArena,51.03833,7.00222
2024-03-30,14:30,Germany,RB Leipzig,Mainz,Bundesliga,Red Bull Arena,51.34583,12.34833
2024-03-30,14:30,Germany,Werder Bremen,Wolfsburg,Bundesliga,Weserstadion,53.06639,8.8375
2024-03-30,15:00,England,Bournemouth,Everton,Premier League,Dean Court,50.73528,-1.83833
2024-03-30,15:00,England,Chelsea,Burnley,Premier League,Stamford Bridge,51.481666666667,-0.19111111111111
2024-03-30,15:00,England,Nott'm Forest,Crystal Palace,Premier League,City Ground,52.94,-1.13278
2024-03-30,15:00,England,Sheffield United,Fulham,Premier League,Old Trafford,53.463055555556,-2.2913888888889
2024-03-30,15:00,England,Tottenham,Luton,Premier League,Tottenham Hotspur Stadium,51.6044,-0.0664
2024-03-30,15:15,Spain,Almeria,Osasuna,La Liga,Mestalla,39.47472,-0.35833
2024-03-30,15:15,Spain,Leganes,Cartagena,Segunda Division,Municipal de Butarque,40.3404,-3.7607
2024-03-30,15:30,Portugal,Arouca,Farense,Primeira Liga,Estádio Municipal de Arouca,40.933,-8.2503
2024-03-30,15:30,Portugal,Guimaraes,Moreirense,Primeira Liga,Estádio D. Afonso Henriques,41.44583,-8.30111
2024-03-30,15:30,Greece,Volos NFC,Kifisia,Super League Greece,Panthessaliko Stadium,39.3875,22.93111
2024-03-30,17:00,Italy,Lazio,Juventus,Serie A,Stadio Olimpico,41.93389,12.45472
2024-03-30,17:15,Belgium,Oud-Heverlee Leuven,Mechelen,Belgian Pro League,Den Dreef,50.86833,4.69417
2024-03-30,17:30,England,Aston Villa,Wolves,Premier League,Villa Park,52.509166666667,-1.8847222222222
2024-03-30,17:30,Spain,Valencia,Mallorca,La Liga,Mestalla,39.47472,-0.35833
2024-03-30,17:30,Germany,Bayern Munich,Dortmund,Bundesliga,Allianz Arena,48.218775,11.624752777778
2024-03-30,17:45,Netherlands,Sparta Rotterdam,For Sittard,Eredivisie,Spartastadion Het Kasteel,51.919485,4.433619
2024-03-30,18:00,Portugal,Amiens,Pau FC,Ligue 2,Estádio Comendador Joaquim de Almeida Freitas,41.37806,-8.35472
2024-03-30,18:00,Italy,Grenoble,Guingamp,Ligue 2,Stadio Luigi Ferraris,44.41639,8.9525
2024-03-30,18:00,Greece,Laval,Bastia,Ligue 2,Lamia Municipal Stadium,38.91,22.43111
2024-03-30,18:00,Portugal,Boavista,Rio Ave,Primeira Liga,Estádio do Bessa,41.16222,-8.64278
2024-03-30,19:00,Netherlands,Go Ahead Eagles,Excelsior,Eredivisie,De Adelaarshorst,52.260416,6.172578
2024-03-30,19:00,Netherlands,Waalwijk,Heerenveen,Eredivisie,Mandemakers Stadion,51.68694,5.08861
2024-03-30,19:45,Italy,Fiorentina,Milan,Serie A,Stadio Artemio Franchi,43.78083,11.28222
2024-03-30,19:45,Belgium,Anderlecht,Antwerp,Belgian Pro League,Lotto Park,50.83417,4.29833
2024-03-30,20:00,England,Brentford,Man United,Premier League,Brentford Community Stadium,51.49083,-0.28861
2024-03-30,20:00,Spain,Barcelona,Las Palmas,La Liga,Olímpic Lluís Companys,41.36472,2.15556
2024-03-30,20:00,France,Lyon,Reims,Ligue 1,Groupama Stadium,45.765224,4.982131
2024-03-30,20:30,Portugal,Estoril,Porto,Primeira Liga,Estádio António Coimbra da Mota,38.71583,-9.40639
2024-03-31,11:15,Netherlands,Zwolle,Ajax,Eredivisie,MAC³PARK Stadion,52.51722,6.12083
2024-03-31,12:30,Germany,Magdeburg,Hannover,2. Bundesliga,WWK Arena,48.32306,10.88611
2024-03-31,12:30,Germany,St Pauli,Paderborn,2. Bundesliga,Millerntor-Stadion,53.554583,9.967667
2024-03-31,12:30,Belgium,Wehen,Osnabruck,2. Bundesliga,AFAS-stadion Achter de Kazerne,51.037184,4.486397
2024-03-31,13:00,Spain,Celta,Vallecano,La Liga,Balaídos,42.2118,-8.7397
2024-03-31,13:00,Spain,Alcorcon,Amorebieta,Segunda Division,Mallorca Son Moix,39.59,2.63
2024-03-31,13:30,Netherlands,Feyenoord,Utrecht,Eredivisie,De Kuip,51.89389,4.52306
2024-03-31,13:30,Netherlands,Twente,Heracles,Eredivisie,De Grolsch Veste,52.23667,6.8375
2024-03-31,14:00,England,Liverpool,Brighton,Premier League,Anfield,53.4308,-2.9608
2024-03-31,14:00,France,Le Havre,Montpellier,Ligue 1,Stade Océane,49.49889,0.16972
2024-03-31,14:00,France,Nice,Nantes,Ligue 1,Allianz Riviera,43.70528,7.1925
2024-03-31,14:30,Germany,Augsburg,FC Koln,Bundesliga,WWK Arena,48.32306,10.88611
2024-03-31,15:15,Spain,Girona,Betis,La Liga,Montilivi,41.96139,2.82861
2024-03-31,15:15,Portugal,Zaragoza,Tenerife,Segunda Division,Estádio Municipal de Braga,41.5625,-8.43
2024-03-31,15:45,Netherlands,Almere City,Volendam,Eredivisie,Yanmar Stadion,52.3944,5.2405
2024-03-31,16:00,Greece,Panathinaikos,PAOK,Super League Greece,Athens Olympic Stadium,38.03606806,23.7876
2024-03-31,16:05,France,Strasbourg,Rennes,Ligue 1,Stade de la Meinau,48.56,7.755
2024-03-31,16:30,England,Man City,Arsenal,Premier League,City of Manchester Stadium,53.483055555556,-2.2002777777778
2024-03-31,16:30,Germany,Stuttgart,Heidenheim,Bundesliga,MHPArena,48.79222,9.23194
2024-03-31,17:30,Spain,Alaves,Sociedad,La Liga,Mendizorrotza,42.8371111,-2.6880444
2024-03-31,17:30,Belgium,St Truiden,Westerlo,Belgian Pro League,Stayen,50.813474,5.166256
2024-03-31,18:30,Germany,Bochum,Darmstadt,Bundesliga,Vonovia Ruhrstadion,51.49,7.23667
2024-03-31,18:30,Greece,Aris,Lamia,Super League Greece,Kleanthis Vikelidis Stadium,40.6,22.96944
2024-03-31,19:45,France,Marseille,Paris SG,Ligue 1,Orange Vélodrome,43.26972,5.39583
2024-03-31,20:00,Spain,Real Madrid,Ath Bilbao,La Liga,Santiago Bernabéu,40.45306,-3.68835
2024-04-01,11:30,Italy,Bologna,Salernitana,Serie A,Stadio Renato Dall'Ara,44.49222,11.30972
2024-04-01,11:30,Italy,Modena,Bari,Serie B,Stadio Brianteo,45.58278,9.30806
2024-04-01,12:30,England,Leicester,Norwich,Championship,King Power Stadium,52.620277777778,-1.1422222222222
2024-04-01,12:30,Belgium,Cercle Brugge,Club Brugge,Belgian Pro League,Jan Breydel Stadium,51.19333,3.18056
2024-04-01,14:00,Italy,Cagliari,Verona,Serie A,Unipol Domus,39.2,9.1375
2024-04-01,14:00,Italy,Como,Sudtirol,Serie B,Stadio Giuseppe Sinigaglia,45.81389,9.07222
2024-04-01,14:00,Italy,Cosenza,Brescia,Serie B,Stadio Brianteo,45.58278,9.30806
2024-04-01,14:00,Italy,Lecco,Cittadella,Serie B,Stadio Via del mare,40.36528,18.20889
2024-04-01,14:00,Italy,Parma,Catanzaro,Serie B,Stadio Ennio Tardini,44.795,10.33833
2024-04-01,14:00,Italy,Spezia,Ascoli,Serie B,Stadio Pier Luigi Penzo,45.4277611,12.3637306
2024-04-01,14:00,Italy,Venezia,Reggiana,Serie B,Stadio Pier Luigi Penzo,45.4277611,12.3637306
2024-04-01,15:00,Belgium,West Brom,Watford,Championship,Het Kuipje,51.094817,4.928806
2024-04-01,17:00,Italy,Lecce,Roma,Serie A,Stadio Via del mare,40.36528,18.20889
2024-04-01,17:00,France,Cremonese,FeralpiSalo,Serie B,Roazhon Park,48.1075,-1.71278
2024-04-01,17:30,England,Ipswich,Southampton,Championship,Portman Road,52.055,1.14528
2024-04-01,17:30,Belgium,Genk,St. Gilloise,Belgian Pro League,Cegeka Arena,51.005,5.53333
2024-04-01,19:30,Turkey,Sampdoria,Ternana,Serie B,Samsun 19 Mayıs Stadium,41.22778,36.4575
2024-04-01,20:00,Spain,Villarreal,Ath Madrid,La Liga,La Cerámica,39.94417,-0.10361
2024-04-02,15:00,Turkey,Istanbulspor,Rizespor,Super Lig,Samsun 19 Mayıs Stadium,41.22778,36.4575
2024-04-02,18:30,Turkey,Antalyaspor,Ankaragucu,Super Lig,Corendon Airlines Park,36.888278,30.668444
2024-04-02,18:30,Turkey,Galatasaray,Hatayspor,Super Lig,Rams Park,41.10278,28.99056
2024-04-02,18:30,Turkey,Gaziantep,Alanyaspor,Super Lig,Gaziantep Stadium,37.12389,37.3825
2024-04-02,19:30,England,Newcastle,Everton,Premier League,St James' Park,54.975555555556,-1.6216666666667
2024-04-02,19:30,England,Nott'm Forest,Fulham,Premier League,City Ground,52.94,-1.13278
2024-04-02,19:45,England,Bournemouth,Crystal Palace,Premier League,Dean Court,50.73528,-1.83833
2024-04-02,20:00,Netherlands,For Sittard,Nijmegen,Eredivisie,Fortuna Sittard Stadion,50.992069,5.843675
2024-04-02,20:15,England,West Ham,Tottenham,Premier League,London Stadium,51.5386,-0.0164
2024-04-03,15:00,Turkey,Sivasspor,Karagumruk,Super Lig,BG Grup 4 Eylül Stadium,39.72833,36.98389
2024-04-03,17:00,Greece,Olympiakos,Aris,Super League Greece,Karaiskakis Stadium,37.94611,23.66444
2024-04-03,17:30,Greece,PAOK,Lamia,Super League Greece,Toumba Stadium,40.61389,22.9725
2024-04-03,17:45,Netherlands,Heracles,AZ Alkmaar,Eredivisie,Asito Stadion[3],52.33889,6.65056
2024-04-03,18:30,Turkey,Fenerbahce,Ad. Demirspor,Super Lig,Ülker Stadium,40.98778,29.03694
2024-04-03,18:30,Turkey,Kayserispor,Kasimpasa,Super Lig,RHG Enertürk Enerji Stadium,38.73722,35.42306
2024-04-03,18:30,Turkey,Konyaspor,Trabzonspor,Super Lig,Konya Metropolitan Municipality Stadium,37.946,32.488
2024-04-03,19:00,Netherlands,Utrecht,Zwolle,Eredivisie,Stadion Galgenwaard,52.07833,5.14583
2024-04-03,19:00,Greece,Panathinaikos,AEK,Super League Greece,Athens Olympic Stadium,38.03606806,23.7876
2024-04-03,19:30,England,Arsenal,Luton,Premier League,Emirates Stadium,51.55667,-0.10611
2024-04-03,19:30,England,Brentford,Brighton,Premier League,Brentford Community Stadium,51.49083,-0.28861
2024-04-03,20:00,Netherlands,Heerenveen,Twente,Eredivisie,Abe Lenstra Stadion,52.95861,5.93611
2024-04-03,20:15,England,Man City,Aston Villa,Premier League,City of Manchester Stadium,53.483055555556,-2.2002777777778
2024-04-04,18:30,Turkey,Buyuksehyr,Besiktas,Super Lig,Başakşehir Fatih Terim Stadium,41.12278,28.80861
2024-04-04,18:30,Turkey,Samsunspor,Pendikspor,Super Lig,Samsun 19 Mayıs Stadium,41.22778,36.4575
2024-04-04,19:00,Spain,Granada,Valencia,La Liga,Montilivi,41.96139,2.82861
2024-04-04,19:00,Netherlands,Waalwijk,Almere City,Eredivisie,Mandemakers Stadion,51.68694,5.08861
2024-04-04,19:30,England,Liverpool,Sheffield United,Premier League,Anfield,53.4308,-2.9608
2024-04-04,20:00,Netherlands,Ajax,Go Ahead Eagles,Eredivisie,Johan Cruyff Arena,52.31417,4.94194
2024-04-04,20:15,England,Chelsea,Man United,Premier League,Stamford Bridge,51.481666666667,-0.19111111111111
2024-04-05,19:30,Portugal,Amorebieta,Ferrol,Segunda Division,Estádio Comendador Joaquim de Almeida Freitas,41.37806,-8.35472
2024-04-05,19:30,Belgium,Elche,Oviedo,Segunda Division,AFAS-stadion Achter de Kazerne,51.037184,4.486397
2024-04-05,19:30,Germany,Ein Frankfurt,Werder Bremen,Bundesliga,Deutsche Bank Park,50.068056,8.645806
2024-04-05,19:30,Greece,Bari,Cremonese,Serie B,Kleanthis Vikelidis Stadium,40.6,22.96944
2024-04-05,19:45,Belgium,Mechelen,St Truiden,Belgian Pro League,AFAS-stadion Achter de Kazerne,51.037184,4.486397
2024-04-05,20:00,France,Lille,Marseille,Ligue 1,Decathlon Arena Pierre Mauroy Stadium,50.6119,3.1304
2024-04-05,20:15,Portugal,Farense,Boavista,Primeira Liga,Estádio de São Luís,37.022861,-7.928444
2024-04-06,12:30,England,Crystal Palace,Man City,Premier League,Selhurst Park,51.39833,-0.08556
2024-04-06,12:30,Croatia,Norwich,Ipswich,Championship,ŠRC Velika Gorica,45.724,16.0732
2024-04-06,13:00,France,Brescia,Pisa,Serie B,Stade Francis-Le Blé,48.402932,-4.461694
2024-04-06,13:00,Netherlands,FeralpiSalo,Cosenza,Serie B,Asito Stadion[3],52.33889,6.65056
2024-04-06,13:00,Italy,Spezia,Lecco,Serie B,Stadio Pier Luigi Penzo,45.4277611,12.3637306
2024-04-06,13:00,Austria,Sudtirol,Parma,Serie B,Tivoli Stadion Tirol,47.25583,11.41083
2024-04-06,14:00,Italy,Milan,Lecce,Serie A,San Siro,45.47806,9.12389
2024-04-06,14:00,France,St Etienne,Concarneau,Ligue 2,Stade Geoffroy Guichard,45.46083,4.39028
2024-04-06,14:30,Germany,Freiburg,RB Leipzig,Bundesliga,Europa-Park Stadion,48.0216,7.8297
2024-04-06,14:30,Germany,Heidenheim,Bayern Munich,Bundesliga,Voith-Arena,48.66861,10.13944
2024-04-06,14:30,Germany,Mainz,Darmstadt,Bundesliga,Mewa Arena,49.98417,8.22417
2024-04-06,14:30,Germany,Union Berlin,Leverkusen,Bundesliga,Stadion An der Alten Försterei,52.45722,13.56806
2024-04-06,15:00,England,Aston Villa,Brentford,Premier League,Villa Park,52.509166666667,-1.8847222222222
2024-04-06,15:00,England,Everton,Burnley,Premier League,Goodison Park,53.438888888889,-2.9663888888889
2024-04-06,15:00,England,Fulham,Newcastle,Premier League,Craven Cottage,51.475,-0.22166666666667
2024-04-06,15:00,England,Wolves,West Ham,Premier League,Molineux Stadium,52.59028,-2.13028
2024-04-06,15:00,England,Leicester,Birmingham,Championship,King Power Stadium,52.620277777778,-1.1422222222222
2024-04-06,15:00,England,Watford,Preston,Championship,Brentford Community Stadium,51.49083,-0.28861
2024-04-06,15:00,Belgium,Charleroi,RWD Molenbeek,Belgian Pro League,Stade du Pays de Charleroi,50.414609,4.453787
2024-04-06,15:00,Greece,Atromitos,Panserraikos,Super League Greece,Peristeri Stadium,38.00472,23.68972
2024-04-06,15:15,France,Eldense,Andorra,Segunda Division,Stade Bollaert-Delelis,50.43278,2.815
2024-04-06,15:15,Italy,Palermo,Sampdoria,Serie B,Stadio Ennio Tardini,44.795,10.33833
2024-04-06,15:30,Netherlands,Sparta Rotterdam,Heracles,Eredivisie,Spartastadion Het Kasteel,51.919485,4.433619
2024-04-06,15:30,Portugal,Famalicao,Vizela,Primeira Liga,Estádio Municipal de Famalicão,41.40139,-8.5225
2024-04-06,15:30,Portugal,Rio Ave,Gil Vicente,Primeira Liga,Estádio dos Arcos,41.36278,-8.74028
2024-04-06,16:00,France,Lens,Le Havre,Ligue 1,Stade Bollaert-Delelis,50.43278,2.815
2024-04-06,17:00,Italy,Roma,Lazio,Serie A,Stadio Olimpico,41.93389,12.45472
2024-04-06,17:15,Belgium,Standard,Oud-Heverlee Leuven,Belgian Pro League,Stade Maurice Dufrasne,50.61,5.54333
2024-04-06,17:30,England,Brighton,Arsenal,Premier League,Falmer Stadium,50.861822222222,-0.083277777777778
2024-04-06,17:30,Spain,Levante,Zaragoza,Segunda Division,Municipal de Butarque,40.3404,-3.7607
2024-04-06,17:30,Germany,Dortmund,Stuttgart,Bundesliga,Signal Iduna Park,51.4925,7.45167
2024-04-06,17:30,Greece,Asteras Tripolis,Kifisia,Super League Greece,Theodoros Kolokotronis Stadium,37.5025,22.38861
2024-04-06,17:30,Greece,Panetolikos,Volos NFC,Super League Greece,Panetolikos Stadium,38.63,21.41167
2024-04-06,17:45,Netherlands,PSV Eindhoven,AZ Alkmaar,Eredivisie,Philips Stadion,51.44167,5.4675
2024-04-06,18:00,France,Angers,Laval,Ligue 2,Stade Raymond Kopa,47.460458,-0.530741
2024-04-06,18:00,Netherlands,Annecy,Valenciennes,Ligue 2,Goffertstadion,51.8225,5.83667
2024-04-06,18:00,Portugal,Bastia,Dunkerque,Ligue 2,Estádio do Bessa,41.16222,-8.64278
2024-04-06,18:00,Greece,Paris FC,Grenoble,Ligue 2,Kleanthis Vikelidis Stadium,40.6,22.96944
2024-04-06,18:00,Portugal,Sp Braga,Arouca,Primeira Liga,Estádio Municipal de Braga,41.5625,-8.43
2024-04-06,19:00,Netherlands,Zwolle,Excelsior,Eredivisie,MAC³PARK Stadion,52.51722,6.12083
2024-04-06,19:45,Italy,Empoli,Torino,Serie A,Stadio Carlo Castellani - Computer Gross Arena,43.72639,10.955
2024-04-06,19:45,Belgium,Antwerp,Genk,Belgian Pro League,Bosuilstadion,51.2325,4.47222
2024-04-06,20:00,France,Paris SG,Clermont,Ligue 1,Parc des Princes,48.84138888888889,2.2530555555555556
2024-04-06,20:00,Netherlands,Twente,For Sittard,Eredivisie,De Grolsch Veste,52.23667,6.8375
2024-04-07,12:00,France,Brest,Metz,Ligue 1,Stade Francis-Le Blé,48.402932,-4.461694
2024-04-07,12:30,Netherlands,Fortuna Dusseldorf,Braunschweig,2. Bundesliga,Fortuna Sittard Stadion,50.992069,5.843675
2024-04-07,13:30,Netherlands,Feyenoord,Ajax,Eredivisie,De Kuip,51.89389,4.52306
2024-04-07,13:30,Netherlands,Go Ahead Eagles,Almere City,Eredivisie,De Adelaarshorst,52.260416,6.172578
2024-04-07,14:00,Italy,Monza,Napoli,Serie A,Stadio Brianteo,45.58278,9.30806
2024-04-07,14:00,France,Montpellier,Lorient,Ligue 1,Stade de la Mosson,43.62222,3.81194
2024-04-07,14:00,France,Reims,Nice,Ligue 1,Stade Auguste Delaune,49.24667,4.025
2024-04-07,14:00,France,Toulouse,Strasbourg,Ligue 1,Stadium de Toulouse,43.58306,1.43417
2024-04-07,14:30,Germany,Hoffenheim,Augsburg,Bundesliga,PreZero Arena,49.23806,8.8875
2024-04-07,15:00,Greece,Lamia,Olympiakos,Super League Greece,Lamia Municipal Stadium,38.91,22.43111
2024-04-07,15:15,Denmark,Mirandes,Sp Gijon,Segunda Division,Cepheus Park Randers,56.46594,10.010262
2024-04-07,15:15,Spain,Villarreal B,Burgos,Segunda Division,La Cerámica,39.94417,-0.10361
2024-04-07,15:15,Italy,Ascoli,Venezia,Serie B,Stadio Diego Armando Maradona,40.828,14.193
2024-04-07,15:30,England,Man United,Liverpool,Premier League,Old Trafford,53.463055555556,-2.2913888888889
2024-04-07,15:30,Portugal,Chaves,Portimonense,Primeira Liga,Estádio do CD Aves,41.366932,-8.411789
2024-04-07,16:05,France,Monaco,Rennes,Ligue 1,Stade Louis II,43.7275,7.41556
2024-04-07,16:30,Germany,Wolfsburg,M'gladbach,Bundesliga,Volkswagen Arena,52.43278,10.80389
2024-04-07,17:00,Italy,Cagliari,Atalanta,Serie A,Unipol Domus,39.2,9.1375
2024-04-07,17:00,Italy,Verona,Genoa,Serie A,Stadio Marcantonio Bentegodi,45.43528,10.96861
2024-04-07,17:30,England,Sheffield United,Chelsea,Premier League,Old Trafford,53.463055555556,-2.2913888888889
2024-04-07,17:30,Spain,Espanol,Albacete,Segunda Division,RCDE Stadium,41.34778,2.07556
2024-04-07,17:30,Belgium,Club Brugge,Anderlecht,Belgian Pro League,Jan Breydel Stadium,51.19333,3.18056
2024-04-07,17:30,Greece,Aris,Panathinaikos,Super League Greece,Kleanthis Vikelidis Stadium,40.6,22.96944
2024-04-07,18:00,England,Tottenham,Nott'm Forest,Premier League,Tottenham Hotspur Stadium,51.6044,-0.0664
2024-04-07,18:00,Portugal,Moreirense,Estrela,Primeira Liga,Estádio Comendador Joaquim de Almeida Freitas,41.37806,-8.35472
2024-04-07,18:15,Belgium,Westerlo,Gent,Belgian Pro League,Het Kuipje,51.094817,4.928806
2024-04-07,19:00,Netherlands,Heerenveen,Utrecht,Eredivisie,Abe Lenstra Stadion,52.95861,5.93611
2024-04-07,19:45,Italy,Juventus,Fiorentina,Serie A,Juventus Stadium,45.10944,7.64111
2024-04-07,19:45,France,Nantes,Lyon,Ligue 1,Stade de la Beaujoire,47.256,-1.525
2024-04-07,20:00,England,Cartagena,Valladolid,Segunda Division,Emirates Stadium,51.55667,-0.10611
2024-04-07,20:30,Portugal,Porto,Guimaraes,Primeira Liga,Estádio do Dragão,41.1618,-8.5839
2024-04-08,19:30,Denmark,Santander,Alcorcon,Segunda Division,Cepheus Park Randers,56.46594,10.010262
2024-04-08,19:45,Italy,Udinese,Inter,Serie A,Stadio Friuli,46.0816,13.2001
2024-04-08,19:45,France,Auxerre,Troyes,Ligue 2,Stade Abbé Deschamps,47.7867528,3.5886639
2024-04-08,20:15,Portugal,Casa Pia,Estoril,Primeira Liga,Estádio Municipal de Rio Maior[A],39.34444,-8.93528
2024-04-09,19:45,Portugal,Preston,Huddersfield,Championship,Estádio do Dragão,41.1618,-8.5839
2024-04-09,19:45,England,Southampton,Coventry,Championship,St Mary's Stadium,50.90583,-1.39111
2024-04-09,21:00,Spain,Real Madrid,Manchester City,Europa League,Santiago Bernabéu,40.45306,-3.68835
2024-04-09,21:00(20:00UTC+1),England,Arsenal,Bayern Munich,Europa League,Emirates Stadium,51.55667,-0.10611
2024-04-10,19:45,England,Bristol City,Blackburn,Championship,King Power Stadium,52.620277777778,-1.1422222222222
2024-04-10,19:45,England,Ipswich,Watford,Championship,Portman Road,52.055,1.14528
2024-04-10,20:00,Belgium,West Brom,Rotherham,Championship,Het Kuipje,51.094817,4.928806
2024-04-10,21:00,Spain,Atlético Madrid,Borussia Dortmund,Europa League,Metropolitano,40.43611,-3.59944
2024-04-10,21:00,France,Paris Saint-Germain,Barcelona,Europa League,Parc des Princes,48.84138888888889,2.2530555555555556
2024-04-11,21:00,Italy,Milan,Roma,Europa League,San Siro,45.47806,9.12389
2024-04-11,21:00,Germany,Bayer Leverkusen,West Ham United,Europa League,BayArena,51.03833,7.00222
2024-04-11,21:00(20:00UTC+1),England,Liverpool,Atalanta,Europa League,Anfield,53.4308,-2.9608
2024-04-11,21:00(20:00UTC+1),Portugal,Benfica,Marseille,Europa League,Estádio da Luz,38.7527,-9.1847
2024-04-12,18:00,Turkey,Trabzonspor,Sivasspor,Super Lig,Papara Park,40.99917,39.64583
2024-04-12,19:30,Spain,Leganes,Espanol,Segunda Division,Municipal de Butarque,40.3404,-3.7607
2024-04-12,19:30,Germany,Augsburg,Union Berlin,Bundesliga,WWK Arena,48.32306,10.88611
2024-04-12,19:30,Italy,Modena,Catanzaro,Serie B,Stadio Brianteo,45.58278,9.30806
2024-04-12,19:45,Italy,Lazio,Salernitana,Serie A,Stadio Olimpico,41.93389,12.45472
2024-04-12,19:45,Belgium,St Truiden,Standard,Belgian Pro League,Stayen,50.813474,5.166256
2024-04-12,20:00,Spain,Betis,Celta,La Liga,Benito Villamarín,37.35639,-5.98139
2024-04-12,20:15,Portugal,Gil Vicente,Sp Lisbon,Primeira Liga,Estádio Cidade de Barcelos,41.551,-8.623
2024-04-13,12:00,Germany,Holstein Kiel,Osnabruck,2. Bundesliga,Holstein-Stadion,54.34917,10.12361
2024-04-13,12:00,Belgium,Wehen,Fortuna Dusseldorf,2. Bundesliga,AFAS-stadion Achter de Kazerne,51.037184,4.486397
2024-04-13,12:30,England,Newcastle,Tottenham,Premier League,St James' Park,54.975555555556,-1.6216666666667
2024-04-13,13:00,Spain,Ath Madrid,Girona,La Liga,Santiago Bernabéu,40.45306,-3.68835
2024-04-13,13:00,Italy,Como,Bari,Serie B,Stadio Giuseppe Sinigaglia,45.81389,9.07222
2024-04-13,13:00,France,Cremonese,Ternana,Serie B,Roazhon Park,48.1075,-1.71278
2024-04-13,13:00,Turkey,Sampdoria,Sudtirol,Serie B,Samsun 19 Mayıs Stadium,41.22778,36.4575
2024-04-13,13:00,Greece,Panserraikos,OFI Crete,Super League Greece,Serres Municipal Stadium,41.0847,23.5466
2024-04-13,14:00,Italy,Lecce,Empoli,Serie A,Stadio Via del mare,40.36528,18.20889
2024-04-13,14:30,Germany,Bayern Munich,FC Koln,Bundesliga,Allianz Arena,48.218775,11.624752777778
2024-04-13,14:30,Germany,Bochum,Heidenheim,Bundesliga,Vonovia Ruhrstadion,51.49,7.23667
2024-04-13,14:30,Germany,Mainz,Hoffenheim,Bundesliga,Mewa Arena,49.98417,8.22417
2024-04-13,14:30,Germany,RB Leipzig,Wolfsburg,Bundesliga,Red Bull Arena,51.34583,12.34833
2024-04-13,15:00,England,Brentford,Sheffield United,Premier League,Brentford Community Stadium,51.49083,-0.28861
2024-04-13,15:00,England,Man City,Luton,Premier League,City of Manchester Stadium,53.483055555556,-2.2002777777778
2024-04-13,15:00,England,Nott'm Forest,Wolves,Premier League,City Ground,52.94,-1.13278
2024-04-13,15:00,England,Bristol City,Huddersfield,Championship,King Power Stadium,52.620277777778,-1.1422222222222
2024-04-13,15:00,England,Ipswich,Middlesbrough,Championship,Portman Road,52.055,1.14528
2024-04-13,15:00,Portugal,Preston,Norwich,Championship,Estádio do Dragão,41.1618,-8.5839
2024-04-13,15:00,England,Southampton,Watford,Championship,St Mary's Stadium,50.90583,-1.39111
2024-04-13,15:00,Belgium,West Brom,Sunderland,Championship,Het Kuipje,51.094817,4.928806
2024-04-13,15:15,Spain,Vallecano,Getafe,La Liga,Vallecas,40.39194,-3.65889
2024-04-13,15:15,Italy,Cosenza,Palermo,Serie B,Stadio Brianteo,45.58278,9.30806
2024-04-13,15:15,Italy,Lecco,Reggiana,Serie B,Stadio Via del mare,40.36528,18.20889
2024-04-13,15:15,Italy,Parma,Spezia,Serie B,Stadio Ennio Tardini,44.795,10.33833
2024-04-13,15:30,Netherlands,PSV Eindhoven,Vitesse,Eredivisie,Philips Stadion,51.44167,5.4675
2024-04-13,15:30,Portugal,Guimaraes,Farense,Primeira Liga,Estádio D. Afonso Henriques,41.44583,-8.30111
2024-04-13,15:30,Greece,Volos NFC,Atromitos,Super League Greece,Panthessaliko Stadium,39.3875,22.93111
2024-04-13,16:00,France,Strasbourg,Reims,Ligue 1,Stade de la Meinau,48.56,7.755
2024-04-13,17:00,Italy,Torino,Juventus,Serie A,Stadio Olimpico Grande Torino,45.04167,7.65
2024-04-13,17:00,Turkey,Ad. Demirspor,Kayserispor,Super Lig,New Adana Stadium,37.06333,35.375
2024-04-13,17:00,Turkey,Besiktas,Samsunspor,Super Lig,Tüpraş Stadium,41.03917,28.99472
2024-04-13,17:15,Belgium,Mechelen,Westerlo,Belgian Pro League,AFAS-stadion Achter de Kazerne,51.037184,4.486397
2024-04-13,17:30,England,Bournemouth,Man United,Premier League,Dean Court,50.73528,-1.83833
2024-04-13,17:30,Spain,Mallorca,Real Madrid,La Liga,Mallorca Son Moix,39.59,2.63
2024-04-13,17:30,Spain,Valladolid,Eldense,Segunda Division,José Zorrilla,41.64444,-4.76111
2024-04-13,17:30,Germany,Stuttgart,Ein Frankfurt,Bundesliga,MHPArena,48.79222,9.23194
2024-04-13,18:00,Greece,Laval,Annecy,Ligue 2,Lamia Municipal Stadium,38.91,22.43111
2024-04-13,18:00,Spain,Valenciennes,Pau FC,Ligue 2,Mestalla,39.47472,-0.35833
2024-04-13,18:00,Portugal,Porto,Famalicao,Primeira Liga,Estádio do Dragão,41.1618,-8.5839
2024-04-13,19:45,Italy,Bologna,Monza,Serie A,Stadio Renato Dall'Ara,44.49222,11.30972
2024-04-13,19:45,Belgium,Genk,Cercle Brugge,Belgian Pro League,Cegeka Arena,51.005,5.53333
2024-04-13,20:00,Spain,Levante,Amorebieta,Segunda Division,Municipal de Butarque,40.3404,-3.7607
2024-04-13,20:00,France,Rennes,Toulouse,Ligue 1,Roazhon Park,48.1075,-1.71278
2024-04-13,20:00,Netherlands,Almere City,Sparta Rotterdam,Eredivisie,Yanmar Stadion,52.3944,5.2405
2024-04-13,20:30,Portugal,Estoril,Sp Braga,Primeira Liga,Estádio António Coimbra da Mota,38.71583,-9.40639
2024-04-14,11:15,Netherlands,Heracles,Heerenveen,Eredivisie,Asito Stadion[3],52.33889,6.65056
2024-04-14,11:30,Italy,Napoli,Frosinone,Serie A,Stadio Diego Armando Maradona,40.828,14.193
2024-04-14,12:00,France,Le Havre,Nantes,Ligue 1,Stade Océane,49.49889,0.16972
2024-04-14,12:30,Germany,Magdeburg,Hamburg,2. Bundesliga,WWK Arena,48.32306,10.88611
2024-04-14,12:30,Germany,St Pauli,Elversberg,2. Bundesliga,Millerntor-Stadion,53.554583,9.967667
2024-04-14,12:30,Belgium,Club Brugge,Antwerp,Belgian Pro League,Jan Breydel Stadium,51.19333,3.18056
2024-04-14,13:00,Spain,Las Palmas,Sevilla,La Liga,Gran Canaria,28.10028,-15.45667
2024-04-14,13:30,Netherlands,For Sittard,Feyenoord,Eredivisie,Fortuna Sittard Stadion,50.992069,5.843675
2024-04-14,13:30,Netherlands,Utrecht,Go Ahead Eagles,Eredivisie,Stadion Galgenwaard,52.07833,5.14583
2024-04-14,14:00,England,Liverpool,Crystal Palace,Premier League,Anfield,53.4308,-2.9608
2024-04-14,14:00,England,West Ham,Fulham,Premier League,London Stadium,51.5386,-0.0164
2024-04-14,14:00,Turkey,Hatayspor,Istanbulspor,Super Lig,Mersin Stadium[note 1],36.82056,34.53861
2024-04-14,14:00,Turkey,Rizespor,Antalyaspor,Super Lig,Rize City Stadium,41.04202,40.5733
2024-04-14,15:00,Belgium,Kortrijk,Charleroi,Belgian Pro League,Guldensporen Stadion,50.830432,3.248906
2024-04-14,15:00,Greece,Panathinaikos,Lamia,Super League Greece,Athens Olympic Stadium,38.03606806,23.7876
2024-04-14,15:15,Spain,Granada,Alaves,La Liga,Montilivi,41.96139,2.82861
2024-04-14,15:15,Italy,Venezia,Brescia,Serie B,Stadio Pier Luigi Penzo,45.4277611,12.3637306
2024-04-14,15:30,Portugal,Estrela,Rio Ave,Primeira Liga,Estádio José Gomes,38.75194,-9.22806
2024-04-14,15:45,Netherlands,Ajax,Twente,Eredivisie,Johan Cruyff Arena,52.31417,4.94194
2024-04-14,16:30,England,Arsenal,Aston Villa,Premier League,Emirates Stadium,51.55667,-0.10611
2024-04-14,16:30,Germany,Leverkusen,Werder Bremen,Bundesliga,BayArena,51.03833,7.00222
2024-04-14,17:30,Spain,Ath Bilbao,Villarreal,La Liga,San Mamés,43.2643,-2.9504
2024-04-14,17:30,Portugal,Zaragoza,Elche,Segunda Division,Estádio Municipal de Braga,41.5625,-8.43
2024-04-14,17:30,Belgium,Anderlecht,St. Gilloise,Belgian Pro League,Lotto Park,50.83417,4.29833
2024-04-14,18:00,Portugal,Arouca,Boavista,Primeira Liga,Estádio Municipal de Arouca,40.933,-8.2503
2024-04-14,18:15,Belgium,Oud-Heverlee Leuven,Gent,Belgian Pro League,Den Dreef,50.86833,4.69417
2024-04-14,19:45,France,Lyon,Brest,Ligue 1,Groupama Stadium,45.765224,4.982131
2024-04-14,20:00,Spain,Sociedad,Almeria,La Liga,Anoeta,43.30139,-1.97361
2024-04-14,20:30,Portugal,Benfica,Moreirense,Primeira Liga,Estádio da Luz,38.7527,-9.1847
2024-04-15,17:30,Italy,Fiorentina,Genoa,Serie A,Stadio Artemio Franchi,43.78083,11.28222
2024-04-15,18:00,Turkey,Alanyaspor,Galatasaray,Super Lig,Alanya Oba Stadium,36.5626,32.0792
2024-04-15,19:30,Spain,Alcorcon,Villarreal B,Segunda Division,Mallorca Son Moix,39.59,2.63
2024-04-15,19:45,Italy,Atalanta,Verona,Serie A,Gewiss Stadium,45.70889,9.68083
2024-04-15,19:45,Italy,Grenoble,Angers,Ligue 2,Stadio Luigi Ferraris,44.41639,8.9525
2024-04-15,20:00,England,Chelsea,Everton,Premier League,Stamford Bridge,51.481666666667,-0.19111111111111
2024-04-15,20:00,Spain,Osasuna,Valencia,La Liga,El Sadar,42.79667,-1.63694
2024-04-16,20:00,England,Southampton,Preston,Championship,St Mary's Stadium,50.90583,-1.39111
2024-04-16,20:15,Portugal,Famalicao,Sp Lisbon,Primeira Liga,Estádio Municipal de Famalicão,41.40139,-8.5225
2024-04-16,21:00,Germany,Borussia Dortmund,Atlético Madrid,Europa League,Signal Iduna Park,51.4925,7.45167
2024-04-16,21:00,Spain,Barcelona,Paris Saint-Germain,Europa League,Olímpic Lluís Companys,41.36472,2.15556
2024-04-17,21:00,Germany,Bayern Munich,Arsenal,Europa League,Allianz Arena,48.218775,11.624752777778
2024-04-17,21:00(20:00UTC+1),England,Manchester City,Real Madrid,Europa League,City of Manchester Stadium,53.483055555556,-2.2002777777778
2024-04-18,21:00,Italy,Roma,Milan,Europa League,Stadio Olimpico,41.93389,12.45472
2024-04-18,21:00,Italy,Atalanta,Liverpool,Europa League,Gewiss Stadium,45.70889,9.68083
2024-04-18,21:00,France,Marseille,Benfica,Europa League,Orange Vélodrome,43.26972,5.39583
2024-04-18,21:00(20:00UTC+1),England,West Ham United,Bayer Leverkusen,Europa League,London Stadium,51.5386,-0.0164
2024-04-19,17:30,Italy,Genoa,Lazio,Serie A,Stadio Luigi Ferraris,44.41639,8.9525
2024-04-19,18:00,Turkey,Besiktas,Ankaragucu,Super Lig,Tüpraş Stadium,41.03917,28.99472
2024-04-19,19:30,Germany,Ein Frankfurt,Augsburg,Bundesliga,Deutsche Bank Park,50.068056,8.645806
2024-04-19,19:30,Italy,Palermo,Parma,Serie B,Stadio Ennio Tardini,44.795,10.33833
2024-04-19,19:45,Italy,Cagliari,Juventus,Serie A,Unipol Domus,39.2,9.1375
2024-04-19,20:00,Spain,Ath Bilbao,Granada,La Liga,San Mamés,43.2643,-2.9504
2024-04-19,20:00,France,Nice,Lorient,Ligue 1,Allianz Riviera,43.70528,7.1925
2024-04-19,20:15,Portugal,Rio Ave,Arouca,Primeira Liga,Estádio dos Arcos,41.36278,-8.74028
2024-04-20,11:30,Turkey,Istanbulspor,Karagumruk,Super Lig,Samsun 19 Mayıs Stadium,41.22778,36.4575
2024-04-20,12:00,Netherlands,Fortuna Dusseldorf,Greuther Furth,2. Bundesliga,Fortuna Sittard Stadion,50.992069,5.843675
2024-04-20,12:30,England,Leicester,West Brom,Championship,King Power Stadium,52.620277777778,-1.1422222222222
2024-04-20,13:00,Spain,Celta,Las Palmas,La Liga,Balaídos,42.2118,-8.7397
2024-04-20,13:00,Portugal,Amorebieta,Valladolid,Segunda Division,Estádio Comendador Joaquim de Almeida Freitas,41.37806,-8.35472
2024-04-20,13:00,Italy,Ascoli,Modena,Serie B,Stadio Diego Armando Maradona,40.828,14.193
2024-04-20,13:00,Greece,Bari,Pisa,Serie B,Kleanthis Vikelidis Stadium,40.6,22.96944
2024-04-20,13:00,France,Brescia,Ternana,Serie B,Stade Francis-Le Blé,48.402932,-4.461694
2024-04-20,13:00,Netherlands,FeralpiSalo,Como,Serie B,Asito Stadion[3],52.33889,6.65056
2024-04-20,14:00,Turkey,Konyaspor,Alanyaspor,Super Lig,Konya Metropolitan Municipality Stadium,37.946,32.488
2024-04-20,14:30,Germany,Heidenheim,RB Leipzig,Bundesliga,Voith-Arena,48.66861,10.13944
2024-04-20,14:30,Germany,Hoffenheim,M'gladbach,Bundesliga,PreZero Arena,49.23806,8.8875
2024-04-20,14:30,Germany,Wolfsburg,Bochum,Bundesliga,Volkswagen Arena,52.43278,10.80389
2024-04-20,15:00,England,Sheffield United,Burnley,Premier League,Old Trafford,53.463055555556,-2.2913888888889
2024-04-20,15:00,Croatia,Norwich,Bristol City,Championship,ŠRC Velika Gorica,45.724,16.0732
2024-04-20,15:00,England,Watford,Hull,Championship,Brentford Community Stadium,51.49083,-0.28861
2024-04-20,15:00,Belgium,Oud-Heverlee Leuven,St Truiden,Belgian Pro League,Den Dreef,50.86833,4.69417
2024-04-20,15:15,Spain,Vallecano,Osasuna,La Liga,Vallecas,40.39194,-3.65889
2024-04-20,15:15,Denmark,Santander,Levante,Segunda Division,Cepheus Park Randers,56.46594,10.010262
2024-04-20,15:15,Spain,Villarreal B,Ferrol,Segunda Division,La Cerámica,39.94417,-0.10361
2024-04-20,15:15,Italy,Lecco,Venezia,Serie B,Stadio Via del mare,40.36528,18.20889
2024-04-20,15:15,Italy,Spezia,Sampdoria,Serie B,Stadio Pier Luigi Penzo,45.4277611,12.3637306
2024-04-20,15:15,Austria,Sudtirol,Cittadella,Serie B,Tivoli Stadion Tirol,47.25583,11.41083
2024-04-20,15:30,Portugal,Moreirense,Gil Vicente,Primeira Liga,Estádio Comendador Joaquim de Almeida Freitas,41.37806,-8.35472
2024-04-20,16:00,France,Nantes,Rennes,Ligue 1,Stade de la Beaujoire,47.256,-1.525
2024-04-20,17:00,Italy,Empoli,Napoli,Serie A,Stadio Carlo Castellani - Computer Gross Arena,43.72639,10.955
2024-04-20,17:00,Turkey,Kayserispor,Trabzonspor,Super Lig,RHG Enertürk Enerji Stadium,38.73722,35.42306
2024-04-20,17:00,Turkey,Samsunspor,Ad. Demirspor,Super Lig,Samsun 19 Mayıs Stadium,41.22778,36.4575
2024-04-20,17:15,Belgium,Westerlo,Standard,Belgian Pro League,Het Kuipje,51.094817,4.928806
2024-04-20,17:30,Spain,Valencia,Betis,La Liga,Mestalla,39.47472,-0.35833
2024-04-20,17:30,Belgium,Elche,Sp Gijon,Segunda Division,AFAS-stadion Achter de Kazerne,51.037184,4.486397
2024-04-20,17:30,Germany,Union Berlin,Bayern Munich,Bundesliga,Stadion An der Alten Försterei,52.45722,13.56806
2024-04-20,17:30,Greece,Asteras Tripolis,Panetolikos,Super League Greece,Theodoros Kolokotronis Stadium,37.5025,22.38861
2024-04-20,17:30,Greece,Atromitos,Kifisia,Super League Greece,Peristeri Stadium,38.00472,23.68972
2024-04-20,18:00,Portugal,Amiens,Dunkerque,Ligue 2,Estádio Comendador Joaquim de Almeida Freitas,41.37806,-8.35472
2024-04-20,18:00,France,Angers,Troyes,Ligue 2,Stade Raymond Kopa,47.460458,-0.530741
2024-04-20,18:00,Netherlands,Annecy,Grenoble,Ligue 2,Goffertstadion,51.8225,5.83667
2024-04-20,18:00,Greece,Paris FC,Valenciennes,Ligue 2,Kleanthis Vikelidis Stadium,40.6,22.96944
2024-04-20,18:00,France,St Etienne,Bordeaux,Ligue 2,Stade Geoffroy Guichard,45.46083,4.39028
2024-04-20,18:00,Portugal,Boavista,Estrela,Primeira Liga,Estádio do Bessa,41.16222,-8.64278
2024-04-20,19:00,Belgium,Gent,Mechelen,Belgian Pro League,Planet Group Arena,51.01611,3.73417
2024-04-20,19:30,England,Wolves,Arsenal,Premier League,Molineux Stadium,52.59028,-2.13028
2024-04-20,19:45,Italy,Verona,Udinese,Serie A,Stadio Marcantonio Bentegodi,45.43528,10.96861
2024-04-20,19:45,Belgium,Genk,Anderlecht,Belgian Pro League,Cegeka Arena,51.005,5.53333
2024-04-20,20:00,Spain,Girona,Cadiz,La Liga,Montilivi,41.96139,2.82861
2024-04-20,20:00,France,Lens,Clermont,Ligue 1,Stade Bollaert-Delelis,50.43278,2.815
2024-04-20,20:30,Portugal,Sp Braga,Vizela,Primeira Liga,Estádio Municipal de Braga,41.5625,-8.43
2024-04-21,11:30,Turkey,Buyuksehyr,Rizespor,Super Lig,Başakşehir Fatih Terim Stadium,41.12278,28.80861
2024-04-21,12:30,Belgium,Cercle Brugge,Antwerp,Belgian Pro League,Jan Breydel Stadium,51.19333,3.18056
2024-04-21,13:00,Spain,Getafe,Sociedad,La Liga,Coliseum,40.32556,-3.71472
2024-04-21,13:00,Spain,Espanol,Andorra,Segunda Division,RCDE Stadium,41.34778,2.07556
2024-04-21,13:00,Greece,Panserraikos,Giannina,Super League Greece,Serres Municipal Stadium,41.0847,23.5466
2024-04-21,13:30,England,Everton,Nott'm Forest,Premier League,Goodison Park,53.438888888889,-2.9663888888889
2024-04-21,14:00,Italy,Torino,Frosinone,Serie A,Stadio Olimpico Grande Torino,45.04167,7.65
2024-04-21,14:00,France,Le Havre,Metz,Ligue 1,Stade Océane,49.49889,0.16972
2024-04-21,14:00,France,Lille,Strasbourg,Ligue 1,Decathlon Arena Pierre Mauroy Stadium,50.6119,3.1304
2024-04-21,14:00,France,Reims,Montpellier,Ligue 1,Stade Auguste Delaune,49.24667,4.025
2024-04-21,14:30,Germany,Werder Bremen,Stuttgart,Bundesliga,Weserstadion,53.06639,8.8375
2024-04-21,15:00,England,Aston Villa,Bournemouth,Premier League,Villa Park,52.509166666667,-1.8847222222222
2024-04-21,15:00,England,Crystal Palace,West Ham,Premier League,Selhurst Park,51.39833,-0.08556
2024-04-21,15:00,Belgium,Kortrijk,RWD Molenbeek,Belgian Pro League,Guldensporen Stadion,50.830432,3.248906
2024-04-21,15:00,Greece,Lamia,Panathinaikos,Super League Greece,Lamia Municipal Stadium,38.91,22.43111
2024-04-21,15:15,Spain,Almeria,Villarreal,La Liga,Mestalla,39.47472,-0.35833
2024-04-21,15:15,France,Eldense,Albacete,Segunda Division,Stade Bollaert-Delelis,50.43278,2.815
2024-04-21,15:30,Portugal,Chaves,Estoril,Primeira Liga,Estádio do CD Aves,41.366932,-8.411789
2024-04-21,15:30,Portugal,Famalicao,Portimonense,Primeira Liga,Estádio Municipal de Famalicão,41.40139,-8.5225
2024-04-21,16:05,France,Brest,Monaco,Ligue 1,Stade Francis-Le Blé,48.402932,-4.461694
2024-04-21,16:30,England,Fulham,Liverpool,Premier League,Craven Cottage,51.475,-0.22166666666667
2024-04-21,16:30,Germany,Dortmund,Leverkusen,Bundesliga,Signal Iduna Park,51.4925,7.45167
2024-04-21,17:00,Turkey,Antalyaspor,Hatayspor,Super Lig,Corendon Airlines Park,36.888278,30.668444
2024-04-21,17:00,Turkey,Galatasaray,Pendikspor,Super Lig,Rams Park,41.10278,28.99056
2024-04-21,17:00,Turkey,Gaziantep,Kasimpasa,Super Lig,Gaziantep Stadium,37.12389,37.3825
2024-04-21,17:30,Spain,Alaves,Ath Madrid,La Liga,Mendizorrotza,42.8371111,-2.6880444
2024-04-21,17:30,Denmark,Mirandes,Burgos,Segunda Division,Cepheus Park Randers,56.46594,10.010262
2024-04-21,17:30,Greece,Aris,AEK,Super League Greece,Kleanthis Vikelidis Stadium,40.6,22.96944
2024-04-21,18:00,France,Toulouse,Marseille,Ligue 1,Stadium de Toulouse,43.58306,1.43417
2024-04-21,18:00,Portugal,Casa Pia,Porto,Primeira Liga,Estádio Municipal de Rio Maior[A],39.34444,-8.93528
2024-04-21,18:15,Belgium,Charleroi,Eupen,Belgian Pro League,Stade du Pays de Charleroi,50.414609,4.453787
2024-04-21,18:30,Germany,Freiburg,Mainz,Bundesliga,Europa-Park Stadion,48.0216,7.8297
2024-04-21,18:30,Greece,Olympiakos,PAOK,Super League Greece,Karaiskakis Stadium,37.94611,23.66444
2024-04-21,19:45,Italy,Monza,Atalanta,Serie A,Stadio Brianteo,45.58278,9.30806
2024-04-21,20:00,Spain,Real Madrid,Barcelona,La Liga,Santiago Bernabéu,40.45306,-3.68835
2024-04-21,20:00,France,Paris SG,Lyon,Ligue 1,Parc des Princes,48.84138888888889,2.2530555555555556
2024-04-22,17:30,Italy,Roma,Bologna,Serie A,Stadio Olimpico,41.93389,12.45472
2024-04-22,18:00,Turkey,Sivasspor,Fenerbahce,Super Lig,BG Grup 4 Eylül Stadium,39.72833,36.98389
2024-04-22,19:30,England,Cartagena,Oviedo,Segunda Division,Emirates Stadium,51.55667,-0.10611
2024-04-22,19:45,Italy,Milan,Inter,Serie A,San Siro,45.47806,9.12389
2024-04-22,20:00,Spain,Sevilla,Mallorca,La Liga,Ramón Sánchez-Pizjuán,37.384,-5.9705
2024-04-22,20:15,Portugal,Farense,Benfica,Primeira Liga,Estádio de São Luís,37.022861,-7.928444
2024-04-23,19:30,Belgium,St Truiden,Gent,Belgian Pro League,Stayen,50.813474,5.166256
2024-04-23,19:30,Belgium,Standard,Mechelen,Belgian Pro League,Stade Maurice Dufrasne,50.61,5.54333
2024-04-23,19:30,Belgium,Westerlo,Oud-Heverlee Leuven,Belgian Pro League,Het Kuipje,51.094817,4.928806
2024-04-23,19:45,France,Auxerre,Laval,Ligue 2,Stade Abbé Deschamps,47.7867528,3.5886639
2024-04-23,19:45,Portugal,Bastia,Concarneau,Ligue 2,Estádio do Bessa,41.16222,-8.64278
2024-04-23,19:45,Italy,Grenoble,St Etienne,Ligue 2,Stadio Luigi Ferraris,44.41639,8.9525
2024-04-23,19:45,Spain,Valenciennes,Ajaccio,Ligue 2,Mestalla,39.47472,-0.35833
2024-04-23,20:00,England,Arsenal,Chelsea,Premier League,Emirates Stadium,51.55667,-0.10611
2024-04-23,20:00,England,Leicester,Southampton,Championship,King Power Stadium,52.620277777778,-1.1422222222222
2024-04-24,15:00,Greece,Lamia,PAOK,Super League Greece,Lamia Municipal Stadium,38.91,22.43111
2024-04-24,17:30,Greece,Aris,Olympiakos,Super League Greece,Kleanthis Vikelidis Stadium,40.6,22.96944
2024-04-24,17:45,Netherlands,Twente,Almere City,Eredivisie,De Grolsch Veste,52.23667,6.8375
2024-04-24,19:30,Belgium,Anderlecht,Cercle Brugge,Belgian Pro League,Lotto Park,50.83417,4.29833
2024-04-24,19:30,Belgium,Club Brugge,Genk,Belgian Pro League,Jan Breydel Stadium,51.19333,3.18056
2024-04-24,19:45,England,Wolves,Bournemouth,Premier League,Molineux Stadium,52.59028,-2.13028
2024-04-24,20:00,England,Crystal Palace,Newcastle,Premier League,Selhurst Park,51.39833,-0.08556
2024-04-24,20:00,England,Everton,Liverpool,Premier League,Goodison Park,53.438888888889,-2.9663888888889
2024-04-24,20:00,England,Man United,Sheffield United,Premier League,Old Trafford,53.463055555556,-2.2913888888889
2024-04-24,20:00,France,Marseille,Nice,Ligue 1,Orange Vélodrome,43.26972,5.39583
2024-04-24,20:00,France,Monaco,Lille,Ligue 1,Stade Louis II,43.7275,7.41556
2024-04-24,20:00,Netherlands,Ajax,Excelsior,Eredivisie,Johan Cruyff Arena,52.31417,4.94194
2024-04-25,17:45,Netherlands,Heerenveen,PSV Eindhoven,Eredivisie,Abe Lenstra Stadion,52.95861,5.93611
2024-04-25,19:00,Italy,Udinese,Roma,Serie A,Stadio Friuli,46.0816,13.2001
2024-04-25,19:30,Belgium,Antwerp,St. Gilloise,Belgian Pro League,Bosuilstadion,51.2325,4.47222
2024-04-25,20:00,England,Brighton,Man City,Premier League,Falmer Stadium,50.861822222222,-0.083277777777778
2024-04-25,20:00,Netherlands,Go Ahead Eagles,Feyenoord,Eredivisie,De Adelaarshorst,52.260416,6.172578
2024-04-26,17:30,Germany,St Pauli,Hansa Rostock,2. Bundesliga,Millerntor-Stadion,53.554583,9.967667
2024-04-26,18:00,Turkey,Ad. Demirspor,Galatasaray,Super Lig,New Adana Stadium,37.06333,35.375
2024-04-26,19:30,Germany,Bochum,Hoffenheim,Bundesliga,Vonovia Ruhrstadion,51.49,7.23667
2024-04-26,19:30,Italy,Venezia,Cremonese,Serie B,Stadio Pier Luigi Penzo,45.4277611,12.3637306
2024-04-26,20:00,Spain,Sociedad,Real Madrid,La Liga,Anoeta,43.30139,-1.97361
2024-04-26,20:00,France,Montpellier,Nantes,Ligue 1,Stade de la Mosson,43.62222,3.81194
2024-04-26,20:15,Portugal,Gil Vicente,Arouca,Primeira Liga,Estádio Cidade de Barcelos,41.551,-8.623
2024-04-27,12:00,Germany,Holstein Kiel,Kaiserslautern,2. Bundesliga,Holstein-Stadion,54.34917,10.12361
2024-04-27,12:30,England,West Ham,Liverpool,Premier League,London Stadium,51.5386,-0.0164
2024-04-27,13:00,Spain,Las Palmas,Girona,La Liga,Gran Canaria,28.10028,-15.45667
2024-04-27,13:00,France,Brescia,Spezia,Serie B,Stade Francis-Le Blé,48.402932,-4.461694
2024-04-27,13:00,Italy,Modena,Sudtirol,Serie B,Stadio Brianteo,45.58278,9.30806
2024-04-27,13:00,Italy,Parma,Lecco,Serie B,Stadio Ennio Tardini,44.795,10.33833
2024-04-27,14:00,Italy,Lecce,Monza,Serie A,Stadio Via del mare,40.36528,18.20889
2024-04-27,14:00,France,St Etienne,Caen,Ligue 2,Stade Geoffroy Guichard,45.46083,4.39028
2024-04-27,14:00,Turkey,Sivasspor,Konyaspor,Super Lig,BG Grup 4 Eylül Stadium,39.72833,36.98389
2024-04-27,14:30,Germany,Augsburg,Werder Bremen,Bundesliga,WWK Arena,48.32306,10.88611
2024-04-27,14:30,Germany,Bayern Munich,Ein Frankfurt,Bundesliga,Allianz Arena,48.218775,11.624752777778
2024-04-27,14:30,Germany,Freiburg,Wolfsburg,Bundesliga,Europa-Park Stadion,48.0216,7.8297
2024-04-27,14:30,Germany,RB Leipzig,Dortmund,Bundesliga,Red Bull Arena,51.34583,12.34833
2024-04-27,15:00,England,Fulham,Crystal Palace,Premier League,Craven Cottage,51.475,-0.22166666666667
2024-04-27,15:00,England,Man United,Burnley,Premier League,Old Trafford,53.463055555556,-2.2913888888889
2024-04-27,15:00,England,Newcastle,Sheffield United,Premier League,St James' Park,54.975555555556,-1.6216666666667
2024-04-27,15:00,England,Wolves,Luton,Premier League,Molineux Stadium,52.59028,-2.13028
2024-04-27,15:00,England,Bristol City,Rotherham,Championship,King Power Stadium,52.620277777778,-1.1422222222222
2024-04-27,15:00,Croatia,Norwich,Swansea,Championship,ŠRC Velika Gorica,45.724,16.0732
2024-04-27,15:00,England,Southampton,Stoke,Championship,St Mary's Stadium,50.90583,-1.39111
2024-04-27,15:00,England,Watford,Sunderland,Championship,Brentford Community Stadium,51.49083,-0.28861
2024-04-27,15:00,Belgium,Mechelen,Oud-Heverlee Leuven,Belgian Pro League,AFAS-stadion Achter de Kazerne,51.037184,4.486397
2024-04-27,15:15,Spain,Almeria,Getafe,La Liga,Mestalla,39.47472,-0.35833
2024-04-27,15:15,Spain,Leganes,Zaragoza,Segunda Division,Municipal de Butarque,40.3404,-3.7607
2024-04-27,15:15,Italy,Cosenza,Bari,Serie B,Stadio Brianteo,45.58278,9.30806
2024-04-27,15:15,Italy,Palermo,Reggiana,Serie B,Stadio Ennio Tardini,44.795,10.33833
2024-04-27,15:15,Turkey,Sampdoria,Como,Serie B,Samsun 19 Mayıs Stadium,41.22778,36.4575
2024-04-27,15:30,Portugal,Casa Pia,Chaves,Primeira Liga,Estádio Municipal de Rio Maior[A],39.34444,-8.93528
2024-04-27,17:00,Italy,Juventus,Milan,Serie A,Juventus Stadium,45.10944,7.64111
2024-04-27,17:00,Turkey,Fenerbahce,Besiktas,Super Lig,Ülker Stadium,40.98778,29.03694
2024-04-27,17:00,Turkey,Hatayspor,Buyuksehyr,Super Lig,Mersin Stadium[note 1],36.82056,34.53861
2024-04-27,17:15,Belgium,Standard,St Truiden,Belgian Pro League,Stade Maurice Dufrasne,50.61,5.54333
2024-04-27,17:30,England,Everton,Brentford,Premier League,Goodison Park,53.438888888889,-2.9663888888889
2024-04-27,17:30,Spain,Alaves,Celta,La Liga,Mendizorrotza,42.8371111,-2.6880444
2024-04-27,17:30,Belgium,Elche,Espanol,Segunda Division,AFAS-stadion Achter de Kazerne,51.037184,4.486397
2024-04-27,17:30,Germany,Leverkusen,Stuttgart,Bundesliga,BayArena,51.03833,7.00222
2024-04-27,18:00,Portugal,Amiens,Troyes,Ligue 2,Estádio Comendador Joaquim de Almeida Freitas,41.37806,-8.35472
2024-04-27,18:00,Netherlands,Annecy,Bastia,Ligue 2,Goffertstadion,51.8225,5.83667
2024-04-27,18:00,Greece,Laval,Bordeaux,Ligue 2,Lamia Municipal Stadium,38.91,22.43111
2024-04-27,18:00,Greece,Paris FC,Angers,Ligue 2,Kleanthis Vikelidis Stadium,40.6,22.96944
2024-04-27,18:00,Spain,Valenciennes,Grenoble,Ligue 2,Mestalla,39.47472,-0.35833
2024-04-27,18:00,Portugal,Benfica,Sp Braga,Primeira Liga,Estádio da Luz,38.7527,-9.1847
2024-04-27,18:00,Greece,Asteras Tripolis,OFI Crete,Super League Greece,Theodoros Kolokotronis Stadium,37.5025,22.38861
2024-04-27,18:00,Greece,Panetolikos,Atromitos,Super League Greece,Panetolikos Stadium,38.63,21.41167
2024-04-27,18:00,Greece,Volos NFC,Panserraikos,Super League Greece,Panthessaliko Stadium,39.3875,22.93111
2024-04-27,19:45,Italy,Lazio,Verona,Serie A,Stadio Olimpico,41.93389,12.45472
2024-04-27,19:45,Belgium,Gent,Westerlo,Belgian Pro League,Planet Group Arena,51.01611,3.73417
2024-04-27,20:00,England,Aston Villa,Chelsea,Premier League,Villa Park,52.509166666667,-1.8847222222222
2024-04-27,20:00,Spain,Ath Madrid,Ath Bilbao,La Liga,Santiago Bernabéu,40.45306,-3.68835
2024-04-27,20:00,France,Paris SG,Le Havre,Ligue 1,Parc des Princes,48.84138888888889,2.2530555555555556
2024-04-27,20:30,Portugal,Guimaraes,Boavista,Primeira Liga,Estádio D. Afonso Henriques,41.44583,-8.30111
2024-04-28,11:15,Netherlands,Zwolle,Heracles,Eredivisie,MAC³PARK Stadion,52.51722,6.12083
2024-04-28,12:30,Germany,Magdeburg,Osnabruck,2. Bundesliga,WWK Arena,48.32306,10.88611
2024-04-28,12:30,Belgium,Wehen,Greuther Furth,2. Bundesliga,AFAS-stadion Achter de Kazerne,51.037184,4.486397
2024-04-28,12:30,Belgium,Genk,Club Brugge,Belgian Pro League,Cegeka Arena,51.005,5.53333
2024-04-28,13:30,Netherlands,Sparta Rotterdam,Volendam,Eredivisie,Spartastadion Het Kasteel,51.919485,4.433619
2024-04-28,13:30,Netherlands,Waalwijk,Utrecht,Eredivisie,Mandemakers Stadion,51.68694,5.08861
2024-04-28,14:00,England,Bournemouth,Brighton,Premier League,Dean Court,50.73528,-1.83833
2024-04-28,14:00,England,Tottenham,Arsenal,Premier League,Tottenham Hotspur Stadium,51.6044,-0.0664
2024-04-28,14:00,Italy,Bologna,Udinese,Serie A,Stadio Renato Dall'Ara,44.49222,11.30972
2024-04-28,14:00,France,Strasbourg,Nice,Ligue 1,Stade de la Meinau,48.56,7.755
2024-04-28,14:00,Turkey,Alanyaspor,Istanbulspor,Super Lig,Alanya Oba Stadium,36.5626,32.0792
2024-04-28,15:00,Belgium,Cercle Brugge,Anderlecht,Belgian Pro League,Jan Breydel Stadium,51.19333,3.18056
2024-04-28,15:00,Greece,Olympiakos,Lamia,Super League Greece,Karaiskakis Stadium,37.94611,23.66444
2024-04-28,15:15,Spain,Granada,Osasuna,La Liga,Montilivi,41.96139,2.82861
2024-04-28,15:15,Spain,Alcorcon,Eldense,Segunda Division,Mallorca Son Moix,39.59,2.63
2024-04-28,16:05,France,Rennes,Brest,Ligue 1,Roazhon Park,48.1075,-1.71278
2024-04-28,16:30,England,Nott'm Forest,Man City,Premier League,City Ground,52.94,-1.13278
2024-04-28,16:30,Germany,Mainz,FC Koln,Bundesliga,Mewa Arena,49.98417,8.22417
2024-04-28,17:00,Italy,Atalanta,Empoli,Serie A,Gewiss Stadium,45.70889,9.68083
2024-04-28,17:00,Italy,Napoli,Roma,Serie A,Stadio Diego Armando Maradona,40.828,14.193
2024-04-28,17:00,Turkey,Rizespor,Ankaragucu,Super Lig,Rize City Stadium,41.04202,40.5733
2024-04-28,17:00,Turkey,Trabzonspor,Gaziantep,Super Lig,Papara Park,40.99917,39.64583
2024-04-28,17:30,Spain,Villarreal,Vallecano,La Liga,La Cerámica,39.94417,-0.10361
2024-04-28,17:30,Spain,Levante,Cartagena,Segunda Division,Municipal de Butarque,40.3404,-3.7607
2024-04-28,17:30,Spain,Valladolid,Huesca,Segunda Division,José Zorrilla,41.64444,-4.76111
2024-04-28,17:30,Greece,PAOK,AEK,Super League Greece,Toumba Stadium,40.61389,22.9725
2024-04-28,18:00,France,Lyon,Monaco,Ligue 1,Groupama Stadium,45.765224,4.982131
2024-04-28,18:00,Portugal,Estoril,Famalicao,Primeira Liga,Estádio António Coimbra da Mota,38.71583,-9.40639
2024-04-28,18:30,Greece,Panathinaikos,Aris,Super League Greece,Athens Olympic Stadium,38.03606806,23.7876
2024-04-28,19:45,Italy,Fiorentina,Sassuolo,Serie A,Stadio Artemio Franchi,43.78083,11.28222
2024-04-28,20:00,Spain,Betis,Sevilla,La Liga,Benito Villamarín,37.35639,-5.98139
2024-04-28,20:00,France,Marseille,Lens,Ligue 1,Orange Vélodrome,43.26972,5.39583
2024-04-28,20:30,Portugal,Porto,Sp Lisbon,Primeira Liga,Estádio do Dragão,41.1618,-8.5839
2024-04-29,19:45,Italy,Genoa,Cagliari,Serie A,Stadio Luigi Ferraris,44.41639,8.9525
2024-04-29,20:00,Portugal,Preston,Leicester,Championship,Estádio do Dragão,41.1618,-8.5839
2024-04-29,20:00,Spain,Barcelona,Valencia,La Liga,Olímpic Lluís Companys,41.36472,2.15556
2024-04-29,20:15,Portugal,Estrela,Farense,Primeira Liga,Estádio José Gomes,38.75194,-9.22806
2024-04-30,21:00,Germany,Bayern Munich,Real Madrid,Europa League,Allianz Arena,48.218775,11.624752777778
2024-05-01,11:30,France,Cremonese,Pisa,Serie B,Roazhon Park,48.1075,-1.71278
2024-05-01,14:00,Italy,Ascoli,Cosenza,Serie B,Stadio Diego Armando Maradona,40.828,14.193
2024-05-01,14:00,Italy,Como,Cittadella,Serie B,Stadio Giuseppe Sinigaglia,45.81389,9.07222
2024-05-01,14:00,Italy,Spezia,Palermo,Serie B,Stadio Pier Luigi Penzo,45.4277611,12.3637306
2024-05-01,14:00,Austria,Sudtirol,Ternana,Serie B,Tivoli Stadion Tirol,47.25583,11.41083
2024-05-01,17:00,Greece,Bari,Parma,Serie B,Kleanthis Vikelidis Stadium,40.6,22.96944
2024-05-01,17:00,Netherlands,FeralpiSalo,Brescia,Serie B,Asito Stadion[3],52.33889,6.65056
2024-05-01,17:00,Italy,Lecco,Sampdoria,Serie B,Stadio Via del mare,40.36528,18.20889
2024-05-01,21:00,Germany,Borussia Dortmund,Paris Saint-Germain,Europa League,Signal Iduna Park,51.4925,7.45167
2024-05-02,19:30,England,Chelsea,Tottenham,Premier League,Stamford Bridge,51.481666666667,-0.19111111111111
2024-05-02,21:00,France,Marseille,Atalanta,Europa League,Orange Vélodrome,43.26972,5.39583
2024-05-02,21:00,Italy,Roma,Bayer Leverkusen,Europa League,Stadio Olimpico,41.93389,12.45472
2024-05-03,17:30,Netherlands,Fortuna Dusseldorf,Nurnberg,2. Bundesliga,Fortuna Sittard Stadion,50.992069,5.843675
2024-05-03,18:00,France,Toulouse,Montpellier,Ligue 1,Stadium de Toulouse,43.58306,1.43417
2024-05-03,18:00,Turkey,Besiktas,Rizespor,Super Lig,Tüpraş Stadium,41.03917,28.99472
2024-05-03,19:00,France,Angers,Pau FC,Ligue 2,Stade Raymond Kopa,47.460458,-0.530741
2024-05-03,19:00,Portugal,Bastia,Amiens,Ligue 2,Estádio do Bessa,41.16222,-8.64278
2024-05-03,19:00,Italy,Grenoble,Concarneau,Ligue 2,Stadio Luigi Ferraris,44.41639,8.9525
2024-05-03,19:00,Netherlands,Almere City,Heerenveen,Eredivisie,Yanmar Stadion,52.3944,5.2405
2024-05-03,19:00,Netherlands,For Sittard,Go Ahead Eagles,Eredivisie,Fortuna Sittard Stadion,50.992069,5.843675
2024-05-03,19:30,Spain,Villarreal B,Levante,Segunda Division,La Cerámica,39.94417,-0.10361
2024-05-03,19:30,Germany,Hoffenheim,RB Leipzig,Bundesliga,PreZero Arena,49.23806,8.8875
2024-05-03,19:45,Italy,Torino,Bologna,Serie A,Stadio Olimpico Grande Torino,45.04167,7.65
2024-05-03,19:45,Belgium,Westerlo,St Truiden,Belgian Pro League,Het Kuipje,51.094817,4.928806
2024-05-03,20:00,Spain,Getafe,Ath Bilbao,La Liga,Coliseum,40.32556,-3.71472
2024-05-03,20:00,France,Lens,Lorient,Ligue 1,Stade Bollaert-Delelis,50.43278,2.815
2024-05-03,20:15,Portugal,Moreirense,Vizela,Primeira Liga,Estádio Comendador Joaquim de Almeida Freitas,41.37806,-8.35472
2024-05-04,12:30,England,Arsenal,Bournemouth,Premier League,Emirates Stadium,51.55667,-0.10611
2024-05-04,12:30,England,Ipswich,Huddersfield,Championship,Portman Road,52.055,1.14528
2024-05-04,12:30,England,Leicester,Blackburn,Championship,King Power Stadium,52.620277777778,-1.1422222222222
2024-05-04,12:30,Belgium,West Brom,Preston,Championship,Het Kuipje,51.094817,4.928806
2024-05-04,13:00,Spain,Sociedad,Las Palmas,La Liga,Anoeta,43.30139,-1.97361
2024-05-04,13:00,Denmark,Mirandes,Valladolid,Segunda Division,Cepheus Park Randers,56.46594,10.010262
2024-05-04,14:00,France,Le Havre,Strasbourg,Ligue 1,Stade Océane,49.49889,0.16972
2024-05-04,14:00,France,Auxerre,Paris FC,Ligue 2,Stade Abbé Deschamps,47.7867528,3.5886639
2024-05-04,14:00,Turkey,Istanbulspor,Ad. Demirspor,Super Lig,Samsun 19 Mayıs Stadium,41.22778,36.4575
2024-05-04,14:30,Germany,Dortmund,Augsburg,Bundesliga,Signal Iduna Park,51.4925,7.45167
2024-05-04,14:30,Germany,Stuttgart,Bayern Munich,Bundesliga,MHPArena,48.79222,9.23194
2024-05-04,14:30,Germany,Werder Bremen,M'gladbach,Bundesliga,Weserstadion,53.06639,8.8375
2024-05-04,14:30,Germany,Wolfsburg,Darmstadt,Bundesliga,Volkswagen Arena,52.43278,10.80389
2024-05-04,15:00,England,Brentford,Fulham,Premier League,Brentford Community Stadium,51.49083,-0.28861
2024-05-04,15:00,England,Sheffield United,Nott'm Forest,Premier League,Old Trafford,53.463055555556,-2.2913888888889
2024-05-04,15:15,Spain,Real Madrid,Cadiz,La Liga,Santiago Bernabéu,40.45306,-3.68835
2024-05-04,15:30,Portugal,Boavista,Gil Vicente,Primeira Liga,Estádio do Bessa,41.16222,-8.64278
2024-05-04,15:30,Portugal,Rio Ave,Guimaraes,Primeira Liga,Estádio dos Arcos,41.36278,-8.74028
2024-05-04,16:00,France,Monaco,Clermont,Ligue 1,Stade Louis II,43.7275,7.41556
2024-05-04,17:00,Italy,Monza,Lazio,Serie A,Stadio Brianteo,45.58278,9.30806
2024-05-04,17:00,Turkey,Kayserispor,Karagumruk,Super Lig,RHG Enertürk Enerji Stadium,38.73722,35.42306
2024-05-04,17:00,Turkey,Samsunspor,Trabzonspor,Super Lig,Samsun 19 Mayıs Stadium,41.22778,36.4575
2024-05-04,17:15,Belgium,Mechelen,Gent,Belgian Pro League,AFAS-stadion Achter de Kazerne,51.037184,4.486397
2024-05-04,17:30,England,Man City,Wolves,Premier League,City of Manchester Stadium,53.483055555556,-2.2002777777778
2024-05-04,17:30,Spain,Girona,Barcelona,La Liga,Montilivi,41.96139,2.82861
2024-05-04,17:30,Denmark,Santander,Elche,Segunda Division,Cepheus Park Randers,56.46594,10.010262
2024-05-04,19:45,Belgium,Cercle Brugge,Genk,Belgian Pro League,Jan Breydel Stadium,51.19333,3.18056
2024-05-04,20:00,Spain,Mallorca,Ath Madrid,La Liga,Mallorca Son Moix,39.59,2.63
2024-05-04,20:00,England,Cartagena,Alcorcon,Segunda Division,Emirates Stadium,51.55667,-0.10611
2024-05-04,20:00,France,Brest,Nantes,Ligue 1,Stade Francis-Le Blé,48.402932,-4.461694
2024-05-04,20:30,Portugal,Chaves,Porto,Primeira Liga,Estádio do CD Aves,41.366932,-8.411789
2024-05-05,11:15,Netherlands,Heracles,Waalwijk,Eredivisie,Asito Stadion[3],52.33889,6.65056
2024-05-05,11:15,Netherlands,PSV Eindhoven,Sparta Rotterdam,Eredivisie,Philips Stadion,51.44167,5.4675
2024-05-05,11:30,Italy,Cagliari,Lecce,Serie A,Unipol Domus,39.2,9.1375
2024-05-05,12:30,Belgium,Wehen,Holstein Kiel,2. Bundesliga,AFAS-stadion Achter de Kazerne,51.037184,4.486397
2024-05-05,12:30,Belgium,Antwerp,Club Brugge,Belgian Pro League,Bosuilstadion,51.2325,4.47222
2024-05-05,13:00,Spain,Osasuna,Betis,La Liga,El Sadar,42.79667,-1.63694
2024-05-05,13:30,Netherlands,Utrecht,Vitesse,Eredivisie,Stadion Galgenwaard,52.07833,5.14583
2024-05-05,14:00,England,Brighton,Aston Villa,Premier League,Falmer Stadium,50.861822222222,-0.083277777777778
2024-05-05,14:00,England,Chelsea,West Ham,Premier League,Stamford Bridge,51.481666666667,-0.19111111111111
2024-05-05,14:00,Italy,Empoli,Frosinone,Serie A,Stadio Carlo Castellani - Computer Gross Arena,43.72639,10.955
2024-05-05,14:00,Italy,Verona,Fiorentina,Serie A,Stadio Marcantonio Bentegodi,45.43528,10.96861
2024-05-05,14:00,France,Brescia,Lecco,Serie B,Stade Francis-Le Blé,48.402932,-4.461694
2024-05-05,14:00,Italy,Cosenza,Spezia,Serie B,Stadio Brianteo,45.58278,9.30806
2024-05-05,14:00,Italy,Modena,Como,Serie B,Stadio Brianteo,45.58278,9.30806
2024-05-05,14:00,Italy,Palermo,Ascoli,Serie B,Stadio Ennio Tardini,44.795,10.33833
2024-05-05,14:00,Italy,Parma,Cremonese,Serie B,Stadio Ennio Tardini,44.795,10.33833
2024-05-05,14:00,Turkey,Sampdoria,Reggiana,Serie B,Samsun 19 Mayıs Stadium,41.22778,36.4575
2024-05-05,14:00,Italy,Venezia,FeralpiSalo,Serie B,Stadio Pier Luigi Penzo,45.4277611,12.3637306
2024-05-05,14:00,Turkey,Buyuksehyr,Kasimpasa,Super Lig,Başakşehir Fatih Terim Stadium,41.12278,28.80861
2024-05-05,14:30,Germany,Union Berlin,Bochum,Bundesliga,Stadion An der Alten Försterei,52.45722,13.56806
2024-05-05,15:00,Belgium,Oud-Heverlee Leuven,Standard,Belgian Pro League,Den Dreef,50.86833,4.69417
2024-05-05,15:15,Spain,Celta,Villarreal,La Liga,Balaídos,42.2118,-8.7397
2024-05-05,15:15,Spain,Espanol,Sp Gijon,Segunda Division,RCDE Stadium,41.34778,2.07556
2024-05-05,15:30,Portugal,Farense,Estoril,Primeira Liga,Estádio de São Luís,37.022861,-7.928444
2024-05-05,16:30,England,Liverpool,Tottenham,Premier League,Anfield,53.4308,-2.9608
2024-05-05,16:30,Germany,Ein Frankfurt,Leverkusen,Bundesliga,Deutsche Bank Park,50.068056,8.645806
2024-05-05,17:00,Italy,Milan,Genoa,Serie A,San Siro,45.47806,9.12389
2024-05-05,17:00,Turkey,Galatasaray,Sivasspor,Super Lig,Rams Park,41.10278,28.99056
2024-05-05,17:00,Turkey,Gaziantep,Hatayspor,Super Lig,Gaziantep Stadium,37.12389,37.3825
2024-05-05,17:30,Spain,Valencia,Alaves,La Liga,Mestalla,39.47472,-0.35833
2024-05-05,17:30,France,Eldense,Leganes,Segunda Division,Stade Bollaert-Delelis,50.43278,2.815
2024-05-05,17:30,Portugal,Zaragoza,Burgos,Segunda Division,Estádio Municipal de Braga,41.5625,-8.43
2024-05-05,18:00,Portugal,Arouca,Estrela,Primeira Liga,Estádio Municipal de Arouca,40.933,-8.2503
2024-05-05,18:00,Portugal,Sp Braga,Casa Pia,Primeira Liga,Estádio Municipal de Braga,41.5625,-8.43
2024-05-05,18:15,Belgium,Kortrijk,Eupen,Belgian Pro League,Guldensporen Stadion,50.830432,3.248906
2024-05-05,18:30,Germany,Heidenheim,Mainz,Bundesliga,Voith-Arena,48.66861,10.13944
2024-05-05,19:00,Netherlands,Feyenoord,Zwolle,Eredivisie,De Kuip,51.89389,4.52306
2024-05-05,19:45,Italy,Roma,Juventus,Serie A,Stadio Olimpico,41.93389,12.45472
2024-05-05,20:00,Spain,Sevilla,Granada,La Liga,Ramón Sánchez-Pizjuán,37.384,-5.9705
2024-05-05,20:00,Spain,Vallecano,Almeria,La Liga,Vallecas,40.39194,-3.65889
2024-05-05,20:30,Portugal,Famalicao,Benfica,Primeira Liga,Estádio Municipal de Famalicão,41.40139,-8.5225
2024-05-06,18:00,Turkey,Antalyaspor,Pendikspor,Super Lig,Corendon Airlines Park,36.888278,30.668444
2024-05-06,18:00,Turkey,Konyaspor,Fenerbahce,Super Lig,Konya Metropolitan Municipality Stadium,37.946,32.488
2024-05-06,19:45,Italy,Udinese,Napoli,Serie A,Stadio Friuli,46.0816,13.2001
2024-05-06,20:00,England,Crystal Palace,Man United,Premier League,Selhurst Park,51.39833,-0.08556
2024-05-06,20:00,France,Lille,Lyon,Ligue 1,Decathlon Arena Pierre Mauroy Stadium,50.6119,3.1304
2024-05-07,21:00,France,Paris Saint-Germain,Borussia Dortmund,Europa League,Parc des Princes,48.84138888888889,2.2530555555555556
2024-05-08,21:00,Spain,Real Madrid,Bayern Munich,Europa League,Santiago Bernabéu,40.45306,-3.68835
2024-05-09,21:00,Italy,Atalanta,Marseille,Europa League,Gewiss Stadium,45.70889,9.68083
2024-05-09,21:00,Germany,Bayer Leverkusen,Roma,Europa League,BayArena,51.03833,7.00222
2024-05-10,17:30,Germany,Magdeburg,Greuther Furth,2. Bundesliga,WWK Arena,48.32306,10.88611
2024-05-10,19:30,Germany,Augsburg,Stuttgart,Bundesliga,WWK Arena,48.32306,10.88611
2024-05-10,19:30,Italy,Ascoli,Pisa,Serie B,Stadio Diego Armando Maradona,40.828,14.193
2024-05-10,19:30,Greece,Bari,Brescia,Serie B,Kleanthis Vikelidis Stadium,40.6,22.96944
2024-05-10,19:30,Italy,Como,Cosenza,Serie B,Stadio Giuseppe Sinigaglia,45.81389,9.07222
2024-05-10,19:30,France,Cremonese,Cittadella,Serie B,Roazhon Park,48.1075,-1.71278
2024-05-10,19:30,Netherlands,FeralpiSalo,Ternana,Serie B,Asito Stadion[3],52.33889,6.65056
2024-05-10,19:30,Italy,Lecco,Modena,Serie B,Stadio Via del mare,40.36528,18.20889
2024-05-10,19:30,Italy,Spezia,Venezia,Serie B,Stadio Pier Luigi Penzo,45.4277611,12.3637306
2024-05-10,19:30,Austria,Sudtirol,Palermo,Serie B,Tivoli Stadion Tirol,47.25583,11.41083
2024-05-10,19:45,Portugal,Amiens,Auxerre,Ligue 2,Estádio Comendador Joaquim de Almeida Freitas,41.37806,-8.35472
2024-05-10,19:45,Netherlands,Annecy,Angers,Ligue 2,Goffertstadion,51.8225,5.83667
2024-05-10,19:45,Greece,Laval,Troyes,Ligue 2,Lamia Municipal Stadium,38.91,22.43111
2024-05-10,19:45,Greece,Paris FC,Guingamp,Ligue 2,Kleanthis Vikelidis Stadium,40.6,22.96944
2024-05-10,19:45,France,St Etienne,Rodez,Ligue 2,Stade Geoffroy Guichard,45.46083,4.39028
2024-05-10,19:45,Spain,Valenciennes,Quevilly Rouen,Ligue 2,Mestalla,39.47472,-0.35833
2024-05-10,20:00,Spain,Alaves,Girona,La Liga,Mendizorrotza,42.8371111,-2.6880444
2024-05-10,20:00,France,Brest,Reims,Ligue 1,Stade Francis-Le Blé,48.402932,-4.461694
2024-05-10,20:00,France,Nice,Le Havre,Ligue 1,Allianz Riviera,43.70528,7.1925
2024-05-10,20:15,Portugal,Chaves,Famalicao,Primeira Liga,Estádio do CD Aves,41.366932,-8.411789
2024-05-11,12:30,England,Fulham,Man City,Premier League,Craven Cottage,51.475,-0.22166666666667
2024-05-11,13:00,Spain,Mallorca,Las Palmas,La Liga,Mallorca Son Moix,39.59,2.63
2024-05-11,13:00,Denmark,Santander,Mirandes,Segunda Division,Cepheus Park Randers,56.46594,10.010262
2024-05-11,14:30,Germany,Freiburg,Heidenheim,Bundesliga,Europa-Park Stadion,48.0216,7.8297
2024-05-11,14:30,Germany,RB Leipzig,Werder Bremen,Bundesliga,Red Bull Arena,51.34583,12.34833
2024-05-11,15:00,England,Bournemouth,Brentford,Premier League,Dean Court,50.73528,-1.83833
2024-05-11,15:00,England,Everton,Sheffield United,Premier League,Goodison Park,53.438888888889,-2.9663888888889
2024-05-11,15:00,England,Newcastle,Brighton,Premier League,St James' Park,54.975555555556,-1.6216666666667
2024-05-11,15:00,England,Tottenham,Burnley,Premier League,Tottenham Hotspur Stadium,51.6044,-0.0664
2024-05-11,15:00,England,West Ham,Luton,Premier League,London Stadium,51.5386,-0.0164
2024-05-11,15:00,England,Wolves,Crystal Palace,Premier League,Molineux Stadium,52.59028,-2.13028
2024-05-11,15:15,Spain,Villarreal,Sevilla,La Liga,La Cerámica,39.94417,-0.10361
2024-05-11,17:00,Italy,Napoli,Bologna,Serie A,Stadio Diego Armando Maradona,40.828,14.193
2024-05-11,17:15,Belgium,Charleroi,Kortrijk,Belgian Pro League,Stade du Pays de Charleroi,50.414609,4.453787
2024-05-11,17:30,England,Nott'm Forest,Chelsea,Premier League,City Ground,52.94,-1.13278
2024-05-11,17:30,Spain,Granada,Real Madrid,La Liga,Montilivi,41.96139,2.82861
2024-05-11,17:30,Spain,Valladolid,Espanol,Segunda Division,José Zorrilla,41.64444,-4.76111
2024-05-11,17:30,Germany,Mainz,Dortmund,Bundesliga,Mewa Arena,49.98417,8.22417
2024-05-11,18:00,Portugal,Estoril,Sp Lisbon,Primeira Liga,Estádio António Coimbra da Mota,38.71583,-9.40639
2024-05-11,18:00,Greece,Atromitos,Asteras Tripolis,Super League Greece,Peristeri Stadium,38.00472,23.68972
2024-05-11,18:00,Greece,Panserraikos,Kifisia,Super League Greece,Serres Municipal Stadium,41.0847,23.5466
2024-05-11,19:30,Germany,Holstein Kiel,Fortuna Dusseldorf,2. Bundesliga,Holstein-Stadion,54.34917,10.12361
2024-05-11,19:45,Italy,Milan,Cagliari,Serie A,San Siro,45.47806,9.12389
2024-05-11,19:45,Belgium,Anderlecht,Genk,Belgian Pro League,Lotto Park,50.83417,4.29833
2024-05-11,20:00,Spain,Ath Bilbao,Osasuna,La Liga,San Mamés,43.2643,-2.9504
2024-05-11,20:00,Spain,Levante,Eibar,Segunda Division,Municipal de Butarque,40.3404,-3.7607
2024-05-11,20:30,Portugal,Guimaraes,Sp Braga,Primeira Liga,Estádio D. Afonso Henriques,41.44583,-8.30111
2024-05-12,11:30,Italy,Lazio,Empoli,Serie A,Stadio Olimpico,41.93389,12.45472
2024-05-12,12:30,Germany,St Pauli,Osnabruck,2. Bundesliga,Millerntor-Stadion,53.554583,9.967667
2024-05-12,12:30,Belgium,Gent,Oud-Heverlee Leuven,Belgian Pro League,Planet Group Arena,51.01611,3.73417
2024-05-12,13:00,Portugal,Amorebieta,Villarreal B,Segunda Division,Estádio Comendador Joaquim de Almeida Freitas,41.37806,-8.35472
2024-05-12,13:30,Netherlands,Ajax,Almere City,Eredivisie,Johan Cruyff Arena,52.31417,4.94194
2024-05-12,13:30,Netherlands,For Sittard,PSV Eindhoven,Eredivisie,Fortuna Sittard Stadion,50.992069,5.843675
2024-05-12,13:30,Netherlands,Go Ahead Eagles,AZ Alkmaar,Eredivisie,De Adelaarshorst,52.260416,6.172578
2024-05-12,13:30,Netherlands,Heerenveen,Vitesse,Eredivisie,Abe Lenstra Stadion,52.95861,5.93611
2024-05-12,13:30,Netherlands,Twente,Volendam,Eredivisie,De Grolsch Veste,52.23667,6.8375
2024-05-12,13:30,Netherlands,Utrecht,Sparta Rotterdam,Eredivisie,Stadion Galgenwaard,52.07833,5.14583
2024-05-12,13:30,Netherlands,Waalwijk,Zwolle,Eredivisie,Mandemakers Stadion,51.68694,5.08861
2024-05-12,14:00,Italy,Genoa,Sassuolo,Serie A,Stadio Luigi Ferraris,44.41639,8.9525
2024-05-12,14:00,Italy,Verona,Torino,Serie A,Stadio Marcantonio Bentegodi,45.43528,10.96861
2024-05-12,15:00,Belgium,St Truiden,Mechelen,Belgian Pro League,Stayen,50.813474,5.166256
2024-05-12,15:15,Spain,Ath Madrid,Celta,La Liga,Santiago Bernabéu,40.45306,-3.68835
2024-05-12,15:30,Portugal,Gil Vicente,Farense,Primeira Liga,Estádio Cidade de Barcelos,41.551,-8.623
2024-05-12,16:30,England,Man United,Arsenal,Premier League,Old Trafford,53.463055555556,-2.2913888888889
2024-05-12,16:30,Germany,Bayern Munich,Wolfsburg,Bundesliga,Allianz Arena,48.218775,11.624752777778
2024-05-12,17:00,Italy,Juventus,Salernitana,Serie A,Juventus Stadium,45.10944,7.64111
2024-05-12,17:00,Turkey,Ad. Demirspor,Gaziantep,Super Lig,New Adana Stadium,37.06333,35.375
2024-05-12,17:00,Turkey,Alanyaspor,Besiktas,Super Lig,Alanya Oba Stadium,36.5626,32.0792
2024-05-12,17:00,Turkey,Fenerbahce,Kayserispor,Super Lig,Ülker Stadium,40.98778,29.03694
2024-05-12,17:00,Turkey,Hatayspor,Ankaragucu,Super Lig,Mersin Stadium[note 1],36.82056,34.53861
2024-05-12,17:00,Turkey,Konyaspor,Samsunspor,Super Lig,Konya Metropolitan Municipality Stadium,37.946,32.488
2024-05-12,17:00,Turkey,Sivasspor,Buyuksehyr,Super Lig,BG Grup 4 Eylül Stadium,39.72833,36.98389
2024-05-12,17:00,Turkey,Trabzonspor,Istanbulspor,Super Lig,Papara Park,40.99917,39.64583
2024-05-12,17:30,Spain,Valencia,Vallecano,La Liga,Mestalla,39.47472,-0.35833
2024-05-12,17:30,England,Cartagena,Tenerife,Segunda Division,Emirates Stadium,51.55667,-0.10611
2024-05-12,17:30,Belgium,Antwerp,Cercle Brugge,Belgian Pro League,Bosuilstadion,51.2325,4.47222
2024-05-12,18:00,Portugal,Benfica,Arouca,Primeira Liga,Estádio da Luz,38.7527,-9.1847
2024-05-12,18:00,Portugal,Casa Pia,Moreirense,Primeira Liga,Estádio Municipal de Rio Maior[A],39.34444,-8.93528
2024-05-12,18:00,Greece,PAOK,Olympiakos,Super League Greece,Toumba Stadium,40.61389,22.9725
2024-05-12,18:30,Germany,Bochum,Leverkusen,Bundesliga,Vonovia Ruhrstadion,51.49,7.23667
2024-05-12,19:45,Italy,Atalanta,Roma,Serie A,Gewiss Stadium,45.70889,9.68083
2024-05-12,20:00,Spain,Betis,Almeria,La Liga,Benito Villamarín,37.35639,-5.98139
2024-05-12,20:00,Belgium,Elche,Huesca,Segunda Division,AFAS-stadion Achter de Kazerne,51.037184,4.486397
2024-05-12,20:00,France,Marseille,Lorient,Ligue 1,Orange Vélodrome,43.26972,5.39583
2024-05-12,20:00,France,Montpellier,Monaco,Ligue 1,Stade de la Mosson,43.62222,3.81194
2024-05-12,20:00,France,Nantes,Lille,Ligue 1,Stade de la Beaujoire,47.256,-1.525
2024-05-12,20:00,France,Paris SG,Toulouse,Ligue 1,Parc des Princes,48.84138888888889,2.2530555555555556
2024-05-12,20:00,France,Rennes,Lens,Ligue 1,Roazhon Park,48.1075,-1.71278
2024-05-12,20:00,France,Strasbourg,Metz,Ligue 1,Stade de la Meinau,48.56,7.755
2024-05-12,20:30,Portugal,Porto,Boavista,Primeira Liga,Estádio do Dragão,41.1618,-8.5839
2024-05-13,17:30,Italy,Lecce,Udinese,Serie A,Stadio Via del mare,40.36528,18.20889
2024-05-13,19:30,Belgium,Club Brugge,St. Gilloise,Belgian Pro League,Jan Breydel Stadium,51.19333,3.18056
2024-05-13,19:45,Italy,Fiorentina,Monza,Serie A,Stadio Artemio Franchi,43.78083,11.28222
2024-05-13,20:00,England,Aston Villa,Liverpool,Premier League,Villa Park,52.509166666667,-1.8847222222222
2024-05-13,20:00,Spain,Barcelona,Sociedad,La Liga,Olímpic Lluís Companys,41.36472,2.15556
2024-05-14,18:30,Spain,Osasuna,Mallorca,La Liga,El Sadar,42.79667,-1.63694
2024-05-14,20:00,England,Tottenham,Man City,Premier League,Tottenham Hotspur Stadium,51.6044,-0.0664
2024-05-14,20:30,Spain,Real Madrid,Alaves,La Liga,Santiago Bernabéu,40.45306,-3.68835
2024-05-14,21:00,Spain,Girona,Villarreal,La Liga,Montilivi,41.96139,2.82861
2024-05-15,16:00,Greece,Lamia,Aris,Super League Greece,Lamia Municipal Stadium,38.91,22.43111
2024-05-15,18:00,Greece,Olympiakos,AEK,Super League Greece,Karaiskakis Stadium,37.94611,23.66444
2024-05-15,18:00,Greece,PAOK,Panathinaikos,Super League Greece,Toumba Stadium,40.61389,22.9725
2024-05-15,18:30,Spain,Sevilla,Cadiz,La Liga,Ramón Sánchez-Pizjuán,37.384,-5.9705
2024-05-15,18:30,Spain,Vallecano,Granada,La Liga,Vallecas,40.39194,-3.65889
2024-05-15,19:45,England,Brighton,Chelsea,Premier League,Falmer Stadium,50.861822222222,-0.083277777777778
2024-05-15,20:00,England,Man United,Newcastle,Premier League,Old Trafford,53.463055555556,-2.2913888888889
2024-05-15,20:00,France,Nice,Paris SG,Ligue 1,Allianz Riviera,43.70528,7.1925
2024-05-15,20:00,France,Reims,Marseille,Ligue 1,Stade Auguste Delaune,49.24667,4.025
2024-05-15,21:00,Spain,Celta,Ath Bilbao,La Liga,Balaídos,42.2118,-8.7397
2024-05-15,21:00,Spain,Getafe,Ath Madrid,La Liga,Coliseum,40.32556,-3.71472
2024-05-16,18:30,Spain,Las Palmas,Betis,La Liga,Gran Canaria,28.10028,-15.45667
2024-05-16,20:30,Spain,Almeria,Barcelona,La Liga,Mestalla,39.47472,-0.35833
2024-05-16,21:00,Spain,Sociedad,Valencia,La Liga,Anoeta,43.30139,-1.97361
2024-05-17,15:00,Turkey,Istanbulspor,Sivasspor,Super Lig,Samsun 19 Mayıs Stadium,41.22778,36.4575
2024-05-17,18:00,Turkey,Antalyaspor,Ad. Demirspor,Super Lig,Corendon Airlines Park,36.888278,30.668444
2024-05-17,18:45,Portugal,Famalicao,Casa Pia,Primeira Liga,Estádio Municipal de Famalicão,41.40139,-8.5225
2024-05-17,19:30,Denmark,Mirandes,Elche,Segunda Division,Cepheus Park Randers,56.46594,10.010262
2024-05-17,19:45,Italy,Fiorentina,Napoli,Serie A,Stadio Artemio Franchi,43.78083,11.28222
2024-05-17,19:45,France,Angers,Dunkerque,Ligue 2,Stade Raymond Kopa,47.460458,-0.530741
2024-05-17,19:45,France,Auxerre,Concarneau,Ligue 2,Stade Abbé Deschamps,47.7867528,3.5886639
2024-05-17,19:45,Portugal,Bastia,Paris FC,Ligue 2,Estádio do Bessa,41.16222,-8.64278
2024-05-17,19:45,Italy,Grenoble,Amiens,Ligue 2,Stadio Luigi Ferraris,44.41639,8.9525
2024-05-17,19:45,Belgium,St Truiden,Oud-Heverlee Leuven,Belgian Pro League,Stayen,50.813474,5.166256
2024-05-17,20:45,Portugal,Rio Ave,Benfica,Primeira Liga,Estádio dos Arcos,41.36278,-8.74028
2024-05-18,14:30,Germany,Dortmund,Darmstadt,Bundesliga,Signal Iduna Park,51.4925,7.45167
2024-05-18,14:30,Germany,Ein Frankfurt,RB Leipzig,Bundesliga,Deutsche Bank Park,50.068056,8.645806
2024-05-18,14:30,Germany,Heidenheim,FC Koln,Bundesliga,Voith-Arena,48.66861,10.13944
2024-05-18,14:30,Germany,Hoffenheim,Bayern Munich,Bundesliga,PreZero Arena,49.23806,8.8875
2024-05-18,14:30,Germany,Leverkusen,Augsburg,Bundesliga,BayArena,51.03833,7.00222
2024-05-18,14:30,Germany,Stuttgart,M'gladbach,Bundesliga,MHPArena,48.79222,9.23194
2024-05-18,14:30,Germany,Union Berlin,Freiburg,Bundesliga,Stadion An der Alten Försterei,52.45722,13.56806
2024-05-18,14:30,Germany,Werder Bremen,Bochum,Bundesliga,Weserstadion,53.06639,8.8375
2024-05-18,14:30,Germany,Wolfsburg,Mainz,Bundesliga,Volkswagen Arena,52.43278,10.80389
2024-05-18,15:15,Spain,Leganes,Sp Gijon,Segunda Division,Municipal de Butarque,40.3404,-3.7607
2024-05-18,15:30,Portugal,Arouca,Guimaraes,Primeira Liga,Estádio Municipal de Arouca,40.933,-8.2503
2024-05-18,15:30,Portugal,Boavista,Vizela,Primeira Liga,Estádio do Bessa,41.16222,-8.64278
2024-05-18,15:30,Portugal,Estrela,Gil Vicente,Primeira Liga,Estádio José Gomes,38.75194,-9.22806
2024-05-18,15:30,Portugal,Farense,Portimonense,Primeira Liga,Estádio de São Luís,37.022861,-7.928444
2024-05-18,17:00,Italy,Lecce,Atalanta,Serie A,Stadio Via del mare,40.36528,18.20889
2024-05-18,17:00,Turkey,Besiktas,Hatayspor,Super Lig,Tüpraş Stadium,41.03917,28.99472
2024-05-18,17:00,Turkey,Buyuksehyr,Trabzonspor,Super Lig,Başakşehir Fatih Terim Stadium,41.12278,28.80861
2024-05-18,17:00,Turkey,Gaziantep,Karagumruk,Super Lig,Gaziantep Stadium,37.12389,37.3825
2024-05-18,17:00,Turkey,Kayserispor,Konyaspor,Super Lig,RHG Enertürk Enerji Stadium,38.73722,35.42306
2024-05-18,17:00,Turkey,Rizespor,Kasimpasa,Super Lig,Rize City Stadium,41.04202,40.5733
2024-05-18,17:00,Turkey,Samsunspor,Alanyaspor,Super Lig,Samsun 19 Mayıs Stadium,41.22778,36.4575
2024-05-18,17:15,Belgium,Westerlo,Mechelen,Belgian Pro League,Het Kuipje,51.094817,4.928806
2024-05-18,18:00,Portugal,Moreirense,Estoril,Primeira Liga,Estádio Comendador Joaquim de Almeida Freitas,41.37806,-8.35472
2024-05-18,19:45,Italy,Torino,Milan,Serie A,Stadio Olimpico Grande Torino,45.04167,7.65
2024-05-18,19:45,Belgium,Standard,Gent,Belgian Pro League,Stade Maurice Dufrasne,50.61,5.54333
2024-05-18,20:00,Spain,Alaves,Getafe,La Liga,Mendizorrotza,42.8371111,-2.6880444
2024-05-18,20:00,France,Eldense,Levante,Segunda Division,Stade Bollaert-Delelis,50.43278,2.815
2024-05-18,20:30,Portugal,Sp Braga,Porto,Primeira Liga,Estádio Municipal de Braga,41.5625,-8.43
2024-05-19,12:30,Belgium,Cercle Brugge,St. Gilloise,Belgian Pro League,Jan Breydel Stadium,51.19333,3.18056
2024-05-19,13:30,Netherlands,Almere City,Nijmegen,Eredivisie,Yanmar Stadion,52.3944,5.2405
2024-05-19,13:30,Netherlands,Feyenoord,Excelsior,Eredivisie,De Kuip,51.89389,4.52306
2024-05-19,13:30,Netherlands,Heracles,For Sittard,Eredivisie,Asito Stadion[3],52.33889,6.65056
2024-05-19,13:30,Netherlands,PSV Eindhoven,Waalwijk,Eredivisie,Philips Stadion,51.44167,5.4675
2024-05-19,13:30,Netherlands,Sparta Rotterdam,Heerenveen,Eredivisie,Spartastadion Het Kasteel,51.919485,4.433619
2024-05-19,13:30,Netherlands,Zwolle,Twente,Eredivisie,MAC³PARK Stadion,52.51722,6.12083
2024-05-19,14:00,Italy,Monza,Frosinone,Serie A,Stadio Brianteo,45.58278,9.30806
2024-05-19,14:00,Italy,Udinese,Empoli,Serie A,Stadio Friuli,46.0816,13.2001
2024-05-19,14:30,Netherlands,Fortuna Dusseldorf,Magdeburg,2. Bundesliga,Fortuna Sittard Stadion,50.992069,5.843675
2024-05-19,14:30,Belgium,Wehen,St Pauli,2. Bundesliga,AFAS-stadion Achter de Kazerne,51.037184,4.486397
2024-05-19,15:15,Spain,Alcorcon,Valladolid,Segunda Division,Mallorca Son Moix,39.59,2.63
2024-05-19,16:00,England,Arsenal,Everton,Premier League,Emirates Stadium,51.55667,-0.10611
2024-05-19,16:00,England,Brentford,Newcastle,Premier League,Brentford Community Stadium,51.49083,-0.28861
2024-05-19,16:00,England,Brighton,Man United,Premier League,Falmer Stadium,50.861822222222,-0.083277777777778
2024-05-19,16:00,England,Chelsea,Bournemouth,Premier League,Stamford Bridge,51.481666666667,-0.19111111111111
2024-05-19,16:00,England,Crystal Palace,Aston Villa,Premier League,Selhurst Park,51.39833,-0.08556
2024-05-19,16:00,England,Liverpool,Wolves,Premier League,Anfield,53.4308,-2.9608
2024-05-19,16:00,England,Man City,West Ham,Premier League,City of Manchester Stadium,53.483055555556,-2.2002777777778
2024-05-19,16:00,England,Sheffield United,Tottenham,Premier League,Old Trafford,53.463055555556,-2.2913888888889
2024-05-19,17:00,Turkey,Galatasaray,Fenerbahce,Super Lig,Rams Park,41.10278,28.99056
2024-05-19,17:30,Belgium,Anderlecht,Club Brugge,Belgian Pro League,Lotto Park,50.83417,4.29833
2024-05-19,18:00,Spain,Ath Bilbao,Sevilla,La Liga,San Mamés,43.2643,-2.9504
2024-05-19,18:00,Spain,Ath Madrid,Osasuna,La Liga,Santiago Bernabéu,40.45306,-3.68835
2024-05-19,18:00,Spain,Barcelona,Vallecano,La Liga,Olímpic Lluís Companys,41.36472,2.15556
2024-05-19,18:00,Spain,Betis,Sociedad,La Liga,Benito Villamarín,37.35639,-5.98139
2024-05-19,18:00,Spain,Granada,Celta,La Liga,Montilivi,41.96139,2.82861
2024-05-19,18:00,Spain,Mallorca,Almeria,La Liga,Mallorca Son Moix,39.59,2.63
2024-05-19,18:00,Spain,Valencia,Girona,La Liga,Mestalla,39.47472,-0.35833
2024-05-19,18:00,Spain,Villarreal,Real Madrid,La Liga,La Cerámica,39.94417,-0.10361
2024-05-19,18:00,Greece,Aris,PAOK,Super League Greece,Kleanthis Vikelidis Stadium,40.6,22.96944
2024-05-19,18:00,Greece,Panathinaikos,Olympiakos,Super League Greece,Athens Olympic Stadium,38.03606806,23.7876
2024-05-19,19:45,Italy,Roma,Genoa,Serie A,Stadio Olimpico,41.93389,12.45472
2024-05-19,20:00,Portugal,Zaragoza,Ferrol,Segunda Division,Estádio Municipal de Braga,41.5625,-8.43
2024-05-19,20:00,France,Le Havre,Marseille,Ligue 1,Stade Océane,49.49889,0.16972
2024-05-19,20:00,France,Lens,Montpellier,Ligue 1,Stade Bollaert-Delelis,50.43278,2.815
2024-05-19,20:00,France,Lille,Nice,Ligue 1,Decathlon Arena Pierre Mauroy Stadium,50.6119,3.1304
2024-05-19,20:00,France,Lyon,Strasbourg,Ligue 1,Groupama Stadium,45.765224,4.982131
2024-05-19,20:00,France,Monaco,Nantes,Ligue 1,Stade Louis II,43.7275,7.41556
2024-05-19,20:00,France,Reims,Rennes,Ligue 1,Stade Auguste Delaune,49.24667,4.025
2024-05-19,20:00,France,Toulouse,Brest,Ligue 1,Stadium de Toulouse,43.58306,1.43417
2024-05-20,17:30,Belgium,Genk,Antwerp,Belgian Pro League,Cegeka Arena,51.005,5.53333
2024-05-20,19:30,Spain,Espanol,Oviedo,Segunda Division,RCDE Stadium,41.34778,2.07556
2024-05-20,19:30,Spain,Villarreal B,Albacete,Segunda Division,La Cerámica,39.94417,-0.10361
2024-05-20,19:45,Italy,Bologna,Juventus,Serie A,Stadio Renato Dall'Ara,44.49222,11.30972
2024-05-22,21:00(20:00UTC+1),Italy,Atalanta,Bayer Leverkusen,Europa League,Gewiss Stadium,45.70889,9.68083
2024-05-23,19:45,Italy,Cagliari,Fiorentina,Serie A,Unipol Domus,39.2,9.1375
2024-05-24,18:00,Turkey,Alanyaspor,Antalyaspor,Super Lig,Alanya Oba Stadium,36.5626,32.0792
2024-05-24,19:45,Italy,Genoa,Bologna,Serie A,Stadio Luigi Ferraris,44.41639,8.9525
2024-05-24,20:00,Spain,Girona,Granada,La Liga,Montilivi,41.96139,2.82861
2024-05-25,13:00,Spain,Osasuna,Villarreal,La Liga,El Sadar,42.79667,-1.63694
2024-05-25,15:15,Spain,Sociedad,Ath Madrid,La Liga,Anoeta,43.30139,-1.97361
2024-05-25,17:00,Italy,Juventus,Monza,Serie A,Juventus Stadium,45.10944,7.64111
2024-05-25,17:00,Turkey,Sivasspor,Kayserispor,Super Lig,BG Grup 4 Eylül Stadium,39.72833,36.98389
2024-05-25,17:30,Spain,Almeria,Cadiz,La Liga,Mestalla,39.47472,-0.35833
2024-05-25,17:30,Spain,Vallecano,Ath Bilbao,La Liga,Vallecas,40.39194,-3.65889
2024-05-25,19:30,Belgium,Gent,St Truiden,Belgian Pro League,Planet Group Arena,51.01611,3.73417
2024-05-25,19:30,Belgium,Mechelen,Standard,Belgian Pro League,AFAS-stadion Achter de Kazerne,51.037184,4.486397
2024-05-25,19:30,Belgium,Oud-Heverlee Leuven,Westerlo,Belgian Pro League,Den Dreef,50.86833,4.69417
2024-05-25,19:45,Italy,Milan,Salernitana,Serie A,San Siro,45.47806,9.12389
2024-05-25,20:00,Spain,Real Madrid,Betis,La Liga,Santiago Bernabéu,40.45306,-3.68835
2024-05-26,13:00,Spain,Getafe,Mallorca,La Liga,Coliseum,40.32556,-3.71472
2024-05-26,15:15,Spain,Celta,Valencia,La Liga,Balaídos,42.2118,-8.7397
2024-05-26,15:15,Spain,Las Palmas,Alaves,La Liga,Gran Canaria,28.10028,-15.45667
2024-05-26,17:00,Italy,Atalanta,Torino,Serie A,Gewiss Stadium,45.70889,9.68083
2024-05-26,17:00,Italy,Napoli,Lecce,Serie A,Stadio Diego Armando Maradona,40.828,14.193
2024-05-26,17:00,Turkey,Ad. Demirspor,Buyuksehyr,Super Lig,New Adana Stadium,37.06333,35.375
2024-05-26,17:00,Turkey,Fenerbahce,Istanbulspor,Super Lig,Ülker Stadium,40.98778,29.03694
2024-05-26,17:00,Turkey,Hatayspor,Rizespor,Super Lig,Mersin Stadium[note 1],36.82056,34.53861
2024-05-26,17:00,Turkey,Konyaspor,Galatasaray,Super Lig,Konya Metropolitan Municipality Stadium,37.946,32.488
2024-05-26,17:00,Turkey,Trabzonspor,Ankaragucu,Super Lig,Papara Park,40.99917,39.64583
2024-05-26,17:30,Portugal,Amorebieta,Espanol,Segunda Division,Estádio Comendador Joaquim de Almeida Freitas,41.37806,-8.35472
2024-05-26,17:30,England,Cartagena,Huesca,Segunda Division,Emirates Stadium,51.55667,-0.10611
2024-05-26,17:30,Belgium,Elche,Eldense,Segunda Division,AFAS-stadion Achter de Kazerne,51.037184,4.486397
2024-05-26,17:30,Spain,Levante,Alcorcon,Segunda Division,Municipal de Butarque,40.3404,-3.7607
2024-05-26,17:30,Denmark,Santander,Zaragoza,Segunda Division,Cepheus Park Randers,56.46594,10.010262
2024-05-26,17:30,Spain,Valladolid,Villarreal B,Segunda Division,José Zorrilla,41.64444,-4.76111
2024-05-26,17:30,Belgium,Antwerp,Anderlecht,Belgian Pro League,Bosuilstadion,51.2325,4.47222
2024-05-26,17:30,Belgium,Club Brugge,Cercle Brugge,Belgian Pro League,Jan Breydel Stadium,51.19333,3.18056
2024-05-26,19:45,Italy,Empoli,Roma,Serie A,Stadio Carlo Castellani - Computer Gross Arena,43.72639,10.955
2024-05-26,19:45,Italy,Lazio,Sassuolo,Serie A,Stadio Olimpico,41.93389,12.45472
2024-05-26,19:45,Italy,Verona,Inter,Serie A,Stadio Marcantonio Bentegodi,45.43528,10.96861
2024-05-26,20:00,Spain,Sevilla,Barcelona,La Liga,Ramón Sánchez-Pizjuán,37.384,-5.9705
2024-06-01,21:00(20:00UTC+1),Germany,Borussia Dortmund,Real Madrid,Europa League,Signal Iduna Park,51.4925,7.45167
2024-06-02,12:30,Belgium,Genk,Gent,Belgian Pro League,Cegeka Arena,51.005,5.53333
2024-06-02,15:15,Spain,Alcorcon,Burgos,Segunda Division,Mallorca Son Moix,39.59,2.63
2024-06-02,17:00,Italy,Atalanta,Fiorentina,Serie A,Gewiss Stadium,45.70889,9.68083
2024-06-02,17:30,France,Eldense,Sp Gijon,Segunda Division,Stade Bollaert-Delelis,50.43278,2.815
2024-06-02,17:30,Spain,Espanol,Cartagena,Segunda Division,RCDE Stadium,41.34778,2.07556
2024-06-02,17:30,Spain,Leganes,Elche,Segunda Division,Municipal de Butarque,40.3404,-3.7607
2024-06-02,17:30,Denmark,Mirandes,Amorebieta,Segunda Division,Cepheus Park Randers,56.46594,10.010262
2024-06-02,17:30,Spain,Villarreal B,Santander,Segunda Division,La Cerámica,39.94417,-0.10361
2024-06-02,20:00,Portugal,Zaragoza,Albacete,Segunda Division,Estádio Municipal de Braga,41.5625,-8.43
2024-07-26,19:45,Belgium,Club Brugge,Mechelen,Belgian Pro League,Jan Breydel Stadium,51.19333,3.18056
2024-07-27,15:00,Belgium,Dender,St. Gilloise,Belgian Pro League,Van Roystadion,50.883683,4.071185
2024-07-27,17:15,Belgium,Beerschot VA,Oud-Heverlee Leuven,Belgian Pro League,Olympisch Stadion,51.185,4.38222
2024-07-27,19:45,Belgium,Anderlecht,St Truiden,Belgian Pro League,Lotto Park,50.83417,4.29833
2024-07-28,12:30,Belgium,Genk,Standard,Belgian Pro League,Cegeka Arena,51.005,5.53333
2024-07-28,15:00,Belgium,Kortrijk,Gent,Belgian Pro League,Guldensporen Stadion,50.830432,3.248906
2024-07-28,17:30,Belgium,Charleroi,Antwerp,Belgian Pro League,Stade du Pays de Charleroi,50.414609,4.453787
2024-07-28,18:15,Belgium,Westerlo,Cercle Brugge,Belgian Pro League,Het Kuipje,51.094817,4.928806
2024-08-03,12:00,Germany,Magdeburg,Elversberg,2. Bundesliga,WWK Arena,48.32306,10.88611
2024-08-03,15:00,Belgium,Mechelen,Westerlo,Belgian Pro League,AFAS-stadion Achter de Kazerne,51.037184,4.486397
2024-08-03,17:15,Belgium,Oud-Heverlee Leuven,Genk,Belgian Pro League,Den Dreef,50.86833,4.69417
2024-08-03,19:45,Belgium,St Truiden,Charleroi,Belgian Pro League,Stayen,50.813474,5.166256
2024-08-04,12:30,England,Ulm,Kaiserslautern,2. Bundesliga,Craven Cottage,51.475,-0.22166666666667
2024-08-04,12:30,Belgium,Antwerp,Anderlecht,Belgian Pro League,Bosuilstadion,51.2325,4.47222
2024-08-04,15:00,Belgium,Cercle Brugge,Kortrijk,Belgian Pro League,Jan Breydel Stadium,51.19333,3.18056
2024-08-04,17:30,Belgium,Standard,Club Brugge,Belgian Pro League,Stade Maurice Dufrasne,50.61,5.54333
2024-08-04,18:15,Belgium,Gent,Dender,Belgian Pro League,Planet Group Arena,51.01611,3.73417
2024-08-09,17:30,France,Regensburg,Ulm,2. Bundesliga,Stade de la Meinau,48.56,7.755
2024-08-09,19:00,Netherlands,Groningen,NAC Breda,Eredivisie,Euroborg,53.20611,6.59139
2024-08-09,19:00,Turkey,Galatasaray,Hatayspor,Super Lig,Rams Park,41.10278,28.99056
2024-08-09,19:45,Belgium,Standard,Mechelen,Belgian Pro League,Stade Maurice Dufrasne,50.61,5.54333
2024-08-09,20:00,Portugal,Preston,Sheffield United,Championship,Estádio do Dragão,41.1618,-8.5839
2024-08-10,12:00,Netherlands,Fortuna Dusseldorf,Karlsruhe,2. Bundesliga,Fortuna Sittard Stadion,50.992069,5.843675
2024-08-10,15:00,Belgium,Dender,Kortrijk,Belgian Pro League,Van Roystadion,50.883683,4.071185
2024-08-10,15:30,Netherlands,Feyenoord,Willem II,Eredivisie,De Kuip,51.89389,4.52306
2024-08-10,15:30,Portugal,AVS,Nacional,Primeira Liga,Estádio do CD Aves,41.366932,-8.411789
2024-08-10,17:15,Belgium,Westerlo,St. Gilloise,Belgian Pro League,Het Kuipje,51.094817,4.928806
2024-08-10,18:00,Portugal,Casa Pia,Boavista,Primeira Liga,Estádio Municipal de Rio Maior[A],39.34444,-8.93528
2024-08-10,19:00,Netherlands,Almere City,AZ Alkmaar,Eredivisie,Yanmar Stadion,52.3944,5.2405
2024-08-10,19:45,Belgium,Anderlecht,Oud-Heverlee Leuven,Belgian Pro League,Lotto Park,50.83417,4.29833
2024-08-10,19:45,Turkey,Antalyaspor,Goztep,Super Lig,Corendon Airlines Park,36.888278,30.668444
2024-08-10,19:45,Turkey,Fenerbahce,Ad. Demirspor,Super Lig,Ülker Stadium,40.98778,29.03694
2024-08-10,20:00,Netherlands,PSV Eindhoven,Waalwijk,Eredivisie,Philips Stadion,51.44167,5.4675
2024-08-10,20:30,Portugal,Porto,Gil Vicente,Primeira Liga,Estádio do Dragão,41.1618,-8.5839
2024-08-11,11:15,Netherlands,Sparta Rotterdam,Heracles,Eredivisie,Spartastadion Het Kasteel,51.919485,4.433619
2024-08-11,12:30,Belgium,Genk,Club Brugge,Belgian Pro League,Cegeka Arena,51.005,5.53333
2024-08-11,13:30,Netherlands,Go Ahead Eagles,For Sittard,Eredivisie,De Adelaarshorst,52.260416,6.172578
2024-08-11,13:30,Netherlands,Utrecht,Zwolle,Eredivisie,Stadion Galgenwaard,52.07833,5.14583
2024-08-11,15:00,Belgium,Antwerp,St Truiden,Belgian Pro League,Bosuilstadion,51.2325,4.47222
2024-08-11,15:30,Portugal,Estoril,Santa Clara,Primeira Liga,Estádio António Coimbra da Mota,38.71583,-9.40639
2024-08-11,15:45,Netherlands,Ajax,Heerenveen,Eredivisie,Johan Cruyff Arena,52.31417,4.94194
2024-08-11,17:15,Turkey,Sivasspor,Trabzonspor,Super Lig,BG Grup 4 Eylül Stadium,39.72833,36.98389
2024-08-11,17:30,Belgium,Charleroi,Gent,Belgian Pro League,Stade du Pays de Charleroi,50.414609,4.453787
2024-08-11,18:00,Portugal,Famalicao,Benfica,Primeira Liga,Estádio Municipal de Famalicão,41.40139,-8.5225
2024-08-11,18:00,Portugal,Farense,Moreirense,Primeira Liga,Estádio de São Luís,37.022861,-7.928444
2024-08-11,18:15,Belgium,Cercle Brugge,Beerschot VA,Belgian Pro League,Jan Breydel Stadium,51.19333,3.18056
2024-08-11,19:45,Turkey,Alanyaspor,Eyupspor,Super Lig,Alanya Oba Stadium,36.5626,32.0792
2024-08-11,19:45,Turkey,Samsunspor,Besiktas,Super Lig,Samsun 19 Mayıs Stadium,41.22778,36.4575
2024-08-11,20:30,Portugal,Sp Braga,Estrela,Primeira Liga,Estádio Municipal de Braga,41.5625,-8.43
2024-08-12,19:00,Turkey,Rizespor,Buyuksehyr,Super Lig,Rize City Stadium,41.04202,40.5733
2024-08-12,20:00,France,Luton,Burnley,Championship,Groupama Stadium,45.765224,4.982131
2024-08-12,20:15,Portugal,Arouca,Guimaraes,Primeira Liga,Estádio Municipal de Arouca,40.933,-8.2503
2024-08-15,18:00,Spain,Ath Bilbao,Getafe,La Liga,San Mamés,43.2643,-2.9504
2024-08-15,19:30,Spain,Granada,Albacete,Segunda Division,Montilivi,41.96139,2.82861
2024-08-15,20:30,Spain,Betis,Girona,La Liga,Benito Villamarín,37.35639,-5.98139
2024-08-16,17:00,Portugal,Santa Clara,Porto,Primeira Liga,Estádio de São Miguel,37.763694,-25.622611
2024-08-16,18:00,Spain,Celta,Alaves,La Liga,Balaídos,42.2118,-8.7397
2024-08-16,18:00,Denmark,Mirandes,Cordoba,Segunda Division,Cepheus Park Randers,56.46594,10.010262
2024-08-16,19:00,Portugal,Amiens,Red Star,Ligue 2,Estádio Comendador Joaquim de Almeida Freitas,41.37806,-8.35472
2024-08-16,19:00,Italy,Grenoble,Laval,Ligue 2,Stadio Luigi Ferraris,44.41639,8.9525
2024-08-16,19:00,Netherlands,For Sittard,Almere City,Eredivisie,Fortuna Sittard Stadion,50.992069,5.843675
2024-08-16,19:00,Turkey,Konyaspor,Galatasaray,Super Lig,Konya Metropolitan Municipality Stadium,37.946,32.488
2024-08-16,19:30,France,Brescia,Palermo,Serie B,Stade Francis-Le Blé,48.402932,-4.461694
2024-08-16,19:45,France,Le Havre,Paris SG,Ligue 1,Stade Océane,49.49889,0.16972
2024-08-16,20:00,England,Man United,Fulham,Premier League,Old Trafford,53.463055555556,-2.2913888888889
2024-08-16,20:15,Portugal,Gil Vicente,AVS,Primeira Liga,Estádio Cidade de Barcelos,41.551,-8.623
2024-08-16,20:30,Spain,Las Palmas,Sevilla,La Liga,Gran Canaria,28.10028,-15.45667
2024-08-17,12:30,England,Ipswich,Liverpool,Premier League,Portman Road,52.055,1.14528
2024-08-17,12:30,Portugal,Portsmouth,Luton,Championship,Estádio do Dragão,41.1618,-8.5839
2024-08-17,12:30,Belgium,West Brom,Leeds,Championship,Het Kuipje,51.094817,4.928806
2024-08-17,15:00,England,Arsenal,Wolves,Premier League,Emirates Stadium,51.55667,-0.10611
2024-08-17,15:00,England,Everton,Brighton,Premier League,Goodison Park,53.438888888889,-2.9663888888889
2024-08-17,15:00,England,Newcastle,Southampton,Premier League,St James' Park,54.975555555556,-1.6216666666667
2024-08-17,15:00,England,Nott'm Forest,Bournemouth,Premier League,City Ground,52.94,-1.13278
2024-08-17,15:00,England,Bristol City,Millwall,Championship,King Power Stadium,52.620277777778,-1.1422222222222
2024-08-17,15:00,Denmark,Burnley,Cardiff,Championship,Brøndby Stadium,55.64889,12.41861
2024-08-17,15:00,Croatia,Norwich,Blackburn,Championship,ŠRC Velika Gorica,45.724,16.0732
2024-08-17,15:00,England,Sheffield United,QPR,Championship,Old Trafford,53.463055555556,-2.2913888888889
2024-08-17,15:00,England,Watford,Stoke,Championship,Brentford Community Stadium,51.49083,-0.28861
2024-08-17,15:00,Belgium,Beerschot VA,Genk,Belgian Pro League,Olympisch Stadion,51.185,4.38222
2024-08-17,15:30,Netherlands,Heerenveen,Utrecht,Eredivisie,Abe Lenstra Stadion,52.95861,5.93611
2024-08-17,15:30,Portugal,Rio Ave,Farense,Primeira Liga,Estádio dos Arcos,41.36278,-8.74028
2024-08-17,16:00,France,Brest,Marseille,Ligue 1,Stade Francis-Le Blé,48.402932,-4.461694
2024-08-17,17:15,Belgium,St Truiden,Dender,Belgian Pro League,Stayen,50.813474,5.166256
2024-08-17,17:15,Turkey,Kayserispor,Sivasspor,Super Lig,RHG Enertürk Enerji Stadium,38.73722,35.42306
2024-08-17,17:30,England,West Ham,Aston Villa,Premier League,London Stadium,51.5386,-0.0164
2024-08-17,17:30,Italy,Genoa,Inter,Serie A,Stadio Luigi Ferraris,44.41639,8.9525
2024-08-17,17:30,Italy,Parma,Fiorentina,Serie A,Stadio Ennio Tardini,44.795,10.33833
2024-08-17,17:45,Netherlands,Twente,Sparta Rotterdam,Eredivisie,De Grolsch Veste,52.23667,6.8375
2024-08-17,18:00,Spain,Osasuna,Leganes,La Liga,El Sadar,42.79667,-1.63694
2024-08-17,18:00,France,Reims,Lille,Ligue 1,Stade Auguste Delaune,49.24667,4.025
2024-08-17,18:00,Portugal,Nacional,Sp Lisbon,Primeira Liga,Estádio da Madeira,32.670625,-16.883525
2024-08-17,18:00,Greece,PAOK,Panserraikos,Super League Greece,Toumba Stadium,40.61389,22.9725
2024-08-17,18:00,Greece,Volos NFC,Olympiakos,Super League Greece,Panthessaliko Stadium,39.3875,22.93111
2024-08-17,19:30,Greece,Bari,Juve Stabia,Serie B,Kleanthis Vikelidis Stadium,40.6,22.96944
2024-08-17,19:30,Spain,Salernitana,Cittadella,Serie B,Mestalla,39.47472,-0.35833
2024-08-17,19:30,Austria,Sudtirol,Modena,Serie B,Tivoli Stadion Tirol,47.25583,11.41083
2024-08-17,19:45,Italy,Empoli,Monza,Serie A,Stadio Carlo Castellani - Computer Gross Arena,43.72639,10.955
2024-08-17,19:45,Italy,Milan,Torino,Serie A,San Siro,45.47806,9.12389
2024-08-17,19:45,Belgium,Mechelen,Anderlecht,Belgian Pro League,AFAS-stadion Achter de Kazerne,51.037184,4.486397
2024-08-17,19:45,Turkey,Ad. Demirspor,Rizespor,Super Lig,New Adana Stadium,37.06333,35.375
2024-08-17,19:45,Turkey,Goztep,Fenerbahce,Super Lig,Gürsel Aksel Stadium,38.396821,27.07595
2024-08-17,20:00,France,Monaco,St Etienne,Ligue 1,Stade Louis II,43.7275,7.41556
2024-08-17,20:00,Netherlands,Waalwijk,Groningen,Eredivisie,Mandemakers Stadion,51.68694,5.08861
2024-08-17,20:30,Spain,Valencia,Barcelona,La Liga,Mestalla,39.47472,-0.35833
2024-08-17,20:30,Portugal,Benfica,Casa Pia,Primeira Liga,Estádio da Luz,38.7527,-9.1847
2024-08-18,11:15,Netherlands,Heracles,PSV Eindhoven,Eredivisie,Asito Stadion[3],52.33889,6.65056
2024-08-18,12:30,Belgium,Club Brugge,Antwerp,Belgian Pro League,Jan Breydel Stadium,51.19333,3.18056
2024-08-18,13:30,Netherlands,Willem II,Go Ahead Eagles,Eredivisie,Koning Willem II Stadion,51.54278,5.06694
2024-08-18,13:30,Netherlands,Zwolle,Feyenoord,Eredivisie,MAC³PARK Stadion,52.51722,6.12083
2024-08-18,14:00,England,Brentford,Crystal Palace,Premier League,Brentford Community Stadium,51.49083,-0.28861
2024-08-18,14:00,France,Auxerre,Nice,Ligue 1,Stade Abbé Deschamps,47.7867528,3.5886639
2024-08-18,15:00,Belgium,Oud-Heverlee Leuven,Cercle Brugge,Belgian Pro League,Den Dreef,50.86833,4.69417
2024-08-18,15:30,Portugal,Moreirense,Arouca,Primeira Liga,Estádio Comendador Joaquim de Almeida Freitas,41.37806,-8.35472
2024-08-18,15:45,Netherlands,NAC Breda,Ajax,Eredivisie,Rat Verlegh Stadion,51.595,4.75028
2024-08-18,16:00,Denmark,Santander,Almeria,Segunda Division,Cepheus Park Randers,56.46594,10.010262
2024-08-18,16:00,France,Angers,Lens,Ligue 1,Stade Raymond Kopa,47.460458,-0.530741
2024-08-18,16:00,France,Montpellier,Strasbourg,Ligue 1,Stade de la Mosson,43.62222,3.81194
2024-08-18,16:00,France,Toulouse,Nantes,Ligue 1,Stadium de Toulouse,43.58306,1.43417
2024-08-18,16:30,England,Chelsea,Man City,Premier League,Stamford Bridge,51.481666666667,-0.19111111111111
2024-08-18,17:00,Greece,Levadeiakos,Athens Kallithea,Super League Greece,Levadia Municipal Stadium,38.4358972,22.8828444
2024-08-18,17:15,Turkey,Buyuksehyr,Alanyaspor,Super Lig,Başakşehir Fatih Terim Stadium,41.12278,28.80861
2024-08-18,17:30,Italy,Bologna,Udinese,Serie A,Stadio Renato Dall'Ara,44.49222,11.30972
2024-08-18,17:30,Italy,Verona,Napoli,Serie A,Stadio Marcantonio Bentegodi,45.43528,10.96861
2024-08-18,17:30,Belgium,Kortrijk,Standard,Belgian Pro League,Guldensporen Stadion,50.830432,3.248906
2024-08-18,18:00,Spain,Sociedad,Vallecano,La Liga,Anoeta,43.30139,-1.97361
2024-08-18,18:00,Portugal,Guimaraes,Estoril,Primeira Liga,Estádio D. Afonso Henriques,41.44583,-8.30111
2024-08-18,18:00,Greece,Panathinaikos,Asteras Tripolis,Super League Greece,Athens Olympic Stadium,38.03606806,23.7876
2024-08-18,18:15,Belgium,Gent,Westerlo,Belgian Pro League,Planet Group Arena,51.01611,3.73417
2024-08-18,18:30,Belgium,Elche,Huesca,Segunda Division,AFAS-stadion Achter de Kazerne,51.037184,4.486397
2024-08-18,18:30,Greece,Atromitos,Aris,Super League Greece,Peristeri Stadium,38.00472,23.68972
2024-08-18,19:30,England,Cesena,Carrarese,Serie B,Stamford Bridge,51.481666666667,-0.19111111111111
2024-08-18,19:30,Italy,Cosenza,Cremonese,Serie B,Stadio Brianteo,45.58278,9.30806
2024-08-18,19:45,Italy,Cagliari,Roma,Serie A,Unipol Domus,39.2,9.1375
2024-08-18,19:45,Italy,Lazio,Venezia,Serie A,Stadio Olimpico,41.93389,12.45472
2024-08-18,19:45,France,Rennes,Lyon,Ligue 1,Roazhon Park,48.1075,-1.71278
2024-08-18,19:45,Turkey,Besiktas,Antalyaspor,Super Lig,Tüpraş Stadium,41.03917,28.99472
2024-08-18,19:45,Turkey,Gaziantep,Samsunspor,Super Lig,Gaziantep Stadium,37.12389,37.3825
2024-08-18,20:30,Spain,Mallorca,Real Madrid,La Liga,Mallorca Son Moix,39.59,2.63
2024-08-18,20:30,Portugal,Boavista,Sp Braga,Primeira Liga,Estádio do Bessa,41.16222,-8.64278
2024-08-19,17:30,Italy,Lecce,Atalanta,Serie A,Stadio Via del mare,40.36528,18.20889
2024-08-19,18:00,Spain,Valladolid,Espanol,La Liga,José Zorrilla,41.64444,-4.76111
2024-08-19,19:00,Turkey,Eyupspor,Bodrumspor,Super Lig,Recep Tayyip Erdoğan Stadium,41.03278,28.9725
2024-08-19,19:00,Turkey,Hatayspor,Kasimpasa,Super Lig,Mersin Stadium[note 1],36.82056,34.53861
2024-08-19,19:00,Greece,Panetolikos,Lamia,Super League Greece,Panetolikos Stadium,38.63,21.41167
2024-08-19,19:30,France,Eldense,Tenerife,Segunda Division,Stade Bollaert-Delelis,50.43278,2.815
2024-08-19,19:45,Italy,Juventus,Como,Serie A,Juventus Stadium,45.10944,7.64111
2024-08-19,19:45,Greece,Martigues,Lorient,Ligue 2,Kleanthis Vikelidis Stadium,40.6,22.96944
2024-08-19,20:00,England,Leicester,Tottenham,Premier League,King Power Stadium,52.620277777778,-1.1422222222222
2024-08-19,20:15,Portugal,Estrela,Famalicao,Primeira Liga,Estádio José Gomes,38.75194,-9.22806
2024-08-19,20:30,Spain,Villarreal,Ath Madrid,La Liga,La Cerámica,39.94417,-0.10361
2024-08-23,18:00,Spain,Celta,Valencia,La Liga,Balaídos,42.2118,-8.7397
2024-08-23,18:00,Denmark,Santander,Eibar,Segunda Division,Cepheus Park Randers,56.46594,10.010262
2024-08-23,19:00,Netherlands,Annecy,Martigues,Ligue 2,Goffertstadion,51.8225,5.83667
2024-08-23,19:00,Portugal,Bastia,Amiens,Ligue 2,Estádio do Bessa,41.16222,-8.64278
2024-08-23,19:00,Greece,Laval,Guingamp,Ligue 2,Lamia Municipal Stadium,38.91,22.43111
2024-08-23,19:00,Greece,Paris FC,Dunkerque,Ligue 2,Kleanthis Vikelidis Stadium,40.6,22.96944
2024-08-23,19:00,Turkey,Alanyaspor,Goztep,Super Lig,Alanya Oba Stadium,36.5626,32.0792
2024-08-23,19:30,Italy,Modena,Bari,Serie B,Stadio Brianteo,45.58278,9.30806
2024-08-23,19:45,France,Paris SG,Montpellier,Ligue 1,Parc des Princes,48.84138888888889,2.2530555555555556
2024-08-23,20:15,Portugal,Farense,Sp Lisbon,Primeira Liga,Estádio de São Luís,37.022861,-7.928444
2024-08-23,20:30,Spain,Sevilla,Villarreal,La Liga,Ramón Sánchez-Pizjuán,37.384,-5.9705
2024-08-24,12:30,England,Brighton,Man United,Premier League,Falmer Stadium,50.861822222222,-0.083277777777778
2024-08-24,12:30,England,Bristol City,Coventry,Championship,King Power Stadium,52.620277777778,-1.1422222222222
2024-08-24,13:30,Italy,Lorient,Grenoble,Ligue 2,Stadio Olimpico Grande Torino,45.04167,7.65
2024-08-24,14:30,Germany,Augsburg,Werder Bremen,Bundesliga,WWK Arena,48.32306,10.88611
2024-08-24,14:30,Germany,Freiburg,Stuttgart,Bundesliga,Europa-Park Stadion,48.0216,7.8297
2024-08-24,14:30,Germany,Hoffenheim,Holstein Kiel,Bundesliga,PreZero Arena,49.23806,8.8875
2024-08-24,14:30,Germany,Mainz,Union Berlin,Bundesliga,Mewa Arena,49.98417,8.22417
2024-08-24,14:30,Germany,RB Leipzig,Bochum,Bundesliga,Red Bull Arena,51.34583,12.34833
2024-08-24,15:00,England,Crystal Palace,West Ham,Premier League,Selhurst Park,51.39833,-0.08556
2024-08-24,15:00,England,Fulham,Leicester,Premier League,Craven Cottage,51.475,-0.22166666666667
2024-08-24,15:00,England,Man City,Ipswich,Premier League,City of Manchester Stadium,53.483055555556,-2.2002777777778
2024-08-24,15:00,England,Southampton,Nott'm Forest,Premier League,St Mary's Stadium,50.90583,-1.39111
2024-08-24,15:00,England,Tottenham,Everton,Premier League,Tottenham Hotspur Stadium,51.6044,-0.0664
2024-08-24,15:00,Croatia,Norwich,Sheffield United,Championship,ŠRC Velika Gorica,45.724,16.0732
2024-08-24,15:00,Portugal,Preston,Luton,Championship,Estádio do Dragão,41.1618,-8.5839
2024-08-24,15:00,England,Watford,Derby,Championship,Brentford Community Stadium,51.49083,-0.28861
2024-08-24,15:30,Portugal,Casa Pia,Santa Clara,Primeira Liga,Estádio Municipal de Rio Maior[A],39.34444,-8.93528
2024-08-24,16:00,Spain,Osasuna,Mallorca,La Liga,El Sadar,42.79667,-1.63694
2024-08-24,16:00,France,Lyon,Monaco,Ligue 1,Groupama Stadium,45.765224,4.982131
2024-08-24,17:15,Belgium,Westerlo,Oud-Heverlee Leuven,Belgian Pro League,Het Kuipje,51.094817,4.928806
2024-08-24,17:15,Turkey,Sivasspor,Eyupspor,Super Lig,BG Grup 4 Eylül Stadium,39.72833,36.98389
2024-08-24,17:30,England,Aston Villa,Arsenal,Premier League,Villa Park,52.509166666667,-1.8847222222222
2024-08-24,17:30,Germany,Dortmund,Ein Frankfurt,Bundesliga,Signal Iduna Park,51.4925,7.45167
2024-08-24,17:30,Italy,Parma,Milan,Serie A,Stadio Ennio Tardini,44.795,10.33833
2024-08-24,17:30,Italy,Udinese,Lazio,Serie A,Stadio Friuli,46.0816,13.2001
2024-08-24,18:00,Spain,Barcelona,Ath Bilbao,La Liga,Olímpic Lluís Companys,41.36472,2.15556
2024-08-24,18:00,Spain,Levante,Cadiz,Segunda Division,Municipal de Butarque,40.3404,-3.7607
2024-08-24,18:00,France,Lille,Angers,Ligue 1,Decathlon Arena Pierre Mauroy Stadium,50.6119,3.1304
2024-08-24,18:00,Portugal,Porto,Rio Ave,Primeira Liga,Estádio do Dragão,41.1618,-8.5839
2024-08-24,18:00,Greece,Panserraikos,Aris,Super League Greece,Serres Municipal Stadium,41.0847,23.5466
2024-08-24,18:30,Austria,Sudtirol,Salernitana,Serie B,Tivoli Stadion Tirol,47.25583,11.41083
2024-08-24,19:00,Netherlands,Almere City,PSV Eindhoven,Eredivisie,Yanmar Stadion,52.3944,5.2405
2024-08-24,19:30,France,Brescia,Cittadella,Serie B,Stade Francis-Le Blé,48.402932,-4.461694
2024-08-24,19:30,France,Cremonese,Carrarese,Serie B,Roazhon Park,48.1075,-1.71278
2024-08-24,19:30,Turkey,Sampdoria,Reggiana,Serie B,Samsun 19 Mayıs Stadium,41.22778,36.4575
2024-08-24,19:30,Italy,Spezia,Frosinone,Serie B,Stadio Pier Luigi Penzo,45.4277611,12.3637306
2024-08-24,19:45,Italy,Monza,Genoa,Serie A,Stadio Brianteo,45.58278,9.30806
2024-08-24,19:45,Belgium,Antwerp,Mechelen,Belgian Pro League,Bosuilstadion,51.2325,4.47222
2024-08-24,20:00,France,St Etienne,Le Havre,Ligue 1,Stade Geoffroy Guichard,45.46083,4.39028
2024-08-24,20:00,Netherlands,NAC Breda,Utrecht,Eredivisie,Rat Verlegh Stadion,51.595,4.75028
2024-08-24,20:30,Spain,Espanol,Sociedad,La Liga,RCDE Stadium,41.34778,2.07556
2024-08-24,20:30,Spain,Getafe,Vallecano,La Liga,Coliseum,40.32556,-3.71472
2024-08-24,20:30,Portugal,Benfica,Estrela,Primeira Liga,Estádio da Luz,38.7527,-9.1847
2024-08-24,20:30,Portugal,Famalicao,Boavista,Primeira Liga,Estádio Municipal de Famalicão,41.40139,-8.5225
2024-08-25,11:15,Netherlands,Groningen,AZ Alkmaar,Eredivisie,Euroborg,53.20611,6.59139
2024-08-25,12:30,Germany,Magdeburg,Schalke 04,2. Bundesliga,WWK Arena,48.32306,10.88611
2024-08-25,12:30,England,Ulm,Fortuna Dusseldorf,2. Bundesliga,Craven Cottage,51.475,-0.22166666666667
2024-08-25,12:30,Belgium,Dender,Club Brugge,Belgian Pro League,Van Roystadion,50.883683,4.071185
2024-08-25,13:30,Netherlands,Heracles,Willem II,Eredivisie,Asito Stadion[3],52.33889,6.65056
2024-08-25,13:30,Netherlands,Sparta Rotterdam,Feyenoord,Eredivisie,Spartastadion Het Kasteel,51.919485,4.433619
2024-08-25,14:00,England,Bournemouth,Newcastle,Premier League,Dean Court,50.73528,-1.83833
2024-08-25,14:00,England,Wolves,Chelsea,Premier League,Molineux Stadium,52.59028,-2.13028
2024-08-25,14:00,France,Lens,Brest,Ligue 1,Stade Bollaert-Delelis,50.43278,2.815
2024-08-25,14:30,Germany,Wolfsburg,Bayern Munich,Bundesliga,Volkswagen Arena,52.43278,10.80389
2024-08-25,15:00,Belgium,St Truiden,St. Gilloise,Belgian Pro League,Stayen,50.813474,5.166256
2024-08-25,15:30,Portugal,Arouca,Nacional,Primeira Liga,Estádio Municipal de Arouca,40.933,-8.2503
2024-08-25,15:45,Netherlands,Go Ahead Eagles,Waalwijk,Eredivisie,De Adelaarshorst,52.260416,6.172578
2024-08-25,16:00,Spain,Real Madrid,Valladolid,La Liga,Santiago Bernabéu,40.45306,-3.68835
2024-08-25,16:00,France,Nantes,Auxerre,Ligue 1,Stade de la Beaujoire,47.256,-1.525
2024-08-25,16:00,France,Nice,Toulouse,Ligue 1,Allianz Riviera,43.70528,7.1925
2024-08-25,16:00,France,Strasbourg,Rennes,Ligue 1,Stade de la Meinau,48.56,7.755
2024-08-25,16:30,England,Liverpool,Brentford,Premier League,Anfield,53.4308,-2.9608
2024-08-25,16:30,Germany,St Pauli,Heidenheim,Bundesliga,Millerntor-Stadion,53.554583,9.967667
2024-08-25,17:00,Greece,Asteras Tripolis,Volos NFC,Super League Greece,Theodoros Kolokotronis Stadium,37.5025,22.38861
2024-08-25,17:30,Italy,Fiorentina,Venezia,Serie A,Stadio Artemio Franchi,43.78083,11.28222
2024-08-25,17:30,Italy,Torino,Atalanta,Serie A,Stadio Olimpico Grande Torino,45.04167,7.65
2024-08-25,17:30,Belgium,Standard,Beerschot VA,Belgian Pro League,Stade Maurice Dufrasne,50.61,5.54333
2024-08-25,18:00,Spain,Leganes,Las Palmas,La Liga,Municipal de Butarque,40.3404,-3.7607
2024-08-25,18:00,Portugal,Estoril,Gil Vicente,Primeira Liga,Estádio António Coimbra da Mota,38.71583,-9.40639
2024-08-25,18:15,Spain,Alaves,Betis,La Liga,Mendizorrotza,42.8371111,-2.6880444
2024-08-25,18:15,Belgium,Charleroi,Kortrijk,Belgian Pro League,Stade du Pays de Charleroi,50.414609,4.453787
2024-08-25,18:30,Greece,PAOK,Panetolikos,Super League Greece,Toumba Stadium,40.61389,22.9725
2024-08-25,19:00,Greece,Panathinaikos,Levadeiakos,Super League Greece,Athens Olympic Stadium,38.03606806,23.7876
2024-08-25,19:45,Italy,Napoli,Bologna,Serie A,Stadio Diego Armando Maradona,40.828,14.193
2024-08-25,19:45,Italy,Roma,Empoli,Serie A,Stadio Olimpico,41.93389,12.45472
2024-08-25,19:45,France,Marseille,Reims,Ligue 1,Orange Vélodrome,43.26972,5.39583
2024-08-25,19:45,Turkey,Antalyaspor,Hatayspor,Super Lig,Corendon Airlines Park,36.888278,30.668444
2024-08-25,19:45,Turkey,Rizespor,Fenerbahce,Super Lig,Rize City Stadium,41.04202,40.5733
2024-08-25,20:30,Spain,Ath Madrid,Girona,La Liga,Santiago Bernabéu,40.45306,-3.68835
2024-08-25,20:30,Portugal,AVS,Guimaraes,Primeira Liga,Estádio do CD Aves,41.366932,-8.411789
2024-08-25,20:30,Portugal,Sp Braga,Moreirense,Primeira Liga,Estádio Municipal de Braga,41.5625,-8.43
2024-08-26,17:30,Italy,Cagliari,Como,Serie A,Unipol Domus,39.2,9.1375
2024-08-26,18:00,England,Cartagena,Zaragoza,Segunda Division,Emirates Stadium,51.55667,-0.10611
2024-08-26,18:30,Greece,Olympiakos,Athens Kallithea,Super League Greece,Karaiskakis Stadium,37.94611,23.66444
2024-08-26,19:45,Italy,Verona,Juventus,Serie A,Stadio Marcantonio Bentegodi,45.43528,10.96861
2024-08-26,19:45,France,Red Star,Ajaccio,Ligue 2,Stade Francis-Le Blé,48.402932,-4.461694
2024-08-26,20:30,Spain,Villarreal,Celta,La Liga,La Cerámica,39.94417,-0.10361
2024-08-27,18:00,Spain,Mallorca,Sevilla,La Liga,Mallorca Son Moix,39.59,2.63
2024-08-27,19:30,Greece,Bari,Sassuolo,Serie B,Kleanthis Vikelidis Stadium,40.6,22.96944
2024-08-27,19:30,Portugal,Carrarese,Sudtirol,Serie B,Estádio de São Luís,37.022861,-7.928444
2024-08-27,19:30,France,Cremonese,Palermo,Serie B,Roazhon Park,48.1075,-1.71278
2024-08-27,19:30,Spain,Salernitana,Sampdoria,Serie B,Mestalla,39.47472,-0.35833
2024-08-27,20:30,Spain,Vallecano,Barcelona,La Liga,Vallecas,40.39194,-3.65889
2024-08-28,18:00,Spain,Ath Bilbao,Valencia,La Liga,San Mamés,43.2643,-2.9504
2024-08-28,18:00,Spain,Valladolid,Leganes,La Liga,José Zorrilla,41.64444,-4.76111
2024-08-28,19:30,England,Cesena,Catanzaro,Serie B,Stamford Bridge,51.481666666667,-0.19111111111111
2024-08-28,19:30,Italy,Cosenza,Spezia,Serie B,Stadio Brianteo,45.58278,9.30806
2024-08-28,20:30,Spain,Ath Madrid,Espanol,La Liga,Santiago Bernabéu,40.45306,-3.68835
2024-08-28,20:30,Spain,Sociedad,Alaves,La Liga,Anoeta,43.30139,-1.97361
2024-08-29,18:00,Spain,Girona,Osasuna,La Liga,Montilivi,41.96139,2.82861
2024-08-29,20:30,Spain,Las Palmas,Real Madrid,La Liga,Gran Canaria,28.10028,-15.45667
2024-08-30,17:30,Netherlands,Fortuna Dusseldorf,Hannover,2. Bundesliga,Fortuna Sittard Stadion,50.992069,5.843675
2024-08-30,17:30,France,Regensburg,Greuther Furth,2. Bundesliga,Stade de la Meinau,48.56,7.755
2024-08-30,17:30,Italy,Venezia,Torino,Serie A,Stadio Pier Luigi Penzo,45.4277611,12.3637306
2024-08-30,18:00,Spain,Granada,Huesca,Segunda Division,Montilivi,41.96139,2.82861
2024-08-30,19:00,Italy,Grenoble,Pau FC,Ligue 2,Stadio Luigi Ferraris,44.41639,8.9525
2024-08-30,19:00,Greece,Martigues,Bastia,Ligue 2,Kleanthis Vikelidis Stadium,40.6,22.96944
2024-08-30,19:00,Netherlands,Waalwijk,AZ Alkmaar,Eredivisie,Mandemakers Stadion,51.68694,5.08861
2024-08-30,19:00,Turkey,Fenerbahce,Alanyaspor,Super Lig,Ülker Stadium,40.98778,29.03694
2024-08-30,19:30,Germany,Union Berlin,St Pauli,Bundesliga,Stadion An der Alten Försterei,52.45722,13.56806
2024-08-30,19:45,France,Lyon,Strasbourg,Ligue 1,Groupama Stadium,45.765224,4.982131
2024-08-30,19:45,Belgium,Genk,Westerlo,Belgian Pro League,Cegeka Arena,51.005,5.53333
2024-08-30,20:00,France,Luton,QPR,Championship,Groupama Stadium,45.765224,4.982131
2024-08-30,20:15,Portugal,Moreirense,Benfica,Primeira Liga,Estádio Comendador Joaquim de Almeida Freitas,41.37806,-8.35472
2024-08-31,12:30,England,Arsenal,Brighton,Premier League,Emirates Stadium,51.55667,-0.10611
2024-08-31,12:30,Denmark,Burnley,Blackburn,Championship,Brøndby Stadium,55.64889,12.41861
2024-08-31,13:30,Portugal,Amiens,Lorient,Ligue 2,Estádio Comendador Joaquim de Almeida Freitas,41.37806,-8.35472
2024-08-31,14:30,Germany,Bochum,M'gladbach,Bundesliga,Vonovia Ruhrstadion,51.49,7.23667
2024-08-31,14:30,Germany,Ein Frankfurt,Hoffenheim,Bundesliga,Deutsche Bank Park,50.068056,8.645806
2024-08-31,14:30,Germany,Holstein Kiel,Wolfsburg,Bundesliga,Holstein-Stadion,54.34917,10.12361
2024-08-31,14:30,Germany,Stuttgart,Mainz,Bundesliga,MHPArena,48.79222,9.23194
2024-08-31,14:30,Germany,Werder Bremen,Dortmund,Bundesliga,Weserstadion,53.06639,8.8375
2024-08-31,15:00,England,Brentford,Southampton,Premier League,Brentford Community Stadium,51.49083,-0.28861
2024-08-31,15:00,England,Everton,Bournemouth,Premier League,Goodison Park,53.438888888889,-2.9663888888889
2024-08-31,15:00,England,Ipswich,Fulham,Premier League,Portman Road,52.055,1.14528
2024-08-31,15:00,England,Leicester,Aston Villa,Premier League,King Power Stadium,52.620277777778,-1.1422222222222
2024-08-31,15:00,England,Nott'm Forest,Wolves,Premier League,City Ground,52.94,-1.13278
2024-08-31,15:00,Portugal,Portsmouth,Sunderland,Championship,Estádio do Dragão,41.1618,-8.5839
2024-08-31,15:00,Belgium,West Brom,Swansea,Championship,Het Kuipje,51.094817,4.928806
2024-08-31,15:00,Belgium,Mechelen,Charleroi,Belgian Pro League,AFAS-stadion Achter de Kazerne,51.037184,4.486397
2024-08-31,15:30,Netherlands,Almere City,Groningen,Eredivisie,Yanmar Stadion,52.3944,5.2405
2024-08-31,15:30,Portugal,Santa Clara,AVS,Primeira Liga,Estádio de São Miguel,37.763694,-25.622611
2024-08-31,16:00,Spain,Barcelona,Valladolid,La Liga,Olímpic Lluís Companys,41.36472,2.15556
2024-08-31,16:00,France,Brest,St Etienne,Ligue 1,Stade Francis-Le Blé,48.402932,-4.461694
2024-08-31,17:00,Turkey,Sampdoria,Bari,Serie B,Samsun 19 Mayıs Stadium,41.22778,36.4575
2024-08-31,17:15,Belgium,Beerschot VA,Dender,Belgian Pro League,Olympisch Stadion,51.185,4.38222
2024-08-31,17:15,Turkey,Konyaspor,Kayserispor,Super Lig,Konya Metropolitan Municipality Stadium,37.946,32.488
2024-08-31,17:15,Turkey,Rizespor,Kasimpasa,Super Lig,Rize City Stadium,41.04202,40.5733
2024-08-31,17:30,England,West Ham,Man City,Premier League,London Stadium,51.5386,-0.0164
2024-08-31,17:30,Germany,Leverkusen,RB Leipzig,Bundesliga,BayArena,51.03833,7.00222
2024-08-31,17:30,Italy,Bologna,Empoli,Serie A,Stadio Renato Dall'Ara,44.49222,11.30972
2024-08-31,17:30,Italy,Lecce,Cagliari,Serie A,Stadio Via del mare,40.36528,18.20889
2024-08-31,17:30,Greece,Lamia,Olympiakos,Super League Greece,Lamia Municipal Stadium,38.91,22.43111
2024-08-31,17:45,Netherlands,For Sittard,Nijmegen,Eredivisie,Fortuna Sittard Stadion,50.992069,5.843675
2024-08-31,18:00,Spain,Ath Bilbao,Ath Madrid,La Liga,San Mamés,43.2643,-2.9504
2024-08-31,18:00,France,Montpellier,Nantes,Ligue 1,Stade de la Mosson,43.62222,3.81194
2024-08-31,18:00,Portugal,Boavista,Estoril,Primeira Liga,Estádio do Bessa,41.16222,-8.64278
2024-08-31,18:00,Portugal,Estrela,Casa Pia,Primeira Liga,Estádio José Gomes,38.75194,-9.22806
2024-08-31,18:00,Greece,Aris,Asteras Tripolis,Super League Greece,Kleanthis Vikelidis Stadium,40.6,22.96944
2024-08-31,18:15,Spain,Espanol,Vallecano,La Liga,RCDE Stadium,41.34778,2.07556
2024-08-31,19:00,Netherlands,Heerenveen,NAC Breda,Eredivisie,Abe Lenstra Stadion,52.95861,5.93611
2024-08-31,19:30,Italy,Modena,Cittadella,Serie B,Stadio Brianteo,45.58278,9.30806
2024-08-31,19:30,Austria,Sudtirol,Brescia,Serie B,Tivoli Stadion Tirol,47.25583,11.41083
2024-08-31,19:45,Italy,Lazio,Milan,Serie A,Stadio Olimpico,41.93389,12.45472
2024-08-31,19:45,Italy,Napoli,Parma,Serie A,Stadio Diego Armando Maradona,40.828,14.193
2024-08-31,19:45,Belgium,Oud-Heverlee Leuven,Standard,Belgian Pro League,Den Dreef,50.86833,4.69417
2024-08-31,19:45,Turkey,Ad. Demirspor,Galatasaray,Super Lig,New Adana Stadium,37.06333,35.375
2024-08-31,19:45,Turkey,Goztep,Bodrumspor,Super Lig,Gürsel Aksel Stadium,38.396821,27.07595
2024-08-31,20:00,France,Toulouse,Marseille,Ligue 1,Stadium de Toulouse,43.58306,1.43417
2024-08-31,20:00,Netherlands,Willem II,Sparta Rotterdam,Eredivisie,Koning Willem II Stadion,51.54278,5.06694
2024-08-31,20:00,Greece,Panetolikos,Panserraikos,Super League Greece,Panetolikos Stadium,38.63,21.41167
2024-08-31,20:30,Spain,Leganes,Mallorca,La Liga,Municipal de Butarque,40.3404,-3.7607
2024-08-31,20:30,Spain,Valencia,Villarreal,La Liga,Mestalla,39.47472,-0.35833
2024-08-31,20:30,Spain,Almeria,Sp Gijon,Segunda Division,Mestalla,39.47472,-0.35833
2024-09-01,11:15,Netherlands,Utrecht,Twente,Eredivisie,Stadion Galgenwaard,52.07833,5.14583
2024-09-01,12:30,Belgium,Club Brugge,Cercle Brugge,Belgian Pro League,Jan Breydel Stadium,51.19333,3.18056
2024-09-01,13:30,England,Chelsea,Crystal Palace,Premier League,Stamford Bridge,51.481666666667,-0.19111111111111
2024-09-01,13:30,England,Newcastle,Tottenham,Premier League,St James' Park,54.975555555556,-1.6216666666667
2024-09-01,13:30,Netherlands,Zwolle,Heracles,Eredivisie,MAC³PARK Stadion,52.51722,6.12083
2024-09-01,14:00,France,Monaco,Lens,Ligue 1,Stade Louis II,43.7275,7.41556
2024-09-01,14:30,Germany,Heidenheim,Augsburg,Bundesliga,Voith-Arena,48.66861,10.13944
2024-09-01,15:00,England,Sheffield United,Watford,Championship,Old Trafford,53.463055555556,-2.2913888888889
2024-09-01,15:00,Belgium,Gent,Antwerp,Belgian Pro League,Planet Group Arena,51.01611,3.73417
2024-09-01,15:30,Portugal,Nacional,Farense,Primeira Liga,Estádio da Madeira,32.670625,-16.883525
2024-09-01,15:45,Netherlands,PSV Eindhoven,Go Ahead Eagles,Eredivisie,Philips Stadion,51.44167,5.4675
2024-09-01,16:00,England,Man United,Liverpool,Premier League,Old Trafford,53.463055555556,-2.2913888888889
2024-09-01,16:00,Spain,Alaves,Las Palmas,La Liga,Mendizorrotza,42.8371111,-2.6880444
2024-09-01,16:00,Spain,Osasuna,Celta,La Liga,El Sadar,42.79667,-1.63694
2024-09-01,16:00,France,Angers,Nice,Ligue 1,Stade Raymond Kopa,47.460458,-0.530741
2024-09-01,16:00,France,Le Havre,Auxerre,Ligue 1,Stade Océane,49.49889,0.16972
2024-09-01,16:00,France,Reims,Rennes,Ligue 1,Stade Auguste Delaune,49.24667,4.025
2024-09-01,16:30,Germany,Bayern Munich,Freiburg,Bundesliga,Allianz Arena,48.218775,11.624752777778
2024-09-01,17:00,Greece,Levadeiakos,AEK,Super League Greece,Levadia Municipal Stadium,38.4358972,22.8828444
2024-09-01,17:15,Turkey,Buyuksehyr,Antalyaspor,Super Lig,Başakşehir Fatih Terim Stadium,41.12278,28.80861
2024-09-01,17:15,Turkey,Eyupspor,Trabzonspor,Super Lig,Recep Tayyip Erdoğan Stadium,41.03278,28.9725
2024-09-01,17:30,Italy,Fiorentina,Monza,Serie A,Stadio Artemio Franchi,43.78083,11.28222
2024-09-01,17:30,Italy,Genoa,Verona,Serie A,Stadio Luigi Ferraris,44.41639,8.9525
2024-09-01,17:30,Greece,Volos NFC,OFI Crete,Super League Greece,Panthessaliko Stadium,39.3875,22.93111
2024-09-01,18:00,Spain,Sevilla,Girona,La Liga,Ramón Sánchez-Pizjuán,37.384,-5.9705
2024-09-01,18:00,France,Eldense,Cartagena,Segunda Division,Stade Bollaert-Delelis,50.43278,2.815
2024-09-01,18:00,Denmark,Mirandes,Zaragoza,Segunda Division,Cepheus Park Randers,56.46594,10.010262
2024-09-01,18:00,Portugal,Rio Ave,Arouca,Primeira Liga,Estádio dos Arcos,41.36278,-8.74028
2024-09-01,18:15,Spain,Getafe,Sociedad,La Liga,Coliseum,40.32556,-3.71472
2024-09-01,18:15,Belgium,Kortrijk,St Truiden,Belgian Pro League,Guldensporen Stadion,50.830432,3.248906
2024-09-01,18:30,Greece,Atromitos,PAOK,Super League Greece,Peristeri Stadium,38.00472,23.68972
2024-09-01,19:30,Italy,Palermo,Cosenza,Serie B,Stadio Ennio Tardini,44.795,10.33833
2024-09-01,19:30,Italy,Spezia,Cesena,Serie B,Stadio Pier Luigi Penzo,45.4277611,12.3637306
2024-09-01,19:45,Italy,Juventus,Roma,Serie A,Juventus Stadium,45.10944,7.64111
2024-09-01,19:45,Italy,Udinese,Como,Serie A,Stadio Friuli,46.0816,13.2001
2024-09-01,19:45,France,Lille,Paris SG,Ligue 1,Decathlon Arena Pierre Mauroy Stadium,50.6119,3.1304
2024-09-01,19:45,Turkey,Besiktas,Sivasspor,Super Lig,Tüpraş Stadium,41.03917,28.99472
2024-09-01,19:45,Turkey,Hatayspor,Samsunspor,Super Lig,Mersin Stadium[note 1],36.82056,34.53861
2024-09-01,20:00,Greece,Athens Kallithea,Panathinaikos,Super League Greece,Leoforos Alexandras Stadium,37.98722,23.75417
2024-09-01,20:30,Spain,Real Madrid,Betis,La Liga,Santiago Bernabéu,40.45306,-3.68835
2024-09-01,20:30,Portugal,Gil Vicente,Sp Braga,Primeira Liga,Estádio Cidade de Barcelos,41.551,-8.623
2024-09-01,20:30,Portugal,Guimaraes,Famalicao,Primeira Liga,Estádio D. Afonso Henriques,41.44583,-8.30111
2024-09-02,20:30,Belgium,Elche,Cordoba,Segunda Division,AFAS-stadion Achter de Kazerne,51.037184,4.486397
2024-09-07,15:15,Spain,Granada,La Coruna,Segunda Division,Montilivi,41.96139,2.82861
2024-09-08,15:15,England,Cartagena,Levante,Segunda Division,Emirates Stadium,51.55667,-0.10611
2024-09-08,17:30,France,Eldense,Almeria,Segunda Division,Stade Bollaert-Delelis,50.43278,2.815
2024-09-08,17:30,Portugal,Zaragoza,Elche,Segunda Division,Estádio Municipal de Braga,41.5625,-8.43
2024-09-13,19:00,Netherlands,Annecy,Amiens,Ligue 2,Goffertstadion,51.8225,5.83667
2024-09-13,19:00,Portugal,Bastia,Troyes,Ligue 2,Estádio do Bessa,41.16222,-8.64278
2024-09-13,19:00,Greece,Laval,Ajaccio,Ligue 2,Lamia Municipal Stadium,38.91,22.43111
2024-09-13,19:00,Italy,Lorient,Red Star,Ligue 2,Stadio Olimpico Grande Torino,45.04167,7.65
2024-09-13,19:30,Germany,Dortmund,Heidenheim,Bundesliga,Signal Iduna Park,51.4925,7.45167
2024-09-13,19:30,England,Cesena,Modena,Serie B,Stamford Bridge,51.481666666667,-0.19111111111111
2024-09-13,19:45,France,St Etienne,Lille,Ligue 1,Stade Geoffroy Guichard,45.46083,4.39028
2024-09-13,19:45,Belgium,Dender,Standard,Belgian Pro League,Van Roystadion,50.883683,4.071185
2024-09-13,20:00,Spain,Betis,Leganes,La Liga,Benito Villamarín,37.35639,-5.98139
2024-09-13,20:15,Portugal,Arouca,Sp Lisbon,Primeira Liga,Estádio Municipal de Arouca,40.933,-8.2503
2024-09-14,12:00,England,Ulm,Nurnberg,2. Bundesliga,Craven Cottage,51.475,-0.22166666666667
2024-09-14,12:30,England,Southampton,Man United,Premier League,St Mary's Stadium,50.90583,-1.39111
2024-09-14,13:00,Spain,Mallorca,Villarreal,La Liga,Mallorca Son Moix,39.59,2.63
2024-09-14,13:30,Greece,Paris FC,Metz,Ligue 2,Kleanthis Vikelidis Stadium,40.6,22.96944
2024-09-14,14:00,Italy,Como,Bologna,Serie A,Stadio Giuseppe Sinigaglia,45.81389,9.07222
2024-09-14,14:00,Greece,Bari,Mantova,Serie B,Kleanthis Vikelidis Stadium,40.6,22.96944
2024-09-14,14:00,France,Brescia,Frosinone,Serie B,Stade Francis-Le Blé,48.402932,-4.461694
2024-09-14,14:00,France,Cremonese,Spezia,Serie B,Roazhon Park,48.1075,-1.71278
2024-09-14,14:30,Germany,Freiburg,Bochum,Bundesliga,Europa-Park Stadion,48.0216,7.8297
2024-09-14,14:30,Germany,Hoffenheim,Leverkusen,Bundesliga,PreZero Arena,49.23806,8.8875
2024-09-14,14:30,Germany,RB Leipzig,Union Berlin,Bundesliga,Red Bull Arena,51.34583,12.34833
2024-09-14,14:30,Germany,Wolfsburg,Ein Frankfurt,Bundesliga,Volkswagen Arena,52.43278,10.80389
2024-09-14,15:00,England,Brighton,Ipswich,Premier League,Falmer Stadium,50.861822222222,-0.083277777777778
2024-09-14,15:00,England,Crystal Palace,Leicester,Premier League,Selhurst Park,51.39833,-0.08556
2024-09-14,15:00,England,Fulham,West Ham,Premier League,Craven Cottage,51.475,-0.22166666666667
2024-09-14,15:00,England,Liverpool,Nott'm Forest,Premier League,Anfield,53.4308,-2.9608
2024-09-14,15:00,England,Man City,Brentford,Premier League,City of Manchester Stadium,53.483055555556,-2.2002777777778
2024-09-14,15:00,England,Watford,Coventry,Championship,Brentford Community Stadium,51.49083,-0.28861
2024-09-14,15:00,Belgium,Cercle Brugge,Genk,Belgian Pro League,Jan Breydel Stadium,51.19333,3.18056
2024-09-14,15:00,Turkey,Samsunspor,Konyaspor,Super Lig,Samsun 19 Mayıs Stadium,41.22778,36.4575
2024-09-14,15:00,Turkey,Sivasspor,Gaziantep,Super Lig,BG Grup 4 Eylül Stadium,39.72833,36.98389
2024-09-14,15:15,Spain,Espanol,Alaves,La Liga,RCDE Stadium,41.34778,2.07556
2024-09-14,15:15,Spain,Levante,Eldense,Segunda Division,Municipal de Butarque,40.3404,-3.7607
2024-09-14,15:30,Netherlands,PSV Eindhoven,Nijmegen,Eredivisie,Philips Stadion,51.44167,5.4675
2024-09-14,15:30,Netherlands,Twente,Zwolle,Eredivisie,De Grolsch Veste,52.23667,6.8375
2024-09-14,15:30,Portugal,Casa Pia,Moreirense,Primeira Liga,Estádio Municipal de Rio Maior[A],39.34444,-8.93528
2024-09-14,16:00,France,Marseille,Nice,Ligue 1,Orange Vélodrome,43.26972,5.39583
2024-09-14,16:00,Greece,Lamia,Athens Kallithea,Super League Greece,Lamia Municipal Stadium,38.91,22.43111
2024-09-14,17:00,Italy,Empoli,Juventus,Serie A,Stadio Carlo Castellani - Computer Gross Arena,43.72639,10.955
2024-09-14,17:15,Belgium,Kortrijk,Club Brugge,Belgian Pro League,Guldensporen Stadion,50.830432,3.248906
2024-09-14,17:30,England,Aston Villa,Everton,Premier League,Villa Park,52.509166666667,-1.8847222222222
2024-09-14,17:30,Spain,Sevilla,Getafe,La Liga,Ramón Sánchez-Pizjuán,37.384,-5.9705
2024-09-14,17:30,Denmark,Santander,Sp Gijon,Segunda Division,Cepheus Park Randers,56.46594,10.010262
2024-09-14,17:30,Germany,Holstein Kiel,Bayern Munich,Bundesliga,Holstein-Stadion,54.34917,10.12361
2024-09-14,17:45,Netherlands,Groningen,Feyenoord,Eredivisie,Euroborg,53.20611,6.59139
2024-09-14,18:00,France,Auxerre,Monaco,Ligue 1,Stade Abbé Deschamps,47.7867528,3.5886639
2024-09-14,18:00,Portugal,AVS,Rio Ave,Primeira Liga,Estádio do CD Aves,41.366932,-8.411789
2024-09-14,18:00,Turkey,Galatasaray,Rizespor,Super Lig,Rams Park,41.10278,28.99056
2024-09-14,18:00,Greece,Asteras Tripolis,Atromitos,Super League Greece,Theodoros Kolokotronis Stadium,37.5025,22.38861
2024-09-14,19:00,Netherlands,NAC Breda,For Sittard,Eredivisie,Rat Verlegh Stadion,51.595,4.75028
2024-09-14,19:45,Italy,Milan,Venezia,Serie A,San Siro,45.47806,9.12389
2024-09-14,19:45,Belgium,Anderlecht,Westerlo,Belgian Pro League,Lotto Park,50.83417,4.29833
2024-09-14,20:00,England,Bournemouth,Chelsea,Premier League,Dean Court,50.73528,-1.83833
2024-09-14,20:00,Spain,Sociedad,Real Madrid,La Liga,Anoeta,43.30139,-1.97361
2024-09-14,20:00,France,Paris SG,Brest,Ligue 1,Parc des Princes,48.84138888888889,2.2530555555555556
2024-09-14,20:30,Portugal,Benfica,Santa Clara,Primeira Liga,Estádio da Luz,38.7527,-9.1847
2024-09-14,20:30,Portugal,Famalicao,Gil Vicente,Primeira Liga,Estádio Municipal de Famalicão,41.40139,-8.5225
2024-09-15,11:15,Netherlands,Sparta Rotterdam,Go Ahead Eagles,Eredivisie,Spartastadion Het Kasteel,51.919485,4.433619
2024-09-15,11:30,Italy,Genoa,Roma,Serie A,Stadio Luigi Ferraris,44.41639,8.9525
2024-09-15,12:30,Belgium,Antwerp,St. Gilloise,Belgian Pro League,Bosuilstadion,51.2325,4.47222
2024-09-15,13:00,Spain,Celta,Valladolid,La Liga,Balaídos,42.2118,-8.7397
2024-09-15,13:00,Denmark,Mirandes,Albacete,Segunda Division,Cepheus Park Randers,56.46594,10.010262
2024-09-15,13:30,Netherlands,Willem II,Waalwijk,Eredivisie,Koning Willem II Stadion,51.54278,5.06694
2024-09-15,14:00,England,Tottenham,Arsenal,Premier League,Tottenham Hotspur Stadium,51.6044,-0.0664
2024-09-15,14:00,Italy,Atalanta,Fiorentina,Serie A,Gewiss Stadium,45.70889,9.68083
2024-09-15,14:00,Italy,Torino,Lecce,Serie A,Stadio Olimpico Grande Torino,45.04167,7.65
2024-09-15,14:00,Portugal,Carrarese,Sassuolo,Serie B,Estádio de São Luís,37.022861,-7.928444
2024-09-15,14:00,Italy,Cosenza,Sampdoria,Serie B,Stadio Brianteo,45.58278,9.30806
2024-09-15,14:00,France,Rennes,Montpellier,Ligue 1,Roazhon Park,48.1075,-1.71278
2024-09-15,14:30,Germany,Augsburg,St Pauli,Bundesliga,WWK Arena,48.32306,10.88611
2024-09-15,14:30,Greece,Panserraikos,Levadeiakos,Super League Greece,Serres Municipal Stadium,41.0847,23.5466
2024-09-15,15:00,Portugal,Portsmouth,West Brom,Championship,Estádio do Dragão,41.1618,-8.5839
2024-09-15,15:00,Belgium,St Truiden,Oud-Heverlee Leuven,Belgian Pro League,Stayen,50.813474,5.166256
2024-09-15,15:00,Turkey,Kayserispor,Eyupspor,Super Lig,RHG Enertürk Enerji Stadium,38.73722,35.42306
2024-09-15,15:15,Spain,Girona,Barcelona,La Liga,Montilivi,41.96139,2.82861
2024-09-15,15:30,Portugal,Porto,Farense,Primeira Liga,Estádio do Dragão,41.1618,-8.5839
2024-09-15,15:45,Netherlands,Heracles,Almere City,Eredivisie,Asito Stadion[3],52.33889,6.65056
2024-09-15,16:00,France,Nantes,Reims,Ligue 1,Stade de la Beaujoire,47.256,-1.525
2024-09-15,16:00,France,Strasbourg,Angers,Ligue 1,Stade de la Meinau,48.56,7.755
2024-09-15,16:00,France,Toulouse,Le Havre,Ligue 1,Stadium de Toulouse,43.58306,1.43417
2024-09-15,16:30,England,Wolves,Newcastle,Premier League,Molineux Stadium,52.59028,-2.13028
2024-09-15,16:30,Germany,Mainz,Werder Bremen,Bundesliga,Mewa Arena,49.98417,8.22417
2024-09-15,16:30,Spain,Salernitana,Pisa,Serie B,Mestalla,39.47472,-0.35833
2024-09-15,16:30,Greece,Olympiakos,Panetolikos,Super League Greece,Karaiskakis Stadium,37.94611,23.66444
2024-09-15,17:00,Italy,Cagliari,Napoli,Serie A,Unipol Domus,39.2,9.1375
2024-09-15,17:30,Spain,Las Palmas,Ath Bilbao,La Liga,Gran Canaria,28.10028,-15.45667
2024-09-15,17:30,Belgium,Charleroi,Beerschot VA,Belgian Pro League,Stade du Pays de Charleroi,50.414609,4.453787
2024-09-15,18:00,Portugal,Estoril,Nacional,Primeira Liga,Estádio António Coimbra da Mota,38.71583,-9.40639
2024-09-15,18:00,Turkey,Alanyaspor,Hatayspor,Super Lig,Alanya Oba Stadium,36.5626,32.0792
2024-09-15,18:00,Turkey,Trabzonspor,Besiktas,Super Lig,Papara Park,40.99917,39.64583
2024-09-15,18:15,Belgium,Gent,Mechelen,Belgian Pro League,Planet Group Arena,51.01611,3.73417
2024-09-15,18:30,Greece,PAOK,Panathinaikos,Super League Greece,Toumba Stadium,40.61389,22.9725
2024-09-15,19:45,Italy,Monza,Inter,Serie A,Stadio Brianteo,45.58278,9.30806
2024-09-15,19:45,France,Lens,Lyon,Ligue 1,Stade Bollaert-Delelis,50.43278,2.815
2024-09-15,20:00,Spain,Ath Madrid,Valencia,La Liga,Santiago Bernabéu,40.45306,-3.68835
2024-09-15,20:00,Belgium,Elche,Granada,Segunda Division,AFAS-stadion Achter de Kazerne,51.037184,4.486397
2024-09-15,20:30,Portugal,Sp Braga,Guimaraes,Primeira Liga,Estádio Municipal de Braga,41.5625,-8.43
2024-09-16,17:30,Italy,Parma,Udinese,Serie A,Stadio Ennio Tardini,44.795,10.33833
2024-09-16,18:00,Turkey,Antalyaspor,Ad. Demirspor,Super Lig,Corendon Airlines Park,36.888278,30.668444
2024-09-16,19:30,Spain,Almeria,Castellon,Segunda Division,Mestalla,39.47472,-0.35833
2024-09-16,19:45,Italy,Lazio,Verona,Serie A,Stadio Olimpico,41.93389,12.45472
2024-09-16,19:45,Italy,Grenoble,Caen,Ligue 2,Stadio Luigi Ferraris,44.41639,8.9525
2024-09-16,20:00,Spain,Vallecano,Osasuna,La Liga,Vallecas,40.39194,-3.65889
2024-09-16,20:15,Portugal,Estrela,Boavista,Primeira Liga,Estádio José Gomes,38.75194,-9.22806
2024-09-17,18:00,Spain,Mallorca,Sociedad,La Liga,Mallorca Son Moix,39.59,2.63
2024-09-17,18:00,Turkey,Galatasaray,Gaziantep,Super Lig,Rams Park,41.10278,28.99056
2024-09-17,18:45,Denmark,Young Boys,Aston Villa,Europa League,Lyngby Stadium,55.78134,12.505628
2024-09-17,18:45,Italy,Juventus,PSV Eindhoven,Europa League,Juventus Stadium,45.10944,7.64111
2024-09-17,19:00,Netherlands,Twente,Heerenveen,Eredivisie,De Grolsch Veste,52.23667,6.8375
2024-09-17,19:00,Belgium,Anderlecht,Genk,Belgian Pro League,Lotto Park,50.83417,4.29833
2024-09-17,21:00,Italy,Milan,Liverpool,Europa League,San Siro,45.47806,9.12389
2024-09-17,21:00,Germany,Bayern Munich,Dinamo Zagreb,Europa League,Allianz Arena,48.218775,11.624752777778
2024-09-17,21:00,Spain,Real Madrid,VfB Stuttgart,Europa League,Santiago Bernabéu,40.45306,-3.68835
2024-09-18,18:00,Spain,Betis,Getafe,La Liga,Benito Villamarín,37.35639,-5.98139
2024-09-18,18:00,Turkey,Samsunspor,Buyuksehyr,Super Lig,Samsun 19 Mayıs Stadium,41.22778,36.4575
2024-09-18,18:45,Czech Republic,Sparta Prague,Red Bull Salzburg,Europa League,epet ARENA,50.09972,14.41583
2024-09-18,18:45,Italy,Bologna,Shakhtar Donetsk,Europa League,Stadio Renato Dall'Ara,44.49222,11.30972
2024-09-18,19:00,Netherlands,Ajax,For Sittard,Eredivisie,Johan Cruyff Arena,52.31417,4.94194
2024-09-18,21:00,Belgium,Club Brugge,Borussia Dortmund,Europa League,Jan Breydel Stadium,51.19333,3.18056
2024-09-18,21:00,France,Paris Saint-Germain,Girona,Europa League,Parc des Princes,48.84138888888889,2.2530555555555556
2024-09-18,21:00(20:00UTC+1),Spain,Celtic,Slovan Bratislava,Europa League,Balaídos,42.2118,-8.7397
2024-09-18,21:00(20:00UTC+1),England,Manchester City,Inter Milan,Europa League,City of Manchester Stadium,53.483055555556,-2.2002777777778
2024-09-19,18:00,Spain,Leganes,Ath Bilbao,La Liga,Municipal de Butarque,40.3404,-3.7607
2024-09-19,18:00,Turkey,Trabzonspor,Kayserispor,Super Lig,Papara Park,40.99917,39.64583
2024-09-19,18:45,Netherlands,Feyenoord,Bayer Leverkusen,Europa League,De Kuip,51.89389,4.52306
2024-09-19,21:00,France,Monaco,Barcelona,Europa League,Stade Louis II,43.7275,7.41556
2024-09-19,21:00,Italy,Atalanta,Arsenal,Europa League,Gewiss Stadium,45.70889,9.68083
2024-09-19,21:00,Spain,Atlético Madrid,RB Leipzig,Europa League,Metropolitano,40.43611,-3.59944
2024-09-19,21:00,France,Brest,Sturm Graz,Europa League,Stade Francis-Le Blé,48.402932,-4.461694
2024-09-20,17:30,Italy,Cagliari,Empoli,Serie A,Unipol Domus,39.2,9.1375
2024-09-20,18:00,Turkey,Hatayspor,Bodrumspor,Super Lig,Mersin Stadium[note 1],36.82056,34.53861
2024-09-20,19:00,Portugal,Amiens,Clermont,Ligue 2,Estádio Comendador Joaquim de Almeida Freitas,41.37806,-8.35472
2024-09-20,19:00,Portugal,Bastia,Paris FC,Ligue 2,Estádio do Bessa,41.16222,-8.64278
2024-09-20,19:00,Greece,Martigues,Grenoble,Ligue 2,Kleanthis Vikelidis Stadium,40.6,22.96944
2024-09-20,19:00,France,Red Star,Laval,Ligue 2,Stade Francis-Le Blé,48.402932,-4.461694
2024-09-20,19:00,Netherlands,Zwolle,AZ Alkmaar,Eredivisie,MAC³PARK Stadion,52.51722,6.12083
2024-09-20,19:30,Spain,Granada,Malaga,Segunda Division,Montilivi,41.96139,2.82861
2024-09-20,19:30,Germany,Augsburg,Mainz,Bundesliga,WWK Arena,48.32306,10.88611
2024-09-20,19:45,Italy,Verona,Torino,Serie A,Stadio Marcantonio Bentegodi,45.43528,10.96861
2024-09-20,19:45,France,Nice,St Etienne,Ligue 1,Allianz Riviera,43.70528,7.1925
2024-09-20,19:45,Belgium,Standard,St. Gilloise,Belgian Pro League,Stade Maurice Dufrasne,50.61,5.54333
2024-09-20,20:00,Spain,Alaves,Sevilla,La Liga,Mendizorrotza,42.8371111,-2.6880444
2024-09-20,20:15,Portugal,Nacional,Sp Braga,Primeira Liga,Estádio da Madeira,32.670625,-16.883525
2024-09-21,12:00,Netherlands,Fortuna Dusseldorf,FC Koln,2. Bundesliga,Fortuna Sittard Stadion,50.992069,5.843675
2024-09-21,12:30,England,West Ham,Chelsea,Premier League,London Stadium,51.5386,-0.0164
2024-09-21,12:30,Croatia,Norwich,Watford,Championship,ŠRC Velika Gorica,45.724,16.0732
2024-09-21,13:00,Spain,Valladolid,Sociedad,La Liga,José Zorrilla,41.64444,-4.76111
2024-09-21,14:00,Italy,Venezia,Genoa,Serie A,Stadio Pier Luigi Penzo,45.4277611,12.3637306
2024-09-21,14:00,Italy,Cosenza,Sassuolo,Serie B,Stadio Brianteo,45.58278,9.30806
2024-09-21,14:00,Italy,Palermo,Cesena,Serie B,Stadio Ennio Tardini,44.795,10.33833
2024-09-21,14:00,Turkey,Sampdoria,Sudtirol,Serie B,Samsun 19 Mayıs Stadium,41.22778,36.4575
2024-09-21,14:30,Germany,Bochum,Holstein Kiel,Bundesliga,Vonovia Ruhrstadion,51.49,7.23667
2024-09-21,14:30,Germany,Heidenheim,Freiburg,Bundesliga,Voith-Arena,48.66861,10.13944
2024-09-21,14:30,Germany,Union Berlin,Hoffenheim,Bundesliga,Stadion An der Alten Försterei,52.45722,13.56806
2024-09-21,14:30,Germany,Werder Bremen,Bayern Munich,Bundesliga,Weserstadion,53.06639,8.8375
2024-09-21,15:00,England,Aston Villa,Wolves,Premier League,Villa Park,52.509166666667,-1.8847222222222
2024-09-21,15:00,England,Fulham,Newcastle,Premier League,Craven Cottage,51.475,-0.22166666666667
2024-09-21,15:00,England,Leicester,Everton,Premier League,King Power Stadium,52.620277777778,-1.1422222222222
2024-09-21,15:00,England,Liverpool,Bournemouth,Premier League,Anfield,53.4308,-2.9608
2024-09-21,15:00,England,Southampton,Ipswich,Premier League,St Mary's Stadium,50.90583,-1.39111
2024-09-21,15:00,England,Tottenham,Brentford,Premier League,Tottenham Hotspur Stadium,51.6044,-0.0664
2024-09-21,15:00,England,Bristol City,Oxford,Championship,King Power Stadium,52.620277777778,-1.1422222222222
2024-09-21,15:00,Denmark,Burnley,Portsmouth,Championship,Brøndby Stadium,55.64889,12.41861
2024-09-21,15:00,France,Luton,Sheffield Weds,Championship,Groupama Stadium,45.765224,4.982131
2024-09-21,15:00,England,Sheffield United,Derby,Championship,Old Trafford,53.463055555556,-2.2913888888889
2024-09-21,15:00,Belgium,West Brom,Plymouth,Championship,Het Kuipje,51.094817,4.928806
2024-09-21,15:00,Belgium,Beerschot VA,St Truiden,Belgian Pro League,Olympisch Stadion,51.185,4.38222
2024-09-21,15:00,Turkey,Konyaspor,Sivasspor,Super Lig,Konya Metropolitan Municipality Stadium,37.946,32.488
2024-09-21,15:00,Greece,Volos NFC,PAOK,Super League Greece,Panthessaliko Stadium,39.3875,22.93111
2024-09-21,15:15,Spain,Osasuna,Las Palmas,La Liga,El Sadar,42.79667,-1.63694
2024-09-21,15:30,Netherlands,Utrecht,Willem II,Eredivisie,Stadion Galgenwaard,52.07833,5.14583
2024-09-21,15:30,Portugal,Rio Ave,Estoril,Primeira Liga,Estádio dos Arcos,41.36278,-8.74028
2024-09-21,15:30,Portugal,Santa Clara,Estrela,Primeira Liga,Estádio de São Miguel,37.763694,-25.622611
2024-09-21,16:00,France,Lille,Strasbourg,Ligue 1,Decathlon Arena Pierre Mauroy Stadium,50.6119,3.1304
2024-09-21,17:00,Italy,Juventus,Napoli,Serie A,Juventus Stadium,45.10944,7.64111
2024-09-21,17:00,Italy,Modena,Juve Stabia,Serie B,Stadio Brianteo,45.58278,9.30806
2024-09-21,17:15,Belgium,Westerlo,Antwerp,Belgian Pro League,Het Kuipje,51.094817,4.928806
2024-09-21,17:30,England,Crystal Palace,Man United,Premier League,Selhurst Park,51.39833,-0.08556
2024-09-21,17:30,Spain,Valencia,Girona,La Liga,Mestalla,39.47472,-0.35833
2024-09-21,17:30,France,Eldense,Oviedo,Segunda Division,Stade Bollaert-Delelis,50.43278,2.815
2024-09-21,17:30,Germany,Ein Frankfurt,M'gladbach,Bundesliga,Deutsche Bank Park,50.068056,8.645806
2024-09-21,17:45,Netherlands,Waalwijk,Sparta Rotterdam,Eredivisie,Mandemakers Stadion,51.68694,5.08861
2024-09-21,18:00,France,Rennes,Lens,Ligue 1,Roazhon Park,48.1075,-1.71278
2024-09-21,18:00,Portugal,Guimaraes,Porto,Primeira Liga,Estádio D. Afonso Henriques,41.44583,-8.30111
2024-09-21,18:00,Turkey,Fenerbahce,Galatasaray,Super Lig,Ülker Stadium,40.98778,29.03694
2024-09-21,18:00,Greece,Aris,Olympiakos,Super League Greece,Kleanthis Vikelidis Stadium,40.6,22.96944
2024-09-21,18:30,Greece,Panetolikos,Asteras Tripolis,Super League Greece,Panetolikos Stadium,38.63,21.41167
2024-09-21,19:00,Netherlands,Go Ahead Eagles,Ajax,Eredivisie,De Adelaarshorst,52.260416,6.172578
2024-09-21,19:45,Italy,Lecce,Parma,Serie A,Stadio Via del mare,40.36528,18.20889
2024-09-21,19:45,Belgium,Anderlecht,Charleroi,Belgian Pro League,Lotto Park,50.83417,4.29833
2024-09-21,20:00,Spain,Real Madrid,Espanol,La Liga,Santiago Bernabéu,40.45306,-3.68835
2024-09-21,20:00,Portugal,Zaragoza,Levante,Segunda Division,Estádio Municipal de Braga,41.5625,-8.43
2024-09-21,20:00,France,Reims,Paris SG,Ligue 1,Stade Auguste Delaune,49.24667,4.025
2024-09-21,20:30,Portugal,Moreirense,Famalicao,Primeira Liga,Estádio Comendador Joaquim de Almeida Freitas,41.37806,-8.35472
2024-09-22,11:15,Netherlands,Heerenveen,Groningen,Eredivisie,Abe Lenstra Stadion,52.95861,5.93611
2024-09-22,11:30,Italy,Fiorentina,Lazio,Serie A,Stadio Artemio Franchi,43.78083,11.28222
2024-09-22,12:00,Portugal,Preston,Blackburn,Championship,Estádio do Dragão,41.1618,-8.5839
2024-09-22,12:30,Germany,Magdeburg,Karlsruhe,2. Bundesliga,WWK Arena,48.32306,10.88611
2024-09-22,12:30,France,Regensburg,PreuÃen MÃ¼nster,2. Bundesliga,Stade de la Meinau,48.56,7.755
2024-09-22,12:30,Belgium,Club Brugge,Gent,Belgian Pro League,Jan Breydel Stadium,51.19333,3.18056
2024-09-22,13:00,Spain,Getafe,Leganes,La Liga,Coliseum,40.32556,-3.71472
2024-09-22,13:30,Netherlands,Almere City,Twente,Eredivisie,Yanmar Stadion,52.3944,5.2405
2024-09-22,13:30,Netherlands,Feyenoord,NAC Breda,Eredivisie,De Kuip,51.89389,4.52306
2024-09-22,14:00,England,Brighton,Nott'm Forest,Premier League,Falmer Stadium,50.861822222222,-0.083277777777778
2024-09-22,14:00,Italy,Monza,Bologna,Serie A,Stadio Brianteo,45.58278,9.30806
2024-09-22,14:00,Italy,Spezia,Carrarese,Serie B,Stadio Pier Luigi Penzo,45.4277611,12.3637306
2024-09-22,14:00,France,Monaco,Le Havre,Ligue 1,Stade Louis II,43.7275,7.41556
2024-09-22,14:30,Germany,Leverkusen,Wolfsburg,Bundesliga,BayArena,51.03833,7.00222
2024-09-22,14:30,Greece,Levadeiakos,OFI Crete,Super League Greece,Levadia Municipal Stadium,38.4358972,22.8828444
2024-09-22,15:00,Belgium,Mechelen,Cercle Brugge,Belgian Pro League,AFAS-stadion Achter de Kazerne,51.037184,4.486397
2024-09-22,15:00,Turkey,Rizespor,Samsunspor,Super Lig,Rize City Stadium,41.04202,40.5733
2024-09-22,15:15,Spain,Ath Bilbao,Celta,La Liga,San Mamés,43.2643,-2.9504
2024-09-22,15:15,England,Cartagena,Cadiz,Segunda Division,Emirates Stadium,51.55667,-0.10611
2024-09-22,15:30,Portugal,Gil Vicente,Casa Pia,Primeira Liga,Estádio Cidade de Barcelos,41.551,-8.623
2024-09-22,15:45,Netherlands,For Sittard,PSV Eindhoven,Eredivisie,Fortuna Sittard Stadion,50.992069,5.843675
2024-09-22,16:00,France,Angers,Nantes,Ligue 1,Stade Raymond Kopa,47.460458,-0.530741
2024-09-22,16:00,France,Brest,Toulouse,Ligue 1,Stade Francis-Le Blé,48.402932,-4.461694
2024-09-22,16:00,France,Montpellier,Auxerre,Ligue 1,Stade de la Mosson,43.62222,3.81194
2024-09-22,16:00,Greece,Panathinaikos,Panserraikos,Super League Greece,Athens Olympic Stadium,38.03606806,23.7876
2024-09-22,16:30,England,Man City,Arsenal,Premier League,City of Manchester Stadium,53.483055555556,-2.2002777777778
2024-09-22,16:30,Germany,Stuttgart,Dortmund,Bundesliga,MHPArena,48.79222,9.23194
2024-09-22,17:00,Italy,Roma,Udinese,Serie A,Stadio Olimpico,41.93389,12.45472
2024-09-22,17:30,Spain,Villarreal,Barcelona,La Liga,La Cerámica,39.94417,-0.10361
2024-09-22,17:30,Belgium,Elche,Mirandes,Segunda Division,AFAS-stadion Achter de Kazerne,51.037184,4.486397
2024-09-22,17:30,Belgium,Genk,Dender,Belgian Pro League,Cegeka Arena,51.005,5.53333
2024-09-22,18:00,Portugal,Farense,Arouca,Primeira Liga,Estádio de São Luís,37.022861,-7.928444
2024-09-22,18:00,Turkey,Ad. Demirspor,Alanyaspor,Super Lig,New Adana Stadium,37.06333,35.375
2024-09-22,18:00,Turkey,Besiktas,Eyupspor,Super Lig,Tüpraş Stadium,41.03917,28.99472
2024-09-22,18:15,Belgium,Oud-Heverlee Leuven,Kortrijk,Belgian Pro League,Den Dreef,50.86833,4.69417
2024-09-22,18:30,Germany,St Pauli,RB Leipzig,Bundesliga,Millerntor-Stadion,53.554583,9.967667
2024-09-22,18:30,Greece,Atromitos,Lamia,Super League Greece,Peristeri Stadium,38.00472,23.68972
2024-09-22,19:00,Greece,Athens Kallithea,AEK,Super League Greece,Leoforos Alexandras Stadium,37.98722,23.75417
2024-09-22,19:45,France,Lyon,Marseille,Ligue 1,Groupama Stadium,45.765224,4.982131
2024-09-22,20:00,Spain,Vallecano,Ath Madrid,La Liga,Vallecas,40.39194,-3.65889
2024-09-22,20:00,Spain,Almeria,Eibar,Segunda Division,Mestalla,39.47472,-0.35833
2024-09-23,18:00,Turkey,Gaziantep,Trabzonspor,Super Lig,Gaziantep Stadium,37.12389,37.3825
2024-09-23,18:00,Turkey,Goztep,Kayserispor,Super Lig,Gürsel Aksel Stadium,38.396821,27.07595
2024-09-23,20:00,Spain,Betis,Mallorca,La Liga,Benito Villamarín,37.35639,-5.98139
2024-09-23,20:15,Portugal,Boavista,Benfica,Primeira Liga,Estádio do Bessa,41.16222,-8.64278
2024-09-24,18:00,Spain,Sevilla,Valladolid,La Liga,Ramón Sánchez-Pizjuán,37.384,-5.9705
2024-09-24,18:00,Spain,Valencia,Osasuna,La Liga,Mestalla,39.47472,-0.35833
2024-09-24,19:30,Netherlands,Annecy,Troyes,Ligue 2,Goffertstadion,51.8225,5.83667
2024-09-24,19:30,Greece,Paris FC,Guingamp,Ligue 2,Kleanthis Vikelidis Stadium,40.6,22.96944
2024-09-24,19:45,Italy,Atalanta,Como,Serie A,Gewiss Stadium,45.70889,9.68083
2024-09-24,20:00,Spain,Real Madrid,Alaves,La Liga,Santiago Bernabéu,40.45306,-3.68835
2024-09-25,18:00,Spain,Girona,Vallecano,La Liga,Montilivi,41.96139,2.82861
2024-09-25,18:45,Netherlands,AZ,IF Elfsborg,Europa League,AFAS Stadion,52.61278,4.74222
2024-09-25,20:00,Spain,Barcelona,Getafe,La Liga,Olímpic Lluís Companys,41.36472,2.15556
2024-09-25,21:00,Ukraine,Dynamo Kyiv,Lazio,Europa League,Lobanovskyi Dynamo Stadium,50.45028,30.53528
2024-09-25,21:00,Denmark,Midtjylland,TSG Hoffenheim,Europa League,MCH Arena,56.116868,8.951669
2024-09-25,21:00,France,Nice,Real Sociedad,Europa League,Allianz Riviera,43.70528,7.1925
2024-09-25,21:00,Belgium,Anderlecht,Ferencváros,Europa League,Lotto Park,50.83417,4.29833
2024-09-25,21:00(20:00UTC+1),England,Manchester United,Twente,Europa League,Old Trafford,53.463055555556,-2.2913888888889
2024-09-25,21:00(22:00UTC+3),Turkey,Galatasaray,PAOK,Europa League,Rams Park,41.10278,28.99056
2024-09-26,18:00,Spain,Espanol,Villarreal,La Liga,RCDE Stadium,41.34778,2.07556
2024-09-26,18:00,Spain,Las Palmas,Betis,La Liga,Gran Canaria,28.10028,-15.45667
2024-09-26,18:45(19:45UTC+3),Turkey,Fenerbahçe,Union Saint-Gilloise,Europa League,Ülker Stadium,40.98778,29.03694
2024-09-26,19:45,Belgium,Cercle Brugge,Gent,Belgian Pro League,Jan Breydel Stadium,51.19333,3.18056
2024-09-26,20:00,Spain,Celta,Ath Madrid,La Liga,Balaídos,42.2118,-8.7397
2024-09-26,21:00,Netherlands,Ajax,Beşiktaş,Europa League,Johan Cruyff Arena,52.31417,4.94194
2024-09-26,21:00,Italy,Roma,Athletic Bilbao,Europa League,Stadio Olimpico,41.93389,12.45472
2024-09-26,21:00,Germany,Eintracht Frankfurt,Viktoria Plzeň,Europa League,Deutsche Bank Park,50.068056,8.645806
2024-09-26,21:00,France,Lyon,Olympiacos,Europa League,Groupama Stadium,45.765224,4.982131
2024-09-26,21:00(20:00UTC+1),Portugal,Braga,Maccabi Tel Aviv,Europa League,Estádio Municipal de Braga,41.5625,-8.43
2024-09-26,21:35(20:35UTC+1)[note 4],England,Tottenham Hotspur,Qarabağ,Europa League,Tottenham Hotspur Stadium,51.6044,-0.0664
2024-09-27,17:30,England,Ulm,Braunschweig,2. Bundesliga,Craven Cottage,51.475,-0.22166666666667
2024-09-27,18:00,France,Auxerre,Brest,Ligue 1,Stade Abbé Deschamps,47.7867528,3.5886639
2024-09-27,18:00,Turkey,Sivasspor,Buyuksehyr,Super Lig,BG Grup 4 Eylül Stadium,39.72833,36.98389
2024-09-27,19:00,Portugal,Amiens,Rodez,Ligue 2,Estádio Comendador Joaquim de Almeida Freitas,41.37806,-8.35472
2024-09-27,19:00,Portugal,Bastia,Annecy,Ligue 2,Estádio do Bessa,41.16222,-8.64278
2024-09-27,19:00,Italy,Grenoble,Clermont,Ligue 2,Stadio Luigi Ferraris,44.41639,8.9525
2024-09-27,19:00,Greece,Laval,Pau FC,Ligue 2,Lamia Municipal Stadium,38.91,22.43111
2024-09-27,19:00,Italy,Lorient,Ajaccio,Ligue 2,Stadio Olimpico Grande Torino,45.04167,7.65
2024-09-27,19:00,Greece,Martigues,Dunkerque,Ligue 2,Kleanthis Vikelidis Stadium,40.6,22.96944
2024-09-27,19:00,Netherlands,Heracles,Heerenveen,Eredivisie,Asito Stadion[3],52.33889,6.65056
2024-09-27,19:30,Germany,Dortmund,Bochum,Bundesliga,Signal Iduna Park,51.4925,7.45167
2024-09-27,19:45,Italy,Milan,Lecce,Serie A,San Siro,45.47806,9.12389
2024-09-27,19:45,Belgium,Charleroi,Club Brugge,Belgian Pro League,Stade du Pays de Charleroi,50.414609,4.453787
2024-09-27,20:00,Spain,Valladolid,Mallorca,La Liga,José Zorrilla,41.64444,-4.76111
2024-09-27,20:00,France,Paris SG,Rennes,Ligue 1,Parc des Princes,48.84138888888889,2.2530555555555556
2024-09-27,20:15,Portugal,Estoril,Sp Lisbon,Primeira Liga,Estádio António Coimbra da Mota,38.71583,-9.40639
2024-09-28,12:00,France,Regensburg,Kaiserslautern,2. Bundesliga,Stade de la Meinau,48.56,7.755
2024-09-28,12:30,England,Newcastle,Man City,Premier League,St James' Park,54.975555555556,-1.6216666666667
2024-09-28,13:00,Spain,Getafe,Alaves,La Liga,Coliseum,40.32556,-3.71472
2024-09-28,13:00,France,Red Star,Paris FC,Ligue 2,Stade Francis-Le Blé,48.402932,-4.461694
2024-09-28,14:00,Italy,Udinese,Inter,Serie A,Stadio Friuli,46.0816,13.2001
2024-09-28,14:00,Greece,Bari,Cosenza,Serie B,Kleanthis Vikelidis Stadium,40.6,22.96944
2024-09-28,14:00,Portugal,Carrarese,Reggiana,Serie B,Estádio de São Luís,37.022861,-7.928444
2024-09-28,14:00,Turkey,Samsunspor,Goztep,Super Lig,Samsun 19 Mayıs Stadium,41.22778,36.4575
2024-09-28,14:30,Germany,Freiburg,St Pauli,Bundesliga,Europa-Park Stadion,48.0216,7.8297
2024-09-28,14:30,Germany,Mainz,Heidenheim,Bundesliga,Mewa Arena,49.98417,8.22417
2024-09-28,14:30,Germany,RB Leipzig,Augsburg,Bundesliga,Red Bull Arena,51.34583,12.34833
2024-09-28,14:30,Germany,Wolfsburg,Stuttgart,Bundesliga,Volkswagen Arena,52.43278,10.80389
2024-09-28,15:00,England,Arsenal,Leicester,Premier League,Emirates Stadium,51.55667,-0.10611
2024-09-28,15:00,England,Brentford,West Ham,Premier League,Brentford Community Stadium,51.49083,-0.28861
2024-09-28,15:00,England,Chelsea,Brighton,Premier League,Stamford Bridge,51.481666666667,-0.19111111111111
2024-09-28,15:00,England,Everton,Crystal Palace,Premier League,Goodison Park,53.438888888889,-2.9663888888889
2024-09-28,15:00,England,Nott'm Forest,Fulham,Premier League,City Ground,52.94,-1.13278
2024-09-28,15:00,Portugal,Portsmouth,Sheffield United,Championship,Estádio do Dragão,41.1618,-8.5839
2024-09-28,15:00,England,Watford,Sunderland,Championship,Brentford Community Stadium,51.49083,-0.28861
2024-09-28,15:00,Belgium,Genk,Mechelen,Belgian Pro League,Cegeka Arena,51.005,5.53333
2024-09-28,15:00,Greece,Volos NFC,Athens Kallithea,Super League Greece,Panthessaliko Stadium,39.3875,22.93111
2024-09-28,15:15,Spain,Vallecano,Leganes,La Liga,Vallecas,40.39194,-3.65889
2024-09-28,15:15,Denmark,Mirandes,Huesca,Segunda Division,Cepheus Park Randers,56.46594,10.010262
2024-09-28,15:30,Netherlands,Willem II,PSV Eindhoven,Eredivisie,Koning Willem II Stadion,51.54278,5.06694
2024-09-28,15:30,Portugal,Estrela,Moreirense,Primeira Liga,Estádio José Gomes,38.75194,-9.22806
2024-09-28,16:00,France,Lens,Nice,Ligue 1,Stade Bollaert-Delelis,50.43278,2.815
2024-09-28,17:00,Italy,Genoa,Juventus,Serie A,Stadio Luigi Ferraris,44.41639,8.9525
2024-09-28,17:00,Turkey,Alanyaspor,Rizespor,Super Lig,Alanya Oba Stadium,36.5626,32.0792
2024-09-28,17:00,Turkey,Galatasaray,Kasimpasa,Super Lig,Rams Park,41.10278,28.99056
2024-09-28,17:15,Belgium,Standard,Westerlo,Belgian Pro League,Stade Maurice Dufrasne,50.61,5.54333
2024-09-28,17:30,England,Wolves,Liverpool,Premier League,Molineux Stadium,52.59028,-2.13028
2024-09-28,17:30,Spain,Sociedad,Valencia,La Liga,Anoeta,43.30139,-1.97361
2024-09-28,17:30,Germany,Bayern Munich,Leverkusen,Bundesliga,Allianz Arena,48.218775,11.624752777778
2024-09-28,18:00,France,Le Havre,Lille,Ligue 1,Stade Océane,49.49889,0.16972
2024-09-28,18:00,Portugal,Casa Pia,Guimaraes,Primeira Liga,Estádio Municipal de Rio Maior[A],39.34444,-8.93528
2024-09-28,18:00,Greece,Asteras Tripolis,Levadeiakos,Super League Greece,Theodoros Kolokotronis Stadium,37.5025,22.38861
2024-09-28,19:45,Italy,Bologna,Atalanta,Serie A,Stadio Renato Dall'Ara,44.49222,11.30972
2024-09-28,19:45,Belgium,Dender,Anderlecht,Belgian Pro League,Van Roystadion,50.883683,4.071185
2024-09-28,20:00,Spain,Osasuna,Barcelona,La Liga,El Sadar,42.79667,-1.63694
2024-09-28,20:00,France,Monaco,Montpellier,Ligue 1,Stade Louis II,43.7275,7.41556
2024-09-28,20:00,Netherlands,Sparta Rotterdam,For Sittard,Eredivisie,Spartastadion Het Kasteel,51.919485,4.433619
2024-09-28,20:30,Portugal,Benfica,Gil Vicente,Primeira Liga,Estádio da Luz,38.7527,-9.1847
2024-09-29,11:15,Netherlands,Zwolle,Almere City,Eredivisie,MAC³PARK Stadion,52.51722,6.12083
2024-09-29,11:30,Italy,Torino,Lazio,Serie A,Stadio Olimpico Grande Torino,45.04167,7.65
2024-09-29,12:30,Belgium,Antwerp,Beerschot VA,Belgian Pro League,Bosuilstadion,51.2325,4.47222
2024-09-29,13:00,Spain,Celta,Girona,La Liga,Balaídos,42.2118,-8.7397
2024-09-29,13:00,Spain,Levante,Almeria,Segunda Division,Municipal de Butarque,40.3404,-3.7607
2024-09-29,13:30,Netherlands,Groningen,Go Ahead Eagles,Eredivisie,Euroborg,53.20611,6.59139
2024-09-29,13:30,Netherlands,Twente,NAC Breda,Eredivisie,De Grolsch Veste,52.23667,6.8375
2024-09-29,14:00,England,Ipswich,Aston Villa,Premier League,Portman Road,52.055,1.14528
2024-09-29,14:00,Italy,Como,Verona,Serie A,Stadio Giuseppe Sinigaglia,45.81389,9.07222
2024-09-29,14:00,Italy,Roma,Venezia,Serie A,Stadio Olimpico,41.93389,12.45472
2024-09-29,14:00,England,Cesena,Mantova,Serie B,Stamford Bridge,51.481666666667,-0.19111111111111
2024-09-29,14:00,Italy,Modena,Sampdoria,Serie B,Stadio Brianteo,45.58278,9.30806
2024-09-29,14:00,Spain,Salernitana,Catanzaro,Serie B,Mestalla,39.47472,-0.35833
2024-09-29,14:00,France,Toulouse,Lyon,Ligue 1,Stadium de Toulouse,43.58306,1.43417
2024-09-29,14:00,Turkey,Eyupspor,Gaziantep,Super Lig,Recep Tayyip Erdoğan Stadium,41.03278,28.9725
2024-09-29,14:00,Turkey,Trabzonspor,Konyaspor,Super Lig,Papara Park,40.99917,39.64583
2024-09-29,14:30,Germany,Holstein Kiel,Ein Frankfurt,Bundesliga,Holstein-Stadion,54.34917,10.12361
2024-09-29,15:15,Spain,Ath Bilbao,Sevilla,La Liga,San Mamés,43.2643,-2.9504
2024-09-29,15:30,Portugal,Famalicao,Nacional,Primeira Liga,Estádio Municipal de Famalicão,41.40139,-8.5225
2024-09-29,15:45,Netherlands,Waalwijk,Ajax,Eredivisie,Mandemakers Stadion,51.68694,5.08861
2024-09-29,16:00,France,Angers,Reims,Ligue 1,Stade Raymond Kopa,47.460458,-0.530741
2024-09-29,16:00,France,Nantes,St Etienne,Ligue 1,Stade de la Beaujoire,47.256,-1.525
2024-09-29,16:00,Greece,Olympiakos,Atromitos,Super League Greece,Karaiskakis Stadium,37.94611,23.66444
2024-09-29,16:30,England,Man United,Tottenham,Premier League,Old Trafford,53.463055555556,-2.2913888888889
2024-09-29,16:30,Germany,Hoffenheim,Werder Bremen,Bundesliga,PreZero Arena,49.23806,8.8875
2024-09-29,17:00,Italy,Empoli,Fiorentina,Serie A,Stadio Carlo Castellani - Computer Gross Arena,43.72639,10.955
2024-09-29,17:00,Turkey,Antalyaspor,Fenerbahce,Super Lig,Corendon Airlines Park,36.888278,30.668444
2024-09-29,17:30,Spain,Betis,Espanol,La Liga,Benito Villamarín,37.35639,-5.98139
2024-09-29,17:30,Belgium,Gent,Oud-Heverlee Leuven,Belgian Pro League,Planet Group Arena,51.01611,3.73417
2024-09-29,18:00,Portugal,Porto,Arouca,Primeira Liga,Estádio do Dragão,41.1618,-8.5839
2024-09-29,18:15,Belgium,Cercle Brugge,St Truiden,Belgian Pro League,Jan Breydel Stadium,51.19333,3.18056
2024-09-29,18:30,Greece,PAOK,Aris,Super League Greece,Toumba Stadium,40.61389,22.9725
2024-09-29,19:45,Italy,Napoli,Monza,Serie A,Stadio Diego Armando Maradona,40.828,14.193
2024-09-29,19:45,France,Strasbourg,Marseille,Ligue 1,Stade de la Meinau,48.56,7.755
2024-09-29,20:00,Spain,Ath Madrid,Real Madrid,La Liga,Santiago Bernabéu,40.45306,-3.68835
2024-09-29,20:30,Portugal,Santa Clara,Boavista,Primeira Liga,Estádio de São Miguel,37.763694,-25.622611
2024-09-29,20:30,Portugal,Sp Braga,Rio Ave,Primeira Liga,Estádio Municipal de Braga,41.5625,-8.43
2024-09-30,18:00,Turkey,Kayserispor,Besiktas,Super Lig,RHG Enertürk Enerji Stadium,38.73722,35.42306
2024-09-30,18:00,Greece,Lamia,Panserraikos,Super League Greece,Lamia Municipal Stadium,38.91,22.43111
2024-09-30,18:30,Austria,Sudtirol,Palermo,Serie B,Tivoli Stadion Tirol,47.25583,11.41083
2024-09-30,19:30,Denmark,Santander,Cartagena,Segunda Division,Cepheus Park Randers,56.46594,10.010262
2024-09-30,19:30,France,Brescia,Cremonese,Serie B,Stade Francis-Le Blé,48.402932,-4.461694
2024-09-30,19:45,Italy,Parma,Cagliari,Serie A,Stadio Ennio Tardini,44.795,10.33833
2024-09-30,20:00,England,Bournemouth,Southampton,Premier League,Dean Court,50.73528,-1.83833
2024-09-30,20:00,Spain,Villarreal,Las Palmas,La Liga,La Cerámica,39.94417,-0.10361
2024-09-30,20:15,Portugal,AVS,Farense,Primeira Liga,Estádio do CD Aves,41.366932,-8.411789
2024-10-01,18:45,Austria,Red Bull Salzburg,Brest,Europa League,Red Bull Arena,47.81639,12.99833
2024-10-01,18:45,Germany,VfB Stuttgart,Sparta Prague,Europa League,MHPArena,48.79222,9.23194
2024-10-01,19:45,Denmark,Burnley,Plymouth,Championship,Brøndby Stadium,55.64889,12.41861
2024-10-01,19:45,France,Luton,Oxford,Championship,Groupama Stadium,45.765224,4.982131
2024-10-01,19:45,Croatia,Norwich,Leeds,Championship,ŠRC Velika Gorica,45.724,16.0732
2024-10-01,19:45,Belgium,West Brom,Middlesbrough,Championship,Het Kuipje,51.094817,4.928806
2024-10-01,21:00,Germany,Bayer Leverkusen,Milan,Europa League,BayArena,51.03833,7.00222
2024-10-01,21:00,Germany,Borussia Dortmund,Celtic,Europa League,Signal Iduna Park,51.4925,7.45167
2024-10-01,21:00,Spain,Barcelona,Young Boys,Europa League,Olímpic Lluís Companys,41.36472,2.15556
2024-10-01,21:00,Italy,Inter Milan,Red Star Belgrade,Europa League,San Siro,45.47806,9.12389
2024-10-01,21:00,Netherlands,PSV Eindhoven,Sporting CP,Europa League,Philips Stadion,51.44167,5.4675
2024-10-01,21:00(20:00UTC+1),England,Arsenal,Paris Saint-Germain,Europa League,Emirates Stadium,51.55667,-0.10611
2024-10-02,18:45,Ukraine,Shakhtar Donetsk,Atalanta,Europa League,Arena Lviv,49.77528,24.02778
2024-10-02,18:45,Spain,Girona,Feyenoord,Europa League,Montilivi,41.96139,2.82861
2024-10-02,19:45,Portugal,Preston,Watford,Championship,Estádio do Dragão,41.1618,-8.5839
2024-10-02,19:45,England,Sheffield United,Swansea,Championship,Old Trafford,53.463055555556,-2.2913888888889
2024-10-02,20:00,England,Bristol City,Sheffield Weds,Championship,King Power Stadium,52.620277777778,-1.1422222222222
2024-10-02,21:00,Croatia,Dinamo Zagreb,Monaco,Europa League,Maksimir,45.81889,16.01806
2024-10-02,21:00,France,Lille,Real Madrid,Europa League,Decathlon Arena Pierre Mauroy Stadium,50.6119,3.1304
2024-10-02,21:00,Germany,RB Leipzig,Juventus,Europa League,Red Bull Arena,51.34583,12.34833
2024-10-02,21:00,Austria,Sturm Graz,Club Brugge,Europa League,Merkur-Arena,47.04611,15.45444
2024-10-02,21:00(20:00UTC+1),England,Aston Villa,Bayern Munich,Europa League,Villa Park,52.509166666667,-1.8847222222222
2024-10-02,21:00(20:00UTC+1),England,Liverpool,Bologna,Europa League,Anfield,53.4308,-2.9608
2024-10-02,21:00(20:00UTC+1),Portugal,Benfica,Atlético Madrid,Europa League,Estádio da Luz,38.7527,-9.1847
2024-10-03,18:45,Spain,Real Sociedad,Anderlecht,Europa League,Anoeta,43.30139,-1.97361
2024-10-03,18:45,Italy,Lazio,Nice,Europa League,Stadio Olimpico,41.93389,12.45472
2024-10-03,18:45,Czech Republic,Slavia Prague,Ajax,Europa League,Fortuna Arena,50.0675,14.47167
2024-10-03,18:45,Germany,TSG Hoffenheim,Dynamo Kyiv,Europa League,PreZero Arena,49.23806,8.8875
2024-10-03,18:45(19:45UTC+3),Greece,Olympiacos,Braga,Europa League,Karaiskakis Stadium,37.94611,23.66444
2024-10-03,18:45(20:45UTC+4),Denmark,Qarabağ,Malmö FF,Europa League,Aalborg Portland Park,57.052056,9.898556
2024-10-03,21:00,Spain,Athletic Bilbao,AZ,Europa League,San Mamés,43.2643,-2.9504
2024-10-03,21:00,Netherlands,Twente,Fenerbahçe,Europa League,De Grolsch Veste,52.23667,6.8375
2024-10-03,21:00,Czech Republic,Viktoria Plzeň,Ludogorets Razgrad,Europa League,Doosan Arena,49.75,13.38556
2024-10-03,21:00,Germany,IF Elfsborg,Roma,Europa League,Volkswagen Arena,52.43278,10.80389
2024-10-03,21:00(20:00UTC+1),Portugal,Porto,Manchester United,Europa League,Estádio do Dragão,41.1618,-8.5839
2024-10-03,21:00(20:00UTC+1),France,Rangers,Lyon,Europa League,Stade Raymond Kopa,47.460458,-0.530741
2024-10-03,21:00(22:00UTC+3),Turkey,Beşiktaş,Eintracht Frankfurt,Europa League,Tüpraş Stadium,41.03917,28.99472
2024-10-03,21:00(22:00UTC+3),Greece,PAOK,FCSB,Europa League,Toumba Stadium,40.61389,22.9725
2024-10-04,17:30,Italy,Napoli,Como,Serie A,Stadio Diego Armando Maradona,40.828,14.193
2024-10-04,18:00,Turkey,Rizespor,Antalyaspor,Super Lig,Rize City Stadium,41.04202,40.5733
2024-10-04,19:00,Netherlands,Annecy,Red Star,Ligue 2,Goffertstadion,51.8225,5.83667
2024-10-04,19:00,Greece,Paris FC,Laval,Ligue 2,Kleanthis Vikelidis Stadium,40.6,22.96944
2024-10-04,19:00,Netherlands,Almere City,Willem II,Eredivisie,Yanmar Stadion,52.3944,5.2405
2024-10-04,19:30,Germany,Augsburg,M'gladbach,Bundesliga,WWK Arena,48.32306,10.88611
2024-10-04,19:30,Turkey,Sampdoria,Juve Stabia,Serie B,Samsun 19 Mayıs Stadium,41.22778,36.4575
2024-10-04,19:45,Italy,Verona,Venezia,Serie A,Stadio Marcantonio Bentegodi,45.43528,10.96861
2024-10-04,19:45,France,Marseille,Angers,Ligue 1,Orange Vélodrome,43.26972,5.39583
2024-10-04,19:45,Belgium,Westerlo,Beerschot VA,Belgian Pro League,Het Kuipje,51.094817,4.928806
2024-10-04,20:00,Spain,Leganes,Valencia,La Liga,Municipal de Butarque,40.3404,-3.7607
2024-10-04,20:15,Portugal,Rio Ave,Famalicao,Primeira Liga,Estádio dos Arcos,41.36278,-8.74028
2024-10-05,12:30,England,Crystal Palace,Liverpool,Premier League,Selhurst Park,51.39833,-0.08556
2024-10-05,12:30,Denmark,Burnley,Preston,Championship,Brøndby Stadium,55.64889,12.41861
2024-10-05,12:30,Croatia,Norwich,Hull,Championship,ŠRC Velika Gorica,45.724,16.0732
2024-10-05,12:30,Portugal,Portsmouth,Oxford,Championship,Estádio do Dragão,41.1618,-8.5839
2024-10-05,13:00,Spain,Espanol,Mallorca,La Liga,RCDE Stadium,41.34778,2.07556
2024-10-05,14:00,Italy,Udinese,Lecce,Serie A,Stadio Friuli,46.0816,13.2001
2024-10-05,14:00,Italy,Spezia,Reggiana,Serie B,Stadio Pier Luigi Penzo,45.4277611,12.3637306
2024-10-05,14:00,Turkey,Goztep,Sivasspor,Super Lig,Gürsel Aksel Stadium,38.396821,27.07595
2024-10-05,14:30,Germany,Bochum,Wolfsburg,Bundesliga,Vonovia Ruhrstadion,51.49,7.23667
2024-10-05,14:30,Germany,Leverkusen,Holstein Kiel,Bundesliga,BayArena,51.03833,7.00222
2024-10-05,14:30,Germany,Union Berlin,Dortmund,Bundesliga,Stadion An der Alten Försterei,52.45722,13.56806
2024-10-05,14:30,Germany,Werder Bremen,Freiburg,Bundesliga,Weserstadion,53.06639,8.8375
2024-10-05,15:00,England,Arsenal,Southampton,Premier League,Emirates Stadium,51.55667,-0.10611
2024-10-05,15:00,England,Brentford,Wolves,Premier League,Brentford Community Stadium,51.49083,-0.28861
2024-10-05,15:00,England,Leicester,Bournemouth,Premier League,King Power Stadium,52.620277777778,-1.1422222222222
2024-10-05,15:00,England,Man City,Fulham,Premier League,City of Manchester Stadium,53.483055555556,-2.2002777777778
2024-10-05,15:00,England,West Ham,Ipswich,Premier League,London Stadium,51.5386,-0.0164
2024-10-05,15:00,England,Sheffield United,Luton,Championship,Old Trafford,53.463055555556,-2.2913888888889
2024-10-05,15:00,England,Watford,Middlesbrough,Championship,Brentford Community Stadium,51.49083,-0.28861
2024-10-05,15:00,Belgium,West Brom,Millwall,Championship,Het Kuipje,51.094817,4.928806
2024-10-05,15:00,Belgium,Mechelen,Oud-Heverlee Leuven,Belgian Pro League,AFAS-stadion Achter de Kazerne,51.037184,4.486397
2024-10-05,15:15,Spain,Getafe,Osasuna,La Liga,Coliseum,40.32556,-3.71472
2024-10-05,15:15,Denmark,Mirandes,Granada,Segunda Division,Cepheus Park Randers,56.46594,10.010262
2024-10-05,15:30,Portugal,Gil Vicente,Estrela,Primeira Liga,Estádio Cidade de Barcelos,41.551,-8.623
2024-10-05,15:30,Portugal,Moreirense,Santa Clara,Primeira Liga,Estádio Comendador Joaquim de Almeida Freitas,41.37806,-8.35472
2024-10-05,16:00,France,St Etienne,Auxerre,Ligue 1,Stade Geoffroy Guichard,45.46083,4.39028
2024-10-05,16:30,Greece,Atromitos,Volos NFC,Super League Greece,Peristeri Stadium,38.00472,23.68972
2024-10-05,17:00,Italy,Atalanta,Genoa,Serie A,Gewiss Stadium,45.70889,9.68083
2024-10-05,17:00,Turkey,Buyuksehyr,Kayserispor,Super Lig,Başakşehir Fatih Terim Stadium,41.12278,28.80861
2024-10-05,17:00,Turkey,Hatayspor,Trabzonspor,Super Lig,Mersin Stadium[note 1],36.82056,34.53861
2024-10-05,17:15,Belgium,Kortrijk,Genk,Belgian Pro League,Guldensporen Stadion,50.830432,3.248906
2024-10-05,17:30,England,Everton,Newcastle,Premier League,Goodison Park,53.438888888889,-2.9663888888889
2024-10-05,17:30,Spain,Las Palmas,Celta,La Liga,Gran Canaria,28.10028,-15.45667
2024-10-05,17:30,Spain,Valladolid,Vallecano,La Liga,José Zorrilla,41.64444,-4.76111
2024-10-05,17:30,Spain,Almeria,Burgos,Segunda Division,Mestalla,39.47472,-0.35833
2024-10-05,17:30,Portugal,Zaragoza,Santander,Segunda Division,Estádio Municipal de Braga,41.5625,-8.43
2024-10-05,17:30,Germany,St Pauli,Mainz,Bundesliga,Millerntor-Stadion,53.554583,9.967667
2024-10-05,17:30,Greece,Panetolikos,AEK,Super League Greece,Panetolikos Stadium,38.63,21.41167
2024-10-05,17:45,Netherlands,NAC Breda,Nijmegen,Eredivisie,Rat Verlegh Stadion,51.595,4.75028
2024-10-05,18:00,France,Lille,Toulouse,Ligue 1,Decathlon Arena Pierre Mauroy Stadium,50.6119,3.1304
2024-10-05,18:00,Portugal,Arouca,AVS,Primeira Liga,Estádio Municipal de Arouca,40.933,-8.2503
2024-10-05,18:00,Greece,Aris,Lamia,Super League Greece,Kleanthis Vikelidis Stadium,40.6,22.96944
2024-10-05,19:00,Netherlands,PSV Eindhoven,Sparta Rotterdam,Eredivisie,Philips Stadion,51.44167,5.4675
2024-10-05,19:45,Belgium,Dender,Charleroi,Belgian Pro League,Van Roystadion,50.883683,4.071185
2024-10-05,20:00,Spain,Real Madrid,Villarreal,La Liga,Santiago Bernabéu,40.45306,-3.68835
2024-10-05,20:00,France,Rennes,Monaco,Ligue 1,Roazhon Park,48.1075,-1.71278
2024-10-05,20:00,Netherlands,Utrecht,Waalwijk,Eredivisie,Stadion Galgenwaard,52.07833,5.14583
2024-10-06,11:15,Netherlands,Go Ahead Eagles,Heracles,Eredivisie,De Adelaarshorst,52.260416,6.172578
2024-10-06,11:30,Italy,Juventus,Cagliari,Serie A,Juventus Stadium,45.10944,7.64111
2024-10-06,11:30,Turkey,Konyaspor,Eyupspor,Super Lig,Konya Metropolitan Municipality Stadium,37.946,32.488
2024-10-06,12:30,Netherlands,Fortuna Dusseldorf,Hamburg,2. Bundesliga,Fortuna Sittard Stadion,50.992069,5.843675
2024-10-06,12:30,Germany,Magdeburg,Greuther Furth,2. Bundesliga,WWK Arena,48.32306,10.88611
2024-10-06,12:30,Belgium,Anderlecht,Standard,Belgian Pro League,Lotto Park,50.83417,4.29833
2024-10-06,13:00,Spain,Girona,Ath Bilbao,La Liga,Montilivi,41.96139,2.82861
2024-10-06,13:30,Netherlands,Feyenoord,Twente,Eredivisie,De Kuip,51.89389,4.52306
2024-10-06,13:30,Netherlands,Heerenveen,Zwolle,Eredivisie,Abe Lenstra Stadion,52.95861,5.93611
2024-10-06,14:00,England,Aston Villa,Man United,Premier League,Villa Park,52.509166666667,-1.8847222222222
2024-10-06,14:00,England,Chelsea,Nott'm Forest,Premier League,Stamford Bridge,51.481666666667,-0.19111111111111
2024-10-06,14:00,Italy,Bologna,Parma,Serie A,Stadio Renato Dall'Ara,44.49222,11.30972
2024-10-06,14:00,Italy,Lazio,Empoli,Serie A,Stadio Olimpico,41.93389,12.45472
2024-10-06,14:00,Italy,Cosenza,Sudtirol,Serie B,Stadio Brianteo,45.58278,9.30806
2024-10-06,14:00,France,Cremonese,Bari,Serie B,Roazhon Park,48.1075,-1.71278
2024-10-06,14:00,Italy,Palermo,Salernitana,Serie B,Stadio Ennio Tardini,44.795,10.33833
2024-10-06,14:00,France,Lyon,Nantes,Ligue 1,Groupama Stadium,45.765224,4.982131
2024-10-06,14:00,Turkey,Ad. Demirspor,Samsunspor,Super Lig,New Adana Stadium,37.06333,35.375
2024-10-06,14:00,Greece,Panserraikos,OFI Crete,Super League Greece,Serres Municipal Stadium,41.0847,23.5466
2024-10-06,14:30,Germany,Heidenheim,RB Leipzig,Bundesliga,Voith-Arena,48.66861,10.13944
2024-10-06,15:00,England,Bristol City,Cardiff,Championship,King Power Stadium,52.620277777778,-1.1422222222222
2024-10-06,15:00,Belgium,Antwerp,Cercle Brugge,Belgian Pro League,Bosuilstadion,51.2325,4.47222
2024-10-06,15:00,Greece,Athens Kallithea,Asteras Tripolis,Super League Greece,Leoforos Alexandras Stadium,37.98722,23.75417
2024-10-06,15:15,Spain,Alaves,Barcelona,La Liga,Mendizorrotza,42.8371111,-2.6880444
2024-10-06,15:15,France,Eldense,Castellon,Segunda Division,Stade Bollaert-Delelis,50.43278,2.815
2024-10-06,15:30,Portugal,Farense,Estoril,Primeira Liga,Estádio de São Luís,37.022861,-7.928444
2024-10-06,15:30,Portugal,Guimaraes,Boavista,Primeira Liga,Estádio D. Afonso Henriques,41.44583,-8.30111
2024-10-06,15:45,Netherlands,Ajax,Groningen,Eredivisie,Johan Cruyff Arena,52.31417,4.94194
2024-10-06,16:00,France,Brest,Le Havre,Ligue 1,Stade Francis-Le Blé,48.402932,-4.461694
2024-10-06,16:00,France,Reims,Montpellier,Ligue 1,Stade Auguste Delaune,49.24667,4.025
2024-10-06,16:00,France,Strasbourg,Lens,Ligue 1,Stade de la Meinau,48.56,7.755
2024-10-06,16:30,England,Brighton,Tottenham,Premier League,Falmer Stadium,50.861822222222,-0.083277777777778
2024-10-06,16:30,Germany,Ein Frankfurt,Bayern Munich,Bundesliga,Deutsche Bank Park,50.068056,8.645806
2024-10-06,17:00,Italy,Monza,Roma,Serie A,Stadio Brianteo,45.58278,9.30806
2024-10-06,17:00,Turkey,Galatasaray,Alanyaspor,Super Lig,Rams Park,41.10278,28.99056
2024-10-06,17:00,Turkey,Gaziantep,Besiktas,Super Lig,Gaziantep Stadium,37.12389,37.3825
2024-10-06,17:30,Spain,Sevilla,Betis,La Liga,Ramón Sánchez-Pizjuán,37.384,-5.9705
2024-10-06,17:30,Spain,Levante,Oviedo,Segunda Division,Municipal de Butarque,40.3404,-3.7607
2024-10-06,17:30,Belgium,Club Brugge,St. Gilloise,Belgian Pro League,Jan Breydel Stadium,51.19333,3.18056
2024-10-06,18:15,Belgium,St Truiden,Gent,Belgian Pro League,Stayen,50.813474,5.166256
2024-10-06,18:30,Germany,Stuttgart,Hoffenheim,Bundesliga,MHPArena,48.79222,9.23194
2024-10-06,18:30,Greece,Levadeiakos,PAOK,Super League Greece,Levadia Municipal Stadium,38.4358972,22.8828444
2024-10-06,18:30,Greece,Panathinaikos,Olympiakos,Super League Greece,Athens Olympic Stadium,38.03606806,23.7876
2024-10-06,19:00,Netherlands,For Sittard,AZ Alkmaar,Eredivisie,Fortuna Sittard Stadion,50.992069,5.843675
2024-10-06,19:45,Italy,Fiorentina,Milan,Serie A,Stadio Artemio Franchi,43.78083,11.28222
2024-10-06,19:45,France,Nice,Paris SG,Ligue 1,Allianz Riviera,43.70528,7.1925
2024-10-06,20:00,Spain,Sociedad,Ath Madrid,La Liga,Anoeta,43.30139,-1.97361
2024-10-06,20:30,Portugal,Porto,Sp Braga,Primeira Liga,Estádio do Dragão,41.1618,-8.5839
2024-10-12,15:15,England,Cartagena,Ferrol,Segunda Division,Emirates Stadium,51.55667,-0.10611
2024-10-13,15:15,Denmark,Santander,Levante,Segunda Division,Cepheus Park Randers,56.46594,10.010262
2024-10-13,17:30,Spain,Granada,Cordoba,Segunda Division,Montilivi,41.96139,2.82861
2024-10-13,20:00,Belgium,Elche,La Coruna,Segunda Division,AFAS-stadion Achter de Kazerne,51.037184,4.486397
2024-10-18,19:00,Portugal,Bastia,Clermont,Ligue 2,Estádio do Bessa,41.16222,-8.64278
2024-10-18,19:00,Italy,Grenoble,Metz,Ligue 2,Stadio Luigi Ferraris,44.41639,8.9525
2024-10-18,19:00,Greece,Laval,Dunkerque,Ligue 2,Lamia Municipal Stadium,38.91,22.43111
2024-10-18,19:00,Greece,Martigues,Rodez,Ligue 2,Kleanthis Vikelidis Stadium,40.6,22.96944
2024-10-18,19:00,France,Red Star,Caen,Ligue 2,Stade Francis-Le Blé,48.402932,-4.461694
2024-10-18,19:30,Germany,Dortmund,St Pauli,Bundesliga,Signal Iduna Park,51.4925,7.45167
2024-10-18,19:30,Greece,Bari,Catanzaro,Serie B,Kleanthis Vikelidis Stadium,40.6,22.96944
2024-10-18,19:45,France,Monaco,Lille,Ligue 1,Stade Louis II,43.7275,7.41556
2024-10-18,19:45,Belgium,Beerschot VA,Anderlecht,Belgian Pro League,Olympisch Stadion,51.185,4.38222
2024-10-18,20:00,Spain,Alaves,Valladolid,La Liga,Mendizorrotza,42.8371111,-2.6880444
2024-10-19,11:30,Turkey,Kayserispor,Gaziantep,Super Lig,RHG Enertürk Enerji Stadium,38.73722,35.42306
2024-10-19,12:00,France,Regensburg,Fortuna Dusseldorf,2. Bundesliga,Stade de la Meinau,48.56,7.755
2024-10-19,12:30,England,Tottenham,West Ham,Premier League,Tottenham Hotspur Stadium,51.6044,-0.0664
2024-10-19,12:30,France,Luton,Watford,Championship,Groupama Stadium,45.765224,4.982131
2024-10-19,12:30,Portugal,Preston,Coventry,Championship,Estádio do Dragão,41.1618,-8.5839
2024-10-19,13:00,Spain,Ath Bilbao,Espanol,La Liga,San Mamés,43.2643,-2.9504
2024-10-19,13:00,Portugal,Amiens,Ajaccio,Ligue 2,Estádio Comendador Joaquim de Almeida Freitas,41.37806,-8.35472
2024-10-19,14:00,Italy,Como,Parma,Serie A,Stadio Giuseppe Sinigaglia,45.81389,9.07222
2024-10-19,14:00,Italy,Genoa,Bologna,Serie A,Stadio Luigi Ferraris,44.41639,8.9525
2024-10-19,14:00,Italy,Modena,Palermo,Serie B,Stadio Brianteo,45.58278,9.30806
2024-10-19,14:00,Spain,Salernitana,Spezia,Serie B,Mestalla,39.47472,-0.35833
2024-10-19,14:00,Austria,Sudtirol,Pisa,Serie B,Tivoli Stadion Tirol,47.25583,11.41083
2024-10-19,14:00,Turkey,Trabzonspor,Buyuksehyr,Super Lig,Papara Park,40.99917,39.64583
2024-10-19,14:30,Germany,Freiburg,Augsburg,Bundesliga,Europa-Park Stadion,48.0216,7.8297
2024-10-19,14:30,Germany,Hoffenheim,Bochum,Bundesliga,PreZero Arena,49.23806,8.8875
2024-10-19,14:30,Germany,Leverkusen,Ein Frankfurt,Bundesliga,BayArena,51.03833,7.00222
2024-10-19,14:30,Germany,Mainz,RB Leipzig,Bundesliga,Mewa Arena,49.98417,8.22417
2024-10-19,15:00,England,Fulham,Aston Villa,Premier League,Craven Cottage,51.475,-0.22166666666667
2024-10-19,15:00,England,Ipswich,Everton,Premier League,Portman Road,52.055,1.14528
2024-10-19,15:00,England,Man United,Brentford,Premier League,Old Trafford,53.463055555556,-2.2913888888889
2024-10-19,15:00,England,Newcastle,Brighton,Premier League,St James' Park,54.975555555556,-1.6216666666667
2024-10-19,15:00,England,Southampton,Leicester,Premier League,St Mary's Stadium,50.90583,-1.39111
2024-10-19,15:00,Belgium,Westerlo,Club Brugge,Belgian Pro League,Het Kuipje,51.094817,4.928806
2024-10-19,15:00,Greece,Volos NFC,Panserraikos,Super League Greece,Panthessaliko Stadium,39.3875,22.93111
2024-10-19,15:15,Spain,Osasuna,Betis,La Liga,El Sadar,42.79667,-1.63694
2024-10-19,15:30,Netherlands,Sparta Rotterdam,Almere City,Eredivisie,Spartastadion Het Kasteel,51.919485,4.433619
2024-10-19,16:00,France,Brest,Rennes,Ligue 1,Stade Francis-Le Blé,48.402932,-4.461694
2024-10-19,16:15,France,Brescia,Sassuolo,Serie B,Stade Francis-Le Blé,48.402932,-4.461694
2024-10-19,17:00,Italy,Milan,Udinese,Serie A,San Siro,45.47806,9.12389
2024-10-19,17:00,Turkey,Antalyaspor,Galatasaray,Super Lig,Corendon Airlines Park,36.888278,30.668444
2024-10-19,17:00,Turkey,Eyupspor,Goztep,Super Lig,Recep Tayyip Erdoğan Stadium,41.03278,28.9725
2024-10-19,17:15,Belgium,Cercle Brugge,Dender,Belgian Pro League,Jan Breydel Stadium,51.19333,3.18056
2024-10-19,17:30,England,Bournemouth,Arsenal,Premier League,Dean Court,50.73528,-1.83833
2024-10-19,17:30,Spain,Girona,Sociedad,La Liga,Montilivi,41.96139,2.82861
2024-10-19,17:30,Spain,Granada,Tenerife,Segunda Division,Montilivi,41.96139,2.82861
2024-10-19,17:30,Germany,Bayern Munich,Stuttgart,Bundesliga,Allianz Arena,48.218775,11.624752777778
2024-10-19,18:00,France,St Etienne,Lens,Ligue 1,Stade Geoffroy Guichard,45.46083,4.39028
2024-10-19,18:00,Greece,Atromitos,Panetolikos,Super League Greece,Peristeri Stadium,38.00472,23.68972
2024-10-19,18:30,Greece,Lamia,Asteras Tripolis,Super League Greece,Lamia Municipal Stadium,38.91,22.43111
2024-10-19,19:00,Italy,Lorient,Annecy,Ligue 2,Stadio Olimpico Grande Torino,45.04167,7.65
2024-10-19,19:00,Netherlands,Waalwijk,Twente,Eredivisie,Mandemakers Stadion,51.68694,5.08861
2024-10-19,19:45,Italy,Juventus,Lazio,Serie A,Juventus Stadium,45.10944,7.64111
2024-10-19,20:00,Spain,Celta,Real Madrid,La Liga,Balaídos,42.2118,-8.7397
2024-10-19,20:00,Denmark,Mirandes,Eibar,Segunda Division,Cepheus Park Randers,56.46594,10.010262
2024-10-19,20:00,France,Paris SG,Strasbourg,Ligue 1,Parc des Princes,48.84138888888889,2.2530555555555556
2024-10-19,20:00,Netherlands,Go Ahead Eagles,Feyenoord,Eredivisie,De Adelaarshorst,52.260416,6.172578
2024-10-20,11:15,Netherlands,Willem II,For Sittard,Eredivisie,Koning Willem II Stadion,51.54278,5.06694
2024-10-20,11:30,Italy,Empoli,Napoli,Serie A,Stadio Carlo Castellani - Computer Gross Arena,43.72639,10.955
2024-10-20,11:30,Turkey,Sivasspor,Hatayspor,Super Lig,BG Grup 4 Eylül Stadium,39.72833,36.98389
2024-10-20,12:30,England,Ulm,Karlsruhe,2. Bundesliga,Craven Cottage,51.475,-0.22166666666667
2024-10-20,12:30,Belgium,Genk,St Truiden,Belgian Pro League,Cegeka Arena,51.005,5.53333
2024-10-20,13:00,Spain,Mallorca,Vallecano,La Liga,Mallorca Son Moix,39.59,2.63
2024-10-20,13:30,Netherlands,Groningen,Utrecht,Eredivisie,Euroborg,53.20611,6.59139
2024-10-20,13:30,Netherlands,Heracles,Ajax,Eredivisie,Asito Stadion[3],52.33889,6.65056
2024-10-20,14:00,England,Wolves,Man City,Premier League,Molineux Stadium,52.59028,-2.13028
2024-10-20,14:00,Italy,Lecce,Fiorentina,Serie A,Stadio Via del mare,40.36528,18.20889
2024-10-20,14:00,Italy,Venezia,Atalanta,Serie A,Stadio Pier Luigi Penzo,45.4277611,12.3637306
2024-10-20,14:00,Portugal,Carrarese,Mantova,Serie B,Estádio de São Luís,37.022861,-7.928444
2024-10-20,14:00,France,Le Havre,Lyon,Ligue 1,Stade Océane,49.49889,0.16972
2024-10-20,14:00,Turkey,Besiktas,Konyaspor,Super Lig,Tüpraş Stadium,41.03917,28.99472
2024-10-20,14:00,Greece,Olympiakos,Levadeiakos,Super League Greece,Karaiskakis Stadium,37.94611,23.66444
2024-10-20,14:30,Germany,Holstein Kiel,Union Berlin,Bundesliga,Holstein-Stadion,54.34917,10.12361
2024-10-20,15:00,Belgium,Oud-Heverlee Leuven,Antwerp,Belgian Pro League,Den Dreef,50.86833,4.69417
2024-10-20,15:15,Spain,Ath Madrid,Leganes,La Liga,Santiago Bernabéu,40.45306,-3.68835
2024-10-20,15:45,Netherlands,Zwolle,NAC Breda,Eredivisie,MAC³PARK Stadion,52.51722,6.12083
2024-10-20,16:00,France,Auxerre,Reims,Ligue 1,Stade Abbé Deschamps,47.7867528,3.5886639
2024-10-20,16:00,France,Nantes,Nice,Ligue 1,Stade de la Beaujoire,47.256,-1.525
2024-10-20,16:00,France,Toulouse,Angers,Ligue 1,Stadium de Toulouse,43.58306,1.43417
2024-10-20,16:15,England,Cesena,Sampdoria,Serie B,Stamford Bridge,51.481666666667,-0.19111111111111
2024-10-20,16:30,England,Liverpool,Chelsea,Premier League,Anfield,53.4308,-2.9608
2024-10-20,16:30,Germany,Wolfsburg,Werder Bremen,Bundesliga,Volkswagen Arena,52.43278,10.80389
2024-10-20,17:00,Italy,Cagliari,Torino,Serie A,Unipol Domus,39.2,9.1375
2024-10-20,17:00,Turkey,Alanyaspor,Kasimpasa,Super Lig,Alanya Oba Stadium,36.5626,32.0792
2024-10-20,17:00,Turkey,Samsunspor,Fenerbahce,Super Lig,Samsun 19 Mayıs Stadium,41.22778,36.4575
2024-10-20,17:30,Spain,Villarreal,Getafe,La Liga,La Cerámica,39.94417,-0.10361
2024-10-20,17:30,Belgium,Elche,Sp Gijon,Segunda Division,AFAS-stadion Achter de Kazerne,51.037184,4.486397
2024-10-20,17:30,Portugal,Zaragoza,Almeria,Segunda Division,Estádio Municipal de Braga,41.5625,-8.43
2024-10-20,17:30,Belgium,Standard,Charleroi,Belgian Pro League,Stade Maurice Dufrasne,50.61,5.54333
2024-10-20,18:00,Greece,Aris,Athens Kallithea,Super League Greece,Kleanthis Vikelidis Stadium,40.6,22.96944
2024-10-20,18:15,Belgium,Mechelen,Kortrijk,Belgian Pro League,AFAS-stadion Achter de Kazerne,51.037184,4.486397
2024-10-20,19:45,Italy,Roma,Inter,Serie A,Stadio Olimpico,41.93389,12.45472
2024-10-20,19:45,France,Montpellier,Marseille,Ligue 1,Stade de la Mosson,43.62222,3.81194
2024-10-20,20:00,Spain,Barcelona,Sevilla,La Liga,Olímpic Lluís Companys,41.36472,2.15556
2024-10-21,19:45,Italy,Verona,Monza,Serie A,Stadio Marcantonio Bentegodi,45.43528,10.96861
2024-10-21,20:00,England,Nott'm Forest,Crystal Palace,Premier League,City Ground,52.94,-1.13278
2024-10-21,20:00,Spain,Valencia,Las Palmas,La Liga,Mestalla,39.47472,-0.35833
2024-10-22,18:45,Italy,Milan,Club Brugge,Europa League,San Siro,45.47806,9.12389
2024-10-22,18:45,France,Monaco,Red Star Belgrade,Europa League,Stade Louis II,43.7275,7.41556
2024-10-22,19:45,Portugal,Preston,Norwich,Championship,Estádio do Dragão,41.1618,-8.5839
2024-10-22,21:00,Spain,Girona,Slovan Bratislava,Europa League,Montilivi,41.96139,2.82861
2024-10-22,21:00,Italy,Juventus,VfB Stuttgart,Europa League,Juventus Stadium,45.10944,7.64111
2024-10-22,21:00,France,Paris Saint-Germain,PSV Eindhoven,Europa League,Parc des Princes,48.84138888888889,2.2530555555555556
2024-10-22,21:00,Spain,Real Madrid,Borussia Dortmund,Europa League,Santiago Bernabéu,40.45306,-3.68835
2024-10-22,21:00,Austria,Sturm Graz,Sporting CP,Europa League,Merkur-Arena,47.04611,15.45444
2024-10-22,21:00(20:00UTC+1),England,Arsenal,Shakhtar Donetsk,Europa League,Emirates Stadium,51.55667,-0.10611
2024-10-22,21:00(20:00UTC+1),England,Aston Villa,Bologna,Europa League,Villa Park,52.509166666667,-1.8847222222222
2024-10-23,16:30(15:30UTC+1),Portugal,Braga,Bodø/Glimt,Europa League,Estádio Municipal de Braga,41.5625,-8.43
2024-10-23,16:30(17:30UTC+3),Turkey,Galatasaray,IF Elfsborg,Europa League,Rams Park,41.10278,28.99056
2024-10-23,18:00,France,Eldense,Zaragoza,Segunda Division,Stade Bollaert-Delelis,50.43278,2.815
2024-10-23,18:45,Italy,Atalanta,Celtic,Europa League,Gewiss Stadium,45.70889,9.68083
2024-10-23,18:45,France,Brest,Bayer Leverkusen,Europa League,Stade Francis-Le Blé,48.402932,-4.461694
2024-10-23,19:45,France,Luton,Sunderland,Championship,Groupama Stadium,45.765224,4.982131
2024-10-23,20:00,England,Cartagena,Elche,Segunda Division,Emirates Stadium,51.55667,-0.10611
2024-10-23,20:00,Denmark,Santander,Cordoba,Segunda Division,Cepheus Park Randers,56.46594,10.010262
2024-10-23,21:00,Spain,Atlético Madrid,Lille,Europa League,Metropolitano,40.43611,-3.59944
2024-10-23,21:00,Denmark,Young Boys,Inter Milan,Europa League,Lyngby Stadium,55.78134,12.505628
2024-10-23,21:00,Spain,Barcelona,Bayern Munich,Europa League,Olímpic Lluís Companys,41.36472,2.15556
2024-10-23,21:00,Austria,Red Bull Salzburg,Dinamo Zagreb,Europa League,Red Bull Arena,47.81639,12.99833
2024-10-23,21:00,Germany,RB Leipzig,Liverpool,Europa League,Red Bull Arena,51.34583,12.34833
2024-10-23,21:00(20:00UTC+1),England,Manchester City,Sparta Prague,Europa League,City of Manchester Stadium,53.483055555556,-2.2002777777778
2024-10-23,21:00(20:00UTC+1),Portugal,Benfica,Feyenoord,Europa League,Estádio da Luz,38.7527,-9.1847
2024-10-24,18:00,Spain,Almeria,Albacete,Segunda Division,Mestalla,39.47472,-0.35833
2024-10-24,18:00,Spain,Levante,La Coruna,Segunda Division,Municipal de Butarque,40.3404,-3.7607
2024-10-24,18:45,Italy,Roma,Dynamo Kyiv,Europa League,Stadio Olimpico,41.93389,12.45472
2024-10-24,18:45,Germany,Eintracht Frankfurt,RFS,Europa League,Deutsche Bank Park,50.068056,8.645806
2024-10-24,18:45,Denmark,Midtjylland,Union Saint-Gilloise,Europa League,MCH Arena,56.116868,8.951669
2024-10-24,18:45(19:45UTC+3),Greece,PAOK,Viktoria Plzeň,Europa League,Toumba Stadium,40.61389,22.9725
2024-10-24,18:45(20:45UTC+4),Denmark,Qarabağ,Ajax,Europa League,Aalborg Portland Park,57.052056,9.898556
2024-10-24,21:00,Spain,Athletic Bilbao,Slavia Prague,Europa League,San Mamés,43.2643,-2.9504
2024-10-24,21:00,Netherlands,Twente,Lazio,Europa League,De Grolsch Veste,52.23667,6.8375
2024-10-24,21:00,France,Lyon,Beşiktaş,Europa League,Groupama Stadium,45.765224,4.982131
2024-10-24,21:00,Belgium,Anderlecht,Ludogorets Razgrad,Europa League,Lotto Park,50.83417,4.29833
2024-10-24,21:00(20:00UTC+1),Portugal,Porto,TSG Hoffenheim,Europa League,Estádio do Dragão,41.1618,-8.5839
2024-10-24,21:00(20:00UTC+1),France,Rangers,FCSB,Europa League,Stade Raymond Kopa,47.460458,-0.530741
2024-10-24,21:00(20:00UTC+1),England,Tottenham Hotspur,AZ,Europa League,Tottenham Hotspur Stadium,51.6044,-0.0664
2024-10-24,21:00(22:00UTC+3),Turkey,Fenerbahçe,Manchester United,Europa League,Ülker Stadium,40.98778,29.03694
2024-10-25,17:30,Italy,Udinese,Cagliari,Serie A,Stadio Friuli,46.0816,13.2001
2024-10-25,18:00,Turkey,Ad. Demirspor,Sivasspor,Super Lig,New Adana Stadium,37.06333,35.375
2024-10-25,18:45,Portugal,Casa Pia,Nacional,Primeira Liga,Estádio Municipal de Rio Maior[A],39.34444,-8.93528
2024-10-25,19:00,Netherlands,Annecy,Laval,Ligue 2,Goffertstadion,51.8225,5.83667
2024-10-25,19:00,Netherlands,Almere City,Nijmegen,Eredivisie,Yanmar Stadion,52.3944,5.2405
2024-10-25,19:30,Germany,Mainz,M'gladbach,Bundesliga,Mewa Arena,49.98417,8.22417
2024-10-25,19:30,Italy,Spezia,Bari,Serie B,Stadio Pier Luigi Penzo,45.4277611,12.3637306
2024-10-25,19:45,Italy,Torino,Como,Serie A,Stadio Olimpico Grande Torino,45.04167,7.65
2024-10-25,19:45,France,Rennes,Le Havre,Ligue 1,Roazhon Park,48.1075,-1.71278
2024-10-25,19:45,Belgium,Kortrijk,Beerschot VA,Belgian Pro League,Guldensporen Stadion,50.830432,3.248906
2024-10-25,20:00,England,Leicester,Nott'm Forest,Premier League,King Power Stadium,52.620277777778,-1.1422222222222
2024-10-25,20:00,Portugal,Portsmouth,Sheffield Weds,Championship,Estádio do Dragão,41.1618,-8.5839
2024-10-25,20:00,Spain,Espanol,Sevilla,La Liga,RCDE Stadium,41.34778,2.07556
2024-10-25,20:45,Portugal,Santa Clara,Gil Vicente,Primeira Liga,Estádio de São Miguel,37.763694,-25.622611
2024-10-26,11:30,Turkey,Hatayspor,Kayserispor,Super Lig,Mersin Stadium[note 1],36.82056,34.53861
2024-10-26,12:30,England,Bristol City,Leeds,Championship,King Power Stadium,52.620277777778,-1.1422222222222
2024-10-26,12:30,England,Watford,Blackburn,Championship,Brentford Community Stadium,51.49083,-0.28861
2024-10-26,13:00,Spain,Valladolid,Villarreal,La Liga,José Zorrilla,41.64444,-4.76111
2024-10-26,13:00,Greece,Paris FC,Grenoble,Ligue 2,Kleanthis Vikelidis Stadium,40.6,22.96944
2024-10-26,14:00,Italy,Napoli,Lecce,Serie A,Stadio Diego Armando Maradona,40.828,14.193
2024-10-26,14:00,England,Cesena,Brescia,Serie B,Stamford Bridge,51.481666666667,-0.19111111111111
2024-10-26,14:00,Italy,Cosenza,Juve Stabia,Serie B,Stadio Brianteo,45.58278,9.30806
2024-10-26,14:00,France,Cremonese,Salernitana,Serie B,Roazhon Park,48.1075,-1.71278
2024-10-26,14:00,Italy,Palermo,Reggiana,Serie B,Stadio Ennio Tardini,44.795,10.33833
2024-10-26,14:30,Germany,Augsburg,Dortmund,Bundesliga,WWK Arena,48.32306,10.88611
2024-10-26,14:30,Germany,RB Leipzig,Freiburg,Bundesliga,Red Bull Arena,51.34583,12.34833
2024-10-26,14:30,Germany,St Pauli,Wolfsburg,Bundesliga,Millerntor-Stadion,53.554583,9.967667
2024-10-26,14:30,Germany,Stuttgart,Holstein Kiel,Bundesliga,MHPArena,48.79222,9.23194
2024-10-26,15:00,England,Aston Villa,Bournemouth,Premier League,Villa Park,52.509166666667,-1.8847222222222
2024-10-26,15:00,England,Brentford,Ipswich,Premier League,Brentford Community Stadium,51.49083,-0.28861
2024-10-26,15:00,England,Brighton,Wolves,Premier League,Falmer Stadium,50.861822222222,-0.083277777777778
2024-10-26,15:00,England,Man City,Southampton,Premier League,City of Manchester Stadium,53.483055555556,-2.2002777777778
2024-10-26,15:00,Denmark,Burnley,QPR,Championship,Brøndby Stadium,55.64889,12.41861
2024-10-26,15:00,England,Sheffield United,Stoke,Championship,Old Trafford,53.463055555556,-2.2913888888889
2024-10-26,15:00,Belgium,West Brom,Cardiff,Championship,Het Kuipje,51.094817,4.928806
2024-10-26,15:00,Belgium,Charleroi,Oud-Heverlee Leuven,Belgian Pro League,Stade du Pays de Charleroi,50.414609,4.453787
2024-10-26,15:00,Greece,Panetolikos,Volos NFC,Super League Greece,Panetolikos Stadium,38.63,21.41167
2024-10-26,15:15,Spain,Vallecano,Alaves,La Liga,Vallecas,40.39194,-3.65889
2024-10-26,15:15,Denmark,Mirandes,Cartagena,Segunda Division,Cepheus Park Randers,56.46594,10.010262
2024-10-26,15:30,Netherlands,For Sittard,Groningen,Eredivisie,Fortuna Sittard Stadion,50.992069,5.843675
2024-10-26,15:30,Portugal,Estoril,Arouca,Primeira Liga,Estádio António Coimbra da Mota,38.71583,-9.40639
2024-10-26,15:30,Greece,Levadeiakos,Lamia,Super League Greece,Levadia Municipal Stadium,38.4358972,22.8828444
2024-10-26,16:00,France,Angers,St Etienne,Ligue 1,Stade Raymond Kopa,47.460458,-0.530741
2024-10-26,16:15,Portugal,Carrarese,Cittadella,Serie B,Estádio de São Luís,37.022861,-7.928444
2024-10-26,17:00,Turkey,Goztep,Trabzonspor,Super Lig,Gürsel Aksel Stadium,38.396821,27.07595
2024-10-26,17:15,Belgium,Dender,Mechelen,Belgian Pro League,Van Roystadion,50.883683,4.071185
2024-10-26,17:30,England,Everton,Fulham,Premier League,Goodison Park,53.438888888889,-2.9663888888889
2024-10-26,17:30,Spain,Las Palmas,Girona,La Liga,Gran Canaria,28.10028,-15.45667
2024-10-26,17:30,Portugal,Zaragoza,Castellon,Segunda Division,Estádio Municipal de Braga,41.5625,-8.43
2024-10-26,17:30,Germany,Werder Bremen,Leverkusen,Bundesliga,Weserstadion,53.06639,8.8375
2024-10-26,17:45,Netherlands,PSV Eindhoven,Zwolle,Eredivisie,Philips Stadion,51.44167,5.4675
2024-10-26,18:00,France,Reims,Brest,Ligue 1,Stade Auguste Delaune,49.24667,4.025
2024-10-26,18:00,Portugal,Boavista,Moreirense,Primeira Liga,Estádio do Bessa,41.16222,-8.64278
2024-10-26,18:00,Greece,Panserraikos,AEK,Super League Greece,Serres Municipal Stadium,41.0847,23.5466
2024-10-26,19:00,Netherlands,NAC Breda,Waalwijk,Eredivisie,Rat Verlegh Stadion,51.595,4.75028
2024-10-26,19:30,Netherlands,Fortuna Dusseldorf,Kaiserslautern,2. Bundesliga,Fortuna Sittard Stadion,50.992069,5.843675
2024-10-26,19:45,Italy,Atalanta,Verona,Serie A,Gewiss Stadium,45.70889,9.68083
2024-10-26,19:45,Belgium,St Truiden,Westerlo,Belgian Pro League,Stayen,50.813474,5.166256
2024-10-26,20:00,Spain,Real Madrid,Barcelona,La Liga,Santiago Bernabéu,40.45306,-3.68835
2024-10-26,20:00,France,Lens,Lille,Ligue 1,Stade Bollaert-Delelis,50.43278,2.815
2024-10-26,20:00,Netherlands,Heerenveen,Sparta Rotterdam,Eredivisie,Abe Lenstra Stadion,52.95861,5.93611
2024-10-26,20:30,Portugal,Famalicao,Sp Lisbon,Primeira Liga,Estádio Municipal de Famalicão,41.40139,-8.5225
2024-10-27,10:30,Turkey,Gaziantep,Konyaspor,Super Lig,Gaziantep Stadium,37.12389,37.3825
2024-10-27,11:15,Netherlands,Utrecht,Feyenoord,Eredivisie,Stadion Galgenwaard,52.07833,5.14583
2024-10-27,11:30,Italy,Parma,Empoli,Serie A,Stadio Ennio Tardini,44.795,10.33833
2024-10-27,12:30,Germany,Magdeburg,Hannover,2. Bundesliga,WWK Arena,48.32306,10.88611
2024-10-27,12:30,Belgium,Club Brugge,Anderlecht,Belgian Pro League,Jan Breydel Stadium,51.19333,3.18056
2024-10-27,13:00,Spain,Leganes,Celta,La Liga,Municipal de Butarque,40.3404,-3.7607
2024-10-27,13:00,Turkey,Alanyaspor,Antalyaspor,Super Lig,Alanya Oba Stadium,36.5626,32.0792
2024-10-27,13:30,Netherlands,Twente,Heracles,Eredivisie,De Grolsch Veste,52.23667,6.8375
2024-10-27,14:00,England,Chelsea,Newcastle,Premier League,Stamford Bridge,51.481666666667,-0.19111111111111
2024-10-27,14:00,England,Crystal Palace,Tottenham,Premier League,Selhurst Park,51.39833,-0.08556
2024-10-27,14:00,England,West Ham,Man United,Premier League,London Stadium,51.5386,-0.0164
2024-10-27,14:00,Italy,Lazio,Genoa,Serie A,Stadio Olimpico,41.93389,12.45472
2024-10-27,14:00,Italy,Monza,Venezia,Serie A,Stadio Brianteo,45.58278,9.30806
2024-10-27,14:00,Turkey,Sampdoria,Mantova,Serie B,Samsun 19 Mayıs Stadium,41.22778,36.4575
2024-10-27,14:00,France,Lyon,Auxerre,Ligue 1,Groupama Stadium,45.765224,4.982131
2024-10-27,14:30,Germany,Bochum,Bayern Munich,Bundesliga,Vonovia Ruhrstadion,51.49,7.23667
2024-10-27,15:00,Croatia,Norwich,Middlesbrough,Championship,ŠRC Velika Gorica,45.724,16.0732
2024-10-27,15:00,Belgium,Antwerp,Standard,Belgian Pro League,Bosuilstadion,51.2325,4.47222
2024-10-27,15:00,Greece,Asteras Tripolis,Olympiakos,Super League Greece,Theodoros Kolokotronis Stadium,37.5025,22.38861
2024-10-27,15:15,Spain,Getafe,Valencia,La Liga,Coliseum,40.32556,-3.71472
2024-10-27,15:15,Belgium,Elche,Burgos,Segunda Division,AFAS-stadion Achter de Kazerne,51.037184,4.486397
2024-10-27,15:30,Portugal,Sp Braga,Farense,Primeira Liga,Estádio Municipal de Braga,41.5625,-8.43
2024-10-27,15:45,Netherlands,Ajax,Willem II,Eredivisie,Johan Cruyff Arena,52.31417,4.94194
2024-10-27,16:00,France,Montpellier,Toulouse,Ligue 1,Stade de la Mosson,43.62222,3.81194
2024-10-27,16:00,France,Nice,Monaco,Ligue 1,Allianz Riviera,43.70528,7.1925
2024-10-27,16:00,France,Strasbourg,Nantes,Ligue 1,Stade de la Meinau,48.56,7.755
2024-10-27,16:00,Turkey,Fenerbahce,Bodrumspor,Super Lig,Ülker Stadium,40.98778,29.03694
2024-10-27,16:00,Greece,Panathinaikos,Aris,Super League Greece,Athens Olympic Stadium,38.03606806,23.7876
2024-10-27,16:30,England,Arsenal,Liverpool,Premier League,Emirates Stadium,51.55667,-0.10611
2024-10-27,16:30,Germany,Union Berlin,Ein Frankfurt,Bundesliga,Stadion An der Alten Försterei,52.45722,13.56806
2024-10-27,17:30,Spain,Betis,Ath Madrid,La Liga,Benito Villamarín,37.35639,-5.98139
2024-10-27,17:30,Belgium,Gent,Genk,Belgian Pro League,Planet Group Arena,51.01611,3.73417
2024-10-27,18:00,Portugal,Benfica,Rio Ave,Primeira Liga,Estádio da Luz,38.7527,-9.1847
2024-10-27,18:30,Germany,Heidenheim,Hoffenheim,Bundesliga,Voith-Arena,48.66861,10.13944
2024-10-27,19:00,Greece,PAOK,OFI Crete,Super League Greece,Toumba Stadium,40.61389,22.9725
2024-10-27,19:30,Greece,Athens Kallithea,Atromitos,Super League Greece,Leoforos Alexandras Stadium,37.98722,23.75417
2024-10-27,19:45,Italy,Fiorentina,Roma,Serie A,Stadio Artemio Franchi,43.78083,11.28222
2024-10-27,19:45,France,Marseille,Paris SG,Ligue 1,Orange Vélodrome,43.26972,5.39583
2024-10-27,20:00,Spain,Sociedad,Osasuna,La Liga,Anoeta,43.30139,-1.97361
2024-10-27,20:00,Spain,Granada,Levante,Segunda Division,Montilivi,41.96139,2.82861
2024-10-27,20:30,Portugal,Estrela,Guimaraes,Primeira Liga,Estádio José Gomes,38.75194,-9.22806
2024-10-28,14:00,Turkey,Buyuksehyr,Eyupspor,Super Lig,Başakşehir Fatih Terim Stadium,41.12278,28.80861
2024-10-28,17:00,Turkey,Galatasaray,Besiktas,Super Lig,Rams Park,41.10278,28.99056
2024-10-28,20:00,Spain,Mallorca,Ath Bilbao,La Liga,Mallorca Son Moix,39.59,2.63
2024-10-28,20:15,Portugal,AVS,Porto,Primeira Liga,Estádio do CD Aves,41.366932,-8.411789
2024-10-29,17:30,Italy,Cagliari,Bologna,Serie A,Unipol Domus,39.2,9.1375
2024-10-29,17:30,Italy,Lecce,Verona,Serie A,Stadio Via del mare,40.36528,18.20889
2024-10-29,19:30,Greece,Bari,Carrarese,Serie B,Kleanthis Vikelidis Stadium,40.6,22.96944
2024-10-29,19:30,France,Brescia,Spezia,Serie B,Stade Francis-Le Blé,48.402932,-4.461694
2024-10-29,19:30,Italy,Modena,Cremonese,Serie B,Stadio Brianteo,45.58278,9.30806
2024-10-29,19:30,Spain,Salernitana,Cesena,Serie B,Mestalla,39.47472,-0.35833
2024-10-29,19:30,Portugal,Amiens,Paris FC,Ligue 2,Estádio Comendador Joaquim de Almeida Freitas,41.37806,-8.35472
2024-10-29,19:30,Portugal,Bastia,Rodez,Ligue 2,Estádio do Bessa,41.16222,-8.64278
2024-10-29,19:30,Italy,Grenoble,Annecy,Ligue 2,Stadio Luigi Ferraris,44.41639,8.9525
2024-10-29,19:30,Greece,Laval,Clermont,Ligue 2,Lamia Municipal Stadium,38.91,22.43111
2024-10-29,19:30,Italy,Lorient,Dunkerque,Ligue 2,Stadio Olimpico Grande Torino,45.04167,7.65
2024-10-29,19:30,Greece,Martigues,Caen,Ligue 2,Kleanthis Vikelidis Stadium,40.6,22.96944
2024-10-29,19:30,France,Red Star,Metz,Ligue 2,Stade Francis-Le Blé,48.402932,-4.461694
2024-10-29,19:45,Italy,Milan,Napoli,Serie A,San Siro,45.47806,9.12389
2024-10-30,17:00,Netherlands,Feyenoord,Ajax,Eredivisie,De Kuip,51.89389,4.52306
2024-10-30,17:30,Italy,Empoli,Inter,Serie A,Stadio Carlo Castellani - Computer Gross Arena,43.72639,10.955
2024-10-30,17:30,Italy,Venezia,Udinese,Serie A,Stadio Pier Luigi Penzo,45.4277611,12.3637306
2024-10-30,18:30,Austria,Sudtirol,Frosinone,Serie B,Tivoli Stadion Tirol,47.25583,11.41083
2024-10-30,19:45,Italy,Atalanta,Monza,Serie A,Gewiss Stadium,45.70889,9.68083
2024-10-30,19:45,Italy,Juventus,Parma,Serie A,Juventus Stadium,45.10944,7.64111
2024-10-31,17:30,Italy,Genoa,Fiorentina,Serie A,Stadio Luigi Ferraris,44.41639,8.9525
2024-10-31,19:45,Italy,Como,Lazio,Serie A,Stadio Giuseppe Sinigaglia,45.81389,9.07222
2024-10-31,19:45,Italy,Roma,Torino,Serie A,Stadio Olimpico,41.93389,12.45472
2024-11-01,17:00,Turkey,Gaziantep,Goztep,Super Lig,Gaziantep Stadium,37.12389,37.3825
2024-11-01,17:30,England,Ulm,Schalke 04,2. Bundesliga,Craven Cottage,51.475,-0.22166666666667
2024-11-01,18:00,France,Monaco,Angers,Ligue 1,Stade Louis II,43.7275,7.41556
2024-11-01,19:00,Netherlands,Annecy,Pau FC,Ligue 2,Goffertstadion,51.8225,5.83667
2024-11-01,19:00,Greece,Martigues,Red Star,Ligue 2,Kleanthis Vikelidis Stadium,40.6,22.96944
2024-11-01,19:00,Greece,Paris FC,Rodez,Ligue 2,Kleanthis Vikelidis Stadium,40.6,22.96944
2024-11-01,19:30,Germany,Leverkusen,Stuttgart,Bundesliga,BayArena,51.03833,7.00222
2024-11-01,19:45,Belgium,Westerlo,Dender,Belgian Pro League,Het Kuipje,51.094817,4.928806
2024-11-01,20:00,France,Luton,West Brom,Championship,Groupama Stadium,45.765224,4.982131
2024-11-01,20:00,Spain,Alaves,Mallorca,La Liga,Mendizorrotza,42.8371111,-2.6880444
2024-11-01,20:00,France,Lille,Lyon,Ligue 1,Decathlon Arena Pierre Mauroy Stadium,50.6119,3.1304
2024-11-02,10:30,Turkey,Sivasspor,Rizespor,Super Lig,BG Grup 4 Eylül Stadium,39.72833,36.98389
2024-11-02,12:00,France,Regensburg,Elversberg,2. Bundesliga,Stade de la Meinau,48.56,7.755
2024-11-02,12:30,England,Newcastle,Arsenal,Premier League,St James' Park,54.975555555556,-1.6216666666667
2024-11-02,13:00,Spain,Osasuna,Valladolid,La Liga,El Sadar,42.79667,-1.63694
2024-11-02,13:00,Turkey,Kayserispor,Ad. Demirspor,Super Lig,RHG Enertürk Enerji Stadium,38.73722,35.42306
2024-11-02,14:00,Italy,Bologna,Lecce,Serie A,Stadio Renato Dall'Ara,44.49222,11.30972
2024-11-02,14:00,Greece,Bari,Reggiana,Serie B,Kleanthis Vikelidis Stadium,40.6,22.96944
2024-11-02,14:00,Portugal,Carrarese,Juve Stabia,Serie B,Estádio de São Luís,37.022861,-7.928444
2024-11-02,14:00,Italy,Spezia,Modena,Serie B,Stadio Pier Luigi Penzo,45.4277611,12.3637306
2024-11-02,14:30,Germany,Bayern Munich,Union Berlin,Bundesliga,Allianz Arena,48.218775,11.624752777778
2024-11-02,14:30,Germany,Ein Frankfurt,Bochum,Bundesliga,Deutsche Bank Park,50.068056,8.645806
2024-11-02,14:30,Germany,Hoffenheim,St Pauli,Bundesliga,PreZero Arena,49.23806,8.8875
2024-11-02,14:30,Germany,Holstein Kiel,Heidenheim,Bundesliga,Holstein-Stadion,54.34917,10.12361
2024-11-02,14:30,Germany,Wolfsburg,Augsburg,Bundesliga,Volkswagen Arena,52.43278,10.80389
2024-11-02,15:00,England,Bournemouth,Man City,Premier League,Dean Court,50.73528,-1.83833
2024-11-02,15:00,England,Ipswich,Leicester,Premier League,Portman Road,52.055,1.14528
2024-11-02,15:00,England,Liverpool,Brighton,Premier League,Anfield,53.4308,-2.9608
2024-11-02,15:00,England,Nott'm Forest,West Ham,Premier League,City Ground,52.94,-1.13278
2024-11-02,15:00,England,Southampton,Everton,Premier League,St Mary's Stadium,50.90583,-1.39111
2024-11-02,15:00,Portugal,Preston,Bristol City,Championship,Estádio do Dragão,41.1618,-8.5839
2024-11-02,15:00,Belgium,Standard,St Truiden,Belgian Pro League,Stade Maurice Dufrasne,50.61,5.54333
2024-11-02,15:00,Greece,Olympiakos,Panserraikos,Super League Greece,Karaiskakis Stadium,37.94611,23.66444
2024-11-02,15:15,Spain,Girona,Leganes,La Liga,Montilivi,41.96139,2.82861
2024-11-02,15:15,England,Cartagena,La Coruna,Segunda Division,Emirates Stadium,51.55667,-0.10611
2024-11-02,15:30,Netherlands,Willem II,Twente,Eredivisie,Koning Willem II Stadion,51.54278,5.06694
2024-11-02,15:30,Portugal,Rio Ave,Casa Pia,Primeira Liga,Estádio dos Arcos,41.36278,-8.74028
2024-11-02,16:00,France,Paris SG,Lens,Ligue 1,Parc des Princes,48.84138888888889,2.2530555555555556
2024-11-02,16:00,Turkey,Besiktas,Kasimpasa,Super Lig,Tüpraş Stadium,41.03917,28.99472
2024-11-02,17:00,Italy,Udinese,Juventus,Serie A,Stadio Friuli,46.0816,13.2001
2024-11-02,17:15,Belgium,Oud-Heverlee Leuven,Club Brugge,Belgian Pro League,Den Dreef,50.86833,4.69417
2024-11-02,17:30,England,Wolves,Crystal Palace,Premier League,Molineux Stadium,52.59028,-2.13028
2024-11-02,17:30,Denmark,Santander,Albacete,Segunda Division,Cepheus Park Randers,56.46594,10.010262
2024-11-02,17:30,Portugal,Zaragoza,Granada,Segunda Division,Estádio Municipal de Braga,41.5625,-8.43
2024-11-02,17:30,Germany,Dortmund,RB Leipzig,Bundesliga,Signal Iduna Park,51.4925,7.45167
2024-11-02,17:45,Netherlands,Ajax,PSV Eindhoven,Eredivisie,Johan Cruyff Arena,52.31417,4.94194
2024-11-02,17:45,Netherlands,Heracles,NAC Breda,Eredivisie,Asito Stadion[3],52.33889,6.65056
2024-11-02,18:00,France,Brest,Nice,Ligue 1,Stade Francis-Le Blé,48.402932,-4.461694
2024-11-02,18:00,Portugal,Farense,Benfica,Primeira Liga,Estádio de São Luís,37.022861,-7.928444
2024-11-02,18:30,Greece,Athens Kallithea,Panetolikos,Super League Greece,Leoforos Alexandras Stadium,37.98722,23.75417
2024-11-02,19:45,Italy,Monza,Milan,Serie A,Stadio Brianteo,45.58278,9.30806
2024-11-02,19:45,Belgium,Mechelen,St. Gilloise,Belgian Pro League,AFAS-stadion Achter de Kazerne,51.037184,4.486397
2024-11-02,20:00,France,St Etienne,Strasbourg,Ligue 1,Stade Geoffroy Guichard,45.46083,4.39028
2024-11-02,20:00,Netherlands,Feyenoord,AZ Alkmaar,Eredivisie,De Kuip,51.89389,4.52306
2024-11-02,20:00,Netherlands,For Sittard,Heerenveen,Eredivisie,Fortuna Sittard Stadion,50.992069,5.843675
2024-11-02,20:30,Portugal,Gil Vicente,Boavista,Primeira Liga,Estádio Cidade de Barcelos,41.551,-8.623
2024-11-03,10:30,Turkey,Konyaspor,Buyuksehyr,Super Lig,Konya Metropolitan Municipality Stadium,37.946,32.488
2024-11-03,11:15,Netherlands,Go Ahead Eagles,Zwolle,Eredivisie,De Adelaarshorst,52.260416,6.172578
2024-11-03,11:30,Italy,Napoli,Atalanta,Serie A,Stadio Diego Armando Maradona,40.828,14.193
2024-11-03,12:30,Belgium,Genk,Antwerp,Belgian Pro League,Cegeka Arena,51.005,5.53333
2024-11-03,13:00,Spain,Ath Madrid,Las Palmas,La Liga,Santiago Bernabéu,40.45306,-3.68835
2024-11-03,13:00,Turkey,Eyupspor,Hatayspor,Super Lig,Recep Tayyip Erdoğan Stadium,41.03278,28.9725
2024-11-03,13:30,Netherlands,Sparta Rotterdam,Utrecht,Eredivisie,Spartastadion Het Kasteel,51.919485,4.433619
2024-11-03,14:00,England,Tottenham,Aston Villa,Premier League,Tottenham Hotspur Stadium,51.6044,-0.0664
2024-11-03,14:00,Italy,Torino,Fiorentina,Serie A,Stadio Olimpico Grande Torino,45.04167,7.65
2024-11-03,14:00,England,Cesena,Sudtirol,Serie B,Stamford Bridge,51.481666666667,-0.19111111111111
2024-11-03,14:00,Italy,Cosenza,Salernitana,Serie B,Stadio Brianteo,45.58278,9.30806
2024-11-03,14:00,France,Cremonese,Pisa,Serie B,Roazhon Park,48.1075,-1.71278
2024-11-03,14:00,Italy,Palermo,Cittadella,Serie B,Stadio Ennio Tardini,44.795,10.33833
2024-11-03,14:00,France,Toulouse,Reims,Ligue 1,Stadium de Toulouse,43.58306,1.43417
2024-11-03,14:30,Germany,Freiburg,Mainz,Bundesliga,Europa-Park Stadion,48.0216,7.8297
2024-11-03,14:30,Greece,Aris,Levadeiakos,Super League Greece,Kleanthis Vikelidis Stadium,40.6,22.96944
2024-11-03,15:00,Belgium,Cercle Brugge,Charleroi,Belgian Pro League,Jan Breydel Stadium,51.19333,3.18056
2024-11-03,15:00,Greece,Volos NFC,Panathinaikos,Super League Greece,Panthessaliko Stadium,39.3875,22.93111
2024-11-03,15:15,Spain,Barcelona,Espanol,La Liga,Olímpic Lluís Companys,41.36472,2.15556
2024-11-03,15:30,Portugal,AVS,Famalicao,Primeira Liga,Estádio do CD Aves,41.366932,-8.411789
2024-11-03,15:45,Netherlands,Waalwijk,Almere City,Eredivisie,Mandemakers Stadion,51.68694,5.08861
2024-11-03,16:00,France,Auxerre,Rennes,Ligue 1,Stade Abbé Deschamps,47.7867528,3.5886639
2024-11-03,16:00,France,Le Havre,Montpellier,Ligue 1,Stade Océane,49.49889,0.16972
2024-11-03,16:00,Turkey,Trabzonspor,Fenerbahce,Super Lig,Papara Park,40.99917,39.64583
2024-11-03,16:15,Turkey,Sampdoria,Brescia,Serie B,Samsun 19 Mayıs Stadium,41.22778,36.4575
2024-11-03,16:30,England,Man United,Chelsea,Premier League,Old Trafford,53.463055555556,-2.2913888888889
2024-11-03,17:00,Italy,Verona,Roma,Serie A,Stadio Marcantonio Bentegodi,45.43528,10.96861
2024-11-03,17:30,Spain,Sevilla,Sociedad,La Liga,Ramón Sánchez-Pizjuán,37.384,-5.9705
2024-11-03,17:30,Belgium,Anderlecht,Kortrijk,Belgian Pro League,Lotto Park,50.83417,4.29833
2024-11-03,18:00,Portugal,Arouca,Sp Braga,Primeira Liga,Estádio Municipal de Arouca,40.933,-8.2503
2024-11-03,18:00,Portugal,Guimaraes,Moreirense,Primeira Liga,Estádio D. Afonso Henriques,41.44583,-8.30111
2024-11-03,18:15,Belgium,Beerschot VA,Gent,Belgian Pro League,Olympisch Stadion,51.185,4.38222
2024-11-03,18:30,Greece,Atromitos,AEK,Super League Greece,Peristeri Stadium,38.00472,23.68972
2024-11-03,18:30,Greece,Lamia,PAOK,Super League Greece,Lamia Municipal Stadium,38.91,22.43111
2024-11-03,19:45,France,Nantes,Marseille,Ligue 1,Stade de la Beaujoire,47.256,-1.525
2024-11-03,20:00,Spain,Ath Bilbao,Betis,La Liga,San Mamés,43.2643,-2.9504
2024-11-03,20:30,Portugal,Porto,Estoril,Primeira Liga,Estádio do Dragão,41.1618,-8.5839
2024-11-04,15:30,Greece,Asteras Tripolis,OFI Crete,Super League Greece,Theodoros Kolokotronis Stadium,37.5025,22.38861
2024-11-04,17:00,Turkey,Samsunspor,Antalyaspor,Super Lig,Samsun 19 Mayıs Stadium,41.22778,36.4575
2024-11-04,17:30,Italy,Empoli,Como,Serie A,Stadio Carlo Castellani - Computer Gross Arena,43.72639,10.955
2024-11-04,17:30,Italy,Parma,Genoa,Serie A,Stadio Ennio Tardini,44.795,10.33833
2024-11-04,19:45,Italy,Lazio,Cagliari,Serie A,Stadio Olimpico,41.93389,12.45472
2024-11-04,20:00,England,Fulham,Brentford,Premier League,Craven Cottage,51.475,-0.22166666666667
2024-11-04,20:00,Spain,Celta,Getafe,La Liga,Balaídos,42.2118,-8.7397
2024-11-04,20:15,Portugal,Nacional,Santa Clara,Primeira Liga,Estádio da Madeira,32.670625,-16.883525
2024-11-05,18:45,Netherlands,PSV Eindhoven,Girona,Europa League,Philips Stadion,51.44167,5.4675
2024-11-05,19:45,England,Bristol City,Sheffield United,Championship,King Power Stadium,52.620277777778,-1.1422222222222
2024-11-05,21:00,Italy,Bologna,Monaco,Europa League,Stadio Renato Dall'Ara,44.49222,11.30972
2024-11-05,21:00,Germany,Borussia Dortmund,Sturm Graz,Europa League,Signal Iduna Park,51.4925,7.45167
2024-11-05,21:00,France,Lille,Juventus,Europa League,Decathlon Arena Pierre Mauroy Stadium,50.6119,3.1304
2024-11-05,21:00,Spain,Real Madrid,Milan,Europa League,Santiago Bernabéu,40.45306,-3.68835
2024-11-05,21:00(20:00UTC+0),Spain,Celtic,RB Leipzig,Europa League,Balaídos,42.2118,-8.7397
2024-11-05,21:00(20:00UTC+0),England,Liverpool,Bayer Leverkusen,Europa League,Anfield,53.4308,-2.9608
2024-11-06,16:30(18:30UTC+3),Turkey,Beşiktaş,Malmö FF,Europa League,Tüpraş Stadium,41.03917,28.99472
2024-11-06,18:45,Belgium,Club Brugge,Aston Villa,Europa League,Jan Breydel Stadium,51.19333,3.18056
2024-11-06,18:45,Ukraine,Shakhtar Donetsk,Young Boys,Europa League,Arena Lviv,49.77528,24.02778
2024-11-06,20:00,France,Luton,Cardiff,Championship,Groupama Stadium,45.765224,4.982131
2024-11-06,20:00,Portugal,Preston,Sunderland,Championship,Estádio do Dragão,41.1618,-8.5839
2024-11-06,21:00,Czech Republic,Sparta Prague,Brest,Europa League,epet ARENA,50.09972,14.41583
2024-11-06,21:00,Italy,Inter Milan,Arsenal,Europa League,San Siro,45.47806,9.12389
2024-11-06,21:00,Netherlands,Feyenoord,Red Bull Salzburg,Europa League,De Kuip,51.89389,4.52306
2024-11-06,21:00,France,Paris Saint-Germain,Atlético Madrid,Europa League,Parc des Princes,48.84138888888889,2.2530555555555556
2024-11-06,21:00,Germany,VfB Stuttgart,Atalanta,Europa League,MHPArena,48.79222,9.23194
2024-11-06,21:15[note 7],Germany,Bayern Munich,Benfica,Europa League,Allianz Arena,48.218775,11.624752777778
2024-11-07,18:45,Germany,Eintracht Frankfurt,Slavia Prague,Europa League,Deutsche Bank Park,50.068056,8.645806
2024-11-07,18:45,Germany,IF Elfsborg,Braga,Europa League,Volkswagen Arena,52.43278,10.80389
2024-11-07,18:45,France,Nice,Twente,Europa League,Allianz Riviera,43.70528,7.1925
2024-11-07,18:45(19:45UTC+2),Greece,Olympiacos,Rangers,Europa League,Karaiskakis Stadium,37.94611,23.66444
2024-11-07,18:45(20:45UTC+3),Turkey,Galatasaray,Tottenham Hotspur,Europa League,Rams Park,41.10278,28.99056
2024-11-07,19:45,Italy,Genoa,Como,Serie A,Stadio Luigi Ferraris,44.41639,8.9525
2024-11-07,20:00,Belgium,West Brom,Burnley,Championship,Het Kuipje,51.094817,4.928806
2024-11-07,21:00,Netherlands,Ajax,Maccabi Tel Aviv,Europa League,Johan Cruyff Arena,52.31417,4.94194
2024-11-07,21:00,Netherlands,AZ,Fenerbahçe,Europa League,AFAS Stadion,52.61278,4.74222
2024-11-07,21:00,Ukraine,Dynamo Kyiv,Ferencváros,Europa League,Lobanovskyi Dynamo Stadium,50.45028,30.53528
2024-11-07,21:00,Czech Republic,Viktoria Plzeň,Real Sociedad,Europa League,Doosan Arena,49.75,13.38556
2024-11-07,21:00,Italy,Lazio,Porto,Europa League,Stadio Olimpico,41.93389,12.45472
2024-11-07,21:00,Germany,TSG Hoffenheim,Lyon,Europa League,PreZero Arena,49.23806,8.8875
2024-11-07,21:00(20:00UTC+0),England,Manchester United,PAOK,Europa League,Old Trafford,53.463055555556,-2.2913888888889
2024-11-08,19:00,Portugal,Amiens,Martigues,Ligue 2,Estádio Comendador Joaquim de Almeida Freitas,41.37806,-8.35472
2024-11-08,19:00,Italy,Grenoble,Dunkerque,Ligue 2,Stadio Luigi Ferraris,44.41639,8.9525
2024-11-08,19:00,Greece,Laval,Bastia,Ligue 2,Lamia Municipal Stadium,38.91,22.43111
2024-11-08,19:00,France,Red Star,Troyes,Ligue 2,Stade Francis-Le Blé,48.402932,-4.461694
2024-11-08,19:00,Netherlands,Utrecht,Heracles,Eredivisie,Stadion Galgenwaard,52.07833,5.14583
2024-11-08,19:30,Belgium,Elche,Almeria,Segunda Division,AFAS-stadion Achter de Kazerne,51.037184,4.486397
2024-11-08,19:30,Germany,Union Berlin,Freiburg,Bundesliga,Stadion An der Alten Försterei,52.45722,13.56806
2024-11-08,19:45,Italy,Lecce,Empoli,Serie A,Stadio Via del mare,40.36528,18.20889
2024-11-08,19:45,France,Marseille,Auxerre,Ligue 1,Orange Vélodrome,43.26972,5.39583
2024-11-08,19:45,Belgium,St Truiden,Mechelen,Belgian Pro League,Stayen,50.813474,5.166256
2024-11-08,20:00,England,Watford,Oxford,Championship,Brentford Community Stadium,51.49083,-0.28861
2024-11-08,20:00,Spain,Vallecano,Las Palmas,La Liga,Vallecas,40.39194,-3.65889
2024-11-08,20:15,Portugal,Moreirense,Gil Vicente,Primeira Liga,Estádio Comendador Joaquim de Almeida Freitas,41.37806,-8.35472
2024-11-09,10:30,Turkey,Antalyaspor,Bodrumspor,Super Lig,Corendon Airlines Park,36.888278,30.668444
2024-11-09,12:00,Germany,Magdeburg,Ulm,2. Bundesliga,WWK Arena,48.32306,10.88611
2024-11-09,13:00,Spain,Real Madrid,Osasuna,La Liga,Santiago Bernabéu,40.45306,-3.68835
2024-11-09,13:00,Italy,Lorient,Guingamp,Ligue 2,Stadio Olimpico Grande Torino,45.04167,7.65
2024-11-09,13:00,Turkey,Hatayspor,Gaziantep,Super Lig,Mersin Stadium[note 1],36.82056,34.53861
2024-11-09,14:00,Italy,Venezia,Parma,Serie A,Stadio Pier Luigi Penzo,45.4277611,12.3637306
2024-11-09,14:00,France,Brescia,Cosenza,Serie B,Stade Francis-Le Blé,48.402932,-4.461694
2024-11-09,14:00,Italy,Modena,Carrarese,Serie B,Stadio Brianteo,45.58278,9.30806
2024-11-09,14:00,Austria,Sudtirol,Sassuolo,Serie B,Tivoli Stadion Tirol,47.25583,11.41083
2024-11-09,14:30,Germany,Bochum,Leverkusen,Bundesliga,Vonovia Ruhrstadion,51.49,7.23667
2024-11-09,14:30,Germany,Mainz,Dortmund,Bundesliga,Mewa Arena,49.98417,8.22417
2024-11-09,14:30,Germany,St Pauli,Bayern Munich,Bundesliga,Millerntor-Stadion,53.554583,9.967667
2024-11-09,14:30,Germany,Werder Bremen,Holstein Kiel,Bundesliga,Weserstadion,53.06639,8.8375
2024-11-09,15:00,England,Brentford,Bournemouth,Premier League,Brentford Community Stadium,51.49083,-0.28861
2024-11-09,15:00,England,Crystal Palace,Fulham,Premier League,Selhurst Park,51.39833,-0.08556
2024-11-09,15:00,England,West Ham,Everton,Premier League,London Stadium,51.5386,-0.0164
2024-11-09,15:00,England,Wolves,Southampton,Premier League,Molineux Stadium,52.59028,-2.13028
2024-11-09,15:00,Croatia,Norwich,Bristol City,Championship,ŠRC Velika Gorica,45.724,16.0732
2024-11-09,15:00,Portugal,Portsmouth,Preston,Championship,Estádio do Dragão,41.1618,-8.5839
2024-11-09,15:00,Belgium,Kortrijk,Antwerp,Belgian Pro League,Guldensporen Stadion,50.830432,3.248906
2024-11-09,15:00,Greece,Panetolikos,Aris,Super League Greece,Panetolikos Stadium,38.63,21.41167
2024-11-09,15:15,Spain,Villarreal,Alaves,La Liga,La Cerámica,39.94417,-0.10361
2024-11-09,15:15,Denmark,Mirandes,Cadiz,Segunda Division,Cepheus Park Randers,56.46594,10.010262
2024-11-09,15:30,Netherlands,Groningen,Sparta Rotterdam,Eredivisie,Euroborg,53.20611,6.59139
2024-11-09,15:30,Portugal,Casa Pia,Farense,Primeira Liga,Estádio Municipal de Rio Maior[A],39.34444,-8.93528
2024-11-09,15:30,Portugal,Estoril,AVS,Primeira Liga,Estádio António Coimbra da Mota,38.71583,-9.40639
2024-11-09,16:00,France,Strasbourg,Monaco,Ligue 1,Stade de la Meinau,48.56,7.755
2024-11-09,16:00,Turkey,Ad. Demirspor,Eyupspor,Super Lig,New Adana Stadium,37.06333,35.375
2024-11-09,16:00,Turkey,Rizespor,Trabzonspor,Super Lig,Rize City Stadium,41.04202,40.5733
2024-11-09,16:45,Greece,Panserraikos,Atromitos,Super League Greece,Serres Municipal Stadium,41.0847,23.5466
2024-11-09,17:00,Italy,Cagliari,Milan,Serie A,Unipol Domus,39.2,9.1375
2024-11-09,17:15,Belgium,Dender,Oud-Heverlee Leuven,Belgian Pro League,Van Roystadion,50.883683,4.071185
2024-11-09,17:30,England,Brighton,Man City,Premier League,Falmer Stadium,50.861822222222,-0.083277777777778
2024-11-09,17:30,Spain,Granada,Eldense,Segunda Division,Montilivi,41.96139,2.82861
2024-11-09,17:30,Germany,RB Leipzig,M'gladbach,Bundesliga,Red Bull Arena,51.34583,12.34833
2024-11-09,17:45,Netherlands,Zwolle,For Sittard,Eredivisie,MAC³PARK Stadion,52.51722,6.12083
2024-11-09,18:00,France,Lens,Nantes,Ligue 1,Stade Bollaert-Delelis,50.43278,2.815
2024-11-09,18:00,Portugal,Famalicao,Arouca,Primeira Liga,Estádio Municipal de Famalicão,41.40139,-8.5225
2024-11-09,19:00,Netherlands,NAC Breda,PSV Eindhoven,Eredivisie,Rat Verlegh Stadion,51.595,4.75028
2024-11-09,19:30,Netherlands,Fortuna Dusseldorf,Paderborn,2. Bundesliga,Fortuna Sittard Stadion,50.992069,5.843675
2024-11-09,19:45,Italy,Juventus,Torino,Serie A,Juventus Stadium,45.10944,7.64111
2024-11-09,19:45,Belgium,Charleroi,Westerlo,Belgian Pro League,Stade du Pays de Charleroi,50.414609,4.453787
2024-11-09,20:00,England,Liverpool,Aston Villa,Premier League,Anfield,53.4308,-2.9608
2024-11-09,20:00,Spain,Leganes,Sevilla,La Liga,Municipal de Butarque,40.3404,-3.7607
2024-11-09,20:00,France,Angers,Paris SG,Ligue 1,Stade Raymond Kopa,47.460458,-0.530741
2024-11-09,20:00,Netherlands,Waalwijk,Nijmegen,Eredivisie,Mandemakers Stadion,51.68694,5.08861
2024-11-09,20:30,Portugal,Boavista,Rio Ave,Primeira Liga,Estádio do Bessa,41.16222,-8.64278
2024-11-10,10:30,Turkey,Goztep,Konyaspor,Super Lig,Gürsel Aksel Stadium,38.396821,27.07595
2024-11-10,11:15,Netherlands,Almere City,Feyenoord,Eredivisie,Yanmar Stadion,52.3944,5.2405
2024-11-10,11:30,Italy,Atalanta,Udinese,Serie A,Gewiss Stadium,45.70889,9.68083
2024-11-10,12:30,England,Sheffield United,Sheffield Weds,Championship,Old Trafford,53.463055555556,-2.2913888888889
2024-11-10,12:30,Belgium,Cercle Brugge,Anderlecht,Belgian Pro League,Jan Breydel Stadium,51.19333,3.18056
2024-11-10,13:00,Spain,Betis,Celta,La Liga,Benito Villamarín,37.35639,-5.98139
2024-11-10,13:00,Turkey,Galatasaray,Samsunspor,Super Lig,Rams Park,41.10278,28.99056
2024-11-10,13:30,Netherlands,Heerenveen,Go Ahead Eagles,Eredivisie,Abe Lenstra Stadion,52.95861,5.93611
2024-11-10,13:30,Netherlands,Twente,Ajax,Eredivisie,De Grolsch Veste,52.23667,6.8375
2024-11-10,14:00,England,Man United,Leicester,Premier League,Old Trafford,53.463055555556,-2.2913888888889
2024-11-10,14:00,England,Nott'm Forest,Newcastle,Premier League,City Ground,52.94,-1.13278
2024-11-10,14:00,England,Tottenham,Ipswich,Premier League,Tottenham Hotspur Stadium,51.6044,-0.0664
2024-11-10,14:00,Italy,Fiorentina,Verona,Serie A,Stadio Artemio Franchi,43.78083,11.28222
2024-11-10,14:00,Italy,Roma,Bologna,Serie A,Stadio Olimpico,41.93389,12.45472
2024-11-10,14:00,France,Nice,Lille,Ligue 1,Allianz Riviera,43.70528,7.1925
2024-11-10,14:30,Germany,Augsburg,Hoffenheim,Bundesliga,WWK Arena,48.32306,10.88611
2024-11-10,14:30,Greece,Levadeiakos,Volos NFC,Super League Greece,Levadia Municipal Stadium,38.4358972,22.8828444
2024-11-10,15:00,Denmark,Burnley,Swansea,Championship,Brøndby Stadium,55.64889,12.41861
2024-11-10,15:00,Belgium,Gent,Standard,Belgian Pro League,Planet Group Arena,51.01611,3.73417
2024-11-10,15:15,Spain,Mallorca,Ath Madrid,La Liga,Mallorca Son Moix,39.59,2.63
2024-11-10,15:30,Portugal,Estrela,Nacional,Primeira Liga,Estádio José Gomes,38.75194,-9.22806
2024-11-10,16:00,France,Le Havre,Reims,Ligue 1,Stade Océane,49.49889,0.16972
2024-11-10,16:00,France,Montpellier,Brest,Ligue 1,Stade de la Mosson,43.62222,3.81194
2024-11-10,16:00,France,Rennes,Toulouse,Ligue 1,Roazhon Park,48.1075,-1.71278
2024-11-10,16:00,Turkey,Buyuksehyr,Besiktas,Super Lig,Başakşehir Fatih Terim Stadium,41.12278,28.80861
2024-11-10,16:00,Turkey,Fenerbahce,Sivasspor,Super Lig,Ülker Stadium,40.98778,29.03694
2024-11-10,16:15,Spain,Salernitana,Bari,Serie B,Mestalla,39.47472,-0.35833
2024-11-10,16:30,England,Chelsea,Arsenal,Premier League,Stamford Bridge,51.481666666667,-0.19111111111111
2024-11-10,16:30,Germany,Stuttgart,Ein Frankfurt,Bundesliga,MHPArena,48.79222,9.23194
2024-11-10,16:30,Portugal,Santa Clara,Guimaraes,Primeira Liga,Estádio de São Miguel,37.763694,-25.622611
2024-11-10,17:00,Italy,Monza,Lazio,Serie A,Stadio Brianteo,45.58278,9.30806
2024-11-10,17:30,Spain,Getafe,Girona,La Liga,Coliseum,40.32556,-3.71472
2024-11-10,17:30,Spain,Valladolid,Ath Bilbao,La Liga,José Zorrilla,41.64444,-4.76111
2024-11-10,17:30,Greece,Panathinaikos,Lamia,Super League Greece,Athens Olympic Stadium,38.03606806,23.7876
2024-11-10,18:15,Belgium,Beerschot VA,Club Brugge,Belgian Pro League,Olympisch Stadion,51.185,4.38222
2024-11-10,18:30,Germany,Heidenheim,Wolfsburg,Bundesliga,Voith-Arena,48.66861,10.13944
2024-11-10,18:30,Greece,PAOK,Olympiakos,Super League Greece,Toumba Stadium,40.61389,22.9725
2024-11-10,18:45,Portugal,Sp Braga,Sp Lisbon,Primeira Liga,Estádio Municipal de Braga,41.5625,-8.43
2024-11-10,19:45,France,Lyon,St Etienne,Ligue 1,Groupama Stadium,45.765224,4.982131
2024-11-10,20:00,Spain,Sociedad,Barcelona,La Liga,Anoeta,43.30139,-1.97361
2024-11-10,20:45,Portugal,Benfica,Porto,Primeira Liga,Estádio da Luz,38.7527,-9.1847
2024-11-16,15:15,France,Eldense,Albacete,Segunda Division,Stade Bollaert-Delelis,50.43278,2.815
2024-11-16,17:30,Spain,Levante,Elche,Segunda Division,Municipal de Butarque,40.3404,-3.7607
2024-11-16,17:30,Denmark,Santander,Burgos,Segunda Division,Cepheus Park Randers,56.46594,10.010262
2024-11-17,17:30,Spain,Almeria,La Coruna,Segunda Division,Mestalla,39.47472,-0.35833
2024-11-17,17:30,England,Cartagena,Huesca,Segunda Division,Emirates Stadium,51.55667,-0.10611
2024-11-17,20:00,Portugal,Zaragoza,Malaga,Segunda Division,Estádio Municipal de Braga,41.5625,-8.43
2024-11-20,19:00,France,Eldense,Huesca,Segunda Division,Stade Bollaert-Delelis,50.43278,2.815
2024-11-22,17:30,Greece,Athens Kallithea,Panserraikos,Super League Greece,Leoforos Alexandras Stadium,37.98722,23.75417
2024-11-22,18:00,France,Monaco,Brest,Ligue 1,Stade Louis II,43.7275,7.41556
2024-11-22,19:00,Greece,Martigues,Laval,Ligue 2,Kleanthis Vikelidis Stadium,40.6,22.96944
2024-11-22,19:30,Germany,Bayern Munich,Augsburg,Bundesliga,Allianz Arena,48.218775,11.624752777778
2024-11-22,19:30,Italy,Cosenza,Modena,Serie B,Stadio Brianteo,45.58278,9.30806
2024-11-22,19:45,Belgium,Antwerp,Dender,Belgian Pro League,Bosuilstadion,51.2325,4.47222
2024-11-22,20:00,Spain,Getafe,Valladolid,La Liga,Coliseum,40.32556,-3.71472
2024-11-22,20:00,France,Paris SG,Toulouse,Ligue 1,Parc des Princes,48.84138888888889,2.2530555555555556
2024-11-23,10:30,Turkey,Eyupspor,Rizespor,Super Lig,Recep Tayyip Erdoğan Stadium,41.03278,28.9725
2024-11-23,12:00,Netherlands,Fortuna Dusseldorf,Elversberg,2. Bundesliga,Fortuna Sittard Stadion,50.992069,5.843675
2024-11-23,12:30,England,Leicester,Chelsea,Premier League,King Power Stadium,52.620277777778,-1.1422222222222
2024-11-23,12:30,England,Bristol City,Burnley,Championship,King Power Stadium,52.620277777778,-1.1422222222222
2024-11-23,13:00,Spain,Valencia,Betis,La Liga,Mestalla,39.47472,-0.35833
2024-11-23,13:00,England,Cartagena,Almeria,Segunda Division,Emirates Stadium,51.55667,-0.10611
2024-11-23,13:00,Greece,Paris FC,Annecy,Ligue 2,Kleanthis Vikelidis Stadium,40.6,22.96944
2024-11-23,13:00,Turkey,Gaziantep,Buyuksehyr,Super Lig,Gaziantep Stadium,37.12389,37.3825
2024-11-23,13:00,Turkey,Kayserispor,Fenerbahce,Super Lig,RHG Enertürk Enerji Stadium,38.73722,35.42306
2024-11-23,14:00,Italy,Verona,Inter,Serie A,Stadio Marcantonio Bentegodi,45.43528,10.96861
2024-11-23,14:00,Portugal,Carrarese,Pisa,Serie B,Estádio de São Luís,37.022861,-7.928444
2024-11-23,14:30,Germany,Dortmund,Freiburg,Bundesliga,Signal Iduna Park,51.4925,7.45167
2024-11-23,14:30,Germany,Hoffenheim,RB Leipzig,Bundesliga,PreZero Arena,49.23806,8.8875
2024-11-23,14:30,Germany,Leverkusen,Heidenheim,Bundesliga,BayArena,51.03833,7.00222
2024-11-23,14:30,Germany,Stuttgart,Bochum,Bundesliga,MHPArena,48.79222,9.23194
2024-11-23,14:30,Germany,Wolfsburg,Union Berlin,Bundesliga,Volkswagen Arena,52.43278,10.80389
2024-11-23,15:00,England,Arsenal,Nott'm Forest,Premier League,Emirates Stadium,51.55667,-0.10611
2024-11-23,15:00,England,Aston Villa,Crystal Palace,Premier League,Villa Park,52.509166666667,-1.8847222222222
2024-11-23,15:00,England,Bournemouth,Brighton,Premier League,Dean Court,50.73528,-1.83833
2024-11-23,15:00,England,Everton,Brentford,Premier League,Goodison Park,53.438888888889,-2.9663888888889
2024-11-23,15:00,England,Fulham,Wolves,Premier League,Craven Cottage,51.475,-0.22166666666667
2024-11-23,15:00,France,Luton,Hull,Championship,Groupama Stadium,45.765224,4.982131
2024-11-23,15:00,Portugal,Preston,Derby,Championship,Estádio do Dragão,41.1618,-8.5839
2024-11-23,15:00,Belgium,West Brom,Norwich,Championship,Het Kuipje,51.094817,4.928806
2024-11-23,15:00,Belgium,Club Brugge,St Truiden,Belgian Pro League,Jan Breydel Stadium,51.19333,3.18056
2024-11-23,15:00,Greece,Lamia,OFI Crete,Super League Greece,Lamia Municipal Stadium,38.91,22.43111
2024-11-23,15:15,Spain,Ath Madrid,Alaves,La Liga,Santiago Bernabéu,40.45306,-3.68835
2024-11-23,15:15,Spain,Granada,Cadiz,Segunda Division,Montilivi,41.96139,2.82861
2024-11-23,15:30,Netherlands,Go Ahead Eagles,Almere City,Eredivisie,De Adelaarshorst,52.260416,6.172578
2024-11-23,16:00,France,Lens,Marseille,Ligue 1,Stade Bollaert-Delelis,50.43278,2.815
2024-11-23,16:15,England,Cesena,Reggiana,Serie B,Stamford Bridge,51.481666666667,-0.19111111111111
2024-11-23,17:00,Italy,Milan,Juventus,Serie A,San Siro,45.47806,9.12389
2024-11-23,17:15,Belgium,Standard,Cercle Brugge,Belgian Pro League,Stade Maurice Dufrasne,50.61,5.54333
2024-11-23,17:30,England,Man City,Tottenham,Premier League,City of Manchester Stadium,53.483055555556,-2.2002777777778
2024-11-23,17:30,Spain,Girona,Espanol,La Liga,Montilivi,41.96139,2.82861
2024-11-23,17:30,Spain,Las Palmas,Mallorca,La Liga,Gran Canaria,28.10028,-15.45667
2024-11-23,17:30,Germany,Ein Frankfurt,Werder Bremen,Bundesliga,Deutsche Bank Park,50.068056,8.645806
2024-11-23,17:30,Greece,Aris,Volos NFC,Super League Greece,Kleanthis Vikelidis Stadium,40.6,22.96944
2024-11-23,17:45,Netherlands,Feyenoord,Heerenveen,Eredivisie,De Kuip,51.89389,4.52306
2024-11-23,17:45,Netherlands,Heracles,Waalwijk,Eredivisie,Asito Stadion[3],52.33889,6.65056
2024-11-23,18:00,France,St Etienne,Montpellier,Ligue 1,Stade Geoffroy Guichard,45.46083,4.39028
2024-11-23,19:00,Portugal,Bastia,Lorient,Ligue 2,Estádio do Bessa,41.16222,-8.64278
2024-11-23,19:45,Italy,Parma,Atalanta,Serie A,Stadio Ennio Tardini,44.795,10.33833
2024-11-23,19:45,Belgium,Genk,Charleroi,Belgian Pro League,Cegeka Arena,51.005,5.53333
2024-11-23,20:00,Spain,Celta,Barcelona,La Liga,Balaídos,42.2118,-8.7397
2024-11-23,20:00,France,Reims,Lyon,Ligue 1,Stade Auguste Delaune,49.24667,4.025
2024-11-23,20:00,Netherlands,For Sittard,Twente,Eredivisie,Fortuna Sittard Stadion,50.992069,5.843675
2024-11-23,20:00,Netherlands,PSV Eindhoven,Groningen,Eredivisie,Philips Stadion,51.44167,5.4675
2024-11-24,10:30,Turkey,Sivasspor,Kasimpasa,Super Lig,BG Grup 4 Eylül Stadium,39.72833,36.98389
2024-11-24,11:30,Italy,Genoa,Cagliari,Serie A,Stadio Luigi Ferraris,44.41639,8.9525
2024-11-24,12:30,France,Regensburg,Magdeburg,2. Bundesliga,Stade de la Meinau,48.56,7.755
2024-11-24,12:30,Belgium,Mechelen,Beerschot VA,Belgian Pro League,AFAS-stadion Achter de Kazerne,51.037184,4.486397
2024-11-24,13:00,Spain,Osasuna,Villarreal,La Liga,El Sadar,42.79667,-1.63694
2024-11-24,13:00,Turkey,Konyaspor,Hatayspor,Super Lig,Konya Metropolitan Municipality Stadium,37.946,32.488
2024-11-24,13:00,Turkey,Samsunspor,Alanyaspor,Super Lig,Samsun 19 Mayıs Stadium,41.22778,36.4575
2024-11-24,13:30,Netherlands,Sparta Rotterdam,AZ Alkmaar,Eredivisie,Spartastadion Het Kasteel,51.919485,4.433619
2024-11-24,13:30,Netherlands,Willem II,NAC Breda,Eredivisie,Koning Willem II Stadion,51.54278,5.06694
2024-11-24,14:00,England,Southampton,Liverpool,Premier League,St Mary's Stadium,50.90583,-1.39111
2024-11-24,14:00,Italy,Como,Fiorentina,Serie A,Stadio Giuseppe Sinigaglia,45.81389,9.07222
2024-11-24,14:00,Italy,Torino,Monza,Serie A,Stadio Olimpico Grande Torino,45.04167,7.65
2024-11-24,14:00,Greece,Bari,Cittadella,Serie B,Kleanthis Vikelidis Stadium,40.6,22.96944
2024-11-24,14:00,France,Cremonese,Frosinone,Serie B,Roazhon Park,48.1075,-1.71278
2024-11-24,14:00,Italy,Spezia,Sudtirol,Serie B,Stadio Pier Luigi Penzo,45.4277611,12.3637306
2024-11-24,14:00,France,Lille,Rennes,Ligue 1,Decathlon Arena Pierre Mauroy Stadium,50.6119,3.1304
2024-11-24,14:30,Germany,Holstein Kiel,Mainz,Bundesliga,Holstein-Stadion,54.34917,10.12361
2024-11-24,15:00,Belgium,Oud-Heverlee Leuven,St. Gilloise,Belgian Pro League,Den Dreef,50.86833,4.69417
2024-11-24,15:00,Greece,Panetolikos,Panathinaikos,Super League Greece,Panetolikos Stadium,38.63,21.41167
2024-11-24,15:15,Spain,Sevilla,Vallecano,La Liga,Ramón Sánchez-Pizjuán,37.384,-5.9705
2024-11-24,15:15,Denmark,Mirandes,Eldense,Segunda Division,Cepheus Park Randers,56.46594,10.010262
2024-11-24,15:45,Netherlands,Ajax,Zwolle,Eredivisie,Johan Cruyff Arena,52.31417,4.94194
2024-11-24,16:00,France,Auxerre,Angers,Ligue 1,Stade Abbé Deschamps,47.7867528,3.5886639
2024-11-24,16:00,France,Nantes,Le Havre,Ligue 1,Stade de la Beaujoire,47.256,-1.525
2024-11-24,16:00,Turkey,Besiktas,Goztep,Super Lig,Tüpraş Stadium,41.03917,28.99472
2024-11-24,16:15,Italy,Palermo,Sampdoria,Serie B,Stadio Ennio Tardini,44.795,10.33833
2024-11-24,16:30,England,Ipswich,Man United,Premier League,Portman Road,52.055,1.14528
2024-11-24,17:00,Italy,Napoli,Roma,Serie A,Stadio Diego Armando Maradona,40.828,14.193
2024-11-24,17:30,Spain,Leganes,Real Madrid,La Liga,Municipal de Butarque,40.3404,-3.7607
2024-11-24,17:30,Belgium,Anderlecht,Gent,Belgian Pro League,Lotto Park,50.83417,4.29833
2024-11-24,17:30,Greece,Asteras Tripolis,PAOK,Super League Greece,Theodoros Kolokotronis Stadium,37.5025,22.38861
2024-11-24,18:15,Belgium,Westerlo,Kortrijk,Belgian Pro League,Het Kuipje,51.094817,4.928806
2024-11-24,18:30,Greece,Olympiakos,AEK,Super League Greece,Karaiskakis Stadium,37.94611,23.66444
2024-11-24,19:45,Italy,Lazio,Bologna,Serie A,Stadio Olimpico,41.93389,12.45472
2024-11-24,19:45,France,Nice,Strasbourg,Ligue 1,Allianz Riviera,43.70528,7.1925
2024-11-24,20:00,Spain,Ath Bilbao,Sociedad,La Liga,San Mamés,43.2643,-2.9504
2024-11-24,20:00,Belgium,Elche,Oviedo,Segunda Division,AFAS-stadion Achter de Kazerne,51.037184,4.486397
2024-11-25,16:00,Greece,Atromitos,Levadeiakos,Super League Greece,Peristeri Stadium,38.00472,23.68972
2024-11-25,17:00,Turkey,Trabzonspor,Ad. Demirspor,Super Lig,Papara Park,40.99917,39.64583
2024-11-25,17:30,Italy,Empoli,Udinese,Serie A,Stadio Carlo Castellani - Computer Gross Arena,43.72639,10.955
2024-11-25,19:45,Italy,Venezia,Lecce,Serie A,Stadio Pier Luigi Penzo,45.4277611,12.3637306
2024-11-25,20:00,England,Newcastle,West Ham,Premier League,St James' Park,54.975555555556,-1.6216666666667
2024-11-26,18:45,Czech Republic,Sparta Prague,Atlético Madrid,Europa League,epet ARENA,50.09972,14.41583
2024-11-26,19:30,Spain,Almeria,Cordoba,Segunda Division,Mestalla,39.47472,-0.35833
2024-11-26,19:45,Denmark,Burnley,Coventry,Championship,Brøndby Stadium,55.64889,12.41861
2024-11-26,19:45,Croatia,Norwich,Plymouth,Championship,ŠRC Velika Gorica,45.724,16.0732
2024-11-26,19:45,England,Sheffield United,Oxford,Championship,Old Trafford,53.463055555556,-2.2913888888889
2024-11-26,19:45,England,Watford,Bristol City,Championship,Brentford Community Stadium,51.49083,-0.28861
2024-11-26,21:00,Germany,Bayer Leverkusen,Red Bull Salzburg,Europa League,BayArena,51.03833,7.00222
2024-11-26,21:00,Denmark,Young Boys,Atalanta,Europa League,Lyngby Stadium,55.78134,12.505628
2024-11-26,21:00,Spain,Barcelona,Brest,Europa League,Olímpic Lluís Companys,41.36472,2.15556
2024-11-26,21:00,Germany,Bayern Munich,Paris Saint-Germain,Europa League,Allianz Arena,48.218775,11.624752777778
2024-11-26,21:00,Italy,Inter Milan,RB Leipzig,Europa League,San Siro,45.47806,9.12389
2024-11-26,21:00(20:00UTC+0),England,Manchester City,Feyenoord,Europa League,City of Manchester Stadium,53.483055555556,-2.2002777777778
2024-11-27,18:00,Spain,Levante,Malaga,Segunda Division,Municipal de Butarque,40.3404,-3.7607
2024-11-27,18:45,Austria,Sturm Graz,Girona,Europa League,Merkur-Arena,47.04611,15.45444
2024-11-27,21:00,France,Monaco,Benfica,Europa League,Stade Louis II,43.7275,7.41556
2024-11-27,21:00,Italy,Bologna,Lille,Europa League,Stadio Renato Dall'Ara,44.49222,11.30972
2024-11-27,21:00,Croatia,Dinamo Zagreb,Borussia Dortmund,Europa League,Maksimir,45.81889,16.01806
2024-11-27,21:00,Netherlands,PSV Eindhoven,Shakhtar Donetsk,Europa League,Philips Stadion,51.44167,5.4675
2024-11-27,21:00(20:00UTC+0),England,Aston Villa,Juventus,Europa League,Villa Park,52.509166666667,-1.8847222222222
2024-11-27,21:00(20:00UTC+0),Spain,Celtic,Club Brugge,Europa League,Balaídos,42.2118,-8.7397
2024-11-27,21:00(20:00UTC+0),England,Liverpool,Real Madrid,Europa League,Anfield,53.4308,-2.9608
2024-11-28,18:45,Spain,Athletic Bilbao,IF Elfsborg,Europa League,San Mamés,43.2643,-2.9504
2024-11-28,18:45,Netherlands,AZ,Galatasaray,Europa League,AFAS Stadion,52.61278,4.74222
2024-11-28,18:45,Turkey,Beşiktaş,Maccabi Tel Aviv,Europa League,Tüpraş Stadium,41.03917,28.99472
2024-11-28,18:45,Ukraine,Dynamo Kyiv,Viktoria Plzeň,Europa League,Lobanovskyi Dynamo Stadium,50.45028,30.53528
2024-11-28,18:45,Belgium,Anderlecht,Porto,Europa League,Lotto Park,50.83417,4.29833
2024-11-28,18:45,Italy,Lazio,Ludogorets Razgrad,Europa League,Stadio Olimpico,41.93389,12.45472
2024-11-28,18:45(21:45UTC+4),Denmark,Qarabağ,Lyon,Europa League,Aalborg Portland Park,57.052056,9.898556
2024-11-28,21:00,Denmark,Midtjylland,Eintracht Frankfurt,Europa League,MCH Arena,56.116868,8.951669
2024-11-28,21:00,Netherlands,Twente,Union Saint-Gilloise,Europa League,De Grolsch Veste,52.23667,6.8375
2024-11-28,21:00,France,Nice,Rangers,Europa League,Allianz Riviera,43.70528,7.1925
2024-11-28,21:00,Spain,Real Sociedad,Ajax,Europa League,Anoeta,43.30139,-1.97361
2024-11-28,21:00,Czech Republic,Slavia Prague,Fenerbahçe,Europa League,Fortuna Arena,50.0675,14.47167
2024-11-28,21:00(20:00UTC+0),England,Manchester United,Bodø/Glimt,Europa League,Old Trafford,53.463055555556,-2.2913888888889
2024-11-28,21:00(20:00UTC+0),Portugal,Braga,TSG Hoffenheim,Europa League,Estádio Municipal de Braga,41.5625,-8.43
2024-11-28,21:00(20:00UTC+0),England,Tottenham Hotspur,Roma,Europa League,Tottenham Hotspur Stadium,51.6044,-0.0664
2024-11-29,17:00,Turkey,Antalyaspor,Sivasspor,Super Lig,Corendon Airlines Park,36.888278,30.668444
2024-11-29,17:30,Germany,Magdeburg,Hertha,2. Bundesliga,WWK Arena,48.32306,10.88611
2024-11-29,19:00,Netherlands,Heerenveen,Waalwijk,Eredivisie,Abe Lenstra Stadion,52.95861,5.93611
2024-11-29,19:30,Germany,St Pauli,Holstein Kiel,Bundesliga,Millerntor-Stadion,53.554583,9.967667
2024-11-29,19:45,Italy,Cagliari,Verona,Serie A,Unipol Domus,39.2,9.1375
2024-11-29,19:45,France,Reims,Lens,Ligue 1,Stade Auguste Delaune,49.24667,4.025
2024-11-29,19:45,Belgium,Kortrijk,Mechelen,Belgian Pro League,Guldensporen Stadion,50.830432,3.248906
2024-11-29,20:00,England,Brighton,Southampton,Premier League,Falmer Stadium,50.861822222222,-0.083277777777778
2024-11-29,20:00,England,Sheffield United,Sunderland,Championship,Old Trafford,53.463055555556,-2.2913888888889
2024-11-29,20:00,Spain,Mallorca,Valencia,La Liga,Mallorca Son Moix,39.59,2.63
2024-11-29,20:15,Portugal,Farense,Estrela,Primeira Liga,Estádio de São Luís,37.022861,-7.928444
2024-11-30,10:30,Turkey,Samsunspor,Bodrumspor,Super Lig,Samsun 19 Mayıs Stadium,41.22778,36.4575
2024-11-30,12:30,England,Watford,QPR,Championship,Brentford Community Stadium,51.49083,-0.28861
2024-11-30,13:00,Spain,Barcelona,Las Palmas,La Liga,Olímpic Lluís Companys,41.36472,2.15556
2024-11-30,13:00,Turkey,Ad. Demirspor,Konyaspor,Super Lig,New Adana Stadium,37.06333,35.375
2024-11-30,14:00,Italy,Como,Monza,Serie A,Stadio Giuseppe Sinigaglia,45.81389,9.07222
2024-11-30,14:00,France,Brescia,Bari,Serie B,Stade Francis-Le Blé,48.402932,-4.461694
2024-11-30,14:00,Turkey,Sampdoria,Catanzaro,Serie B,Samsun 19 Mayıs Stadium,41.22778,36.4575
2024-11-30,14:00,Austria,Sudtirol,Cremonese,Serie B,Tivoli Stadion Tirol,47.25583,11.41083
2024-11-30,14:30,Germany,Augsburg,Bochum,Bundesliga,WWK Arena,48.32306,10.88611
2024-11-30,14:30,Germany,Freiburg,M'gladbach,Bundesliga,Europa-Park Stadion,48.0216,7.8297
2024-11-30,14:30,Germany,RB Leipzig,Wolfsburg,Bundesliga,Red Bull Arena,51.34583,12.34833
2024-11-30,14:30,Germany,Union Berlin,Leverkusen,Bundesliga,Stadion An der Alten Försterei,52.45722,13.56806
2024-11-30,14:30,Germany,Werder Bremen,Stuttgart,Bundesliga,Weserstadion,53.06639,8.8375
2024-11-30,15:00,England,Brentford,Leicester,Premier League,Brentford Community Stadium,51.49083,-0.28861
2024-11-30,15:00,England,Crystal Palace,Newcastle,Premier League,Selhurst Park,51.39833,-0.08556
2024-11-30,15:00,England,Nott'm Forest,Ipswich,Premier League,City Ground,52.94,-1.13278
2024-11-30,15:00,England,Wolves,Bournemouth,Premier League,Molineux Stadium,52.59028,-2.13028
2024-11-30,15:00,England,Bristol City,Plymouth,Championship,King Power Stadium,52.620277777778,-1.1422222222222
2024-11-30,15:00,Croatia,Norwich,Luton,Championship,ŠRC Velika Gorica,45.724,16.0732
2024-11-30,15:00,Portugal,Preston,West Brom,Championship,Estádio do Dragão,41.1618,-8.5839
2024-11-30,15:00,Greece,Volos NFC,Lamia,Super League Greece,Panthessaliko Stadium,39.3875,22.93111
2024-11-30,15:15,Spain,Alaves,Leganes,La Liga,Mendizorrotza,42.8371111,-2.6880444
2024-11-30,15:15,Spain,Almeria,Granada,Segunda Division,Mestalla,39.47472,-0.35833
2024-11-30,15:15,Portugal,Zaragoza,Albacete,Segunda Division,Estádio Municipal de Braga,41.5625,-8.43
2024-11-30,15:30,Netherlands,NAC Breda,Almere City,Eredivisie,Rat Verlegh Stadion,51.595,4.75028
2024-11-30,15:30,Portugal,Rio Ave,Moreirense,Primeira Liga,Estádio dos Arcos,41.36278,-8.74028
2024-11-30,16:00,France,Rennes,St Etienne,Ligue 1,Roazhon Park,48.1075,-1.71278
2024-11-30,16:00,Turkey,Alanyaspor,Trabzonspor,Super Lig,Alanya Oba Stadium,36.5626,32.0792
2024-11-30,16:00,Turkey,Buyuksehyr,Goztep,Super Lig,Başakşehir Fatih Terim Stadium,41.12278,28.80861
2024-11-30,17:00,Italy,Milan,Empoli,Serie A,San Siro,45.47806,9.12389
2024-11-30,17:15,Belgium,Club Brugge,Dender,Belgian Pro League,Jan Breydel Stadium,51.19333,3.18056
2024-11-30,17:30,England,West Ham,Arsenal,Premier League,London Stadium,51.5386,-0.0164
2024-11-30,17:30,Spain,Espanol,Celta,La Liga,RCDE Stadium,41.34778,2.07556
2024-11-30,17:30,Denmark,Santander,Mirandes,Segunda Division,Cepheus Park Randers,56.46594,10.010262
2024-11-30,17:30,Germany,Dortmund,Bayern Munich,Bundesliga,Signal Iduna Park,51.4925,7.45167
2024-11-30,17:30,Greece,Levadeiakos,Panetolikos,Super League Greece,Levadia Municipal Stadium,38.4358972,22.8828444
2024-11-30,17:45,Netherlands,Groningen,Willem II,Eredivisie,Euroborg,53.20611,6.59139
2024-11-30,18:00,France,Brest,Strasbourg,Ligue 1,Stade Francis-Le Blé,48.402932,-4.461694
2024-11-30,18:00,Portugal,Nacional,Boavista,Primeira Liga,Estádio da Madeira,32.670625,-16.883525
2024-11-30,19:00,Netherlands,Feyenoord,For Sittard,Eredivisie,De Kuip,51.89389,4.52306
2024-11-30,19:45,Italy,Bologna,Venezia,Serie A,Stadio Renato Dall'Ara,44.49222,11.30972
2024-11-30,19:45,Belgium,Charleroi,Standard,Belgian Pro League,Stade du Pays de Charleroi,50.414609,4.453787
2024-11-30,20:00,Spain,Valladolid,Ath Madrid,La Liga,José Zorrilla,41.64444,-4.76111
2024-11-30,20:00,France,Paris SG,Nantes,Ligue 1,Parc des Princes,48.84138888888889,2.2530555555555556
2024-11-30,20:00,Netherlands,Zwolle,Sparta Rotterdam,Eredivisie,MAC³PARK Stadion,52.51722,6.12083
2024-12-01,11:15,Netherlands,Utrecht,PSV Eindhoven,Eredivisie,Stadion Galgenwaard,52.07833,5.14583
2024-12-01,11:30,Italy,Udinese,Genoa,Serie A,Stadio Friuli,46.0816,13.2001
2024-12-01,12:30,England,Ulm,Greuther Furth,2. Bundesliga,Craven Cottage,51.475,-0.22166666666667
2024-12-01,12:30,Belgium,St Truiden,Genk,Belgian Pro League,Stayen,50.813474,5.166256
2024-12-01,13:00,Spain,Villarreal,Girona,La Liga,La Cerámica,39.94417,-0.10361
2024-12-01,13:00,Turkey,Rizespor,Kayserispor,Super Lig,Rize City Stadium,41.04202,40.5733
2024-12-01,13:30,England,Chelsea,Aston Villa,Premier League,Stamford Bridge,51.481666666667,-0.19111111111111
2024-12-01,13:30,England,Man United,Everton,Premier League,Old Trafford,53.463055555556,-2.2913888888889
2024-12-01,13:30,England,Tottenham,Fulham,Premier League,Tottenham Hotspur Stadium,51.6044,-0.0664
2024-12-01,13:30,Netherlands,Twente,Go Ahead Eagles,Eredivisie,De Grolsch Veste,52.23667,6.8375
2024-12-01,13:30,Greece,Panserraikos,Asteras Tripolis,Super League Greece,Serres Municipal Stadium,41.0847,23.5466
2024-12-01,14:00,Italy,Parma,Lazio,Serie A,Stadio Ennio Tardini,44.795,10.33833
2024-12-01,14:00,Italy,Torino,Napoli,Serie A,Stadio Olimpico Grande Torino,45.04167,7.65
2024-12-01,14:00,Italy,Palermo,Spezia,Serie B,Stadio Ennio Tardini,44.795,10.33833
2024-12-01,14:00,France,Montpellier,Lille,Ligue 1,Stade de la Mosson,43.62222,3.81194
2024-12-01,14:30,Germany,Mainz,Hoffenheim,Bundesliga,Mewa Arena,49.98417,8.22417
2024-12-01,15:00,Belgium,Beerschot VA,Cercle Brugge,Belgian Pro League,Olympisch Stadion,51.185,4.38222
2024-12-01,15:00,Belgium,Oud-Heverlee Leuven,Anderlecht,Belgian Pro League,Den Dreef,50.86833,4.69417
2024-12-01,15:15,Spain,Real Madrid,Getafe,La Liga,Santiago Bernabéu,40.45306,-3.68835
2024-12-01,15:30,Portugal,Estoril,Famalicao,Primeira Liga,Estádio António Coimbra da Mota,38.71583,-9.40639
2024-12-01,16:00,England,Liverpool,Man City,Premier League,Anfield,53.4308,-2.9608
2024-12-01,16:00,France,Le Havre,Angers,Ligue 1,Stade Océane,49.49889,0.16972
2024-12-01,16:00,France,Lyon,Nice,Ligue 1,Groupama Stadium,45.765224,4.982131
2024-12-01,16:00,France,Toulouse,Auxerre,Ligue 1,Stadium de Toulouse,43.58306,1.43417
2024-12-01,16:00,Turkey,Galatasaray,Eyupspor,Super Lig,Rams Park,41.10278,28.99056
2024-12-01,16:15,Spain,Salernitana,Carrarese,Serie B,Mestalla,39.47472,-0.35833
2024-12-01,16:30,Germany,Heidenheim,Ein Frankfurt,Bundesliga,Voith-Arena,48.66861,10.13944
2024-12-01,17:00,Greece,PAOK,Athens Kallithea,Super League Greece,Toumba Stadium,40.61389,22.9725
2024-12-01,17:30,Spain,Vallecano,Ath Bilbao,La Liga,Vallecas,40.39194,-3.65889
2024-12-01,17:30,France,Eldense,Ferrol,Segunda Division,Stade Bollaert-Delelis,50.43278,2.815
2024-12-01,17:30,Spain,Levante,Burgos,Segunda Division,Municipal de Butarque,40.3404,-3.7607
2024-12-01,18:00,Portugal,Arouca,Benfica,Primeira Liga,Estádio Municipal de Arouca,40.933,-8.2503
2024-12-01,18:15,Belgium,Westerlo,Gent,Belgian Pro League,Het Kuipje,51.094817,4.928806
2024-12-01,18:30,Greece,Panathinaikos,Atromitos,Super League Greece,Athens Olympic Stadium,38.03606806,23.7876
2024-12-01,19:45,Italy,Lecce,Juventus,Serie A,Stadio Via del mare,40.36528,18.20889
2024-12-01,19:45,France,Marseille,Monaco,Ligue 1,Orange Vélodrome,43.26972,5.39583
2024-12-01,20:00,Spain,Sociedad,Betis,La Liga,Anoeta,43.30139,-1.97361
2024-12-01,20:30,Portugal,AVS,Sp Braga,Primeira Liga,Estádio do CD Aves,41.366932,-8.411789
2024-12-02,17:00,Turkey,Fenerbahce,Gaziantep,Super Lig,Ülker Stadium,40.98778,29.03694
2024-12-02,17:00,Turkey,Hatayspor,Besiktas,Super Lig,Mersin Stadium[note 1],36.82056,34.53861
2024-12-02,18:45,Portugal,Guimaraes,Gil Vicente,Primeira Liga,Estádio D. Afonso Henriques,41.44583,-8.30111
2024-12-02,19:45,Italy,Roma,Atalanta,Serie A,Stadio Olimpico,41.93389,12.45472
2024-12-02,20:00,Spain,Sevilla,Osasuna,La Liga,Ramón Sánchez-Pizjuán,37.384,-5.9705
2024-12-02,20:45,Portugal,Porto,Casa Pia,Primeira Liga,Estádio do Dragão,41.1618,-8.5839
2024-12-03,18:00,Spain,Mallorca,Barcelona,La Liga,Mallorca Son Moix,39.59,2.63
2024-12-03,19:30,England,Ipswich,Crystal Palace,Premier League,Portman Road,52.055,1.14528
2024-12-03,20:15,England,Leicester,West Ham,Premier League,King Power Stadium,52.620277777778,-1.1422222222222
2024-12-04,19:00,Netherlands,Ajax,Utrecht,Eredivisie,Johan Cruyff Arena,52.31417,4.94194
2024-12-04,19:30,England,Everton,Wolves,Premier League,Goodison Park,53.438888888889,-2.9663888888889
2024-12-04,19:30,England,Man City,Nott'm Forest,Premier League,City of Manchester Stadium,53.483055555556,-2.2002777777778
2024-12-04,19:30,England,Newcastle,Liverpool,Premier League,St James' Park,54.975555555556,-1.6216666666667
2024-12-04,19:30,England,Southampton,Chelsea,Premier League,St Mary's Stadium,50.90583,-1.39111
2024-12-04,20:00,Spain,Ath Bilbao,Real Madrid,La Liga,San Mamés,43.2643,-2.9504
2024-12-04,20:15,England,Arsenal,Man United,Premier League,Emirates Stadium,51.55667,-0.10611
2024-12-04,20:15,England,Aston Villa,Brentford,Premier League,Villa Park,52.509166666667,-1.8847222222222
2024-12-05,19:30,England,Fulham,Brighton,Premier League,Craven Cottage,51.475,-0.22166666666667
2024-12-05,20:15,England,Bournemouth,Tottenham,Premier League,Dean Court,50.73528,-1.83833
2024-12-05,20:15,Portugal,Moreirense,Sp Lisbon,Primeira Liga,Estádio Comendador Joaquim de Almeida Freitas,41.37806,-8.35472
2024-12-06,17:00,Turkey,Trabzonspor,Kasimpasa,Super Lig,Papara Park,40.99917,39.64583
2024-12-06,18:00,France,Lille,Brest,Ligue 1,Decathlon Arena Pierre Mauroy Stadium,50.6119,3.1304
2024-12-06,19:00,Netherlands,Annecy,Clermont,Ligue 2,Goffertstadion,51.8225,5.83667
2024-12-06,19:00,Greece,Laval,Caen,Ligue 2,Lamia Municipal Stadium,38.91,22.43111
2024-12-06,19:00,Italy,Lorient,Troyes,Ligue 2,Stadio Olimpico Grande Torino,45.04167,7.65
2024-12-06,19:00,Greece,Martigues,Guingamp,Ligue 2,Kleanthis Vikelidis Stadium,40.6,22.96944
2024-12-06,19:00,France,Red Star,Bastia,Ligue 2,Stade Francis-Le Blé,48.402932,-4.461694
2024-12-06,19:00,Netherlands,PSV Eindhoven,Twente,Eredivisie,Philips Stadion,51.44167,5.4675
2024-12-06,19:30,Denmark,Mirandes,Levante,Segunda Division,Cepheus Park Randers,56.46594,10.010262
2024-12-06,19:30,Germany,Stuttgart,Union Berlin,Bundesliga,MHPArena,48.79222,9.23194
2024-12-06,19:45,Italy,Atalanta,Milan,Serie A,Gewiss Stadium,45.70889,9.68083
2024-12-06,20:00,Denmark,Burnley,Middlesbrough,Championship,Brøndby Stadium,55.64889,12.41861
2024-12-06,20:00,Spain,Celta,Mallorca,La Liga,Balaídos,42.2118,-8.7397
2024-12-06,20:00,France,Auxerre,Paris SG,Ligue 1,Stade Abbé Deschamps,47.7867528,3.5886639
2024-12-06,20:15,Portugal,Sp Braga,Estoril,Primeira Liga,Estádio Municipal de Braga,41.5625,-8.43
2024-12-07,10:30,Turkey,Konyaspor,Antalyaspor,Super Lig,Konya Metropolitan Municipality Stadium,37.946,32.488
2024-12-07,13:00,Spain,Las Palmas,Valladolid,La Liga,Gran Canaria,28.10028,-15.45667
2024-12-07,13:00,Belgium,Elche,Cadiz,Segunda Division,AFAS-stadion Achter de Kazerne,51.037184,4.486397
2024-12-07,13:00,Italy,Grenoble,Amiens,Ligue 2,Stadio Luigi Ferraris,44.41639,8.9525
2024-12-07,13:00,Turkey,Goztep,Ad. Demirspor,Super Lig,Gürsel Aksel Stadium,38.396821,27.07595
2024-12-07,14:00,Italy,Genoa,Torino,Serie A,Stadio Luigi Ferraris,44.41639,8.9525
2024-12-07,14:00,Greece,Bari,Cesena,Serie B,Kleanthis Vikelidis Stadium,40.6,22.96944
2024-12-07,14:00,Portugal,Carrarese,Palermo,Serie B,Estádio de São Luís,37.022861,-7.928444
2024-12-07,14:00,Italy,Modena,Salernitana,Serie B,Stadio Brianteo,45.58278,9.30806
2024-12-07,14:30,Germany,Bayern Munich,Heidenheim,Bundesliga,Allianz Arena,48.218775,11.624752777778
2024-12-07,14:30,Germany,Bochum,Werder Bremen,Bundesliga,Vonovia Ruhrstadion,51.49,7.23667
2024-12-07,14:30,Germany,Ein Frankfurt,Augsburg,Bundesliga,Deutsche Bank Park,50.068056,8.645806
2024-12-07,14:30,Germany,Holstein Kiel,RB Leipzig,Bundesliga,Holstein-Stadion,54.34917,10.12361
2024-12-07,14:30,Germany,Leverkusen,St Pauli,Bundesliga,BayArena,51.03833,7.00222
2024-12-07,15:00,England,Aston Villa,Southampton,Premier League,Villa Park,52.509166666667,-1.8847222222222
2024-12-07,15:00,England,Brentford,Newcastle,Premier League,Brentford Community Stadium,51.49083,-0.28861
2024-12-07,15:00,England,Crystal Palace,Man City,Premier League,Selhurst Park,51.39833,-0.08556
2024-12-07,15:00,France,Luton,Swansea,Championship,Groupama Stadium,45.765224,4.982131
2024-12-07,15:00,Portugal,Portsmouth,Bristol City,Championship,Estádio do Dragão,41.1618,-8.5839
2024-12-07,15:00,Belgium,Genk,Kortrijk,Belgian Pro League,Cegeka Arena,51.005,5.53333
2024-12-07,15:00,Greece,Olympiakos,Volos NFC,Super League Greece,Karaiskakis Stadium,37.94611,23.66444
2024-12-07,15:15,Spain,Betis,Barcelona,La Liga,Benito Villamarín,37.35639,-5.98139
2024-12-07,15:15,Spain,Granada,Santander,Segunda Division,Montilivi,41.96139,2.82861
2024-12-07,15:30,Netherlands,Go Ahead Eagles,Nijmegen,Eredivisie,De Adelaarshorst,52.260416,6.172578
2024-12-07,15:30,Portugal,Gil Vicente,Nacional,Primeira Liga,Estádio Cidade de Barcelos,41.551,-8.623
2024-12-07,16:00,France,Monaco,Toulouse,Ligue 1,Stade Louis II,43.7275,7.41556
2024-12-07,16:00,Turkey,Besiktas,Fenerbahce,Super Lig,Tüpraş Stadium,41.03917,28.99472
2024-12-07,16:15,Italy,Cosenza,Frosinone,Serie B,Stadio Brianteo,45.58278,9.30806
2024-12-07,17:00,Italy,Juventus,Bologna,Serie A,Juventus Stadium,45.10944,7.64111
2024-12-07,17:15,Belgium,Mechelen,Club Brugge,Belgian Pro League,AFAS-stadion Achter de Kazerne,51.037184,4.486397
2024-12-07,17:15,Belgium,Standard,Oud-Heverlee Leuven,Belgian Pro League,Stade Maurice Dufrasne,50.61,5.54333
2024-12-07,17:30,England,Man United,Nott'm Forest,Premier League,Old Trafford,53.463055555556,-2.2913888888889
2024-12-07,17:30,Spain,Valencia,Vallecano,La Liga,Mestalla,39.47472,-0.35833
2024-12-07,17:30,Greece,Aris,Atromitos,Super League Greece,Kleanthis Vikelidis Stadium,40.6,22.96944
2024-12-07,17:45,Netherlands,Sparta Rotterdam,NAC Breda,Eredivisie,Spartastadion Het Kasteel,51.919485,4.433619
2024-12-07,18:00,France,Nice,Le Havre,Ligue 1,Allianz Riviera,43.70528,7.1925
2024-12-07,18:00,Portugal,Benfica,Guimaraes,Primeira Liga,Estádio da Luz,38.7527,-9.1847
2024-12-07,18:00,Portugal,Santa Clara,Rio Ave,Primeira Liga,Estádio de São Miguel,37.763694,-25.622611
2024-12-07,19:00,Netherlands,Waalwijk,Feyenoord,Eredivisie,Mandemakers Stadion,51.68694,5.08861
2024-12-07,19:45,Italy,Roma,Lecce,Serie A,Stadio Olimpico,41.93389,12.45472
2024-12-07,19:45,Belgium,Gent,St Truiden,Belgian Pro League,Planet Group Arena,51.01611,3.73417
2024-12-07,20:00,Spain,Girona,Real Madrid,La Liga,Montilivi,41.96139,2.82861
2024-12-07,20:00,France,Angers,Lyon,Ligue 1,Stade Raymond Kopa,47.460458,-0.530741
2024-12-07,20:00,Netherlands,Heracles,For Sittard,Eredivisie,Asito Stadion[3],52.33889,6.65056
2024-12-07,20:30,Portugal,Famalicao,Porto,Primeira Liga,Estádio Municipal de Famalicão,41.40139,-8.5225
2024-12-08,10:30,Turkey,Eyupspor,Samsunspor,Super Lig,Recep Tayyip Erdoğan Stadium,41.03278,28.9725
2024-12-08,11:15,Netherlands,Groningen,Zwolle,Eredivisie,Euroborg,53.20611,6.59139
2024-12-08,11:30,Italy,Fiorentina,Cagliari,Serie A,Stadio Artemio Franchi,43.78083,11.28222
2024-12-08,12:30,Netherlands,Fortuna Dusseldorf,Braunschweig,2. Bundesliga,Fortuna Sittard Stadion,50.992069,5.843675
2024-12-08,12:30,France,Regensburg,FC Koln,2. Bundesliga,Stade de la Meinau,48.56,7.755
2024-12-08,12:30,Belgium,Antwerp,Charleroi,Belgian Pro League,Bosuilstadion,51.2325,4.47222
2024-12-08,13:00,Spain,Leganes,Sociedad,La Liga,Municipal de Butarque,40.3404,-3.7607
2024-12-08,13:00,Turkey,Kayserispor,Alanyaspor,Super Lig,RHG Enertürk Enerji Stadium,38.73722,35.42306
2024-12-08,13:00,Turkey,Sivasspor,Galatasaray,Super Lig,BG Grup 4 Eylül Stadium,39.72833,36.98389
2024-12-08,13:30,Netherlands,Willem II,Heerenveen,Eredivisie,Koning Willem II Stadion,51.54278,5.06694
2024-12-08,13:30,Greece,Panserraikos,PAOK,Super League Greece,Serres Municipal Stadium,41.0847,23.5466
2024-12-08,14:00,England,Fulham,Arsenal,Premier League,Craven Cottage,51.475,-0.22166666666667
2024-12-08,14:00,England,Ipswich,Bournemouth,Premier League,Portman Road,52.055,1.14528
2024-12-08,14:00,England,Leicester,Brighton,Premier League,King Power Stadium,52.620277777778,-1.1422222222222
2024-12-08,14:00,Italy,Verona,Empoli,Serie A,Stadio Marcantonio Bentegodi,45.43528,10.96861
2024-12-08,14:00,France,Cremonese,Reggiana,Serie B,Roazhon Park,48.1075,-1.71278
2024-12-08,14:00,Italy,Spezia,Cittadella,Serie B,Stadio Pier Luigi Penzo,45.4277611,12.3637306
2024-12-08,14:00,France,Lens,Montpellier,Ligue 1,Stade Bollaert-Delelis,50.43278,2.815
2024-12-08,14:30,Germany,Wolfsburg,Mainz,Bundesliga,Volkswagen Arena,52.43278,10.80389
2024-12-08,15:00,Belgium,West Brom,Sheffield United,Championship,Het Kuipje,51.094817,4.928806
2024-12-08,15:00,Belgium,Cercle Brugge,St. Gilloise,Belgian Pro League,Jan Breydel Stadium,51.19333,3.18056
2024-12-08,15:15,Spain,Ath Bilbao,Villarreal,La Liga,San Mamés,43.2643,-2.9504
2024-12-08,15:30,Portugal,Boavista,Farense,Primeira Liga,Estádio do Bessa,41.16222,-8.64278
2024-12-08,15:45,Netherlands,Almere City,Utrecht,Eredivisie,Yanmar Stadion,52.3944,5.2405
2024-12-08,16:00,France,Nantes,Rennes,Ligue 1,Stade de la Beaujoire,47.256,-1.525
2024-12-08,16:00,France,Strasbourg,Reims,Ligue 1,Stade de la Meinau,48.56,7.755
2024-12-08,16:00,Turkey,Buyuksehyr,Hatayspor,Super Lig,Başakşehir Fatih Terim Stadium,41.12278,28.80861
2024-12-08,16:30,England,Tottenham,Chelsea,Premier League,Tottenham Hotspur Stadium,51.6044,-0.0664
2024-12-08,16:30,Germany,Hoffenheim,Freiburg,Bundesliga,PreZero Arena,49.23806,8.8875
2024-12-08,17:00,Italy,Venezia,Como,Serie A,Stadio Pier Luigi Penzo,45.4277611,12.3637306
2024-12-08,17:00,Greece,Asteras Tripolis,Panathinaikos,Super League Greece,Theodoros Kolokotronis Stadium,37.5025,22.38861
2024-12-08,17:30,Spain,Osasuna,Alaves,La Liga,El Sadar,42.79667,-1.63694
2024-12-08,17:30,Belgium,Anderlecht,Beerschot VA,Belgian Pro League,Lotto Park,50.83417,4.29833
2024-12-08,18:00,Portugal,Casa Pia,AVS,Primeira Liga,Estádio Municipal de Rio Maior[A],39.34444,-8.93528
2024-12-08,18:15,Belgium,Dender,Westerlo,Belgian Pro League,Van Roystadion,50.883683,4.071185
2024-12-08,18:30,Greece,Lamia,Panetolikos,Super League Greece,Lamia Municipal Stadium,38.91,22.43111
2024-12-08,19:45,Italy,Napoli,Lazio,Serie A,Stadio Diego Armando Maradona,40.828,14.193
2024-12-08,19:45,France,St Etienne,Marseille,Ligue 1,Stade Geoffroy Guichard,45.46083,4.39028
2024-12-08,20:00,Spain,Ath Madrid,Sevilla,La Liga,Santiago Bernabéu,40.45306,-3.68835
2024-12-09,15:30,Greece,Athens Kallithea,Levadeiakos,Super League Greece,Leoforos Alexandras Stadium,37.98722,23.75417
2024-12-09,17:00,Turkey,Gaziantep,Rizespor,Super Lig,Gaziantep Stadium,37.12389,37.3825
2024-12-09,19:30,England,Cartagena,Sp Gijon,Segunda Division,Emirates Stadium,51.55667,-0.10611
2024-12-09,19:45,Italy,Monza,Udinese,Serie A,Stadio Brianteo,45.58278,9.30806
2024-12-09,20:00,England,West Ham,Wolves,Premier League,London Stadium,51.5386,-0.0164
2024-12-09,20:00,Spain,Getafe,Espanol,La Liga,Coliseum,40.32556,-3.71472
2024-12-09,20:15,Portugal,Estrela,Arouca,Primeira Liga,Estádio José Gomes,38.75194,-9.22806
2024-12-10,18:45,Spain,Girona,Liverpool,Europa League,Montilivi,41.96139,2.82861
2024-12-10,18:45,Croatia,Dinamo Zagreb,Celtic,Europa League,Maksimir,45.81889,16.01806
2024-12-10,19:45,Denmark,Burnley,Derby,Championship,Brøndby Stadium,55.64889,12.41861
2024-12-10,19:45,France,Luton,Stoke,Championship,Groupama Stadium,45.765224,4.982131
2024-12-10,19:45,Portugal,Portsmouth,Norwich,Championship,Estádio do Dragão,41.1618,-8.5839
2024-12-10,21:00,Italy,Atalanta,Real Madrid,Europa League,Gewiss Stadium,45.70889,9.68083
2024-12-10,21:00,Germany,Bayer Leverkusen,Inter Milan,Europa League,BayArena,51.03833,7.00222
2024-12-10,21:00,Belgium,Club Brugge,Sporting CP,Europa League,Jan Breydel Stadium,51.19333,3.18056
2024-12-10,21:00,Austria,Red Bull Salzburg,Paris Saint-Germain,Europa League,Red Bull Arena,47.81639,12.99833
2024-12-10,21:00,Ukraine,Shakhtar Donetsk,Bayern Munich,Europa League,Arena Lviv,49.77528,24.02778
2024-12-10,21:00,Germany,RB Leipzig,Aston Villa,Europa League,Red Bull Arena,51.34583,12.34833
2024-12-10,21:00,France,Brest,PSV Eindhoven,Europa League,Stade Francis-Le Blé,48.402932,-4.461694
2024-12-11,16:30(18:30UTC+3),Turkey,Fenerbahçe,Athletic Bilbao,Europa League,Ülker Stadium,40.98778,29.03694
2024-12-11,18:45,Spain,Atlético Madrid,Slovan Bratislava,Europa League,Metropolitano,40.43611,-3.59944
2024-12-11,18:45,France,Lille,Sturm Graz,Europa League,Decathlon Arena Pierre Mauroy Stadium,50.6119,3.1304
2024-12-11,20:00,Belgium,West Brom,Coventry,Championship,Het Kuipje,51.094817,4.928806
2024-12-11,21:00,Italy,Milan,Red Star Belgrade,Europa League,San Siro,45.47806,9.12389
2024-12-11,21:00,Germany,Borussia Dortmund,Barcelona,Europa League,Signal Iduna Park,51.4925,7.45167
2024-12-11,21:00,Netherlands,Feyenoord,Sparta Prague,Europa League,De Kuip,51.89389,4.52306
2024-12-11,21:00,Italy,Juventus,Manchester City,Europa League,Juventus Stadium,45.10944,7.64111
2024-12-11,21:00,Germany,VfB Stuttgart,Young Boys,Europa League,MHPArena,48.79222,9.23194
2024-12-11,21:00(20:00UTC+0),England,Arsenal,Monaco,Europa League,Emirates Stadium,51.55667,-0.10611
2024-12-11,21:00(20:00UTC+0),Portugal,Benfica,Bologna,Europa League,Estádio da Luz,38.7527,-9.1847
2024-12-12,18:45,Italy,Roma,Braga,Europa League,Stadio Olimpico,41.93389,12.45472
2024-12-12,18:45,Czech Republic,Viktoria Plzeň,Manchester United,Europa League,Doosan Arena,49.75,13.38556
2024-12-12,18:45,Germany,TSG Hoffenheim,FCSB,Europa League,PreZero Arena,49.23806,8.8875
2024-12-12,18:45(19:45UTC+2),Greece,Olympiacos,Twente,Europa League,Karaiskakis Stadium,37.94611,23.66444
2024-12-12,18:45(19:45UTC+2),Greece,PAOK,Ferencváros,Europa League,Toumba Stadium,40.61389,22.9725
2024-12-12,21:00,Netherlands,Ajax,Lazio,Europa League,Johan Cruyff Arena,52.31417,4.94194
2024-12-12,21:00,Germany,IF Elfsborg,Qarabağ,Europa League,Volkswagen Arena,52.43278,10.80389
2024-12-12,21:00,France,Lyon,Eintracht Frankfurt,Europa League,Groupama Stadium,45.765224,4.982131
2024-12-12,21:00,Spain,Real Sociedad,Dynamo Kyiv,Europa League,Anoeta,43.30139,-1.97361
2024-12-12,21:00,Czech Republic,Slavia Prague,Anderlecht,Europa League,Fortuna Arena,50.0675,14.47167
2024-12-12,21:00(20:00UTC+0),Portugal,Porto,Midtjylland,Europa League,Estádio do Dragão,41.1618,-8.5839
2024-12-12,21:00(20:00UTC+0),France,Rangers,Tottenham Hotspur,Europa League,Stade Raymond Kopa,47.460458,-0.530741
2024-12-13,19:00,Portugal,Amiens,Laval,Ligue 2,Estádio Comendador Joaquim de Almeida Freitas,41.37806,-8.35472
2024-12-13,19:00,Portugal,Bastia,Guingamp,Ligue 2,Estádio do Bessa,41.16222,-8.64278
2024-12-13,19:00,Netherlands,Zwolle,Willem II,Eredivisie,MAC³PARK Stadion,52.51722,6.12083
2024-12-13,19:30,Spain,Almeria,Mirandes,Segunda Division,Mestalla,39.47472,-0.35833
2024-12-13,19:30,Germany,Freiburg,Wolfsburg,Bundesliga,Europa-Park Stadion,48.0216,7.8297
2024-12-13,19:45,Italy,Empoli,Torino,Serie A,Stadio Carlo Castellani - Computer Gross Arena,43.72639,10.955
2024-12-13,19:45,France,Toulouse,St Etienne,Ligue 1,Stadium de Toulouse,43.58306,1.43417
2024-12-13,19:45,Belgium,Mechelen,Antwerp,Belgian Pro League,AFAS-stadion Achter de Kazerne,51.037184,4.486397
2024-12-13,20:00,Spain,Valladolid,Valencia,La Liga,José Zorrilla,41.64444,-4.76111
2024-12-14,12:00,Germany,Magdeburg,Paderborn,2. Bundesliga,WWK Arena,48.32306,10.88611
2024-12-14,12:00,England,Ulm,Hamburg,2. Bundesliga,Craven Cottage,51.475,-0.22166666666667
2024-12-14,12:30,England,Bristol City,QPR,Championship,King Power Stadium,52.620277777778,-1.1422222222222
2024-12-14,12:30,Portugal,Preston,Leeds,Championship,Estádio do Dragão,41.1618,-8.5839
2024-12-14,13:00,Spain,Espanol,Osasuna,La Liga,RCDE Stadium,41.34778,2.07556
2024-12-14,13:00,Spain,Levante,Cordoba,Segunda Division,Municipal de Butarque,40.3404,-3.7607
2024-12-14,13:00,Italy,Lorient,Paris FC,Ligue 2,Stadio Olimpico Grande Torino,45.04167,7.65
2024-12-14,13:00,France,Red Star,Grenoble,Ligue 2,Stade Francis-Le Blé,48.402932,-4.461694
2024-12-14,13:00,Turkey,Rizespor,Konyaspor,Super Lig,Rize City Stadium,41.04202,40.5733
2024-12-14,14:00,Italy,Cagliari,Atalanta,Serie A,Unipol Domus,39.2,9.1375
2024-12-14,14:00,England,Cesena,Cosenza,Serie B,Stamford Bridge,51.481666666667,-0.19111111111111
2024-12-14,14:00,Austria,Sudtirol,Mantova,Serie B,Tivoli Stadion Tirol,47.25583,11.41083
2024-12-14,14:30,Germany,Augsburg,Leverkusen,Bundesliga,WWK Arena,48.32306,10.88611
2024-12-14,14:30,Germany,Mainz,Bayern Munich,Bundesliga,Mewa Arena,49.98417,8.22417
2024-12-14,14:30,Germany,Union Berlin,Bochum,Bundesliga,Stadion An der Alten Försterei,52.45722,13.56806
2024-12-14,15:00,England,Arsenal,Everton,Premier League,Emirates Stadium,51.55667,-0.10611
2024-12-14,15:00,England,Liverpool,Fulham,Premier League,Anfield,53.4308,-2.9608
2024-12-14,15:00,England,Newcastle,Leicester,Premier League,St James' Park,54.975555555556,-1.6216666666667
2024-12-14,15:00,England,Wolves,Ipswich,Premier League,Molineux Stadium,52.59028,-2.13028
2024-12-14,15:00,England,Sheffield United,Plymouth,Championship,Old Trafford,53.463055555556,-2.2913888888889
2024-12-14,15:00,Belgium,Beerschot VA,Standard,Belgian Pro League,Olympisch Stadion,51.185,4.38222
2024-12-14,15:00,Greece,Lamia,AEK,Super League Greece,Lamia Municipal Stadium,38.91,22.43111
2024-12-14,15:15,Spain,Mallorca,Girona,La Liga,Mallorca Son Moix,39.59,2.63
2024-12-14,15:30,Portugal,Farense,Gil Vicente,Primeira Liga,Estádio de São Luís,37.022861,-7.928444
2024-12-14,16:00,France,Marseille,Lille,Ligue 1,Orange Vélodrome,43.26972,5.39583
2024-12-14,16:00,Turkey,Alanyaspor,Gaziantep,Super Lig,Alanya Oba Stadium,36.5626,32.0792
2024-12-14,16:15,Turkey,Sampdoria,Spezia,Serie B,Samsun 19 Mayıs Stadium,41.22778,36.4575
2024-12-14,17:00,Italy,Udinese,Napoli,Serie A,Stadio Friuli,46.0816,13.2001
2024-12-14,17:15,Belgium,Oud-Heverlee Leuven,Charleroi,Belgian Pro League,Den Dreef,50.86833,4.69417
2024-12-14,17:30,England,Nott'm Forest,Aston Villa,Premier League,City Ground,52.94,-1.13278
2024-12-14,17:30,Spain,Sevilla,Celta,La Liga,Ramón Sánchez-Pizjuán,37.384,-5.9705
2024-12-14,17:30,France,Eldense,Elche,Segunda Division,Stade Bollaert-Delelis,50.43278,2.815
2024-12-14,17:30,Germany,St Pauli,Werder Bremen,Bundesliga,Millerntor-Stadion,53.554583,9.967667
2024-12-14,17:30,Greece,Atromitos,OFI Crete,Super League Greece,Peristeri Stadium,38.00472,23.68972
2024-12-14,17:45,Netherlands,Heerenveen,PSV Eindhoven,Eredivisie,Abe Lenstra Stadion,52.95861,5.93611
2024-12-14,18:00,France,Auxerre,Lens,Ligue 1,Stade Abbé Deschamps,47.7867528,3.5886639
2024-12-14,18:00,Portugal,Nacional,Moreirense,Primeira Liga,Estádio da Madeira,32.670625,-16.883525
2024-12-14,18:30,Greece,Volos NFC,Asteras Tripolis,Super League Greece,Panthessaliko Stadium,39.3875,22.93111
2024-12-14,19:00,Netherlands,Annecy,Metz,Ligue 2,Goffertstadion,51.8225,5.83667
2024-12-14,19:00,Netherlands,For Sittard,Waalwijk,Eredivisie,Fortuna Sittard Stadion,50.992069,5.843675
2024-12-14,19:45,Italy,Juventus,Venezia,Serie A,Juventus Stadium,45.10944,7.64111
2024-12-14,19:45,Belgium,Kortrijk,Dender,Belgian Pro League,Guldensporen Stadion,50.830432,3.248906
2024-12-14,20:00,Spain,Vallecano,Real Madrid,La Liga,Vallecas,40.39194,-3.65889
2024-12-14,20:00,France,Reims,Monaco,Ligue 1,Stade Auguste Delaune,49.24667,4.025
2024-12-14,20:00,Netherlands,Feyenoord,Heracles,Eredivisie,De Kuip,51.89389,4.52306
2024-12-15,10:30,Turkey,Hatayspor,Goztep,Super Lig,Mersin Stadium[note 1],36.82056,34.53861
2024-12-15,11:15,Netherlands,Utrecht,Go Ahead Eagles,Eredivisie,Stadion Galgenwaard,52.07833,5.14583
2024-12-15,11:30,Italy,Lecce,Monza,Serie A,Stadio Via del mare,40.36528,18.20889
2024-12-15,12:30,Belgium,Club Brugge,Genk,Belgian Pro League,Jan Breydel Stadium,51.19333,3.18056
2024-12-15,13:00,Spain,Ath Madrid,Getafe,La Liga,Santiago Bernabéu,40.45306,-3.68835
2024-12-15,13:00,Turkey,Antalyaspor,Kayserispor,Super Lig,Corendon Airlines Park,36.888278,30.668444
2024-12-15,13:30,Netherlands,Twente,Groningen,Eredivisie,De Grolsch Veste,52.23667,6.8375
2024-12-15,13:30,Greece,Aris,Panserraikos,Super League Greece,Kleanthis Vikelidis Stadium,40.6,22.96944
2024-12-15,14:00,England,Brighton,Crystal Palace,Premier League,Falmer Stadium,50.861822222222,-0.083277777777778
2024-12-15,14:00,England,Watford,West Brom,Championship,Brentford Community Stadium,51.49083,-0.28861
2024-12-15,14:00,Italy,Bologna,Fiorentina,Serie A,Stadio Renato Dall'Ara,44.49222,11.30972
2024-12-15,14:00,Italy,Parma,Verona,Serie A,Stadio Ennio Tardini,44.795,10.33833
2024-12-15,14:00,France,Brescia,Carrarese,Serie B,Stade Francis-Le Blé,48.402932,-4.461694
2024-12-15,14:00,Italy,Palermo,Catanzaro,Serie B,Stadio Ennio Tardini,44.795,10.33833
2024-12-15,14:00,France,Montpellier,Nice,Ligue 1,Stade de la Mosson,43.62222,3.81194
2024-12-15,14:30,Germany,Heidenheim,Stuttgart,Bundesliga,Voith-Arena,48.66861,10.13944
2024-12-15,15:00,Croatia,Norwich,Burnley,Championship,ŠRC Velika Gorica,45.724,16.0732
2024-12-15,15:15,Spain,Alaves,Ath Bilbao,La Liga,Mendizorrotza,42.8371111,-2.6880444
2024-12-15,15:30,Portugal,Arouca,Santa Clara,Primeira Liga,Estádio Municipal de Arouca,40.933,-8.2503
2024-12-15,15:45,Netherlands,Ajax,Almere City,Eredivisie,Johan Cruyff Arena,52.31417,4.94194
2024-12-15,16:00,France,Brest,Nantes,Ligue 1,Stade Francis-Le Blé,48.402932,-4.461694
2024-12-15,16:00,France,Le Havre,Strasbourg,Ligue 1,Stade Océane,49.49889,0.16972
2024-12-15,16:00,France,Rennes,Angers,Ligue 1,Roazhon Park,48.1075,-1.71278
2024-12-15,16:00,Turkey,Fenerbahce,Buyuksehyr,Super Lig,Ülker Stadium,40.98778,29.03694
2024-12-15,16:00,Greece,Levadeiakos,Panathinaikos,Super League Greece,Levadia Municipal Stadium,38.4358972,22.8828444
2024-12-15,16:15,Spain,Salernitana,Juve Stabia,Serie B,Mestalla,39.47472,-0.35833
2024-12-15,16:30,England,Man City,Man United,Premier League,City of Manchester Stadium,53.483055555556,-2.2002777777778
2024-12-15,16:30,Germany,Dortmund,Hoffenheim,Bundesliga,Signal Iduna Park,51.4925,7.45167
2024-12-15,17:00,Italy,Como,Roma,Serie A,Stadio Giuseppe Sinigaglia,45.81389,9.07222
2024-12-15,17:00,Greece,Panetolikos,PAOK,Super League Greece,Panetolikos Stadium,38.63,21.41167
2024-12-15,17:30,Spain,Sociedad,Las Palmas,La Liga,Anoeta,43.30139,-1.97361
2024-12-15,17:30,Spain,Villarreal,Betis,La Liga,La Cerámica,39.94417,-0.10361
2024-12-15,17:30,Denmark,Santander,Huesca,Segunda Division,Cepheus Park Randers,56.46594,10.010262
2024-12-15,17:30,Belgium,St Truiden,Anderlecht,Belgian Pro League,Stayen,50.813474,5.166256
2024-12-15,18:00,Portugal,AVS,Benfica,Primeira Liga,Estádio do CD Aves,41.366932,-8.411789
2024-12-15,18:15,Belgium,Gent,Cercle Brugge,Belgian Pro League,Planet Group Arena,51.01611,3.73417
2024-12-15,18:30,Germany,RB Leipzig,Ein Frankfurt,Bundesliga,Red Bull Arena,51.34583,12.34833
2024-12-15,19:00,England,Chelsea,Brentford,Premier League,Stamford Bridge,51.481666666667,-0.19111111111111
2024-12-15,19:00,England,Southampton,Tottenham,Premier League,St Mary's Stadium,50.90583,-1.39111
2024-12-15,19:00,Netherlands,NAC Breda,AZ Alkmaar,Eredivisie,Rat Verlegh Stadion,51.595,4.75028
2024-12-15,19:45,Italy,Milan,Genoa,Serie A,San Siro,45.47806,9.12389
2024-12-15,19:45,France,Paris SG,Lyon,Ligue 1,Parc des Princes,48.84138888888889,2.2530555555555556
2024-12-15,20:00,Spain,Barcelona,Leganes,La Liga,Olímpic Lluís Companys,41.36472,2.15556
2024-12-15,20:30,Portugal,Estoril,Casa Pia,Primeira Liga,Estádio António Coimbra da Mota,38.71583,-9.40639
2024-12-16,16:00,Turkey,Ad. Demirspor,Besiktas,Super Lig,New Adana Stadium,37.06333,35.375
2024-12-16,18:00,Turkey,Galatasaray,Trabzonspor,Super Lig,Rams Park,41.10278,28.99056
2024-12-16,18:30,Greece,Athens Kallithea,Olympiakos,Super League Greece,Leoforos Alexandras Stadium,37.98722,23.75417
2024-12-16,18:45,Portugal,Sp Braga,Famalicao,Primeira Liga,Estádio Municipal de Braga,41.5625,-8.43
2024-12-16,19:45,Italy,Lazio,Inter,Serie A,Stadio Olimpico,41.93389,12.45472
2024-12-16,20:00,England,Bournemouth,West Ham,Premier League,Dean Court,50.73528,-1.83833
2024-12-16,20:15,Portugal,Porto,Estrela,Primeira Liga,Estádio do Dragão,41.1618,-8.5839
2024-12-16,20:45,Portugal,Rio Ave,Guimaraes,Primeira Liga,Estádio dos Arcos,41.36278,-8.74028
2024-12-17,18:00,Spain,Granada,Cartagena,Segunda Division,Montilivi,41.96139,2.82861
2024-12-17,20:15,Portugal,Zaragoza,Oviedo,Segunda Division,Estádio Municipal de Braga,41.5625,-8.43
2024-12-18,20:00,France,Monaco,Paris SG,Ligue 1,Stade Louis II,43.7275,7.41556
2024-12-18,20:15,Denmark,Mirandes,Sp Gijon,Segunda Division,Cepheus Park Randers,56.46594,10.010262
2024-12-18,20:30,Spain,Espanol,Valencia,La Liga,RCDE Stadium,41.34778,2.07556
2024-12-18,20:30,Spain,Villarreal,Vallecano,La Liga,La Cerámica,39.94417,-0.10361
2024-12-19,17:00,Portugal,Nacional,Benfica,Primeira Liga,Estádio da Madeira,32.670625,-16.883525
2024-12-19,18:00,Belgium,Elche,Santander,Segunda Division,AFAS-stadion Achter de Kazerne,51.037184,4.486397
2024-12-20,17:00,Turkey,Eyupspor,Fenerbahce,Super Lig,Recep Tayyip Erdoğan Stadium,41.03278,28.9725
2024-12-20,17:30,Netherlands,Fortuna Dusseldorf,Magdeburg,2. Bundesliga,Fortuna Sittard Stadion,50.992069,5.843675
2024-12-20,19:00,Netherlands,Waalwijk,Zwolle,Eredivisie,Mandemakers Stadion,51.68694,5.08861
2024-12-20,19:30,England,Cartagena,Albacete,Segunda Division,Emirates Stadium,51.55667,-0.10611
2024-12-20,19:30,Germany,Bayern Munich,RB Leipzig,Bundesliga,Allianz Arena,48.218775,11.624752777778
2024-12-20,19:30,Spain,Salernitana,Brescia,Serie B,Mestalla,39.47472,-0.35833
2024-12-20,19:45,Italy,Verona,Milan,Serie A,Stadio Marcantonio Bentegodi,45.43528,10.96861
2024-12-20,19:45,Belgium,Westerlo,Mechelen,Belgian Pro League,Het Kuipje,51.094817,4.928806
2024-12-20,20:00,France,Luton,Derby,Championship,Groupama Stadium,45.765224,4.982131
2024-12-20,20:00,Spain,Girona,Valladolid,La Liga,Montilivi,41.96139,2.82861
2024-12-20,20:15,Portugal,Casa Pia,Arouca,Primeira Liga,Estádio Municipal de Rio Maior[A],39.34444,-8.93528
2024-12-21,12:30,England,Aston Villa,Man City,Premier League,Villa Park,52.509166666667,-1.8847222222222
2024-12-21,12:30,Portugal,Portsmouth,Coventry,Championship,Estádio do Dragão,41.1618,-8.5839
2024-12-21,13:00,Spain,Getafe,Mallorca,La Liga,Coliseum,40.32556,-3.71472
2024-12-21,13:00,Turkey,Sivasspor,Samsunspor,Super Lig,BG Grup 4 Eylül Stadium,39.72833,36.98389
2024-12-21,14:00,Italy,Torino,Bologna,Serie A,Stadio Olimpico Grande Torino,45.04167,7.65
2024-12-21,14:00,Greece,Bari,Sudtirol,Serie B,Kleanthis Vikelidis Stadium,40.6,22.96944
2024-12-21,14:00,Portugal,Carrarese,Cosenza,Serie B,Estádio de São Luís,37.022861,-7.928444
2024-12-21,14:30,Germany,Ein Frankfurt,Mainz,Bundesliga,Deutsche Bank Park,50.068056,8.645806
2024-12-21,14:30,Germany,Hoffenheim,M'gladbach,Bundesliga,PreZero Arena,49.23806,8.8875
2024-12-21,14:30,Germany,Holstein Kiel,Augsburg,Bundesliga,Holstein-Stadion,54.34917,10.12361
2024-12-21,14:30,Germany,Stuttgart,St Pauli,Bundesliga,MHPArena,48.79222,9.23194
2024-12-21,14:30,Germany,Werder Bremen,Union Berlin,Bundesliga,Weserstadion,53.06639,8.8375
2024-12-21,15:00,England,Brentford,Nott'm Forest,Premier League,Brentford Community Stadium,51.49083,-0.28861
2024-12-21,15:00,England,Ipswich,Newcastle,Premier League,Portman Road,52.055,1.14528
2024-12-21,15:00,England,West Ham,Brighton,Premier League,London Stadium,51.5386,-0.0164
2024-12-21,15:00,Denmark,Burnley,Watford,Championship,Brøndby Stadium,55.64889,12.41861
2024-12-21,15:00,Belgium,Charleroi,St Truiden,Belgian Pro League,Stade du Pays de Charleroi,50.414609,4.453787
2024-12-21,15:15,Spain,Celta,Sociedad,La Liga,Balaídos,42.2118,-8.7397
2024-12-21,15:30,Netherlands,Go Ahead Eagles,NAC Breda,Eredivisie,De Adelaarshorst,52.260416,6.172578
2024-12-21,15:30,Portugal,Famalicao,Farense,Primeira Liga,Estádio Municipal de Famalicão,41.40139,-8.5225
2024-12-21,16:00,Turkey,Besiktas,Alanyaspor,Super Lig,Tüpraş Stadium,41.03917,28.99472
2024-12-21,16:15,Italy,Modena,Pisa,Serie B,Stadio Brianteo,45.58278,9.30806
2024-12-21,17:00,Italy,Genoa,Napoli,Serie A,Stadio Luigi Ferraris,44.41639,8.9525
2024-12-21,17:00,Greece,Olympiakos,Lamia,Super League Greece,Karaiskakis Stadium,37.94611,23.66444
2024-12-21,17:15,Belgium,Dender,Antwerp,Belgian Pro League,Van Roystadion,50.883683,4.071185
2024-12-21,17:30,England,Crystal Palace,Arsenal,Premier League,Selhurst Park,51.39833,-0.08556
2024-12-21,17:30,Spain,Osasuna,Ath Bilbao,La Liga,El Sadar,42.79667,-1.63694
2024-12-21,17:30,Portugal,Zaragoza,Ferrol,Segunda Division,Estádio Municipal de Braga,41.5625,-8.43
2024-12-21,17:30,Germany,Leverkusen,Freiburg,Bundesliga,BayArena,51.03833,7.00222
2024-12-21,17:45,Netherlands,Almere City,Heerenveen,Eredivisie,Yanmar Stadion,52.3944,5.2405
2024-12-21,18:00,Portugal,Boavista,AVS,Primeira Liga,Estádio do Bessa,41.16222,-8.64278
2024-12-21,19:45,Italy,Lecce,Lazio,Serie A,Stadio Via del mare,40.36528,18.20889
2024-12-21,19:45,Belgium,Beerschot VA,Kortrijk,Belgian Pro League,Olympisch Stadion,51.185,4.38222
2024-12-21,20:00,Spain,Barcelona,Ath Madrid,La Liga,Olímpic Lluís Companys,41.36472,2.15556
2024-12-21,20:30,Portugal,Moreirense,Porto,Primeira Liga,Estádio Comendador Joaquim de Almeida Freitas,41.37806,-8.35472
2024-12-22,10:30,Turkey,Gaziantep,Antalyaspor,Super Lig,Gaziantep Stadium,37.12389,37.3825
2024-12-22,11:15,Netherlands,Sparta Rotterdam,Ajax,Eredivisie,Spartastadion Het Kasteel,51.919485,4.433619
2024-12-22,11:30,Italy,Roma,Parma,Serie A,Stadio Olimpico,41.93389,12.45472
2024-12-22,12:30,France,Regensburg,Darmstadt,2. Bundesliga,Stade de la Meinau,48.56,7.755
2024-12-22,12:30,Belgium,Genk,Anderlecht,Belgian Pro League,Cegeka Arena,51.005,5.53333
2024-12-22,13:00,Spain,Valencia,Alaves,La Liga,Mestalla,39.47472,-0.35833
2024-12-22,13:00,Turkey,Goztep,Rizespor,Super Lig,Gürsel Aksel Stadium,38.396821,27.07595
2024-12-22,13:00,Turkey,Kayserispor,Galatasaray,Super Lig,RHG Enertürk Enerji Stadium,38.73722,35.42306
2024-12-22,13:30,Netherlands,PSV Eindhoven,Feyenoord,Eredivisie,Philips Stadion,51.44167,5.4675
2024-12-22,13:30,Netherlands,Utrecht,For Sittard,Eredivisie,Stadion Galgenwaard,52.07833,5.14583
2024-12-22,13:30,Greece,Panserraikos,Panetolikos,Super League Greece,Serres Municipal Stadium,41.0847,23.5466
2024-12-22,14:00,England,Everton,Chelsea,Premier League,Goodison Park,53.438888888889,-2.9663888888889
2024-12-22,14:00,England,Fulham,Southampton,Premier League,Craven Cottage,51.475,-0.22166666666667
2024-12-22,14:00,England,Leicester,Wolves,Premier League,King Power Stadium,52.620277777778,-1.1422222222222
2024-12-22,14:00,England,Man United,Bournemouth,Premier League,Old Trafford,53.463055555556,-2.2913888888889
2024-12-22,14:00,Italy,Venezia,Cagliari,Serie A,Stadio Pier Luigi Penzo,45.4277611,12.3637306
2024-12-22,14:30,Germany,Bochum,Heidenheim,Bundesliga,Vonovia Ruhrstadion,51.49,7.23667
2024-12-22,15:00,Belgium,West Brom,Bristol City,Championship,Het Kuipje,51.094817,4.928806
2024-12-22,15:00,Belgium,Standard,Gent,Belgian Pro League,Stade Maurice Dufrasne,50.61,5.54333
2024-12-22,15:15,Spain,Real Madrid,Sevilla,La Liga,Santiago Bernabéu,40.45306,-3.68835
2024-12-22,15:45,Netherlands,Willem II,Nijmegen,Eredivisie,Koning Willem II Stadion,51.54278,5.06694
2024-12-22,16:00,Turkey,Trabzonspor,Bodrumspor,Super Lig,Papara Park,40.99917,39.64583
2024-12-22,16:00,Greece,Panathinaikos,Athens Kallithea,Super League Greece,Athens Olympic Stadium,38.03606806,23.7876
2024-12-22,16:15,France,Cremonese,Sampdoria,Serie B,Roazhon Park,48.1075,-1.71278
2024-12-22,16:30,England,Tottenham,Liverpool,Premier League,Tottenham Hotspur Stadium,51.6044,-0.0664
2024-12-22,16:30,Germany,Wolfsburg,Dortmund,Bundesliga,Volkswagen Arena,52.43278,10.80389
2024-12-22,17:00,Italy,Atalanta,Empoli,Serie A,Gewiss Stadium,45.70889,9.68083
2024-12-22,17:00,Portugal,Santa Clara,Sp Braga,Primeira Liga,Estádio de São Miguel,37.763694,-25.622611
2024-12-22,17:30,Spain,Las Palmas,Espanol,La Liga,Gran Canaria,28.10028,-15.45667
2024-12-22,17:30,Spain,Leganes,Villarreal,La Liga,Municipal de Butarque,40.3404,-3.7607
2024-12-22,17:30,Spain,Almeria,Cadiz,Segunda Division,Mestalla,39.47472,-0.35833
2024-12-22,17:30,Denmark,Santander,Eldense,Segunda Division,Cepheus Park Randers,56.46594,10.010262
2024-12-22,17:30,Greece,PAOK,Atromitos,Super League Greece,Toumba Stadium,40.61389,22.9725
2024-12-22,18:15,Belgium,Cercle Brugge,Oud-Heverlee Leuven,Belgian Pro League,Jan Breydel Stadium,51.19333,3.18056
2024-12-22,19:45,Italy,Monza,Juventus,Serie A,Stadio Brianteo,45.58278,9.30806
2024-12-22,20:00,Spain,Betis,Vallecano,La Liga,Benito Villamarín,37.35639,-5.98139
2024-12-22,20:00,Spain,Levante,Huesca,Segunda Division,Municipal de Butarque,40.3404,-3.7607
2024-12-22,20:30,Portugal,Gil Vicente,Sp Lisbon,Primeira Liga,Estádio Cidade de Barcelos,41.551,-8.623
2024-12-23,13:00,Greece,Asteras Tripolis,Aris,Super League Greece,Theodoros Kolokotronis Stadium,37.5025,22.38861
2024-12-23,17:00,Turkey,Buyuksehyr,Kasimpasa,Super Lig,Başakşehir Fatih Terim Stadium,41.12278,28.80861
2024-12-23,17:00,Turkey,Hatayspor,Ad. Demirspor,Super Lig,Mersin Stadium[note 1],36.82056,34.53861
2024-12-23,17:30,Italy,Fiorentina,Udinese,Serie A,Stadio Artemio Franchi,43.78083,11.28222
2024-12-23,18:45,Portugal,Benfica,Estoril,Primeira Liga,Estádio da Luz,38.7527,-9.1847
2024-12-23,18:45,Portugal,Guimaraes,Nacional,Primeira Liga,Estádio D. Afonso Henriques,41.44583,-8.30111
2024-12-23,20:45,Portugal,Estrela,Rio Ave,Primeira Liga,Estádio José Gomes,38.75194,-9.22806
2024-12-26,12:30,England,Man City,Everton,Premier League,City of Manchester Stadium,53.483055555556,-2.2002777777778
2024-12-26,12:30,Belgium,Antwerp,Genk,Belgian Pro League,Bosuilstadion,51.2325,4.47222
2024-12-26,14:00,France,Brescia,Modena,Serie B,Stade Francis-Le Blé,48.402932,-4.461694
2024-12-26,14:00,England,Cesena,Cremonese,Serie B,Stamford Bridge,51.481666666667,-0.19111111111111
2024-12-26,14:00,Italy,Cosenza,Catanzaro,Serie B,Stadio Brianteo,45.58278,9.30806
2024-12-26,14:00,Italy,Spezia,Mantova,Serie B,Stadio Pier Luigi Penzo,45.4277611,12.3637306
2024-12-26,14:00,Austria,Sudtirol,Cittadella,Serie B,Tivoli Stadion Tirol,47.25583,11.41083
2024-12-26,15:00,England,Bournemouth,Crystal Palace,Premier League,Dean Court,50.73528,-1.83833
2024-12-26,15:00,England,Chelsea,Fulham,Premier League,Stamford Bridge,51.481666666667,-0.19111111111111
2024-12-26,15:00,England,Newcastle,Aston Villa,Premier League,St James' Park,54.975555555556,-1.6216666666667
2024-12-26,15:00,England,Nott'm Forest,Tottenham,Premier League,City Ground,52.94,-1.13278
2024-12-26,15:00,England,Southampton,West Ham,Premier League,St Mary's Stadium,50.90583,-1.39111
2024-12-26,15:00,England,Bristol City,Luton,Championship,King Power Stadium,52.620277777778,-1.1422222222222
2024-12-26,15:00,Croatia,Norwich,Millwall,Championship,ŠRC Velika Gorica,45.724,16.0732
2024-12-26,15:00,Portugal,Preston,Hull,Championship,Estádio do Dragão,41.1618,-8.5839
2024-12-26,15:00,England,Sheffield United,Burnley,Championship,Old Trafford,53.463055555556,-2.2913888888889
2024-12-26,15:00,England,Watford,Portsmouth,Championship,Brentford Community Stadium,51.49083,-0.28861
2024-12-26,15:00,Belgium,Club Brugge,Westerlo,Belgian Pro League,Jan Breydel Stadium,51.19333,3.18056
2024-12-26,15:00,Belgium,Kortrijk,Charleroi,Belgian Pro League,Guldensporen Stadion,50.830432,3.248906
2024-12-26,17:00,Italy,Palermo,Bari,Serie B,Stadio Ennio Tardini,44.795,10.33833
2024-12-26,17:30,England,Wolves,Man United,Premier League,Molineux Stadium,52.59028,-2.13028
2024-12-26,17:30,Belgium,Mechelen,Standard,Belgian Pro League,AFAS-stadion Achter de Kazerne,51.037184,4.486397
2024-12-26,19:30,Turkey,Sampdoria,Carrarese,Serie B,Samsun 19 Mayıs Stadium,41.22778,36.4575
2024-12-26,19:45,Belgium,Gent,St. Gilloise,Belgian Pro League,Planet Group Arena,51.01611,3.73417
2024-12-26,20:00,England,Liverpool,Leicester,Premier League,Anfield,53.4308,-2.9608
2024-12-27,17:30,Belgium,Oud-Heverlee Leuven,Beerschot VA,Belgian Pro League,Den Dreef,50.86833,4.69417
2024-12-27,19:30,England,Brighton,Brentford,Premier League,Falmer Stadium,50.861822222222,-0.083277777777778
2024-12-27,19:45,Belgium,Anderlecht,Dender,Belgian Pro League,Lotto Park,50.83417,4.29833
2024-12-27,19:45,Belgium,St Truiden,Cercle Brugge,Belgian Pro League,Stayen,50.813474,5.166256
2024-12-27,20:15,England,Arsenal,Ipswich,Premier League,Emirates Stadium,51.55667,-0.10611
2024-12-27,20:15,Portugal,Arouca,Gil Vicente,Primeira Liga,Estádio Municipal de Arouca,40.933,-8.2503
2024-12-28,14:00,Italy,Empoli,Genoa,Serie A,Stadio Carlo Castellani - Computer Gross Arena,43.72639,10.955
2024-12-28,14:00,Italy,Parma,Monza,Serie A,Stadio Ennio Tardini,44.795,10.33833
2024-12-28,15:30,Portugal,AVS,Estrela,Primeira Liga,Estádio do CD Aves,41.366932,-8.411789
2024-12-28,17:00,Italy,Cagliari,Inter,Serie A,Unipol Domus,39.2,9.1375
2024-12-28,18:00,Portugal,Estoril,Moreirense,Primeira Liga,Estádio António Coimbra da Mota,38.71583,-9.40639
2024-12-28,19:45,Italy,Lazio,Atalanta,Serie A,Stadio Olimpico,41.93389,12.45472
2024-12-28,20:30,Portugal,Porto,Boavista,Primeira Liga,Estádio do Dragão,41.1618,-8.5839
2024-12-29,11:30,Italy,Udinese,Torino,Serie A,Stadio Friuli,46.0816,13.2001
2024-12-29,11:30,France,Cremonese,Brescia,Serie B,Roazhon Park,48.1075,-1.71278
2024-12-29,12:30,Croatia,Norwich,QPR,Championship,ŠRC Velika Gorica,45.724,16.0732
2024-12-29,12:30,Portugal,Preston,Sheffield Weds,Championship,Estádio do Dragão,41.1618,-8.5839
2024-12-29,12:30,England,Sheffield United,West Brom,Championship,Old Trafford,53.463055555556,-2.2913888888889
2024-12-29,14:00,Italy,Napoli,Venezia,Serie A,Stadio Diego Armando Maradona,40.828,14.193
2024-12-29,14:00,Greece,Bari,Spezia,Serie B,Kleanthis Vikelidis Stadium,40.6,22.96944
2024-12-29,14:00,Portugal,Carrarese,Cesena,Serie B,Estádio de São Luís,37.022861,-7.928444
2024-12-29,14:00,Italy,Modena,Sudtirol,Serie B,Stadio Brianteo,45.58278,9.30806
2024-12-29,14:30,England,Leicester,Man City,Premier League,King Power Stadium,52.620277777778,-1.1422222222222
2024-12-29,15:00,England,Crystal Palace,Southampton,Premier League,Selhurst Park,51.39833,-0.08556
2024-12-29,15:00,England,Everton,Nott'm Forest,Premier League,Goodison Park,53.438888888889,-2.9663888888889
2024-12-29,15:00,England,Fulham,Bournemouth,Premier League,Craven Cottage,51.475,-0.22166666666667
2024-12-29,15:00,England,Tottenham,Wolves,Premier League,Tottenham Hotspur Stadium,51.6044,-0.0664
2024-12-29,15:00,England,Bristol City,Portsmouth,Championship,King Power Stadium,52.620277777778,-1.1422222222222
2024-12-29,15:00,England,Watford,Cardiff,Championship,Brentford Community Stadium,51.49083,-0.28861
2024-12-29,15:30,Portugal,Farense,Guimaraes,Primeira Liga,Estádio de São Luís,37.022861,-7.928444
2024-12-29,15:30,Portugal,Rio Ave,Nacional,Primeira Liga,Estádio dos Arcos,41.36278,-8.74028
2024-12-29,17:00,Italy,Juventus,Fiorentina,Serie A,Juventus Stadium,45.10944,7.64111
2024-12-29,17:15,England,West Ham,Liverpool,Premier League,London Stadium,51.5386,-0.0164
2024-12-29,18:00,Portugal,Sp Braga,Casa Pia,Primeira Liga,Estádio Municipal de Braga,41.5625,-8.43
2024-12-29,18:30,Turkey,Sampdoria,Pisa,Serie B,Samsun 19 Mayıs Stadium,41.22778,36.4575
2024-12-29,19:45,Italy,Milan,Roma,Serie A,San Siro,45.47806,9.12389
2024-12-30,17:30,Italy,Como,Lecce,Serie A,Stadio Giuseppe Sinigaglia,45.81389,9.07222
2024-12-30,19:45,England,Aston Villa,Brighton,Premier League,Villa Park,52.509166666667,-1.8847222222222
2024-12-30,19:45,England,Ipswich,Chelsea,Premier League,Portman Road,52.055,1.14528
2024-12-30,19:45,Italy,Bologna,Verona,Serie A,Stadio Renato Dall'Ara,44.49222,11.30972
2024-12-30,20:00,England,Man United,Newcastle,Premier League,Old Trafford,53.463055555556,-2.2913888888889
2024-12-30,20:15,Portugal,Famalicao,Santa Clara,Primeira Liga,Estádio Municipal de Famalicão,41.40139,-8.5225
2025-01-01,15:00,Denmark,Burnley,Stoke,Championship,Brøndby Stadium,55.64889,12.41861
2025-01-01,15:00,France,Luton,Norwich,Championship,Groupama Stadium,45.765224,4.982131
2025-01-01,15:00,Portugal,Portsmouth,Swansea,Championship,Estádio do Dragão,41.1618,-8.5839
2025-01-01,15:00,Belgium,West Brom,Preston,Championship,Het Kuipje,51.094817,4.928806
2025-01-01,17:30,England,Brentford,Arsenal,Premier League,Brentford Community Stadium,51.49083,-0.28861
2025-01-03,17:00,Turkey,Alanyaspor,Konyaspor,Super Lig,Alanya Oba Stadium,36.5626,32.0792
2025-01-03,17:00,Turkey,Rizespor,Besiktas,Super Lig,Rize City Stadium,41.04202,40.5733
2025-01-03,19:00,Portugal,Amiens,Troyes,Ligue 2,Estádio Comendador Joaquim de Almeida Freitas,41.37806,-8.35472
2025-01-03,19:00,Italy,Grenoble,Bastia,Ligue 2,Stadio Luigi Ferraris,44.41639,8.9525
2025-01-03,19:00,Greece,Paris FC,Martigues,Ligue 2,Kleanthis Vikelidis Stadium,40.6,22.96944
2025-01-03,20:00,Spain,Valencia,Real Madrid,La Liga,Mestalla,39.47472,-0.35833
2025-01-03,20:00,France,Nice,Rennes,Ligue 1,Allianz Riviera,43.70528,7.1925
2025-01-03,20:15,Portugal,Guimaraes,Sp Lisbon,Primeira Liga,Estádio D. Afonso Henriques,41.44583,-8.30111
2025-01-04,10:30,Turkey,Ad. Demirspor,Buyuksehyr,Super Lig,New Adana Stadium,37.06333,35.375
2025-01-04,12:30,England,Tottenham,Newcastle,Premier League,Tottenham Hotspur Stadium,51.6044,-0.0664
2025-01-04,13:00,Turkey,Antalyaspor,Eyupspor,Super Lig,Corendon Airlines Park,36.888278,30.668444
2025-01-04,14:00,Italy,Venezia,Empoli,Serie A,Stadio Pier Luigi Penzo,45.4277611,12.3637306
2025-01-04,15:00,England,Aston Villa,Leicester,Premier League,Villa Park,52.509166666667,-1.8847222222222
2025-01-04,15:00,England,Bournemouth,Everton,Premier League,Dean Court,50.73528,-1.83833
2025-01-04,15:00,England,Crystal Palace,Chelsea,Premier League,Selhurst Park,51.39833,-0.08556
2025-01-04,15:00,England,Man City,West Ham,Premier League,City of Manchester Stadium,53.483055555556,-2.2002777777778
2025-01-04,15:00,England,Southampton,Brentford,Premier League,St Mary's Stadium,50.90583,-1.39111
2025-01-04,15:00,England,Bristol City,Derby,Championship,King Power Stadium,52.620277777778,-1.1422222222222
2025-01-04,15:00,Croatia,Norwich,Coventry,Championship,ŠRC Velika Gorica,45.724,16.0732
2025-01-04,15:00,Portugal,Preston,Oxford,Championship,Estádio do Dragão,41.1618,-8.5839
2025-01-04,15:00,England,Watford,Sheffield United,Championship,Brentford Community Stadium,51.49083,-0.28861
2025-01-04,15:00,Greece,Athens Kallithea,Lamia,Super League Greece,Leoforos Alexandras Stadium,37.98722,23.75417
2025-01-04,15:30,Portugal,Moreirense,AVS,Primeira Liga,Estádio Comendador Joaquim de Almeida Freitas,41.37806,-8.35472
2025-01-04,16:00,France,St Etienne,Reims,Ligue 1,Stade Geoffroy Guichard,45.46083,4.39028
2025-01-04,16:00,Turkey,Galatasaray,Goztep,Super Lig,Rams Park,41.10278,28.99056
2025-01-04,17:00,Italy,Fiorentina,Napoli,Serie A,Stadio Artemio Franchi,43.78083,11.28222
2025-01-04,17:00,Turkey,Samsunspor,Trabzonspor,Super Lig,Samsun 19 Mayıs Stadium,41.22778,36.4575
2025-01-04,17:30,England,Brighton,Arsenal,Premier League,Falmer Stadium,50.861822222222,-0.083277777777778
2025-01-04,18:00,France,Lille,Nantes,Ligue 1,Decathlon Arena Pierre Mauroy Stadium,50.6119,3.1304
2025-01-04,18:00,Portugal,Benfica,Sp Braga,Primeira Liga,Estádio da Luz,38.7527,-9.1847
2025-01-04,19:00,Greece,Laval,Lorient,Ligue 2,Lamia Municipal Stadium,38.91,22.43111
2025-01-04,19:45,Italy,Verona,Udinese,Serie A,Stadio Marcantonio Bentegodi,45.43528,10.96861
2025-01-04,20:00,France,Lyon,Montpellier,Ligue 1,Groupama Stadium,45.765224,4.982131
2025-01-04,20:30,Portugal,Boavista,Arouca,Primeira Liga,Estádio do Bessa,41.16222,-8.64278
2025-01-05,11:30,Italy,Monza,Cagliari,Serie A,Stadio Brianteo,45.58278,9.30806
2025-01-05,13:00,Greece,Levadeiakos,Panserraikos,Super League Greece,Levadia Municipal Stadium,38.4358972,22.8828444
2025-01-05,14:00,England,Fulham,Ipswich,Premier League,Craven Cottage,51.475,-0.22166666666667
2025-01-05,14:00,Italy,Lecce,Genoa,Serie A,Stadio Via del mare,40.36528,18.20889
2025-01-05,14:00,France,Angers,Brest,Ligue 1,Stade Raymond Kopa,47.460458,-0.530741
2025-01-05,14:00,France,Lens,Toulouse,Ligue 1,Stade Bollaert-Delelis,50.43278,2.815
2025-01-05,14:00,France,Strasbourg,Auxerre,Ligue 1,Stade de la Meinau,48.56,7.755
2025-01-05,14:30,Greece,Aris,OFI Crete,Super League Greece,Kleanthis Vikelidis Stadium,40.6,22.96944
2025-01-05,15:00,Greece,Volos NFC,AEK,Super League Greece,Panthessaliko Stadium,39.3875,22.93111
2025-01-05,15:30,Portugal,Santa Clara,Farense,Primeira Liga,Estádio de São Miguel,37.763694,-25.622611
2025-01-05,16:00,Turkey,Fenerbahce,Hatayspor,Super Lig,Ülker Stadium,40.98778,29.03694
2025-01-05,16:30,England,Liverpool,Man United,Premier League,Anfield,53.4308,-2.9608
2025-01-05,17:00,Italy,Torino,Parma,Serie A,Stadio Olimpico Grande Torino,45.04167,7.65
2025-01-05,17:30,Greece,Atromitos,Asteras Tripolis,Super League Greece,Peristeri Stadium,38.00472,23.68972
2025-01-05,18:00,Portugal,Casa Pia,Famalicao,Primeira Liga,Estádio Municipal de Rio Maior[A],39.34444,-8.93528
2025-01-05,18:30,Greece,Panathinaikos,PAOK,Super League Greece,Athens Olympic Stadium,38.03606806,23.7876
2025-01-05,19:45,Italy,Roma,Lazio,Serie A,Stadio Olimpico,41.93389,12.45472
2025-01-05,19:45,France,Marseille,Le Havre,Ligue 1,Orange Vélodrome,43.26972,5.39583
2025-01-05,20:30,Portugal,Estrela,Estoril,Primeira Liga,Estádio José Gomes,38.75194,-9.22806
2025-01-06,16:00,Greece,Panetolikos,Olympiakos,Super League Greece,Panetolikos Stadium,38.63,21.41167
2025-01-06,20:00,England,Wolves,Nott'm Forest,Premier League,Molineux Stadium,52.59028,-2.13028
2025-01-06,20:15,Portugal,Gil Vicente,Rio Ave,Primeira Liga,Estádio Cidade de Barcelos,41.551,-8.623
2025-01-10,18:00,France,Nantes,Monaco,Ligue 1,Stade de la Beaujoire,47.256,-1.525
2025-01-10,19:00,Netherlands,Annecy,Guingamp,Ligue 2,Goffertstadion,51.8225,5.83667
2025-01-10,19:00,Greece,Laval,Red Star,Ligue 2,Lamia Municipal Stadium,38.91,22.43111
2025-01-10,19:00,Greece,Martigues,Clermont,Ligue 2,Kleanthis Vikelidis Stadium,40.6,22.96944
2025-01-10,19:00,Netherlands,For Sittard,Go Ahead Eagles,Eredivisie,Fortuna Sittard Stadion,50.992069,5.843675
2025-01-10,19:30,Spain,Granada,Burgos,Segunda Division,Montilivi,41.96139,2.82861
2025-01-10,19:30,Germany,Dortmund,Leverkusen,Bundesliga,Signal Iduna Park,51.4925,7.45167
2025-01-10,19:45,Italy,Lazio,Como,Serie A,Stadio Olimpico,41.93389,12.45472
2025-01-10,19:45,Belgium,Standard,Kortrijk,Belgian Pro League,Stade Maurice Dufrasne,50.61,5.54333
2025-01-10,20:00,Spain,Vallecano,Celta,La Liga,Vallecas,40.39194,-3.65889
2025-01-10,20:05,France,Auxerre,Lille,Ligue 1,Stade Abbé Deschamps,47.7867528,3.5886639
2025-01-11,10:30,Turkey,Kayserispor,Samsunspor,Super Lig,RHG Enertürk Enerji Stadium,38.73722,35.42306
2025-01-11,13:00,Spain,Alaves,Girona,La Liga,Mendizorrotza,42.8371111,-2.6880444
2025-01-11,13:00,Portugal,Bastia,Ajaccio,Ligue 2,Estádio do Bessa,41.16222,-8.64278
2025-01-11,13:00,Greece,Paris FC,Amiens,Ligue 2,Kleanthis Vikelidis Stadium,40.6,22.96944
2025-01-11,13:00,Turkey,Hatayspor,Rizespor,Super Lig,Mersin Stadium[note 1],36.82056,34.53861
2025-01-11,14:00,Italy,Empoli,Lecce,Serie A,Stadio Carlo Castellani - Computer Gross Arena,43.72639,10.955
2025-01-11,14:00,Italy,Udinese,Atalanta,Serie A,Stadio Friuli,46.0816,13.2001
2025-01-11,14:30,Germany,Freiburg,Holstein Kiel,Bundesliga,Europa-Park Stadion,48.0216,7.8297
2025-01-11,14:30,Germany,Heidenheim,Union Berlin,Bundesliga,Voith-Arena,48.66861,10.13944
2025-01-11,14:30,Germany,Hoffenheim,Wolfsburg,Bundesliga,PreZero Arena,49.23806,8.8875
2025-01-11,14:30,Germany,Mainz,Bochum,Bundesliga,Mewa Arena,49.98417,8.22417
2025-01-11,14:30,Germany,St Pauli,Ein Frankfurt,Bundesliga,Millerntor-Stadion,53.554583,9.967667
2025-01-11,15:00,Belgium,Westerlo,St Truiden,Belgian Pro League,Het Kuipje,51.094817,4.928806
2025-01-11,15:15,Spain,Valladolid,Betis,La Liga,José Zorrilla,41.64444,-4.76111
2025-01-11,15:30,Netherlands,Heracles,Sparta Rotterdam,Eredivisie,Asito Stadion[3],52.33889,6.65056
2025-01-11,16:00,France,Brest,Lyon,Ligue 1,Stade Francis-Le Blé,48.402932,-4.461694
2025-01-11,16:00,Turkey,Besiktas,Bodrumspor,Super Lig,Tüpraş Stadium,41.03917,28.99472
2025-01-11,17:00,Italy,Torino,Juventus,Serie A,Stadio Olimpico Grande Torino,45.04167,7.65
2025-01-11,17:15,Belgium,Genk,Oud-Heverlee Leuven,Belgian Pro League,Cegeka Arena,51.005,5.53333
2025-01-11,17:30,Spain,Espanol,Leganes,La Liga,RCDE Stadium,41.34778,2.07556
2025-01-11,17:45,Netherlands,Ajax,Waalwijk,Eredivisie,Johan Cruyff Arena,52.31417,4.94194
2025-01-11,18:00,France,Reims,Nice,Ligue 1,Stade Auguste Delaune,49.24667,4.025
2025-01-11,18:30,Greece,Olympiakos,Aris,Super League Greece,Karaiskakis Stadium,37.94611,23.66444
2025-01-11,19:00,Italy,Lorient,Metz,Ligue 2,Stadio Olimpico Grande Torino,45.04167,7.65
2025-01-11,19:00,Netherlands,Zwolle,Nijmegen,Eredivisie,MAC³PARK Stadion,52.51722,6.12083
2025-01-11,19:45,Italy,Milan,Cagliari,Serie A,San Siro,45.47806,9.12389
2025-01-11,19:45,Belgium,Charleroi,St. Gilloise,Belgian Pro League,Stade du Pays de Charleroi,50.414609,4.453787
2025-01-11,20:00,Spain,Sevilla,Valencia,La Liga,Ramón Sánchez-Pizjuán,37.384,-5.9705
2025-01-11,20:00,Netherlands,PSV Eindhoven,AZ Alkmaar,Eredivisie,Philips Stadion,51.44167,5.4675
2025-01-11,20:05,France,Rennes,Marseille,Ligue 1,Roazhon Park,48.1075,-1.71278
2025-01-12,10:30,Turkey,Sivasspor,Alanyaspor,Super Lig,BG Grup 4 Eylül Stadium,39.72833,36.98389
2025-01-12,11:15,Netherlands,Twente,Willem II,Eredivisie,De Grolsch Veste,52.23667,6.8375
2025-01-12,11:30,Italy,Genoa,Parma,Serie A,Stadio Luigi Ferraris,44.41639,8.9525
2025-01-12,11:30,Spain,Salernitana,Sassuolo,Serie B,Mestalla,39.47472,-0.35833
2025-01-12,12:30,Belgium,Beerschot VA,Antwerp,Belgian Pro League,Olympisch Stadion,51.185,4.38222
2025-01-12,13:00,Spain,Las Palmas,Getafe,La Liga,Gran Canaria,28.10028,-15.45667
2025-01-12,13:00,Turkey,Trabzonspor,Antalyaspor,Super Lig,Papara Park,40.99917,39.64583
2025-01-12,13:30,Netherlands,Feyenoord,Utrecht,Eredivisie,De Kuip,51.89389,4.52306
2025-01-12,13:30,Netherlands,Groningen,Almere City,Eredivisie,Euroborg,53.20611,6.59139
2025-01-12,14:00,Italy,Venezia,Inter,Serie A,Stadio Pier Luigi Penzo,45.4277611,12.3637306
2025-01-12,14:00,Italy,Cosenza,Mantova,Serie B,Stadio Brianteo,45.58278,9.30806
2025-01-12,14:00,Italy,Palermo,Modena,Serie B,Stadio Ennio Tardini,44.795,10.33833
2025-01-12,14:00,Italy,Spezia,Juve Stabia,Serie B,Stadio Pier Luigi Penzo,45.4277611,12.3637306
2025-01-12,14:00,Austria,Sudtirol,Catanzaro,Serie B,Tivoli Stadion Tirol,47.25583,11.41083
2025-01-12,14:00,France,Le Havre,Lens,Ligue 1,Stade Océane,49.49889,0.16972
2025-01-12,14:30,Germany,RB Leipzig,Werder Bremen,Bundesliga,Red Bull Arena,51.34583,12.34833
2025-01-12,14:30,Greece,Panserraikos,Panathinaikos,Super League Greece,Serres Municipal Stadium,41.0847,23.5466
2025-01-12,15:00,Belgium,Dender,Gent,Belgian Pro League,Van Roystadion,50.883683,4.071185
2025-01-12,15:00,Greece,Lamia,Atromitos,Super League Greece,Lamia Municipal Stadium,38.91,22.43111
2025-01-12,15:15,Spain,Ath Madrid,Osasuna,La Liga,Santiago Bernabéu,40.45306,-3.68835
2025-01-12,15:15,Belgium,Elche,Zaragoza,Segunda Division,AFAS-stadion Achter de Kazerne,51.037184,4.486397
2025-01-12,15:30,Portugal,Nacional,Porto,Primeira Liga,Estádio da Madeira,32.670625,-16.883525
2025-01-12,15:45,Netherlands,NAC Breda,Heerenveen,Eredivisie,Rat Verlegh Stadion,51.595,4.75028
2025-01-12,16:00,Turkey,Buyuksehyr,Galatasaray,Super Lig,Başakşehir Fatih Terim Stadium,41.12278,28.80861
2025-01-12,16:00,Turkey,Gaziantep,Ad. Demirspor,Super Lig,Gaziantep Stadium,37.12389,37.3825
2025-01-12,16:15,England,Cesena,Cittadella,Serie B,Stamford Bridge,51.481666666667,-0.19111111111111
2025-01-12,16:15,France,Montpellier,Angers,Ligue 1,Stade de la Mosson,43.62222,3.81194
2025-01-12,16:15,France,Toulouse,Strasbourg,Ligue 1,Stadium de Toulouse,43.58306,1.43417
2025-01-12,16:30,Germany,Augsburg,Stuttgart,Bundesliga,WWK Arena,48.32306,10.88611
2025-01-12,17:00,Italy,Bologna,Roma,Serie A,Stadio Renato Dall'Ara,44.49222,11.30972
2025-01-12,17:30,Belgium,Anderlecht,Club Brugge,Belgian Pro League,Lotto Park,50.83417,4.29833
2025-01-12,17:30,Greece,PAOK,Volos NFC,Super League Greece,Toumba Stadium,40.61389,22.9725
2025-01-12,18:15,Belgium,Cercle Brugge,Mechelen,Belgian Pro League,Jan Breydel Stadium,51.19333,3.18056
2025-01-12,18:30,France,Brescia,Sampdoria,Serie B,Stade Francis-Le Blé,48.402932,-4.461694
2025-01-12,19:45,Italy,Napoli,Verona,Serie A,Stadio Diego Armando Maradona,40.828,14.193
2025-01-12,19:45,France,Paris SG,St Etienne,Ligue 1,Parc des Princes,48.84138888888889,2.2530555555555556
2025-01-13,16:00,Greece,Asteras Tripolis,Panetolikos,Super League Greece,Theodoros Kolokotronis Stadium,37.5025,22.38861
2025-01-13,17:00,Turkey,Goztep,Kasimpasa,Super Lig,Gürsel Aksel Stadium,38.396821,27.07595
2025-01-13,17:00,Turkey,Konyaspor,Fenerbahce,Super Lig,Konya Metropolitan Municipality Stadium,37.946,32.488
2025-01-13,19:30,France,Eldense,Eibar,Segunda Division,Stade Bollaert-Delelis,50.43278,2.815
2025-01-13,19:45,Italy,Monza,Fiorentina,Serie A,Stadio Brianteo,45.58278,9.30806
2025-01-13,20:00,Spain,Sociedad,Villarreal,La Liga,Anoeta,43.30139,-1.97361
2025-01-14,17:30,Germany,Holstein Kiel,Dortmund,Bundesliga,Holstein-Stadion,54.34917,10.12361
2025-01-14,17:30,Italy,Como,Milan,Serie A,Stadio Giuseppe Sinigaglia,45.81389,9.07222
2025-01-14,19:30,England,Brentford,Man City,Premier League,Brentford Community Stadium,51.49083,-0.28861
2025-01-14,19:30,England,Chelsea,Bournemouth,Premier League,Stamford Bridge,51.481666666667,-0.19111111111111
2025-01-14,19:30,England,West Ham,Fulham,Premier League,London Stadium,51.5386,-0.0164
2025-01-14,19:30,Germany,Ein Frankfurt,Freiburg,Bundesliga,Deutsche Bank Park,50.068056,8.645806
2025-01-14,19:30,Germany,Leverkusen,Mainz,Bundesliga,BayArena,51.03833,7.00222
2025-01-14,19:30,Germany,Wolfsburg,M'gladbach,Bundesliga,Volkswagen Arena,52.43278,10.80389
2025-01-14,19:45,Italy,Atalanta,Juventus,Serie A,Gewiss Stadium,45.70889,9.68083
2025-01-14,20:00,England,Nott'm Forest,Liverpool,Premier League,City Ground,52.94,-1.13278
2025-01-15,17:30,Germany,Bochum,St Pauli,Bundesliga,Vonovia Ruhrstadion,51.49,7.23667
2025-01-15,19:30,England,Everton,Aston Villa,Premier League,Goodison Park,53.438888888889,-2.9663888888889
2025-01-15,19:30,England,Leicester,Crystal Palace,Premier League,King Power Stadium,52.620277777778,-1.1422222222222
2025-01-15,19:30,England,Newcastle,Wolves,Premier League,St James' Park,54.975555555556,-1.6216666666667
2025-01-15,19:30,Germany,Bayern Munich,Hoffenheim,Bundesliga,Allianz Arena,48.218775,11.624752777778
2025-01-15,19:30,Germany,Stuttgart,RB Leipzig,Bundesliga,MHPArena,48.79222,9.23194
2025-01-15,19:30,Germany,Union Berlin,Augsburg,Bundesliga,Stadion An der Alten Försterei,52.45722,13.56806
2025-01-15,19:30,Germany,Werder Bremen,Heidenheim,Bundesliga,Weserstadion,53.06639,8.8375
2025-01-15,20:00,England,Arsenal,Tottenham,Premier League,Emirates Stadium,51.55667,-0.10611
2025-01-16,19:30,England,Ipswich,Brighton,Premier League,Portman Road,52.055,1.14528
2025-01-16,20:00,England,Man United,Southampton,Premier League,Old Trafford,53.463055555556,-2.2913888888889
2025-01-17,17:00,Turkey,Hatayspor,Galatasaray,Super Lig,Mersin Stadium[note 1],36.82056,34.53861
2025-01-17,17:30,Netherlands,Fortuna Dusseldorf,Darmstadt,2. Bundesliga,Fortuna Sittard Stadion,50.992069,5.843675
2025-01-17,17:30,France,Regensburg,Hannover,2. Bundesliga,Stade de la Meinau,48.56,7.755
2025-01-17,18:00,France,Montpellier,Monaco,Ligue 1,Stade de la Mosson,43.62222,3.81194
2025-01-17,19:00,Portugal,Amiens,Bastia,Ligue 2,Estádio Comendador Joaquim de Almeida Freitas,41.37806,-8.35472
2025-01-17,19:00,Italy,Grenoble,Martigues,Ligue 2,Stadio Luigi Ferraris,44.41639,8.9525
2025-01-17,19:00,France,Red Star,Pau FC,Ligue 2,Stade Francis-Le Blé,48.402932,-4.461694
2025-01-17,19:30,England,Cartagena,Oviedo,Segunda Division,Emirates Stadium,51.55667,-0.10611
2025-01-17,19:30,Germany,Ein Frankfurt,Dortmund,Bundesliga,Deutsche Bank Park,50.068056,8.645806
2025-01-17,19:30,Turkey,Sampdoria,Cesena,Serie B,Samsun 19 Mayıs Stadium,41.22778,36.4575
2025-01-17,19:45,Italy,Roma,Genoa,Serie A,Stadio Olimpico,41.93389,12.45472
2025-01-17,19:45,Belgium,Gent,Charleroi,Belgian Pro League,Planet Group Arena,51.01611,3.73417
2025-01-17,20:00,Denmark,Burnley,Sunderland,Championship,Brøndby Stadium,55.64889,12.41861
2025-01-17,20:00,Spain,Espanol,Valladolid,La Liga,RCDE Stadium,41.34778,2.07556
2025-01-17,20:05,France,Lille,Nice,Ligue 1,Decathlon Arena Pierre Mauroy Stadium,50.6119,3.1304
2025-01-17,20:15,Portugal,Benfica,Famalicao,Primeira Liga,Estádio da Luz,38.7527,-9.1847
2025-01-18,10:30,Turkey,Buyuksehyr,Rizespor,Super Lig,Başakşehir Fatih Terim Stadium,41.12278,28.80861
2025-01-18,12:30,England,Newcastle,Bournemouth,Premier League,St James' Park,54.975555555556,-1.6216666666667
2025-01-18,13:00,Spain,Girona,Sevilla,La Liga,Montilivi,41.96139,2.82861
2025-01-18,13:00,Turkey,Gaziantep,Bodrumspor,Super Lig,Gaziantep Stadium,37.12389,37.3825
2025-01-18,14:00,Italy,Bologna,Monza,Serie A,Stadio Renato Dall'Ara,44.49222,11.30972
2025-01-18,14:00,France,Cremonese,Cosenza,Serie B,Roazhon Park,48.1075,-1.71278
2025-01-18,14:00,Italy,Modena,Frosinone,Serie B,Stadio Brianteo,45.58278,9.30806
2025-01-18,14:00,Spain,Salernitana,Reggiana,Serie B,Mestalla,39.47472,-0.35833
2025-01-18,14:30,Germany,Bayern Munich,Wolfsburg,Bundesliga,Allianz Arena,48.218775,11.624752777778
2025-01-18,14:30,Germany,Bochum,RB Leipzig,Bundesliga,Vonovia Ruhrstadion,51.49,7.23667
2025-01-18,14:30,Germany,Heidenheim,St Pauli,Bundesliga,Voith-Arena,48.66861,10.13944
2025-01-18,14:30,Germany,Holstein Kiel,Hoffenheim,Bundesliga,Holstein-Stadion,54.34917,10.12361
2025-01-18,14:30,Germany,Stuttgart,Freiburg,Bundesliga,MHPArena,48.79222,9.23194
2025-01-18,15:00,England,Brentford,Liverpool,Premier League,Brentford Community Stadium,51.49083,-0.28861
2025-01-18,15:00,England,Leicester,Fulham,Premier League,King Power Stadium,52.620277777778,-1.1422222222222
2025-01-18,15:00,England,West Ham,Crystal Palace,Premier League,London Stadium,51.5386,-0.0164
2025-01-18,15:00,France,Luton,Preston,Championship,Groupama Stadium,45.765224,4.982131
2025-01-18,15:00,Portugal,Portsmouth,Middlesbrough,Championship,Estádio do Dragão,41.1618,-8.5839
2025-01-18,15:00,England,Sheffield United,Norwich,Championship,Old Trafford,53.463055555556,-2.2913888888889
2025-01-18,15:00,Belgium,West Brom,Stoke,Championship,Het Kuipje,51.094817,4.928806
2025-01-18,15:00,Belgium,Dender,Cercle Brugge,Belgian Pro League,Van Roystadion,50.883683,4.071185
2025-01-18,15:00,Greece,Athens Kallithea,Volos NFC,Super League Greece,Leoforos Alexandras Stadium,37.98722,23.75417
2025-01-18,15:15,Spain,Leganes,Ath Madrid,La Liga,Municipal de Butarque,40.3404,-3.7607
2025-01-18,15:15,France,Eldense,Cadiz,Segunda Division,Stade Bollaert-Delelis,50.43278,2.815
2025-01-18,15:30,Netherlands,Zwolle,PSV Eindhoven,Eredivisie,MAC³PARK Stadion,52.51722,6.12083
2025-01-18,15:30,Portugal,Santa Clara,Estoril,Primeira Liga,Estádio de São Miguel,37.763694,-25.622611
2025-01-18,16:00,France,Lens,Paris SG,Ligue 1,Stade Bollaert-Delelis,50.43278,2.815
2025-01-18,16:00,Turkey,Besiktas,Samsunspor,Super Lig,Tüpraş Stadium,41.03917,28.99472
2025-01-18,16:15,Greece,Bari,Brescia,Serie B,Kleanthis Vikelidis Stadium,40.6,22.96944
2025-01-18,17:00,Italy,Juventus,Milan,Serie A,Juventus Stadium,45.10944,7.64111
2025-01-18,17:15,Belgium,Mechelen,Genk,Belgian Pro League,AFAS-stadion Achter de Kazerne,51.037184,4.486397
2025-01-18,17:30,England,Arsenal,Aston Villa,Premier League,Emirates Stadium,51.55667,-0.10611
2025-01-18,17:30,Spain,Betis,Alaves,La Liga,Benito Villamarín,37.35639,-5.98139
2025-01-18,17:30,Germany,Leverkusen,M'gladbach,Bundesliga,BayArena,51.03833,7.00222
2025-01-18,17:45,Netherlands,Utrecht,AZ Alkmaar,Eredivisie,Stadion Galgenwaard,52.07833,5.14583
2025-01-18,18:00,France,Rennes,Brest,Ligue 1,Roazhon Park,48.1075,-1.71278
2025-01-18,18:00,Portugal,Rio Ave,Sp Lisbon,Primeira Liga,Estádio dos Arcos,41.36278,-8.74028
2025-01-18,19:00,Netherlands,Willem II,Feyenoord,Eredivisie,Koning Willem II Stadion,51.54278,5.06694
2025-01-18,19:45,Italy,Atalanta,Napoli,Serie A,Gewiss Stadium,45.70889,9.68083
2025-01-18,19:45,Belgium,Club Brugge,Beerschot VA,Belgian Pro League,Jan Breydel Stadium,51.19333,3.18056
2025-01-18,20:00,Spain,Getafe,Barcelona,La Liga,Coliseum,40.32556,-3.71472
2025-01-18,20:00,Spain,Levante,Granada,Segunda Division,Municipal de Butarque,40.3404,-3.7607
2025-01-18,20:00,Netherlands,Go Ahead Eagles,Groningen,Eredivisie,De Adelaarshorst,52.260416,6.172578
2025-01-18,20:05,France,Lyon,Toulouse,Ligue 1,Groupama Stadium,45.765224,4.982131
2025-01-18,20:30,Portugal,Guimaraes,Arouca,Primeira Liga,Estádio D. Afonso Henriques,41.44583,-8.30111
2025-01-19,10:30,Turkey,Goztep,Antalyaspor,Super Lig,Gürsel Aksel Stadium,38.396821,27.07595
2025-01-19,11:15,Netherlands,NAC Breda,Twente,Eredivisie,Rat Verlegh Stadion,51.595,4.75028
2025-01-19,11:30,Italy,Fiorentina,Torino,Serie A,Stadio Artemio Franchi,43.78083,11.28222
2025-01-19,12:30,Belgium,Kortrijk,Anderlecht,Belgian Pro League,Guldensporen Stadion,50.830432,3.248906
2025-01-19,13:00,Spain,Celta,Ath Bilbao,La Liga,Balaídos,42.2118,-8.7397
2025-01-19,13:00,Turkey,Konyaspor,Kasimpasa,Super Lig,Konya Metropolitan Municipality Stadium,37.946,32.488
2025-01-19,13:00,Greece,Atromitos,Olympiakos,Super League Greece,Peristeri Stadium,38.00472,23.68972
2025-01-19,13:30,Netherlands,Almere City,Heracles,Eredivisie,Yanmar Stadion,52.3944,5.2405
2025-01-19,13:30,Netherlands,Heerenveen,Ajax,Eredivisie,Abe Lenstra Stadion,52.95861,5.93611
2025-01-19,14:00,England,Everton,Tottenham,Premier League,Goodison Park,53.438888888889,-2.9663888888889
2025-01-19,14:00,England,Man United,Brighton,Premier League,Old Trafford,53.463055555556,-2.2913888888889
2025-01-19,14:00,England,Nott'm Forest,Southampton,Premier League,City Ground,52.94,-1.13278
2025-01-19,14:00,Italy,Cagliari,Lecce,Serie A,Unipol Domus,39.2,9.1375
2025-01-19,14:00,Italy,Parma,Venezia,Serie A,Stadio Ennio Tardini,44.795,10.33833
2025-01-19,14:00,Italy,Palermo,Juve Stabia,Serie B,Stadio Ennio Tardini,44.795,10.33833
2025-01-19,14:00,France,St Etienne,Nantes,Ligue 1,Stade Geoffroy Guichard,45.46083,4.39028
2025-01-19,14:30,Germany,Union Berlin,Mainz,Bundesliga,Stadion An der Alten Försterei,52.45722,13.56806
2025-01-19,14:30,Greece,Levadeiakos,Asteras Tripolis,Super League Greece,Levadia Municipal Stadium,38.4358972,22.8828444
2025-01-19,14:30,Greece,Panetolikos,OFI Crete,Super League Greece,Panetolikos Stadium,38.63,21.41167
2025-01-19,15:15,Spain,Real Madrid,Las Palmas,La Liga,Santiago Bernabéu,40.45306,-3.68835
2025-01-19,15:15,Denmark,Santander,Ferrol,Segunda Division,Cepheus Park Randers,56.46594,10.010262
2025-01-19,15:30,Portugal,Moreirense,Farense,Primeira Liga,Estádio Comendador Joaquim de Almeida Freitas,41.37806,-8.35472
2025-01-19,15:30,Portugal,Nacional,AVS,Primeira Liga,Estádio da Madeira,32.670625,-16.883525
2025-01-19,16:00,Turkey,Ad. Demirspor,Fenerbahce,Super Lig,New Adana Stadium,37.06333,35.375
2025-01-19,16:00,Turkey,Eyupspor,Alanyaspor,Super Lig,Recep Tayyip Erdoğan Stadium,41.03278,28.9725
2025-01-19,16:15,Portugal,Carrarese,Spezia,Serie B,Estádio de São Luís,37.022861,-7.928444
2025-01-19,16:15,France,Angers,Auxerre,Ligue 1,Stade Raymond Kopa,47.460458,-0.530741
2025-01-19,16:15,France,Reims,Le Havre,Ligue 1,Stade Auguste Delaune,49.24667,4.025
2025-01-19,16:30,England,Ipswich,Man City,Premier League,Portman Road,52.055,1.14528
2025-01-19,16:30,Germany,Werder Bremen,Augsburg,Bundesliga,Weserstadion,53.06639,8.8375
2025-01-19,17:00,Italy,Verona,Lazio,Serie A,Stadio Marcantonio Bentegodi,45.43528,10.96861
2025-01-19,17:00,Greece,Aris,PAOK,Super League Greece,Kleanthis Vikelidis Stadium,40.6,22.96944
2025-01-19,17:30,Spain,Osasuna,Vallecano,La Liga,El Sadar,42.79667,-1.63694
2025-01-19,17:30,Portugal,Zaragoza,Tenerife,Segunda Division,Estádio Municipal de Braga,41.5625,-8.43
2025-01-19,17:30,Belgium,St Truiden,Standard,Belgian Pro League,Stayen,50.813474,5.166256
2025-01-19,18:00,Portugal,Estrela,Sp Braga,Primeira Liga,Estádio José Gomes,38.75194,-9.22806
2025-01-19,18:15,Belgium,Antwerp,Westerlo,Belgian Pro League,Bosuilstadion,51.2325,4.47222
2025-01-19,18:30,Greece,Panathinaikos,AEK,Super League Greece,Athens Olympic Stadium,38.03606806,23.7876
2025-01-19,19:00,Netherlands,Sparta Rotterdam,Waalwijk,Eredivisie,Spartastadion Het Kasteel,51.919485,4.433619
2025-01-19,19:45,France,Marseille,Strasbourg,Ligue 1,Orange Vélodrome,43.26972,5.39583
2025-01-19,20:00,Spain,Valencia,Sociedad,La Liga,Mestalla,39.47472,-0.35833
2025-01-19,20:00,Spain,Almeria,Huesca,Segunda Division,Mestalla,39.47472,-0.35833
2025-01-19,20:30,Portugal,Gil Vicente,Porto,Primeira Liga,Estádio Cidade de Barcelos,41.551,-8.623
2025-01-20,16:00,Greece,Panserraikos,Lamia,Super League Greece,Serres Municipal Stadium,41.0847,23.5466
2025-01-20,17:00,Turkey,Trabzonspor,Sivasspor,Super Lig,Papara Park,40.99917,39.64583
2025-01-20,19:30,Denmark,Mirandes,Malaga,Segunda Division,Cepheus Park Randers,56.46594,10.010262
2025-01-20,19:45,Italy,Como,Udinese,Serie A,Stadio Giuseppe Sinigaglia,45.81389,9.07222
2025-01-20,20:00,England,Chelsea,Wolves,Premier League,Stamford Bridge,51.481666666667,-0.19111111111111
2025-01-20,20:00,Spain,Villarreal,Mallorca,La Liga,La Cerámica,39.94417,-0.10361
2025-01-20,20:15,Portugal,Boavista,Casa Pia,Primeira Liga,Estádio do Bessa,41.16222,-8.64278
2025-01-21,16:30(18:30UTC+3),Turkey,Galatasaray,Dynamo Kyiv,Europa League,Rams Park,41.10278,28.99056
2025-01-21,18:45,France,Monaco,Aston Villa,Europa League,Stade Louis II,43.7275,7.41556
2025-01-21,18:45,Italy,Atalanta,Sturm Graz,Europa League,Gewiss Stadium,45.70889,9.68083
2025-01-21,19:45,England,Watford,Preston,Championship,Brentford Community Stadium,51.49083,-0.28861
2025-01-21,21:00,Spain,Atlético Madrid,Bayer Leverkusen,Europa League,Metropolitano,40.43611,-3.59944
2025-01-21,21:00,Italy,Bologna,Borussia Dortmund,Europa League,Stadio Renato Dall'Ara,44.49222,11.30972
2025-01-21,21:00,Belgium,Club Brugge,Juventus,Europa League,Jan Breydel Stadium,51.19333,3.18056
2025-01-21,21:00(20:00UTC+0),England,Liverpool,Lille,Europa League,Anfield,53.4308,-2.9608
2025-01-21,21:00(20:00UTC+0),Portugal,Benfica,Barcelona,Europa League,Estádio da Luz,38.7527,-9.1847
2025-01-22,16:30(18:30UTC+3),Turkey,Beşiktaş,Athletic Bilbao,Europa League,Tüpraş Stadium,41.03917,28.99472
2025-01-22,18:45,Ukraine,Shakhtar Donetsk,Brest,Europa League,Arena Lviv,49.77528,24.02778
2025-01-22,18:45,Germany,RB Leipzig,Sporting CP,Europa League,Red Bull Arena,51.34583,12.34833
2025-01-22,19:45,Portugal,Portsmouth,Stoke,Championship,Estádio do Dragão,41.1618,-8.5839
2025-01-22,21:00,Italy,Milan,Girona,Europa League,San Siro,45.47806,9.12389
2025-01-22,21:00,Czech Republic,Sparta Prague,Inter Milan,Europa League,epet ARENA,50.09972,14.41583
2025-01-22,21:00,Netherlands,Feyenoord,Bayern Munich,Europa League,De Kuip,51.89389,4.52306
2025-01-22,21:00,France,Paris Saint-Germain,Manchester City,Europa League,Parc des Princes,48.84138888888889,2.2530555555555556
2025-01-22,21:00,Spain,Real Madrid,Red Bull Salzburg,Europa League,Santiago Bernabéu,40.45306,-3.68835
2025-01-22,21:00(20:00UTC+0),England,Arsenal,Dinamo Zagreb,Europa League,Emirates Stadium,51.55667,-0.10611
2025-01-22,21:00(20:00UTC+0),Spain,Celtic,Young Boys,Europa League,Balaídos,42.2118,-8.7397
2025-01-23,18:45,Netherlands,AZ,Roma,Europa League,AFAS Stadion,52.61278,4.74222
2025-01-23,18:45,Czech Republic,Viktoria Plzeň,Anderlecht,Europa League,Doosan Arena,49.75,13.38556
2025-01-23,18:45,Germany,TSG Hoffenheim,Tottenham Hotspur,Europa League,PreZero Arena,49.23806,8.8875
2025-01-23,18:45(17:45UTC+0),Portugal,Porto,Olympiacos,Europa League,Estádio do Dragão,41.1618,-8.5839
2025-01-23,18:45(20:45UTC+3),Turkey,Fenerbahçe,Lyon,Europa League,Ülker Stadium,40.98778,29.03694
2025-01-23,18:45(21:45UTC+4),Denmark,Qarabağ,FCSB,Europa League,Aalborg Portland Park,57.052056,9.898556
2025-01-23,21:00,Germany,Eintracht Frankfurt,Ferencváros,Europa League,Deutsche Bank Park,50.068056,8.645806
2025-01-23,21:00,Germany,IF Elfsborg,Nice,Europa League,Volkswagen Arena,52.43278,10.80389
2025-01-23,21:00,Italy,Lazio,Real Sociedad,Europa League,Stadio Olimpico,41.93389,12.45472
2025-01-23,21:00(20:00UTC+0),England,Manchester United,Rangers,Europa League,Old Trafford,53.463055555556,-2.2913888888889
2025-01-23,21:00(22:00UTC+2),Greece,PAOK,Slavia Prague,Europa League,Toumba Stadium,40.61389,22.9725
2025-01-24,17:00,Turkey,Samsunspor,Gaziantep,Super Lig,Samsun 19 Mayıs Stadium,41.22778,36.4575
2025-01-24,17:30,Germany,Magdeburg,Braunschweig,2. Bundesliga,WWK Arena,48.32306,10.88611
2025-01-24,18:00,Greece,Volos NFC,Atromitos,Super League Greece,Panthessaliko Stadium,39.3875,22.93111
2025-01-24,19:00,Portugal,Bastia,Pau FC,Ligue 2,Estádio do Bessa,41.16222,-8.64278
2025-01-24,19:00,Greece,Laval,Troyes,Ligue 2,Lamia Municipal Stadium,38.91,22.43111
2025-01-24,19:00,Greece,Martigues,Amiens,Ligue 2,Kleanthis Vikelidis Stadium,40.6,22.96944
2025-01-24,19:00,Netherlands,Heracles,Utrecht,Eredivisie,Asito Stadion[3],52.33889,6.65056
2025-01-24,19:30,Belgium,Elche,Eibar,Segunda Division,AFAS-stadion Achter de Kazerne,51.037184,4.486397
2025-01-24,19:30,Germany,Wolfsburg,Holstein Kiel,Bundesliga,Volkswagen Arena,52.43278,10.80389
2025-01-24,19:30,Italy,Spezia,Sassuolo,Serie B,Stadio Pier Luigi Penzo,45.4277611,12.3637306
2025-01-24,19:45,Italy,Torino,Cagliari,Serie A,Stadio Olimpico Grande Torino,45.04167,7.65
2025-01-24,19:45,France,Auxerre,St Etienne,Ligue 1,Stade Abbé Deschamps,47.7867528,3.5886639
2025-01-24,19:45,Belgium,St Truiden,Antwerp,Belgian Pro League,Stayen,50.813474,5.166256
2025-01-24,20:00,England,Sheffield United,Hull,Championship,Old Trafford,53.463055555556,-2.2913888888889
2025-01-24,20:00,Spain,Las Palmas,Osasuna,La Liga,Gran Canaria,28.10028,-15.45667
2025-01-24,20:15,Portugal,Arouca,Moreirense,Primeira Liga,Estádio Municipal de Arouca,40.933,-8.2503
2025-01-25,10:30,Turkey,Sivasspor,Kayserispor,Super Lig,BG Grup 4 Eylül Stadium,39.72833,36.98389
2025-01-25,12:30,France,Luton,Millwall,Championship,Groupama Stadium,45.765224,4.982131
2025-01-25,12:30,Croatia,Norwich,Swansea,Championship,ŠRC Velika Gorica,45.724,16.0732
2025-01-25,13:00,Spain,Mallorca,Betis,La Liga,Mallorca Son Moix,39.59,2.63
2025-01-25,13:00,Greece,Paris FC,Red Star,Ligue 2,Kleanthis Vikelidis Stadium,40.6,22.96944
2025-01-25,13:00,Turkey,Alanyaspor,Buyuksehyr,Super Lig,Alanya Oba Stadium,36.5626,32.0792
2025-01-25,14:00,Italy,Como,Atalanta,Serie A,Stadio Giuseppe Sinigaglia,45.81389,9.07222
2025-01-25,14:00,England,Cesena,Bari,Serie B,Stamford Bridge,51.481666666667,-0.19111111111111
2025-01-25,14:00,Italy,Cosenza,Cittadella,Serie B,Stadio Brianteo,45.58278,9.30806
2025-01-25,14:30,Germany,Augsburg,Heidenheim,Bundesliga,WWK Arena,48.32306,10.88611
2025-01-25,14:30,Germany,Dortmund,Werder Bremen,Bundesliga,Signal Iduna Park,51.4925,7.45167
2025-01-25,14:30,Germany,Freiburg,Bayern Munich,Bundesliga,Europa-Park Stadion,48.0216,7.8297
2025-01-25,14:30,Germany,Mainz,Stuttgart,Bundesliga,Mewa Arena,49.98417,8.22417
2025-01-25,14:30,Germany,RB Leipzig,Leverkusen,Bundesliga,Red Bull Arena,51.34583,12.34833
2025-01-25,15:00,England,Bournemouth,Nott'm Forest,Premier League,Dean Court,50.73528,-1.83833
2025-01-25,15:00,England,Brighton,Everton,Premier League,Falmer Stadium,50.861822222222,-0.083277777777778
2025-01-25,15:00,England,Liverpool,Ipswich,Premier League,Anfield,53.4308,-2.9608
2025-01-25,15:00,England,Southampton,Newcastle,Premier League,St Mary's Stadium,50.90583,-1.39111
2025-01-25,15:00,England,Wolves,Arsenal,Premier League,Molineux Stadium,52.59028,-2.13028
2025-01-25,15:00,England,Bristol City,Blackburn,Championship,King Power Stadium,52.620277777778,-1.1422222222222
2025-01-25,15:00,Portugal,Preston,Middlesbrough,Championship,Estádio do Dragão,41.1618,-8.5839
2025-01-25,15:00,Belgium,West Brom,Portsmouth,Championship,Het Kuipje,51.094817,4.928806
2025-01-25,15:00,Belgium,Westerlo,Genk,Belgian Pro League,Het Kuipje,51.094817,4.928806
2025-01-25,15:00,Greece,Asteras Tripolis,Athens Kallithea,Super League Greece,Theodoros Kolokotronis Stadium,37.5025,22.38861
2025-01-25,15:15,Spain,Ath Madrid,Villarreal,La Liga,Santiago Bernabéu,40.45306,-3.68835
2025-01-25,15:30,Portugal,Famalicao,Estrela,Primeira Liga,Estádio Municipal de Famalicão,41.40139,-8.5225
2025-01-25,15:30,Portugal,Farense,Rio Ave,Primeira Liga,Estádio de São Luís,37.022861,-7.928444
2025-01-25,16:00,France,Monaco,Rennes,Ligue 1,Stade Louis II,43.7275,7.41556
2025-01-25,16:00,Turkey,Galatasaray,Konyaspor,Super Lig,Rams Park,41.10278,28.99056
2025-01-25,17:00,Italy,Napoli,Juventus,Serie A,Stadio Diego Armando Maradona,40.828,14.193
2025-01-25,17:15,Belgium,Charleroi,Cercle Brugge,Belgian Pro League,Stade du Pays de Charleroi,50.414609,4.453787
2025-01-25,17:30,England,Man City,Chelsea,Premier League,City of Manchester Stadium,53.483055555556,-2.2002777777778
2025-01-25,17:30,Spain,Sevilla,Espanol,La Liga,Ramón Sánchez-Pizjuán,37.384,-5.9705
2025-01-25,17:45,Netherlands,PSV Eindhoven,NAC Breda,Eredivisie,Philips Stadion,51.44167,5.4675
2025-01-25,18:00,France,Strasbourg,Lille,Ligue 1,Stade de la Meinau,48.56,7.755
2025-01-25,18:00,Portugal,Casa Pia,Benfica,Primeira Liga,Estádio Municipal de Rio Maior[A],39.34444,-8.93528
2025-01-25,19:00,Italy,Lorient,Clermont,Ligue 2,Stadio Olimpico Grande Torino,45.04167,7.65
2025-01-25,19:45,Italy,Empoli,Bologna,Serie A,Stadio Carlo Castellani - Computer Gross Arena,43.72639,10.955
2025-01-25,19:45,Belgium,Club Brugge,Kortrijk,Belgian Pro League,Jan Breydel Stadium,51.19333,3.18056
2025-01-25,20:00,Spain,Valladolid,Real Madrid,La Liga,José Zorrilla,41.64444,-4.76111
2025-01-25,20:00,Netherlands,Groningen,Heerenveen,Eredivisie,Euroborg,53.20611,6.59139
2025-01-25,20:05,France,Paris SG,Reims,Ligue 1,Parc des Princes,48.84138888888889,2.2530555555555556
2025-01-26,10:30,Turkey,Rizespor,Ad. Demirspor,Super Lig,Rize City Stadium,41.04202,40.5733
2025-01-26,11:15,Netherlands,For Sittard,Zwolle,Eredivisie,Fortuna Sittard Stadion,50.992069,5.843675
2025-01-26,11:30,Italy,Milan,Parma,Serie A,San Siro,45.47806,9.12389
2025-01-26,12:30,England,Ulm,Regensburg,2. Bundesliga,Craven Cottage,51.475,-0.22166666666667
2025-01-26,12:30,Belgium,Standard,Dender,Belgian Pro League,Stade Maurice Dufrasne,50.61,5.54333
2025-01-26,13:00,Spain,Vallecano,Girona,La Liga,Vallecas,40.39194,-3.65889
2025-01-26,13:00,Spain,Granada,Sp Gijon,Segunda Division,Montilivi,41.96139,2.82861
2025-01-26,13:00,Turkey,Antalyaspor,Besiktas,Super Lig,Corendon Airlines Park,36.888278,30.668444
2025-01-26,13:30,Netherlands,Waalwijk,Willem II,Eredivisie,Mandemakers Stadion,51.68694,5.08861
2025-01-26,14:00,England,Crystal Palace,Brentford,Premier League,Selhurst Park,51.39833,-0.08556
2025-01-26,14:00,England,Tottenham,Leicester,Premier League,Tottenham Hotspur Stadium,51.6044,-0.0664
2025-01-26,14:00,Italy,Udinese,Roma,Serie A,Stadio Friuli,46.0816,13.2001
2025-01-26,14:00,France,Brescia,Catanzaro,Serie B,Stade Francis-Le Blé,48.402932,-4.461694
2025-01-26,14:00,France,Le Havre,Brest,Ligue 1,Stade Océane,49.49889,0.16972
2025-01-26,14:30,Germany,Hoffenheim,Ein Frankfurt,Bundesliga,PreZero Arena,49.23806,8.8875
2025-01-26,15:00,Belgium,Beerschot VA,St. Gilloise,Belgian Pro League,Olympisch Stadion,51.185,4.38222
2025-01-26,15:00,Greece,Lamia,Aris,Super League Greece,Lamia Municipal Stadium,38.91,22.43111
2025-01-26,15:15,Spain,Sociedad,Getafe,La Liga,Anoeta,43.30139,-1.97361
2025-01-26,15:30,Portugal,Estoril,Guimaraes,Primeira Liga,Estádio António Coimbra da Mota,38.71583,-9.40639
2025-01-26,16:00,Turkey,Fenerbahce,Goztep,Super Lig,Ülker Stadium,40.98778,29.03694
2025-01-26,16:15,France,Cremonese,Modena,Serie B,Roazhon Park,48.1075,-1.71278
2025-01-26,16:15,France,Lens,Angers,Ligue 1,Stade Bollaert-Delelis,50.43278,2.815
2025-01-26,16:15,France,Nantes,Lyon,Ligue 1,Stade de la Beaujoire,47.256,-1.525
2025-01-26,16:15,France,Toulouse,Montpellier,Ligue 1,Stadium de Toulouse,43.58306,1.43417
2025-01-26,16:30,England,Aston Villa,West Ham,Premier League,Villa Park,52.509166666667,-1.8847222222222
2025-01-26,16:30,Germany,St Pauli,Union Berlin,Bundesliga,Millerntor-Stadion,53.554583,9.967667
2025-01-26,17:00,Italy,Lecce,Inter,Serie A,Stadio Via del mare,40.36528,18.20889
2025-01-26,17:30,Spain,Ath Bilbao,Leganes,La Liga,San Mamés,43.2643,-2.9504
2025-01-26,17:30,Belgium,Anderlecht,Mechelen,Belgian Pro League,Lotto Park,50.83417,4.29833
2025-01-26,17:30,Greece,PAOK,Levadeiakos,Super League Greece,Toumba Stadium,40.61389,22.9725
2025-01-26,18:00,Portugal,Porto,Santa Clara,Primeira Liga,Estádio do Dragão,41.1618,-8.5839
2025-01-26,18:15,Belgium,Oud-Heverlee Leuven,Gent,Belgian Pro League,Den Dreef,50.86833,4.69417
2025-01-26,18:30,Greece,Olympiakos,Panathinaikos,Super League Greece,Karaiskakis Stadium,37.94611,23.66444
2025-01-26,19:00,England,Fulham,Man United,Premier League,Craven Cottage,51.475,-0.22166666666667
2025-01-26,19:45,Italy,Lazio,Fiorentina,Serie A,Stadio Olimpico,41.93389,12.45472
2025-01-26,19:45,France,Nice,Marseille,Ligue 1,Allianz Riviera,43.70528,7.1925
2025-01-26,20:00,Spain,Barcelona,Valencia,La Liga,Olímpic Lluís Companys,41.36472,2.15556
2025-01-26,20:30,Portugal,Sp Braga,Boavista,Primeira Liga,Estádio Municipal de Braga,41.5625,-8.43
2025-01-27,17:30,Italy,Venezia,Verona,Serie A,Stadio Pier Luigi Penzo,45.4277611,12.3637306
2025-01-27,19:45,Italy,Genoa,Monza,Serie A,Stadio Luigi Ferraris,44.41639,8.9525
2025-01-27,19:45,Netherlands,Annecy,Dunkerque,Ligue 2,Goffertstadion,51.8225,5.83667
2025-01-27,20:00,Denmark,Burnley,Leeds,Championship,Brøndby Stadium,55.64889,12.41861
2025-01-27,20:00,Spain,Alaves,Celta,La Liga,Mendizorrotza,42.8371111,-2.6880444
2025-01-27,20:15,Portugal,AVS,Gil Vicente,Primeira Liga,Estádio do CD Aves,41.366932,-8.411789
2025-01-28,19:45,Portugal,Portsmouth,Millwall,Championship,Estádio do Dragão,41.1618,-8.5839
2025-01-28,20:00,Netherlands,Heracles,Groningen,Eredivisie,Asito Stadion[3],52.33889,6.65056
2025-01-29,21:00,Germany,Bayer Leverkusen,Sparta Prague,Europa League,BayArena,51.03833,7.00222
2025-01-29,21:00,Germany,Borussia Dortmund,Shakhtar Donetsk,Europa League,Signal Iduna Park,51.4925,7.45167
2025-01-29,21:00,Denmark,Young Boys,Red Star Belgrade,Europa League,Lyngby Stadium,55.78134,12.505628
2025-01-29,21:00,Spain,Barcelona,Atalanta,Europa League,Olímpic Lluís Companys,41.36472,2.15556
2025-01-29,21:00,Germany,Bayern Munich,Slovan Bratislava,Europa League,Allianz Arena,48.218775,11.624752777778
2025-01-29,21:00,Italy,Inter Milan,Monaco,Europa League,San Siro,45.47806,9.12389
2025-01-29,21:00,Austria,Red Bull Salzburg,Atlético Madrid,Europa League,Red Bull Arena,47.81639,12.99833
2025-01-29,21:00,Spain,Girona,Arsenal,Europa League,Montilivi,41.96139,2.82861
2025-01-29,21:00,Croatia,Dinamo Zagreb,Milan,Europa League,Maksimir,45.81889,16.01806
2025-01-29,21:00,Italy,Juventus,Benfica,Europa League,Juventus Stadium,45.10944,7.64111
2025-01-29,21:00,France,Lille,Feyenoord,Europa League,Decathlon Arena Pierre Mauroy Stadium,50.6119,3.1304
2025-01-29,21:00,Netherlands,PSV Eindhoven,Liverpool,Europa League,Philips Stadion,51.44167,5.4675
2025-01-29,21:00,Austria,Sturm Graz,RB Leipzig,Europa League,Merkur-Arena,47.04611,15.45444
2025-01-29,21:00,France,Brest,Real Madrid,Europa League,Stade Francis-Le Blé,48.402932,-4.461694
2025-01-29,21:00,Germany,VfB Stuttgart,Paris Saint-Germain,Europa League,MHPArena,48.79222,9.23194
2025-01-29,21:00(20:00UTC+0),England,Aston Villa,Celtic,Europa League,Villa Park,52.509166666667,-1.8847222222222
2025-01-29,21:00(20:00UTC+0),England,Manchester City,Club Brugge,Europa League,City of Manchester Stadium,53.483055555556,-2.2002777777778
2025-01-30,21:00,Netherlands,Ajax,Galatasaray,Europa League,Johan Cruyff Arena,52.31417,4.94194
2025-01-30,21:00,Italy,Roma,Eintracht Frankfurt,Europa League,Stadio Olimpico,41.93389,12.45472
2025-01-30,21:00,Spain,Athletic Bilbao,Viktoria Plzeň,Europa League,San Mamés,43.2643,-2.9504
2025-01-30,21:00,Ukraine,Dynamo Kyiv,RFS,Europa League,Lobanovskyi Dynamo Stadium,50.45028,30.53528
2025-01-30,21:00,Denmark,Midtjylland,Fenerbahçe,Europa League,MCH Arena,56.116868,8.951669
2025-01-30,21:00,Netherlands,Twente,Beşiktaş,Europa League,De Grolsch Veste,52.23667,6.8375
2025-01-30,21:00,France,Nice,Bodø/Glimt,Europa League,Allianz Riviera,43.70528,7.1925
2025-01-30,21:00,France,Lyon,Ludogorets Razgrad,Europa League,Groupama Stadium,45.765224,4.982131
2025-01-30,21:00,Spain,Real Sociedad,PAOK,Europa League,Anoeta,43.30139,-1.97361
2025-01-30,21:00,Belgium,Anderlecht,TSG Hoffenheim,Europa League,Lotto Park,50.83417,4.29833
2025-01-30,21:00,Czech Republic,Slavia Prague,Malmö FF,Europa League,Fortuna Arena,50.0675,14.47167
2025-01-30,21:00(20:00UTC+0),France,Rangers,Union Saint-Gilloise,Europa League,Stade Raymond Kopa,47.460458,-0.530741
2025-01-30,21:00(20:00UTC+0),Portugal,Braga,Lazio,Europa League,Estádio Municipal de Braga,41.5625,-8.43
2025-01-30,21:00(20:00UTC+0),England,Tottenham Hotspur,IF Elfsborg,Europa League,Tottenham Hotspur Stadium,51.6044,-0.0664
2025-01-30,21:00(22:00UTC+2),Greece,Olympiacos,Qarabağ,Europa League,Karaiskakis Stadium,37.94611,23.66444
2025-01-31,17:00,Turkey,Eyupspor,Sivasspor,Super Lig,Recep Tayyip Erdoğan Stadium,41.03278,28.9725
2025-01-31,17:00,Turkey,Konyaspor,Bodrumspor,Super Lig,Konya Metropolitan Municipality Stadium,37.946,32.488
2025-01-31,19:00,Portugal,Amiens,Annecy,Ligue 2,Estádio Comendador Joaquim de Almeida Freitas,41.37806,-8.35472
2025-01-31,19:00,Portugal,Bastia,Metz,Ligue 2,Estádio do Bessa,41.16222,-8.64278
2025-01-31,19:00,Italy,Grenoble,Rodez,Ligue 2,Stadio Luigi Ferraris,44.41639,8.9525
2025-01-31,19:00,Netherlands,NAC Breda,Heracles,Eredivisie,Rat Verlegh Stadion,51.595,4.75028
2025-01-31,19:30,France,Eldense,Granada,Segunda Division,Stade Bollaert-Delelis,50.43278,2.815
2025-01-31,19:30,Germany,Werder Bremen,Mainz,Bundesliga,Weserstadion,53.06639,8.8375
2025-01-31,19:30,Italy,Palermo,Pisa,Serie B,Stadio Ennio Tardini,44.795,10.33833
2025-01-31,19:45,Italy,Parma,Lecce,Serie A,Stadio Ennio Tardini,44.795,10.33833
2025-01-31,19:45,France,Montpellier,Lens,Ligue 1,Stade de la Mosson,43.62222,3.81194
2025-01-31,19:45,Belgium,Oud-Heverlee Leuven,Mechelen,Belgian Pro League,Den Dreef,50.86833,4.69417
2025-01-31,20:00,Spain,Leganes,Vallecano,La Liga,Municipal de Butarque,40.3404,-3.7607
2025-01-31,20:15,Portugal,Boavista,Famalicao,Primeira Liga,Estádio do Bessa,41.16222,-8.64278
2025-02-01,10:30,Turkey,Hatayspor,Antalyaspor,Super Lig,Mersin Stadium[note 1],36.82056,34.53861
2025-02-01,12:00,Netherlands,Fortuna Dusseldorf,Ulm,2. Bundesliga,Fortuna Sittard Stadion,50.992069,5.843675
2025-02-01,12:00,France,Regensburg,Hertha,2. Bundesliga,Stade de la Meinau,48.56,7.755
2025-02-01,12:30,England,Nott'm Forest,Brighton,Premier League,City Ground,52.94,-1.13278
2025-02-01,12:30,England,Watford,Norwich,Championship,Brentford Community Stadium,51.49083,-0.28861
2025-02-01,13:00,Spain,Getafe,Sevilla,La Liga,Coliseum,40.32556,-3.71472
2025-02-01,13:00,Denmark,Mirandes,Elche,Segunda Division,Cepheus Park Randers,56.46594,10.010262
2025-02-01,13:00,France,Red Star,Lorient,Ligue 2,Stade Francis-Le Blé,48.402932,-4.461694
2025-02-01,13:00,Turkey,Kayserispor,Trabzonspor,Super Lig,RHG Enertürk Enerji Stadium,38.73722,35.42306
2025-02-01,14:00,Italy,Monza,Verona,Serie A,Stadio Brianteo,45.58278,9.30806
2025-02-01,14:00,Italy,Udinese,Venezia,Serie A,Stadio Friuli,46.0816,13.2001
2025-02-01,14:00,Turkey,Sampdoria,Cosenza,Serie B,Samsun 19 Mayıs Stadium,41.22778,36.4575
2025-02-01,14:30,Germany,Bayern Munich,Holstein Kiel,Bundesliga,Allianz Arena,48.218775,11.624752777778
2025-02-01,14:30,Germany,Bochum,Freiburg,Bundesliga,Vonovia Ruhrstadion,51.49,7.23667
2025-02-01,14:30,Germany,Heidenheim,Dortmund,Bundesliga,Voith-Arena,48.66861,10.13944
2025-02-01,14:30,Germany,St Pauli,Augsburg,Bundesliga,Millerntor-Stadion,53.554583,9.967667
2025-02-01,14:30,Germany,Stuttgart,M'gladbach,Bundesliga,MHPArena,48.79222,9.23194
2025-02-01,15:00,England,Bournemouth,Liverpool,Premier League,Dean Court,50.73528,-1.83833
2025-02-01,15:00,England,Everton,Leicester,Premier League,Goodison Park,53.438888888889,-2.9663888888889
2025-02-01,15:00,England,Ipswich,Southampton,Premier League,Portman Road,52.055,1.14528
2025-02-01,15:00,England,Newcastle,Fulham,Premier League,St James' Park,54.975555555556,-1.6216666666667
2025-02-01,15:00,Portugal,Portsmouth,Burnley,Championship,Estádio do Dragão,41.1618,-8.5839
2025-02-01,15:00,Belgium,Charleroi,Dender,Belgian Pro League,Stade du Pays de Charleroi,50.414609,4.453787
2025-02-01,15:15,Spain,Villarreal,Valladolid,La Liga,La Cerámica,39.94417,-0.10361
2025-02-01,15:30,Portugal,Nacional,Arouca,Primeira Liga,Estádio da Madeira,32.670625,-16.883525
2025-02-01,15:30,Portugal,Santa Clara,Casa Pia,Primeira Liga,Estádio de São Miguel,37.763694,-25.622611
2025-02-01,16:00,France,Brest,Paris SG,Ligue 1,Stade Francis-Le Blé,48.402932,-4.461694
2025-02-01,16:00,Turkey,Buyuksehyr,Samsunspor,Super Lig,Başakşehir Fatih Terim Stadium,41.12278,28.80861
2025-02-01,16:00,Greece,Panathinaikos,OFI Crete,Super League Greece,Athens Olympic Stadium,38.03606806,23.7876
2025-02-01,16:15,Italy,Modena,Mantova,Serie B,Stadio Brianteo,45.58278,9.30806
2025-02-01,17:00,Italy,Atalanta,Torino,Serie A,Gewiss Stadium,45.70889,9.68083
2025-02-01,17:15,Belgium,Cercle Brugge,Standard,Belgian Pro League,Jan Breydel Stadium,51.19333,3.18056
2025-02-01,17:30,England,Wolves,Aston Villa,Premier League,Molineux Stadium,52.59028,-2.13028
2025-02-01,17:30,Spain,Ath Madrid,Mallorca,La Liga,Santiago Bernabéu,40.45306,-3.68835
2025-02-01,17:30,Spain,Almeria,Oviedo,Segunda Division,Mestalla,39.47472,-0.35833
2025-02-01,17:30,Germany,Union Berlin,RB Leipzig,Bundesliga,Stadion An der Alten Försterei,52.45722,13.56806
2025-02-01,17:30,Greece,Panserraikos,Volos NFC,Super League Greece,Serres Municipal Stadium,41.0847,23.5466
2025-02-01,17:45,Netherlands,Zwolle,Utrecht,Eredivisie,MAC³PARK Stadion,52.51722,6.12083
2025-02-01,18:00,France,Monaco,Auxerre,Ligue 1,Stade Louis II,43.7275,7.41556
2025-02-01,18:00,Portugal,Gil Vicente,Estoril,Primeira Liga,Estádio Cidade de Barcelos,41.551,-8.623
2025-02-01,19:00,Netherlands,Heerenveen,For Sittard,Eredivisie,Abe Lenstra Stadion,52.95861,5.93611
2025-02-01,19:45,Italy,Bologna,Como,Serie A,Stadio Renato Dall'Ara,44.49222,11.30972
2025-02-01,19:45,Belgium,Genk,Beerschot VA,Belgian Pro League,Cegeka Arena,51.005,5.53333
2025-02-01,20:00,Spain,Espanol,Real Madrid,La Liga,RCDE Stadium,41.34778,2.07556
2025-02-01,20:00,Denmark,Santander,Malaga,Segunda Division,Cepheus Park Randers,56.46594,10.010262
2025-02-01,20:05,France,Lille,St Etienne,Ligue 1,Decathlon Arena Pierre Mauroy Stadium,50.6119,3.1304
2025-02-01,20:30,Portugal,Guimaraes,AVS,Primeira Liga,Estádio D. Afonso Henriques,41.44583,-8.30111
2025-02-02,10:30,Turkey,Ad. Demirspor,Kasimpasa,Super Lig,New Adana Stadium,37.06333,35.375
2025-02-02,11:15,Netherlands,Almere City,Waalwijk,Eredivisie,Yanmar Stadion,52.3944,5.2405
2025-02-02,11:30,Italy,Juventus,Empoli,Serie A,Juventus Stadium,45.10944,7.64111
2025-02-02,12:30,Belgium,Antwerp,Club Brugge,Belgian Pro League,Bosuilstadion,51.2325,4.47222
2025-02-02,13:00,Spain,Barcelona,Alaves,La Liga,Olímpic Lluís Companys,41.36472,2.15556
2025-02-02,13:00,Turkey,Goztep,Alanyaspor,Super Lig,Gürsel Aksel Stadium,38.396821,27.07595
2025-02-02,13:30,Netherlands,Ajax,Feyenoord,Eredivisie,Johan Cruyff Arena,52.31417,4.94194
2025-02-02,13:30,Netherlands,Go Ahead Eagles,Twente,Eredivisie,De Adelaarshorst,52.260416,6.172578
2025-02-02,14:00,England,Brentford,Tottenham,Premier League,Brentford Community Stadium,51.49083,-0.28861
2025-02-02,14:00,England,Man United,Crystal Palace,Premier League,Old Trafford,53.463055555556,-2.2913888888889
2025-02-02,14:00,Italy,Fiorentina,Genoa,Serie A,Stadio Artemio Franchi,43.78083,11.28222
2025-02-02,14:00,Portugal,Carrarese,Brescia,Serie B,Estádio de São Luís,37.022861,-7.928444
2025-02-02,14:00,Spain,Salernitana,Cremonese,Serie B,Mestalla,39.47472,-0.35833
2025-02-02,14:00,Austria,Sudtirol,Reggiana,Serie B,Tivoli Stadion Tirol,47.25583,11.41083
2025-02-02,14:00,France,Toulouse,Nice,Ligue 1,Stadium de Toulouse,43.58306,1.43417
2025-02-02,14:30,Germany,Ein Frankfurt,Wolfsburg,Bundesliga,Deutsche Bank Park,50.068056,8.645806
2025-02-02,14:30,Greece,Levadeiakos,Olympiakos,Super League Greece,Levadia Municipal Stadium,38.4358972,22.8828444
2025-02-02,15:00,Greece,Athens Kallithea,Aris,Super League Greece,Leoforos Alexandras Stadium,37.98722,23.75417
2025-02-02,15:15,Spain,Valencia,Celta,La Liga,Mestalla,39.47472,-0.35833
2025-02-02,15:45,Netherlands,Sparta Rotterdam,Groningen,Eredivisie,Spartastadion Het Kasteel,51.919485,4.433619
2025-02-02,16:00,Turkey,Fenerbahce,Rizespor,Super Lig,Ülker Stadium,40.98778,29.03694
2025-02-02,16:15,Greece,Bari,Frosinone,Serie B,Kleanthis Vikelidis Stadium,40.6,22.96944
2025-02-02,16:15,France,Angers,Le Havre,Ligue 1,Stade Raymond Kopa,47.460458,-0.530741
2025-02-02,16:15,France,Reims,Nantes,Ligue 1,Stade Auguste Delaune,49.24667,4.025
2025-02-02,16:15,France,Rennes,Strasbourg,Ligue 1,Roazhon Park,48.1075,-1.71278
2025-02-02,16:30,England,Arsenal,Man City,Premier League,Emirates Stadium,51.55667,-0.10611
2025-02-02,16:30,Germany,Leverkusen,Hoffenheim,Bundesliga,BayArena,51.03833,7.00222
2025-02-02,17:00,Italy,Milan,Inter,Serie A,San Siro,45.47806,9.12389
2025-02-02,17:30,Spain,Osasuna,Sociedad,La Liga,El Sadar,42.79667,-1.63694
2025-02-02,17:30,England,Cartagena,Cordoba,Segunda Division,Emirates Stadium,51.55667,-0.10611
2025-02-02,17:30,Portugal,Zaragoza,Cadiz,Segunda Division,Estádio Municipal de Braga,41.5625,-8.43
2025-02-02,17:30,Belgium,Gent,Anderlecht,Belgian Pro League,Planet Group Arena,51.01611,3.73417
2025-02-02,17:30,Greece,PAOK,AEK,Super League Greece,Toumba Stadium,40.61389,22.9725
2025-02-02,18:15,Belgium,Kortrijk,Westerlo,Belgian Pro League,Guldensporen Stadion,50.830432,3.248906
2025-02-02,18:30,Greece,Panetolikos,Atromitos,Super League Greece,Panetolikos Stadium,38.63,21.41167
2025-02-02,19:00,Netherlands,Willem II,AZ Alkmaar,Eredivisie,Koning Willem II Stadion,51.54278,5.06694
2025-02-02,19:45,Italy,Roma,Napoli,Serie A,Stadio Olimpico,41.93389,12.45472
2025-02-02,19:45,France,Marseille,Lyon,Ligue 1,Orange Vélodrome,43.26972,5.39583
2025-02-02,20:00,Spain,Betis,Ath Bilbao,La Liga,Benito Villamarín,37.35639,-5.98139
2025-02-02,20:30,Portugal,Estrela,Benfica,Primeira Liga,Estádio José Gomes,38.75194,-9.22806
2025-02-03,16:00,Greece,Asteras Tripolis,Lamia,Super League Greece,Theodoros Kolokotronis Stadium,37.5025,22.38861
2025-02-03,17:00,Turkey,Gaziantep,Galatasaray,Super Lig,Gaziantep Stadium,37.12389,37.3825
2025-02-03,18:45,Portugal,Moreirense,Sp Braga,Primeira Liga,Estádio Comendador Joaquim de Almeida Freitas,41.37806,-8.35472
2025-02-03,19:30,Spain,Levante,Ferrol,Segunda Division,Municipal de Butarque,40.3404,-3.7607
2025-02-03,19:45,Italy,Cagliari,Lazio,Serie A,Unipol Domus,39.2,9.1375
2025-02-03,20:00,England,Chelsea,West Ham,Premier League,Stamford Bridge,51.481666666667,-0.19111111111111
2025-02-03,20:00,Spain,Girona,Las Palmas,La Liga,Montilivi,41.96139,2.82861
2025-02-03,20:45,Portugal,Rio Ave,Porto,Primeira Liga,Estádio dos Arcos,41.36278,-8.74028
2025-02-04,19:45,Denmark,Burnley,Oxford,Championship,Brøndby Stadium,55.64889,12.41861
2025-02-06,17:00,Italy,Fiorentina,Inter,Serie A,Stadio Artemio Franchi,43.78083,11.28222
2025-02-07,17:00,Turkey,Samsunspor,Hatayspor,Super Lig,Samsun 19 Mayıs Stadium,41.22778,36.4575
2025-02-07,18:00,France,Nantes,Brest,Ligue 1,Stade de la Beaujoire,47.256,-1.525
2025-02-07,19:00,Italy,Grenoble,Red Star,Ligue 2,Stadio Luigi Ferraris,44.41639,8.9525
2025-02-07,19:00,Greece,Laval,Annecy,Ligue 2,Lamia Municipal Stadium,38.91,22.43111
2025-02-07,19:00,Greece,Martigues,Troyes,Ligue 2,Kleanthis Vikelidis Stadium,40.6,22.96944
2025-02-07,19:00,Greece,Paris FC,Pau FC,Ligue 2,Kleanthis Vikelidis Stadium,40.6,22.96944
2025-02-07,19:30,Germany,Bayern Munich,Werder Bremen,Bundesliga,Allianz Arena,48.218775,11.624752777778
2025-02-07,19:30,France,Brescia,Salernitana,Serie B,Stade Francis-Le Blé,48.402932,-4.461694
2025-02-07,19:45,Italy,Como,Juventus,Serie A,Stadio Giuseppe Sinigaglia,45.81389,9.07222
2025-02-07,19:45,Belgium,Mechelen,Gent,Belgian Pro League,AFAS-stadion Achter de Kazerne,51.037184,4.486397
2025-02-07,20:00,Spain,Vallecano,Valladolid,La Liga,Vallecas,40.39194,-3.65889
2025-02-07,20:05,France,Paris SG,Monaco,Ligue 1,Parc des Princes,48.84138888888889,2.2530555555555556
2025-02-07,20:15,Portugal,Porto,Sp Lisbon,Primeira Liga,Estádio do Dragão,41.1618,-8.5839
2025-02-08,12:00,Germany,Magdeburg,Nurnberg,2. Bundesliga,WWK Arena,48.32306,10.88611
2025-02-08,12:00,England,Ulm,Paderborn,2. Bundesliga,Craven Cottage,51.475,-0.22166666666667
2025-02-08,12:30,Belgium,West Brom,Sheffield Weds,Championship,Het Kuipje,51.094817,4.928806
2025-02-08,13:00,Spain,Celta,Betis,La Liga,Balaídos,42.2118,-8.7397
2025-02-08,13:00,Italy,Lorient,Amiens,Ligue 2,Stadio Olimpico Grande Torino,45.04167,7.65
2025-02-08,13:00,Turkey,Kayserispor,Konyaspor,Super Lig,RHG Enertürk Enerji Stadium,38.73722,35.42306
2025-02-08,14:00,Italy,Verona,Atalanta,Serie A,Stadio Marcantonio Bentegodi,45.43528,10.96861
2025-02-08,14:00,Italy,Cosenza,Carrarese,Serie B,Stadio Brianteo,45.58278,9.30806
2025-02-08,14:30,Germany,Dortmund,Stuttgart,Bundesliga,Signal Iduna Park,51.4925,7.45167
2025-02-08,14:30,Germany,Freiburg,Heidenheim,Bundesliga,Europa-Park Stadion,48.0216,7.8297
2025-02-08,14:30,Germany,Hoffenheim,Union Berlin,Bundesliga,PreZero Arena,49.23806,8.8875
2025-02-08,14:30,Germany,Mainz,Augsburg,Bundesliga,Mewa Arena,49.98417,8.22417
2025-02-08,14:30,Germany,Wolfsburg,Leverkusen,Bundesliga,Volkswagen Arena,52.43278,10.80389
2025-02-08,15:00,Croatia,Norwich,Derby,Championship,ŠRC Velika Gorica,45.724,16.0732
2025-02-08,15:00,England,Sheffield United,Portsmouth,Championship,Old Trafford,53.463055555556,-2.2913888888889
2025-02-08,15:00,Belgium,Club Brugge,Oud-Heverlee Leuven,Belgian Pro League,Jan Breydel Stadium,51.19333,3.18056
2025-02-08,15:00,Greece,Volos NFC,Panetolikos,Super League Greece,Panthessaliko Stadium,39.3875,22.93111
2025-02-08,15:15,Spain,Ath Bilbao,Girona,La Liga,San Mamés,43.2643,-2.9504
2025-02-08,15:15,Spain,Granada,Mirandes,Segunda Division,Montilivi,41.96139,2.82861
2025-02-08,15:30,Netherlands,Heracles,Go Ahead Eagles,Eredivisie,Asito Stadion[3],52.33889,6.65056
2025-02-08,15:30,Portugal,AVS,Santa Clara,Primeira Liga,Estádio do CD Aves,41.366932,-8.411789
2025-02-08,16:00,France,Nice,Lens,Ligue 1,Allianz Riviera,43.70528,7.1925
2025-02-08,16:00,Turkey,Sivasspor,Besiktas,Super Lig,BG Grup 4 Eylül Stadium,39.72833,36.98389
2025-02-08,16:15,Turkey,Sampdoria,Modena,Serie B,Samsun 19 Mayıs Stadium,41.22778,36.4575
2025-02-08,17:00,Italy,Empoli,Milan,Serie A,Stadio Carlo Castellani - Computer Gross Arena,43.72639,10.955
2025-02-08,17:15,Belgium,Dender,St Truiden,Belgian Pro League,Van Roystadion,50.883683,4.071185
2025-02-08,17:30,Spain,Las Palmas,Villarreal,La Liga,Gran Canaria,28.10028,-15.45667
2025-02-08,17:45,Netherlands,PSV Eindhoven,Willem II,Eredivisie,Philips Stadion,51.44167,5.4675
2025-02-08,18:00,France,Lille,Le Havre,Ligue 1,Decathlon Arena Pierre Mauroy Stadium,50.6119,3.1304
2025-02-08,18:00,Portugal,Benfica,Moreirense,Primeira Liga,Estádio da Luz,38.7527,-9.1847
2025-02-08,19:00,Netherlands,Groningen,Nijmegen,Eredivisie,Euroborg,53.20611,6.59139
2025-02-08,19:45,Italy,Torino,Genoa,Serie A,Stadio Olimpico Grande Torino,45.04167,7.65
2025-02-08,19:45,Belgium,Genk,Cercle Brugge,Belgian Pro League,Cegeka Arena,51.005,5.53333
2025-02-08,20:00,Spain,Real Madrid,Ath Madrid,La Liga,Santiago Bernabéu,40.45306,-3.68835
2025-02-08,20:00,Netherlands,Feyenoord,Sparta Rotterdam,Eredivisie,De Kuip,51.89389,4.52306
2025-02-08,20:05,France,St Etienne,Rennes,Ligue 1,Stade Geoffroy Guichard,45.46083,4.39028
2025-02-08,20:30,Portugal,Famalicao,Guimaraes,Primeira Liga,Estádio Municipal de Famalicão,41.40139,-8.5225
2025-02-09,11:15,Netherlands,Utrecht,Almere City,Eredivisie,Stadion Galgenwaard,52.07833,5.14583
2025-02-09,11:30,Italy,Venezia,Roma,Serie A,Stadio Pier Luigi Penzo,45.4277611,12.3637306
2025-02-09,12:00,England,Bristol City,Swansea,Championship,King Power Stadium,52.620277777778,-1.1422222222222
2025-02-09,12:30,Belgium,Anderlecht,Antwerp,Belgian Pro League,Lotto Park,50.83417,4.29833
2025-02-09,13:00,Spain,Alaves,Getafe,La Liga,Mendizorrotza,42.8371111,-2.6880444
2025-02-09,13:00,Belgium,Elche,Tenerife,Segunda Division,AFAS-stadion Achter de Kazerne,51.037184,4.486397
2025-02-09,13:00,Turkey,Alanyaspor,Fenerbahce,Super Lig,Alanya Oba Stadium,36.5626,32.0792
2025-02-09,13:30,Netherlands,For Sittard,Ajax,Eredivisie,Fortuna Sittard Stadion,50.992069,5.843675
2025-02-09,13:30,Netherlands,Waalwijk,NAC Breda,Eredivisie,Mandemakers Stadion,51.68694,5.08861
2025-02-09,14:00,Italy,Cagliari,Parma,Serie A,Unipol Domus,39.2,9.1375
2025-02-09,14:00,Italy,Lazio,Monza,Serie A,Stadio Olimpico,41.93389,12.45472
2025-02-09,14:00,France,Cremonese,Sudtirol,Serie B,Roazhon Park,48.1075,-1.71278
2025-02-09,14:00,Italy,Spezia,Palermo,Serie B,Stadio Pier Luigi Penzo,45.4277611,12.3637306
2025-02-09,14:00,France,Lyon,Reims,Ligue 1,Groupama Stadium,45.765224,4.982131
2025-02-09,14:30,Germany,Holstein Kiel,Bochum,Bundesliga,Holstein-Stadion,54.34917,10.12361
2025-02-09,15:00,Belgium,Kortrijk,St. Gilloise,Belgian Pro League,Guldensporen Stadion,50.830432,3.248906
2025-02-09,15:00,Greece,Olympiakos,Asteras Tripolis,Super League Greece,Karaiskakis Stadium,37.94611,23.66444
2025-02-09,15:15,Spain,Valencia,Leganes,La Liga,Mestalla,39.47472,-0.35833
2025-02-09,15:30,Portugal,Estoril,Boavista,Primeira Liga,Estádio António Coimbra da Mota,38.71583,-9.40639
2025-02-09,15:30,Portugal,Farense,Nacional,Primeira Liga,Estádio de São Luís,37.022861,-7.928444
2025-02-09,15:45,Netherlands,Heerenveen,Twente,Eredivisie,Abe Lenstra Stadion,52.95861,5.93611
2025-02-09,16:00,Turkey,Antalyaspor,Buyuksehyr,Super Lig,Corendon Airlines Park,36.888278,30.668444
2025-02-09,16:00,Turkey,Galatasaray,Ad. Demirspor,Super Lig,Rams Park,41.10278,28.99056
2025-02-09,16:15,France,Auxerre,Toulouse,Ligue 1,Stade Abbé Deschamps,47.7867528,3.5886639
2025-02-09,16:15,France,Strasbourg,Montpellier,Ligue 1,Stade de la Meinau,48.56,7.755
2025-02-09,16:30,Germany,RB Leipzig,St Pauli,Bundesliga,Red Bull Arena,51.34583,12.34833
2025-02-09,17:00,Italy,Lecce,Bologna,Serie A,Stadio Via del mare,40.36528,18.20889
2025-02-09,17:30,Spain,Sociedad,Espanol,La Liga,Anoeta,43.30139,-1.97361
2025-02-09,17:30,Belgium,Westerlo,Standard,Belgian Pro League,Het Kuipje,51.094817,4.928806
2025-02-09,17:30,Greece,Aris,Panathinaikos,Super League Greece,Kleanthis Vikelidis Stadium,40.6,22.96944
2025-02-09,18:00,Portugal,Sp Braga,Gil Vicente,Primeira Liga,Estádio Municipal de Braga,41.5625,-8.43
2025-02-09,18:15,Belgium,Beerschot VA,Charleroi,Belgian Pro League,Olympisch Stadion,51.185,4.38222
2025-02-09,19:45,Italy,Napoli,Udinese,Serie A,Stadio Diego Armando Maradona,40.828,14.193
2025-02-09,19:45,France,Angers,Marseille,Ligue 1,Stade Raymond Kopa,47.460458,-0.530741
2025-02-09,20:00,Spain,Sevilla,Barcelona,La Liga,Ramón Sánchez-Pizjuán,37.384,-5.9705
2025-02-09,20:30,Portugal,Casa Pia,Estrela,Primeira Liga,Estádio Municipal de Rio Maior[A],39.34444,-8.93528
2025-02-10,16:00,Greece,Atromitos,Athens Kallithea,Super League Greece,Peristeri Stadium,38.00472,23.68972
2025-02-10,16:00,Greece,Lamia,Levadeiakos,Super League Greece,Lamia Municipal Stadium,38.91,22.43111
2025-02-10,17:00,Turkey,Trabzonspor,Eyupspor,Super Lig,Papara Park,40.99917,39.64583
2025-02-10,20:00,Spain,Mallorca,Osasuna,La Liga,Mallorca Son Moix,39.59,2.63
2025-02-10,20:15,Portugal,Arouca,Rio Ave,Primeira Liga,Estádio Municipal de Arouca,40.933,-8.2503
2025-02-11,18:45,France,Brest,Paris Saint-Germain,Europa League,Stade Francis-Le Blé,48.402932,-4.461694
2025-02-11,19:45,Portugal,Portsmouth,Cardiff,Championship,Estádio do Dragão,41.1618,-8.5839
2025-02-11,19:45,England,Watford,Leeds,Championship,Brentford Community Stadium,51.49083,-0.28861
2025-02-11,20:00,Croatia,Norwich,Preston,Championship,ŠRC Velika Gorica,45.724,16.0732
2025-02-11,21:00,Italy,Juventus,PSV Eindhoven,Europa League,Juventus Stadium,45.10944,7.64111
2025-02-11,21:00(20:00UTC+0),England,Manchester City,Real Madrid,Europa League,City of Manchester Stadium,53.483055555556,-2.2002777777778
2025-02-12,18:45,Belgium,Club Brugge,Atalanta,Europa League,Jan Breydel Stadium,51.19333,3.18056
2025-02-12,19:30,England,Everton,Liverpool,Premier League,Goodison Park,53.438888888889,-2.9663888888889
2025-02-12,19:45,England,Bristol City,Stoke,Championship,King Power Stadium,52.620277777778,-1.1422222222222
2025-02-12,19:45,Denmark,Burnley,Hull,Championship,Brøndby Stadium,55.64889,12.41861
2025-02-12,20:00,England,Sheffield United,Middlesbrough,Championship,Old Trafford,53.463055555556,-2.2913888888889
2025-02-12,20:00,Belgium,West Brom,Blackburn,Championship,Het Kuipje,51.094817,4.928806
2025-02-12,21:00,France,Monaco,Benfica,Europa League,Stade Louis II,43.7275,7.41556
2025-02-12,21:00,Netherlands,Feyenoord,Milan,Europa League,De Kuip,51.89389,4.52306
2025-02-12,21:00(20:00UTC+0),Spain,Celtic,Bayern Munich,Europa League,Balaídos,42.2118,-8.7397
2025-02-13,18:45,Denmark,Midtjylland,Real Sociedad,Europa League,MCH Arena,56.116868,8.951669
2025-02-13,18:45(20:45UTC+3),Turkey,Fenerbahçe,Anderlecht,Europa League,Ülker Stadium,40.98778,29.03694
2025-02-13,21:00,Netherlands,Twente,Bodø/Glimt,Europa League,De Grolsch Veste,52.23667,6.8375
2025-02-13,21:00,Netherlands,AZ,Galatasaray,Europa League,AFAS Stadion,52.61278,4.74222
2025-02-13,21:00(20:00UTC+0),Portugal,Porto,Roma,Europa League,Estádio do Dragão,41.1618,-8.5839
2025-02-13,21:00(22:00UTC+2),Greece,PAOK,FCSB,Europa League,Toumba Stadium,40.61389,22.9725
2025-02-14,17:00,Turkey,Ad. Demirspor,Antalyaspor,Super Lig,New Adana Stadium,37.06333,35.375
2025-02-14,17:30,Germany,Magdeburg,FC Koln,2. Bundesliga,WWK Arena,48.32306,10.88611
2025-02-14,19:00,Portugal,Amiens,Grenoble,Ligue 2,Estádio Comendador Joaquim de Almeida Freitas,41.37806,-8.35472
2025-02-14,19:00,France,Red Star,Martigues,Ligue 2,Stade Francis-Le Blé,48.402932,-4.461694
2025-02-14,19:00,Netherlands,Go Ahead Eagles,Sparta Rotterdam,Eredivisie,De Adelaarshorst,52.260416,6.172578
2025-02-14,19:30,Denmark,Mirandes,Ferrol,Segunda Division,Cepheus Park Randers,56.46594,10.010262
2025-02-14,19:30,Germany,Augsburg,RB Leipzig,Bundesliga,WWK Arena,48.32306,10.88611
2025-02-14,19:45,Italy,Bologna,Torino,Serie A,Stadio Renato Dall'Ara,44.49222,11.30972
2025-02-14,19:45,France,Brest,Auxerre,Ligue 1,Stade Francis-Le Blé,48.402932,-4.461694
2025-02-14,19:45,Belgium,Standard,Genk,Belgian Pro League,Stade Maurice Dufrasne,50.61,5.54333
2025-02-14,20:00,England,Brighton,Chelsea,Premier League,Falmer Stadium,50.861822222222,-0.083277777777778
2025-02-14,20:00,Spain,Girona,Getafe,La Liga,Montilivi,41.96139,2.82861
2025-02-14,20:15,Portugal,Boavista,Estrela,Primeira Liga,Estádio do Bessa,41.16222,-8.64278
2025-02-15,10:30,Turkey,Gaziantep,Sivasspor,Super Lig,Gaziantep Stadium,37.12389,37.3825
2025-02-15,12:30,England,Leicester,Arsenal,Premier League,King Power Stadium,52.620277777778,-1.1422222222222
2025-02-15,12:30,Portugal,Preston,Burnley,Championship,Estádio do Dragão,41.1618,-8.5839
2025-02-15,13:00,Spain,Leganes,Alaves,La Liga,Municipal de Butarque,40.3404,-3.7607
2025-02-15,13:00,Turkey,Buyuksehyr,Bodrumspor,Super Lig,Başakşehir Fatih Terim Stadium,41.12278,28.80861
2025-02-15,14:00,Italy,Atalanta,Cagliari,Serie A,Gewiss Stadium,45.70889,9.68083
2025-02-15,14:00,Portugal,Carrarese,Salernitana,Serie B,Estádio de São Luís,37.022861,-7.928444
2025-02-15,14:00,Italy,Modena,Spezia,Serie B,Stadio Brianteo,45.58278,9.30806
2025-02-15,14:00,Austria,Sudtirol,Sampdoria,Serie B,Tivoli Stadion Tirol,47.25583,11.41083
2025-02-15,14:30,Germany,Bochum,Dortmund,Bundesliga,Vonovia Ruhrstadion,51.49,7.23667
2025-02-15,14:30,Germany,St Pauli,Freiburg,Bundesliga,Millerntor-Stadion,53.554583,9.967667
2025-02-15,14:30,Germany,Stuttgart,Wolfsburg,Bundesliga,MHPArena,48.79222,9.23194
2025-02-15,14:30,Germany,Union Berlin,M'gladbach,Bundesliga,Stadion An der Alten Försterei,52.45722,13.56806
2025-02-15,15:00,England,Aston Villa,Ipswich,Premier League,Villa Park,52.509166666667,-1.8847222222222
2025-02-15,15:00,England,Fulham,Nott'm Forest,Premier League,Craven Cottage,51.475,-0.22166666666667
2025-02-15,15:00,England,Man City,Newcastle,Premier League,City of Manchester Stadium,53.483055555556,-2.2002777777778
2025-02-15,15:00,England,Southampton,Bournemouth,Premier League,St Mary's Stadium,50.90583,-1.39111
2025-02-15,15:00,England,West Ham,Brentford,Premier League,London Stadium,51.5386,-0.0164
2025-02-15,15:00,France,Luton,Sheffield United,Championship,Groupama Stadium,45.765224,4.982131
2025-02-15,15:00,Belgium,Oud-Heverlee Leuven,Dender,Belgian Pro League,Den Dreef,50.86833,4.69417
2025-02-15,15:15,Spain,Osasuna,Real Madrid,La Liga,El Sadar,42.79667,-1.63694
2025-02-15,15:15,England,Cartagena,Malaga,Segunda Division,Emirates Stadium,51.55667,-0.10611
2025-02-15,15:30,Netherlands,PSV Eindhoven,Utrecht,Eredivisie,Philips Stadion,51.44167,5.4675
2025-02-15,15:30,Portugal,Moreirense,Casa Pia,Primeira Liga,Estádio Comendador Joaquim de Almeida Freitas,41.37806,-8.35472
2025-02-15,16:00,France,Marseille,St Etienne,Ligue 1,Orange Vélodrome,43.26972,5.39583
2025-02-15,16:00,Turkey,Besiktas,Trabzonspor,Super Lig,Tüpraş Stadium,41.03917,28.99472
2025-02-15,16:15,Greece,Bari,Cremonese,Serie B,Kleanthis Vikelidis Stadium,40.6,22.96944
2025-02-15,17:00,Italy,Lazio,Napoli,Serie A,Stadio Olimpico,41.93389,12.45472
2025-02-15,17:00,Portugal,Nacional,Estoril,Primeira Liga,Estádio da Madeira,32.670625,-16.883525
2025-02-15,17:15,Belgium,Antwerp,Kortrijk,Belgian Pro League,Bosuilstadion,51.2325,4.47222
2025-02-15,17:30,England,Crystal Palace,Everton,Premier League,Selhurst Park,51.39833,-0.08556
2025-02-15,17:30,Spain,Ath Madrid,Celta,La Liga,Santiago Bernabéu,40.45306,-3.68835
2025-02-15,17:30,Denmark,Santander,Cadiz,Segunda Division,Cepheus Park Randers,56.46594,10.010262
2025-02-15,17:30,Germany,Leverkusen,Bayern Munich,Bundesliga,BayArena,51.03833,7.00222
2025-02-15,17:45,Netherlands,NAC Breda,Feyenoord,Eredivisie,Rat Verlegh Stadion,51.595,4.75028
2025-02-15,18:00,France,Monaco,Nantes,Ligue 1,Stade Louis II,43.7275,7.41556
2025-02-15,18:00,Portugal,Santa Clara,Benfica,Primeira Liga,Estádio de São Miguel,37.763694,-25.622611
2025-02-15,19:30,Netherlands,Fortuna Dusseldorf,Hertha,2. Bundesliga,Fortuna Sittard Stadion,50.992069,5.843675
2025-02-15,19:45,Italy,Milan,Verona,Serie A,San Siro,45.47806,9.12389
2025-02-15,19:45,Belgium,St Truiden,Club Brugge,Belgian Pro League,Stayen,50.813474,5.166256
2025-02-15,20:00,Spain,Villarreal,Valencia,La Liga,La Cerámica,39.94417,-0.10361
2025-02-15,20:00,Netherlands,Willem II,Groningen,Eredivisie,Koning Willem II Stadion,51.54278,5.06694
2025-02-15,20:05,France,Toulouse,Paris SG,Ligue 1,Stadium de Toulouse,43.58306,1.43417
2025-02-16,10:30,Turkey,Hatayspor,Alanyaspor,Super Lig,Mersin Stadium[note 1],36.82056,34.53861
2025-02-16,11:30,Italy,Fiorentina,Como,Serie A,Stadio Artemio Franchi,43.78083,11.28222
2025-02-16,12:30,France,Regensburg,Hamburg,2. Bundesliga,Stade de la Meinau,48.56,7.755
2025-02-16,12:30,Belgium,Gent,Beerschot VA,Belgian Pro League,Planet Group Arena,51.01611,3.73417
2025-02-16,13:00,Spain,Espanol,Ath Bilbao,La Liga,RCDE Stadium,41.34778,2.07556
2025-02-16,13:00,Spain,Levante,Sp Gijon,Segunda Division,Municipal de Butarque,40.3404,-3.7607
2025-02-16,13:00,Turkey,Eyupspor,Kayserispor,Super Lig,Recep Tayyip Erdoğan Stadium,41.03278,28.9725
2025-02-16,13:00,Turkey,Konyaspor,Samsunspor,Super Lig,Konya Metropolitan Municipality Stadium,37.946,32.488
2025-02-16,13:00,Greece,Levadeiakos,Aris,Super League Greece,Levadia Municipal Stadium,38.4358972,22.8828444
2025-02-16,13:30,Netherlands,Twente,Waalwijk,Eredivisie,De Grolsch Veste,52.23667,6.8375
2025-02-16,13:30,Netherlands,Zwolle,Heerenveen,Eredivisie,MAC³PARK Stadion,52.51722,6.12083
2025-02-16,14:00,England,Liverpool,Wolves,Premier League,Anfield,53.4308,-2.9608
2025-02-16,14:00,Italy,Monza,Lecce,Serie A,Stadio Brianteo,45.58278,9.30806
2025-02-16,14:00,Italy,Udinese,Empoli,Serie A,Stadio Friuli,46.0816,13.2001
2025-02-16,14:00,Italy,Palermo,Mantova,Serie B,Stadio Ennio Tardini,44.795,10.33833
2025-02-16,14:00,France,Montpellier,Lyon,Ligue 1,Stade de la Mosson,43.62222,3.81194
2025-02-16,14:30,Germany,Werder Bremen,Hoffenheim,Bundesliga,Weserstadion,53.06639,8.8375
2025-02-16,15:00,Greece,Panathinaikos,Volos NFC,Super League Greece,Athens Olympic Stadium,38.03606806,23.7876
2025-02-16,15:00,Greece,Panserraikos,Olympiakos,Super League Greece,Serres Municipal Stadium,41.0847,23.5466
2025-02-16,15:15,Spain,Valladolid,Sevilla,La Liga,José Zorrilla,41.64444,-4.76111
2025-02-16,15:15,France,Eldense,La Coruna,Segunda Division,Stade Bollaert-Delelis,50.43278,2.815
2025-02-16,15:30,Portugal,Rio Ave,AVS,Primeira Liga,Estádio dos Arcos,41.36278,-8.74028
2025-02-16,15:45,Netherlands,Ajax,Heracles,Eredivisie,Johan Cruyff Arena,52.31417,4.94194
2025-02-16,16:00,Turkey,Fenerbahce,Kasimpasa,Super Lig,Ülker Stadium,40.98778,29.03694
2025-02-16,16:15,England,Cesena,Pisa,Serie B,Stamford Bridge,51.481666666667,-0.19111111111111
2025-02-16,16:15,France,Le Havre,Nice,Ligue 1,Stade Océane,49.49889,0.16972
2025-02-16,16:15,France,Lens,Strasbourg,Ligue 1,Stade Bollaert-Delelis,50.43278,2.815
2025-02-16,16:15,France,Reims,Angers,Ligue 1,Stade Auguste Delaune,49.24667,4.025
2025-02-16,16:30,England,Tottenham,Man United,Premier League,Tottenham Hotspur Stadium,51.6044,-0.0664
2025-02-16,16:30,Germany,Ein Frankfurt,Holstein Kiel,Bundesliga,Deutsche Bank Park,50.068056,8.645806
2025-02-16,17:00,Italy,Parma,Roma,Serie A,Stadio Ennio Tardini,44.795,10.33833
2025-02-16,17:30,Spain,Mallorca,Las Palmas,La Liga,Mallorca Son Moix,39.59,2.63
2025-02-16,17:30,Portugal,Zaragoza,Burgos,Segunda Division,Estádio Municipal de Braga,41.5625,-8.43
2025-02-16,17:30,Belgium,Charleroi,Anderlecht,Belgian Pro League,Stade du Pays de Charleroi,50.414609,4.453787
2025-02-16,18:00,Portugal,Farense,Porto,Primeira Liga,Estádio de São Luís,37.022861,-7.928444
2025-02-16,18:00,Greece,PAOK,Lamia,Super League Greece,Toumba Stadium,40.61389,22.9725
2025-02-16,18:15,Belgium,Cercle Brugge,Westerlo,Belgian Pro League,Jan Breydel Stadium,51.19333,3.18056
2025-02-16,18:30,Germany,Heidenheim,Mainz,Bundesliga,Voith-Arena,48.66861,10.13944
2025-02-16,18:30,Greece,Panetolikos,Athens Kallithea,Super League Greece,Panetolikos Stadium,38.63,21.41167
2025-02-16,19:45,Italy,Juventus,Inter,Serie A,Juventus Stadium,45.10944,7.64111
2025-02-16,19:45,France,Rennes,Lille,Ligue 1,Roazhon Park,48.1075,-1.71278
2025-02-16,20:00,Spain,Betis,Sociedad,La Liga,Benito Villamarín,37.35639,-5.98139
2025-02-16,20:30,Portugal,Guimaraes,Sp Braga,Primeira Liga,Estádio D. Afonso Henriques,41.44583,-8.30111
2025-02-17,17:00,Turkey,Rizespor,Galatasaray,Super Lig,Rize City Stadium,41.04202,40.5733
2025-02-17,19:30,Spain,Almeria,Elche,Segunda Division,Mestalla,39.47472,-0.35833
2025-02-17,19:45,Italy,Genoa,Venezia,Serie A,Stadio Luigi Ferraris,44.41639,8.9525
2025-02-17,19:45,Netherlands,Annecy,Caen,Ligue 2,Goffertstadion,51.8225,5.83667
2025-02-17,20:00,Spain,Barcelona,Vallecano,La Liga,Olímpic Lluís Companys,41.36472,2.15556
2025-02-17,20:15,Portugal,Gil Vicente,Famalicao,Primeira Liga,Estádio Cidade de Barcelos,41.551,-8.623
2025-02-18,18:45,Italy,Milan,Feyenoord,Europa League,San Siro,45.47806,9.12389
2025-02-18,19:45,Portugal,Preston,Millwall,Championship,Estádio do Dragão,41.1618,-8.5839
2025-02-18,21:00,Italy,Atalanta,Club Brugge,Europa League,Gewiss Stadium,45.70889,9.68083
2025-02-18,21:00,Germany,Bayern Munich,Celtic,Europa League,Allianz Arena,48.218775,11.624752777778
2025-02-18,21:00(20:00UTC+0),Portugal,Benfica,Monaco,Europa League,Estádio da Luz,38.7527,-9.1847
2025-02-19,18:45,Germany,Borussia Dortmund,Sporting CP,Europa League,Signal Iduna Park,51.4925,7.45167
2025-02-19,19:30,England,Aston Villa,Liverpool,Premier League,Villa Park,52.509166666667,-1.8847222222222
2025-02-19,19:45,France,Luton,Plymouth,Championship,Groupama Stadium,45.765224,4.982131
2025-02-19,21:00,France,Paris Saint-Germain,Brest,Europa League,Parc des Princes,48.84138888888889,2.2530555555555556
2025-02-19,21:00,Spain,Real Madrid,Manchester City,Europa League,Santiago Bernabéu,40.45306,-3.68835
2025-02-19,21:00,Netherlands,PSV Eindhoven,Juventus,Europa League,Philips Stadion,51.44167,5.4675
2025-02-20,18:45,Italy,Roma,Porto,Europa League,Stadio Olimpico,41.93389,12.45472
2025-02-20,18:45(20:45UTC+3),Turkey,Galatasaray,AZ,Europa League,Rams Park,41.10278,28.99056
2025-02-20,21:00,Czech Republic,Viktoria Plzeň,Ferencváros,Europa League,Doosan Arena,49.75,13.38556
2025-02-20,21:00,Netherlands,Ajax,Union Saint-Gilloise,Europa League,Johan Cruyff Arena,52.31417,4.94194
2025-02-20,21:00,Belgium,Anderlecht,Fenerbahçe,Europa League,Lotto Park,50.83417,4.29833
2025-02-20,21:00,Spain,Real Sociedad,Midtjylland,Europa League,Anoeta,43.30139,-1.97361
2025-02-21,17:00,Turkey,Eyupspor,Besiktas,Super Lig,Recep Tayyip Erdoğan Stadium,41.03278,28.9725
2025-02-21,19:00,Portugal,Bastia,Red Star,Ligue 2,Estádio do Bessa,41.16222,-8.64278
2025-02-21,19:00,Italy,Grenoble,Guingamp,Ligue 2,Stadio Luigi Ferraris,44.41639,8.9525
2025-02-21,19:00,Greece,Martigues,Annecy,Ligue 2,Kleanthis Vikelidis Stadium,40.6,22.96944
2025-02-21,19:00,Greece,Paris FC,Troyes,Ligue 2,Kleanthis Vikelidis Stadium,40.6,22.96944
2025-02-21,19:30,Germany,Freiburg,Werder Bremen,Bundesliga,Europa-Park Stadion,48.0216,7.8297
2025-02-21,19:30,Turkey,Sampdoria,Sassuolo,Serie B,Samsun 19 Mayıs Stadium,41.22778,36.4575
2025-02-21,19:45,England,Bristol City,Middlesbrough,Championship,King Power Stadium,52.620277777778,-1.1422222222222
2025-02-21,19:45,Italy,Lecce,Udinese,Serie A,Stadio Via del mare,40.36528,18.20889
2025-02-21,19:45,France,Rennes,Reims,Ligue 1,Roazhon Park,48.1075,-1.71278
2025-02-21,19:45,Belgium,Mechelen,St Truiden,Belgian Pro League,AFAS-stadion Achter de Kazerne,51.037184,4.486397
2025-02-21,20:00,England,Leicester,Brentford,Premier League,King Power Stadium,52.620277777778,-1.1422222222222
2025-02-21,20:00,Denmark,Burnley,Sheffield Weds,Championship,Brøndby Stadium,55.64889,12.41861
2025-02-21,20:00,Spain,Celta,Osasuna,La Liga,Balaídos,42.2118,-8.7397
2025-02-21,20:15,Portugal,Sp Braga,Nacional,Primeira Liga,Estádio Municipal de Braga,41.5625,-8.43
2025-02-22,10:30,Turkey,Sivasspor,Konyaspor,Super Lig,BG Grup 4 Eylül Stadium,39.72833,36.98389
2025-02-22,12:00,England,Ulm,Elversberg,2. Bundesliga,Craven Cottage,51.475,-0.22166666666667
2025-02-22,12:30,England,Everton,Man United,Premier League,Goodison Park,53.438888888889,-2.9663888888889
2025-02-22,13:00,Spain,Alaves,Espanol,La Liga,Mendizorrotza,42.8371111,-2.6880444
2025-02-22,13:00,Italy,Lorient,Laval,Ligue 2,Stadio Olimpico Grande Torino,45.04167,7.65
2025-02-22,13:00,Turkey,Antalyaspor,Kasimpasa,Super Lig,Corendon Airlines Park,36.888278,30.668444
2025-02-22,14:00,Italy,Parma,Bologna,Serie A,Stadio Ennio Tardini,44.795,10.33833
2025-02-22,14:00,Italy,Venezia,Lazio,Serie A,Stadio Pier Luigi Penzo,45.4277611,12.3637306
2025-02-22,14:30,Germany,Holstein Kiel,Leverkusen,Bundesliga,Holstein-Stadion,54.34917,10.12361
2025-02-22,14:30,Germany,Mainz,St Pauli,Bundesliga,Mewa Arena,49.98417,8.22417
2025-02-22,14:30,Germany,Wolfsburg,Bochum,Bundesliga,Volkswagen Arena,52.43278,10.80389
2025-02-22,15:00,England,Arsenal,West Ham,Premier League,Emirates Stadium,51.55667,-0.10611
2025-02-22,15:00,England,Bournemouth,Wolves,Premier League,Dean Court,50.73528,-1.83833
2025-02-22,15:00,England,Fulham,Crystal Palace,Premier League,Craven Cottage,51.475,-0.22166666666667
2025-02-22,15:00,England,Ipswich,Tottenham,Premier League,Portman Road,52.055,1.14528
2025-02-22,15:00,England,Southampton,Brighton,Premier League,St Mary's Stadium,50.90583,-1.39111
2025-02-22,15:00,Croatia,Norwich,Stoke,Championship,ŠRC Velika Gorica,45.724,16.0732
2025-02-22,15:00,Portugal,Portsmouth,QPR,Championship,Estádio do Dragão,41.1618,-8.5839
2025-02-22,15:00,Belgium,West Brom,Oxford,Championship,Het Kuipje,51.094817,4.928806
2025-02-22,15:00,Belgium,Dender,Beerschot VA,Belgian Pro League,Van Roystadion,50.883683,4.071185
2025-02-22,15:00,Greece,Athens Kallithea,OFI Crete,Super League Greece,Leoforos Alexandras Stadium,37.98722,23.75417
2025-02-22,15:15,Spain,Vallecano,Villarreal,La Liga,Vallecas,40.39194,-3.65889
2025-02-22,15:30,Portugal,Casa Pia,Gil Vicente,Primeira Liga,Estádio Municipal de Rio Maior[A],39.34444,-8.93528
2025-02-22,16:00,France,Lille,Monaco,Ligue 1,Decathlon Arena Pierre Mauroy Stadium,50.6119,3.1304
2025-02-22,16:00,Turkey,Samsunspor,Rizespor,Super Lig,Samsun 19 Mayıs Stadium,41.22778,36.4575
2025-02-22,16:15,France,Cremonese,Cesena,Serie B,Roazhon Park,48.1075,-1.71278
2025-02-22,17:00,Italy,Torino,Milan,Serie A,Stadio Olimpico Grande Torino,45.04167,7.65
2025-02-22,17:15,Belgium,Westerlo,Charleroi,Belgian Pro League,Het Kuipje,51.094817,4.928806
2025-02-22,17:30,England,Aston Villa,Chelsea,Premier League,Villa Park,52.509166666667,-1.8847222222222
2025-02-22,17:30,Spain,Valencia,Ath Madrid,La Liga,Mestalla,39.47472,-0.35833
2025-02-22,17:30,Spain,Granada,Zaragoza,Segunda Division,Montilivi,41.96139,2.82861
2025-02-22,17:30,Germany,Dortmund,Union Berlin,Bundesliga,Signal Iduna Park,51.4925,7.45167
2025-02-22,17:30,Greece,Atromitos,Panserraikos,Super League Greece,Peristeri Stadium,38.00472,23.68972
2025-02-22,18:00,France,St Etienne,Angers,Ligue 1,Stade Geoffroy Guichard,45.46083,4.39028
2025-02-22,18:00,Portugal,Benfica,Boavista,Primeira Liga,Estádio da Luz,38.7527,-9.1847
2025-02-22,18:00,Greece,Volos NFC,Levadeiakos,Super League Greece,Panthessaliko Stadium,39.3875,22.93111
2025-02-22,19:00,Netherlands,Feyenoord,Almere City,Eredivisie,De Kuip,51.89389,4.52306
2025-02-22,19:45,Belgium,Antwerp,Oud-Heverlee Leuven,Belgian Pro League,Bosuilstadion,51.2325,4.47222
2025-02-22,20:00,Spain,Las Palmas,Barcelona,La Liga,Gran Canaria,28.10028,-15.45667
2025-02-22,20:05,France,Auxerre,Marseille,Ligue 1,Stade Abbé Deschamps,47.7867528,3.5886639
2025-02-22,20:30,Portugal,Estoril,Rio Ave,Primeira Liga,Estádio António Coimbra da Mota,38.71583,-9.40639
2025-02-23,10:30,Turkey,Kayserispor,Goztep,Super Lig,RHG Enertürk Enerji Stadium,38.73722,35.42306
2025-02-23,11:30,Italy,Como,Napoli,Serie A,Stadio Giuseppe Sinigaglia,45.81389,9.07222
2025-02-23,12:00,England,Watford,Luton,Championship,Brentford Community Stadium,51.49083,-0.28861
2025-02-23,12:30,Belgium,Club Brugge,Standard,Belgian Pro League,Jan Breydel Stadium,51.19333,3.18056
2025-02-23,13:00,Spain,Ath Bilbao,Valladolid,La Liga,San Mamés,43.2643,-2.9504
2025-02-23,13:00,Turkey,Alanyaspor,Ad. Demirspor,Super Lig,Alanya Oba Stadium,36.5626,32.0792
2025-02-23,13:30,Netherlands,Ajax,Go Ahead Eagles,Eredivisie,Johan Cruyff Arena,52.31417,4.94194
2025-02-23,13:30,Netherlands,Twente,Nijmegen,Eredivisie,De Grolsch Veste,52.23667,6.8375
2025-02-23,14:00,England,Newcastle,Nott'm Forest,Premier League,St James' Park,54.975555555556,-1.6216666666667
2025-02-23,14:00,Italy,Verona,Fiorentina,Serie A,Stadio Marcantonio Bentegodi,45.43528,10.96861
2025-02-23,14:00,France,Brescia,Sudtirol,Serie B,Stade Francis-Le Blé,48.402932,-4.461694
2025-02-23,14:00,Italy,Cosenza,Palermo,Serie B,Stadio Brianteo,45.58278,9.30806
2025-02-23,14:00,Italy,Spezia,Catanzaro,Serie B,Stadio Pier Luigi Penzo,45.4277611,12.3637306
2025-02-23,14:00,France,Nantes,Lens,Ligue 1,Stade de la Beaujoire,47.256,-1.525
2025-02-23,14:30,Germany,RB Leipzig,Heidenheim,Bundesliga,Red Bull Arena,51.34583,12.34833
2025-02-23,14:30,Greece,Aris,Panetolikos,Super League Greece,Kleanthis Vikelidis Stadium,40.6,22.96944
2025-02-23,15:00,Belgium,Genk,Gent,Belgian Pro League,Cegeka Arena,51.005,5.53333
2025-02-23,15:00,Greece,Lamia,Panathinaikos,Super League Greece,Lamia Municipal Stadium,38.91,22.43111
2025-02-23,15:15,Spain,Real Madrid,Girona,La Liga,Santiago Bernabéu,40.45306,-3.68835
2025-02-23,15:15,Belgium,Elche,Cartagena,Segunda Division,AFAS-stadion Achter de Kazerne,51.037184,4.486397
2025-02-23,15:30,Portugal,Arouca,Farense,Primeira Liga,Estádio Municipal de Arouca,40.933,-8.2503
2025-02-23,15:30,Portugal,Estrela,Santa Clara,Primeira Liga,Estádio José Gomes,38.75194,-9.22806
2025-02-23,16:00,Turkey,Trabzonspor,Gaziantep,Super Lig,Papara Park,40.99917,39.64583
2025-02-23,16:15,Spain,Salernitana,Frosinone,Serie B,Mestalla,39.47472,-0.35833
2025-02-23,16:15,France,Le Havre,Toulouse,Ligue 1,Stade Océane,49.49889,0.16972
2025-02-23,16:15,France,Nice,Montpellier,Ligue 1,Allianz Riviera,43.70528,7.1925
2025-02-23,16:15,France,Strasbourg,Brest,Ligue 1,Stade de la Meinau,48.56,7.755
2025-02-23,16:30,England,Man City,Liverpool,Premier League,City of Manchester Stadium,53.483055555556,-2.2002777777778
2025-02-23,16:30,Germany,Bayern Munich,Ein Frankfurt,Bundesliga,Allianz Arena,48.218775,11.624752777778
2025-02-23,17:00,Italy,Empoli,Atalanta,Serie A,Stadio Carlo Castellani - Computer Gross Arena,43.72639,10.955
2025-02-23,17:30,Spain,Getafe,Betis,La Liga,Coliseum,40.32556,-3.71472
2025-02-23,17:30,Spain,Levante,Mirandes,Segunda Division,Municipal de Butarque,40.3404,-3.7607
2025-02-23,17:30,Belgium,Anderlecht,St. Gilloise,Belgian Pro League,Lotto Park,50.83417,4.29833
2025-02-23,17:30,Greece,Asteras Tripolis,AEK,Super League Greece,Theodoros Kolokotronis Stadium,37.5025,22.38861
2025-02-23,18:00,Portugal,AVS,Sp Lisbon,Primeira Liga,Estádio do CD Aves,41.366932,-8.411789
2025-02-23,18:15,Belgium,Kortrijk,Cercle Brugge,Belgian Pro League,Guldensporen Stadion,50.830432,3.248906
2025-02-23,18:30,Germany,Hoffenheim,Stuttgart,Bundesliga,PreZero Arena,49.23806,8.8875
2025-02-23,18:30,Greece,Olympiakos,PAOK,Super League Greece,Karaiskakis Stadium,37.94611,23.66444
2025-02-23,19:45,Italy,Cagliari,Juventus,Serie A,Unipol Domus,39.2,9.1375
2025-02-23,19:45,France,Lyon,Paris SG,Ligue 1,Groupama Stadium,45.765224,4.982131
2025-02-23,20:00,Spain,Sociedad,Leganes,La Liga,Anoeta,43.30139,-1.97361
2025-02-23,20:30,Portugal,Famalicao,Moreirense,Primeira Liga,Estádio Municipal de Famalicão,41.40139,-8.5225
2025-02-24,17:00,Turkey,Galatasaray,Fenerbahce,Super Lig,Rams Park,41.10278,28.99056
2025-02-24,19:45,Italy,Roma,Monza,Serie A,Stadio Olimpico,41.93389,12.45472
2025-02-24,20:00,England,Sheffield United,Leeds,Championship,Old Trafford,53.463055555556,-2.2913888888889
2025-02-24,20:00,Spain,Sevilla,Mallorca,La Liga,Ramón Sánchez-Pizjuán,37.384,-5.9705
2025-02-24,20:15,Portugal,Porto,Guimaraes,Primeira Liga,Estádio do Dragão,41.1618,-8.5839
2025-02-25,19:30,England,Brighton,Bournemouth,Premier League,Falmer Stadium,50.861822222222,-0.083277777777778
2025-02-25,19:30,England,Crystal Palace,Aston Villa,Premier League,Selhurst Park,51.39833,-0.08556
2025-02-25,19:30,England,Wolves,Fulham,Premier League,Molineux Stadium,52.59028,-2.13028
2025-02-25,20:15,England,Chelsea,Southampton,Premier League,Stamford Bridge,51.481666666667,-0.19111111111111
2025-02-26,19:30,England,Brentford,Everton,Premier League,Brentford Community Stadium,51.49083,-0.28861
2025-02-26,19:30,England,Man United,Ipswich,Premier League,Old Trafford,53.463055555556,-2.2913888888889
2025-02-26,19:30,England,Nott'm Forest,Arsenal,Premier League,City Ground,52.94,-1.13278
2025-02-26,19:30,England,Tottenham,Man City,Premier League,Tottenham Hotspur Stadium,51.6044,-0.0664
2025-02-26,20:15,England,Liverpool,Newcastle,Premier League,Anfield,53.4308,-2.9608
2025-02-27,19:45,Italy,Bologna,Milan,Serie A,Stadio Renato Dall'Ara,44.49222,11.30972
2025-02-27,20:00,England,West Ham,Leicester,Premier League,London Stadium,51.5386,-0.0164
2025-02-28,17:30,Netherlands,Fortuna Dusseldorf,Greuther Furth,2. Bundesliga,Fortuna Sittard Stadion,50.992069,5.843675
2025-02-28,18:30,Austria,Sudtirol,Spezia,Serie B,Tivoli Stadion Tirol,47.25583,11.41083
2025-02-28,19:00,Netherlands,Annecy,Paris FC,Ligue 2,Goffertstadion,51.8225,5.83667
2025-02-28,19:00,Greece,Laval,Martigues,Ligue 2,Lamia Municipal Stadium,38.91,22.43111
2025-02-28,19:00,Netherlands,Waalwijk,For Sittard,Eredivisie,Mandemakers Stadion,51.68694,5.08861
2025-02-28,19:30,England,Cartagena,Eibar,Segunda Division,Emirates Stadium,51.55667,-0.10611
2025-02-28,19:30,Germany,Stuttgart,Bayern Munich,Bundesliga,MHPArena,48.79222,9.23194
2025-02-28,19:45,Italy,Fiorentina,Lecce,Serie A,Stadio Artemio Franchi,43.78083,11.28222
2025-02-28,19:45,France,Monaco,Reims,Ligue 1,Stade Louis II,43.7275,7.41556
2025-02-28,19:45,Belgium,Charleroi,Genk,Belgian Pro League,Stade du Pays de Charleroi,50.414609,4.453787
2025-02-28,20:00,Spain,Valladolid,Las Palmas,La Liga,José Zorrilla,41.64444,-4.76111
2025-03-01,13:00,Spain,Girona,Celta,La Liga,Montilivi,41.96139,2.82861
2025-03-01,13:00,Portugal,Amiens,Metz,Ligue 2,Estádio Comendador Joaquim de Almeida Freitas,41.37806,-8.35472
2025-03-01,13:00,France,Red Star,Guingamp,Ligue 2,Stade Francis-Le Blé,48.402932,-4.461694
2025-03-01,13:00,Turkey,Ad. Demirspor,Bodrumspor,Super Lig,New Adana Stadium,37.06333,35.375
2025-03-01,14:00,Italy,Atalanta,Venezia,Serie A,Gewiss Stadium,45.70889,9.68083
2025-03-01,14:00,Portugal,Carrarese,Cremonese,Serie B,Estádio de São Luís,37.022861,-7.928444
2025-03-01,14:00,England,Cesena,Salernitana,Serie B,Stamford Bridge,51.481666666667,-0.19111111111111
2025-03-01,14:30,Germany,Bochum,Hoffenheim,Bundesliga,Vonovia Ruhrstadion,51.49,7.23667
2025-03-01,14:30,Germany,Heidenheim,M'gladbach,Bundesliga,Voith-Arena,48.66861,10.13944
2025-03-01,14:30,Germany,RB Leipzig,Mainz,Bundesliga,Red Bull Arena,51.34583,12.34833
2025-03-01,14:30,Germany,St Pauli,Dortmund,Bundesliga,Millerntor-Stadion,53.554583,9.967667
2025-03-01,14:30,Germany,Werder Bremen,Wolfsburg,Bundesliga,Weserstadion,53.06639,8.8375
2025-03-01,15:00,France,Luton,Portsmouth,Championship,Groupama Stadium,45.765224,4.982131
2025-03-01,15:00,Belgium,Cercle Brugge,Antwerp,Belgian Pro League,Jan Breydel Stadium,51.19333,3.18056
2025-03-01,15:00,Belgium,Gent,Club Brugge,Belgian Pro League,Planet Group Arena,51.01611,3.73417
2025-03-01,15:00,Greece,Panserraikos,Athens Kallithea,Super League Greece,Serres Municipal Stadium,41.0847,23.5466
2025-03-01,15:00,Greece,Volos NFC,Aris,Super League Greece,Panthessaliko Stadium,39.3875,22.93111
2025-03-01,15:15,Spain,Vallecano,Sevilla,La Liga,Vallecas,40.39194,-3.65889
2025-03-01,15:30,Netherlands,Utrecht,NAC Breda,Eredivisie,Stadion Galgenwaard,52.07833,5.14583
2025-03-01,15:30,Portugal,Nacional,Famalicao,Primeira Liga,Estádio da Madeira,32.670625,-16.883525
2025-03-01,16:00,France,St Etienne,Nice,Ligue 1,Stade Geoffroy Guichard,45.46083,4.39028
2025-03-01,17:00,Italy,Napoli,Inter,Serie A,Stadio Diego Armando Maradona,40.828,14.193
2025-03-01,17:15,Belgium,St Truiden,Kortrijk,Belgian Pro League,Stayen,50.813474,5.166256
2025-03-01,17:30,Spain,Betis,Real Madrid,La Liga,Benito Villamarín,37.35639,-5.98139
2025-03-01,17:30,Portugal,Zaragoza,Sp Gijon,Segunda Division,Estádio Municipal de Braga,41.5625,-8.43
2025-03-01,17:30,Germany,Ein Frankfurt,Leverkusen,Bundesliga,Deutsche Bank Park,50.068056,8.645806
2025-03-01,17:30,Turkey,Besiktas,Kayserispor,Super Lig,Tüpraş Stadium,41.03917,28.99472
2025-03-01,17:45,Netherlands,Go Ahead Eagles,PSV Eindhoven,Eredivisie,De Adelaarshorst,52.260416,6.172578
2025-03-01,18:00,France,Lens,Le Havre,Ligue 1,Stade Bollaert-Delelis,50.43278,2.815
2025-03-01,18:00,Portugal,Arouca,Porto,Primeira Liga,Estádio Municipal de Arouca,40.933,-8.2503
2025-03-01,18:00,Greece,Panathinaikos,Panetolikos,Super League Greece,Athens Olympic Stadium,38.03606806,23.7876
2025-03-01,19:00,Italy,Lorient,Rodez,Ligue 2,Stadio Olimpico Grande Torino,45.04167,7.65
2025-03-01,19:00,Netherlands,Groningen,Twente,Eredivisie,Euroborg,53.20611,6.59139
2025-03-01,19:45,Italy,Udinese,Parma,Serie A,Stadio Friuli,46.0816,13.2001
2025-03-01,20:00,Spain,Ath Madrid,Ath Bilbao,La Liga,Santiago Bernabéu,40.45306,-3.68835
2025-03-01,20:00,Spain,Almeria,Malaga,Segunda Division,Mestalla,39.47472,-0.35833
2025-03-01,20:00,Netherlands,Feyenoord,Nijmegen,Eredivisie,De Kuip,51.89389,4.52306
2025-03-01,20:05,France,Paris SG,Lille,Ligue 1,Parc des Princes,48.84138888888889,2.2530555555555556
2025-03-01,20:30,Portugal,Guimaraes,Casa Pia,Primeira Liga,Estádio D. Afonso Henriques,41.44583,-8.30111
2025-03-02,10:30,Turkey,Rizespor,Alanyaspor,Super Lig,Rize City Stadium,41.04202,40.5733
2025-03-02,11:15,Netherlands,Heerenveen,AZ Alkmaar,Eredivisie,Abe Lenstra Stadion,52.95861,5.93611
2025-03-02,11:30,Italy,Monza,Torino,Serie A,Stadio Brianteo,45.58278,9.30806
2025-03-02,12:30,Germany,Magdeburg,Darmstadt,2. Bundesliga,WWK Arena,48.32306,10.88611
2025-03-02,13:00,Spain,Leganes,Getafe,La Liga,Municipal de Butarque,40.3404,-3.7607
2025-03-02,13:30,Netherlands,Almere City,Ajax,Eredivisie,Yanmar Stadion,52.3944,5.2405
2025-03-02,13:30,Netherlands,Heracles,Zwolle,Eredivisie,Asito Stadion[3],52.33889,6.65056
2025-03-02,14:00,Italy,Bologna,Cagliari,Serie A,Stadio Renato Dall'Ara,44.49222,11.30972
2025-03-02,14:00,Italy,Genoa,Empoli,Serie A,Stadio Luigi Ferraris,44.41639,8.9525
2025-03-02,14:00,Italy,Modena,Cosenza,Serie B,Stadio Brianteo,45.58278,9.30806
2025-03-02,14:00,Italy,Palermo,Brescia,Serie B,Stadio Ennio Tardini,44.795,10.33833
2025-03-02,14:00,France,Lyon,Brest,Ligue 1,Groupama Stadium,45.765224,4.982131
2025-03-02,14:30,Germany,Union Berlin,Holstein Kiel,Bundesliga,Stadion An der Alten Försterei,52.45722,13.56806
2025-03-02,14:30,Greece,Levadeiakos,Atromitos,Super League Greece,Levadia Municipal Stadium,38.4358972,22.8828444
2025-03-02,15:00,Belgium,Beerschot VA,Mechelen,Belgian Pro League,Olympisch Stadion,51.185,4.38222
2025-03-02,15:15,Spain,Barcelona,Sociedad,La Liga,Olímpic Lluís Companys,41.36472,2.15556
2025-03-02,15:30,Portugal,Boavista,Santa Clara,Primeira Liga,Estádio do Bessa,41.16222,-8.64278
2025-03-02,15:30,Portugal,Moreirense,Estrela,Primeira Liga,Estádio Comendador Joaquim de Almeida Freitas,41.37806,-8.35472
2025-03-02,15:45,Netherlands,Sparta Rotterdam,Willem II,Eredivisie,Spartastadion Het Kasteel,51.919485,4.433619
2025-03-02,16:15,Greece,Bari,Sampdoria,Serie B,Kleanthis Vikelidis Stadium,40.6,22.96944
2025-03-02,16:15,France,Angers,Toulouse,Ligue 1,Stade Raymond Kopa,47.460458,-0.530741
2025-03-02,16:15,France,Auxerre,Strasbourg,Ligue 1,Stade Abbé Deschamps,47.7867528,3.5886639
2025-03-02,16:15,France,Montpellier,Rennes,Ligue 1,Stade de la Mosson,43.62222,3.81194
2025-03-02,16:30,Germany,Augsburg,Freiburg,Bundesliga,WWK Arena,48.32306,10.88611
2025-03-02,17:00,Italy,Roma,Como,Serie A,Stadio Olimpico,41.93389,12.45472
2025-03-02,17:30,Spain,Mallorca,Alaves,La Liga,Mallorca Son Moix,39.59,2.63
2025-03-02,17:30,France,Eldense,Levante,Segunda Division,Stade Bollaert-Delelis,50.43278,2.815
2025-03-02,17:30,Belgium,Standard,Anderlecht,Belgian Pro League,Stade Maurice Dufrasne,50.61,5.54333
2025-03-02,17:30,Turkey,Fenerbahce,Antalyaspor,Super Lig,Ülker Stadium,40.98778,29.03694
2025-03-02,17:30,Greece,PAOK,Asteras Tripolis,Super League Greece,Toumba Stadium,40.61389,22.9725
2025-03-02,18:00,Portugal,Farense,AVS,Primeira Liga,Estádio de São Luís,37.022861,-7.928444
2025-03-02,18:15,Belgium,Oud-Heverlee Leuven,Westerlo,Belgian Pro League,Den Dreef,50.86833,4.69417
2025-03-02,19:45,Italy,Milan,Lazio,Serie A,San Siro,45.47806,9.12389
2025-03-02,19:45,France,Marseille,Nantes,Ligue 1,Orange Vélodrome,43.26972,5.39583
2025-03-02,20:00,Spain,Osasuna,Valencia,La Liga,El Sadar,42.79667,-1.63694
2025-03-02,20:00,Denmark,Santander,Elche,Segunda Division,Cepheus Park Randers,56.46594,10.010262
2025-03-02,20:30,Portugal,Rio Ave,Sp Braga,Primeira Liga,Estádio dos Arcos,41.36278,-8.74028
2025-03-03,13:00,Turkey,Gaziantep,Eyupspor,Super Lig,Gaziantep Stadium,37.12389,37.3825
2025-03-03,13:00,Turkey,Konyaspor,Trabzonspor,Super Lig,Konya Metropolitan Municipality Stadium,37.946,32.488
2025-03-03,17:30,Turkey,Buyuksehyr,Sivasspor,Super Lig,Başakşehir Fatih Terim Stadium,41.12278,28.80861
2025-03-03,17:30,Turkey,Goztep,Samsunspor,Super Lig,Gürsel Aksel Stadium,38.396821,27.07595
2025-03-03,19:30,Denmark,Mirandes,Tenerife,Segunda Division,Cepheus Park Randers,56.46594,10.010262
2025-03-03,19:45,Italy,Juventus,Verona,Serie A,Juventus Stadium,45.10944,7.64111
2025-03-04,18:45,Belgium,Club Brugge,Aston Villa,Europa League,Jan Breydel Stadium,51.19333,3.18056
2025-03-04,19:45,Portugal,Preston,Swansea,Championship,Estádio do Dragão,41.1618,-8.5839
2025-03-04,21:00,Spain,Real Madrid,Atlético Madrid,Europa League,Santiago Bernabéu,40.45306,-3.68835
2025-03-04,21:00,Netherlands,PSV Eindhoven,Arsenal,Europa League,Philips Stadion,51.44167,5.4675
2025-03-04,21:00,Germany,Borussia Dortmund,Lille,Europa League,Signal Iduna Park,51.4925,7.45167
2025-03-05,18:45,Netherlands,Feyenoord,Inter Milan,Europa League,De Kuip,51.89389,4.52306
2025-03-05,21:00,France,Paris Saint-Germain,Liverpool,Europa League,Parc des Princes,48.84138888888889,2.2530555555555556
2025-03-05,21:00,Germany,Bayern Munich,Bayer Leverkusen,Europa League,Allianz Arena,48.218775,11.624752777778
2025-03-05,21:00(20:00UTC+0),Portugal,Benfica,Barcelona,Europa League,Estádio da Luz,38.7527,-9.1847
2025-03-06,18:45,Netherlands,AZ,Tottenham Hotspur,Europa League,AFAS Stadion,52.61278,4.74222
2025-03-06,18:45,Spain,Real Sociedad,Manchester United,Europa League,Anoeta,43.30139,-1.97361
2025-03-06,18:45(20:45UTC+3),Turkey,Fenerbahçe,Rangers,Europa League,Ülker Stadium,40.98778,29.03694
2025-03-06,21:00,Czech Republic,Viktoria Plzeň,Lazio,Europa League,Doosan Arena,49.75,13.38556
2025-03-06,21:00,Netherlands,Ajax,Eintracht Frankfurt,Europa League,Johan Cruyff Arena,52.31417,4.94194
2025-03-06,21:00,Italy,Roma,Athletic Bilbao,Europa League,Stadio Olimpico,41.93389,12.45472
2025-03-07,19:00,Portugal,Bastia,Martigues,Ligue 2,Estádio do Bessa,41.16222,-8.64278
2025-03-07,19:00,Italy,Grenoble,Ajaccio,Ligue 2,Stadio Luigi Ferraris,44.41639,8.9525
2025-03-07,19:00,France,Red Star,Amiens,Ligue 2,Stade Francis-Le Blé,48.402932,-4.461694
2025-03-07,19:00,Netherlands,NAC Breda,Sparta Rotterdam,Eredivisie,Rat Verlegh Stadion,51.595,4.75028
2025-03-07,19:30,Italy,Cosenza,Reggiana,Serie B,Stadio Brianteo,45.58278,9.30806
2025-03-07,19:45,Italy,Cagliari,Genoa,Serie A,Unipol Domus,39.2,9.1375
2025-03-07,19:45,France,Toulouse,Monaco,Ligue 1,Stadium de Toulouse,43.58306,1.43417
2025-03-07,19:45,Belgium,St Truiden,Beerschot VA,Belgian Pro League,Stayen,50.813474,5.166256
2025-03-07,20:00,Croatia,Norwich,Oxford,Championship,ŠRC Velika Gorica,45.724,16.0732
2025-03-07,20:15,Portugal,Estrela,Gil Vicente,Primeira Liga,Estádio José Gomes,38.75194,-9.22806
2025-03-08,10:30,Turkey,Kayserispor,Buyuksehyr,Super Lig,RHG Enertürk Enerji Stadium,38.73722,35.42306
2025-03-08,12:00,England,Ulm,FC Koln,2. Bundesliga,Craven Cottage,51.475,-0.22166666666667
2025-03-08,12:30,England,Nott'm Forest,Man City,Premier League,City Ground,52.94,-1.13278
2025-03-08,12:30,England,Watford,Millwall,Championship,Brentford Community Stadium,51.49083,-0.28861
2025-03-08,13:00,Spain,Celta,Leganes,La Liga,Balaídos,42.2118,-8.7397
2025-03-08,13:00,Greece,Paris FC,Lorient,Ligue 2,Kleanthis Vikelidis Stadium,40.6,22.96944
2025-03-08,13:00,Turkey,Antalyaspor,Rizespor,Super Lig,Corendon Airlines Park,36.888278,30.668444
2025-03-08,14:00,Italy,Como,Venezia,Serie A,Stadio Giuseppe Sinigaglia,45.81389,9.07222
2025-03-08,14:00,Italy,Parma,Torino,Serie A,Stadio Ennio Tardini,44.795,10.33833
2025-03-08,14:00,Portugal,Carrarese,Frosinone,Serie B,Estádio de São Luís,37.022861,-7.928444
2025-03-08,14:00,France,Cremonese,Catanzaro,Serie B,Roazhon Park,48.1075,-1.71278
2025-03-08,14:00,Spain,Salernitana,Modena,Serie B,Mestalla,39.47472,-0.35833
2025-03-08,14:30,Germany,Bayern Munich,Bochum,Bundesliga,Allianz Arena,48.218775,11.624752777778
2025-03-08,14:30,Germany,Dortmund,Augsburg,Bundesliga,Signal Iduna Park,51.4925,7.45167
2025-03-08,14:30,Germany,Holstein Kiel,Stuttgart,Bundesliga,Holstein-Stadion,54.34917,10.12361
2025-03-08,14:30,Germany,Leverkusen,Werder Bremen,Bundesliga,BayArena,51.03833,7.00222
2025-03-08,14:30,Germany,Wolfsburg,St Pauli,Bundesliga,Volkswagen Arena,52.43278,10.80389
2025-03-08,15:00,England,Brighton,Fulham,Premier League,Falmer Stadium,50.861822222222,-0.083277777777778
2025-03-08,15:00,England,Crystal Palace,Ipswich,Premier League,Selhurst Park,51.39833,-0.08556
2025-03-08,15:00,England,Liverpool,Southampton,Premier League,Anfield,53.4308,-2.9608
2025-03-08,15:00,England,Bristol City,Hull,Championship,King Power Stadium,52.620277777778,-1.1422222222222
2025-03-08,15:00,Denmark,Burnley,Luton,Championship,Brøndby Stadium,55.64889,12.41861
2025-03-08,15:00,England,Sheffield United,Preston,Championship,Old Trafford,53.463055555556,-2.2913888888889
2025-03-08,15:00,Belgium,West Brom,QPR,Championship,Het Kuipje,51.094817,4.928806
2025-03-08,15:00,Belgium,Kortrijk,Oud-Heverlee Leuven,Belgian Pro League,Guldensporen Stadion,50.830432,3.248906
2025-03-08,15:15,Spain,Alaves,Villarreal,La Liga,Mendizorrotza,42.8371111,-2.6880444
2025-03-08,15:15,Denmark,Mirandes,Oviedo,Segunda Division,Cepheus Park Randers,56.46594,10.010262
2025-03-08,15:30,Netherlands,For Sittard,Heracles,Eredivisie,Fortuna Sittard Stadion,50.992069,5.843675
2025-03-08,15:30,Portugal,AVS,Arouca,Primeira Liga,Estádio do CD Aves,41.366932,-8.411789
2025-03-08,16:00,France,Rennes,Paris SG,Ligue 1,Roazhon Park,48.1075,-1.71278
2025-03-08,16:15,Turkey,Sampdoria,Palermo,Serie B,Samsun 19 Mayıs Stadium,41.22778,36.4575
2025-03-08,17:00,Italy,Lecce,Milan,Serie A,Stadio Via del mare,40.36528,18.20889
2025-03-08,17:15,Belgium,Charleroi,Mechelen,Belgian Pro League,Stade du Pays de Charleroi,50.414609,4.453787
2025-03-08,17:30,England,Brentford,Aston Villa,Premier League,Brentford Community Stadium,51.49083,-0.28861
2025-03-08,17:30,Spain,Valencia,Valladolid,La Liga,Mestalla,39.47472,-0.35833
2025-03-08,17:30,Belgium,Elche,Castellon,Segunda Division,AFAS-stadion Achter de Kazerne,51.037184,4.486397
2025-03-08,17:30,Germany,Freiburg,RB Leipzig,Bundesliga,Europa-Park Stadion,48.0216,7.8297
2025-03-08,17:30,Turkey,Trabzonspor,Hatayspor,Super Lig,Papara Park,40.99917,39.64583
2025-03-08,18:00,France,Lille,Montpellier,Ligue 1,Decathlon Arena Pierre Mauroy Stadium,50.6119,3.1304
2025-03-08,18:00,Portugal,Benfica,Nacional,Primeira Liga,Estádio da Luz,38.7527,-9.1847
2025-03-08,18:00,Portugal,Estoril,Farense,Primeira Liga,Estádio António Coimbra da Mota,38.71583,-9.40639
2025-03-08,18:30,France,Brescia,Cesena,Serie B,Stade Francis-Le Blé,48.402932,-4.461694
2025-03-08,19:00,Netherlands,PSV Eindhoven,Heerenveen,Eredivisie,Philips Stadion,51.44167,5.4675
2025-03-08,19:45,Belgium,Dender,Genk,Belgian Pro League,Van Roystadion,50.883683,4.071185
2025-03-08,20:00,England,Wolves,Everton,Premier League,Molineux Stadium,52.59028,-2.13028
2025-03-08,20:00,Portugal,Zaragoza,Eldense,Segunda Division,Estádio Municipal de Braga,41.5625,-8.43
2025-03-08,20:05,France,Marseille,Lens,Ligue 1,Orange Vélodrome,43.26972,5.39583
2025-03-08,20:30,Portugal,Sp Braga,Porto,Primeira Liga,Estádio Municipal de Braga,41.5625,-8.43
2025-03-09,10:30,Turkey,Sivasspor,Goztep,Super Lig,BG Grup 4 Eylül Stadium,39.72833,36.98389
2025-03-09,11:15,Netherlands,Willem II,Utrecht,Eredivisie,Koning Willem II Stadion,51.54278,5.06694
2025-03-09,11:30,Italy,Verona,Bologna,Serie A,Stadio Marcantonio Bentegodi,45.43528,10.96861
2025-03-09,12:00,Portugal,Portsmouth,Leeds,Championship,Estádio do Dragão,41.1618,-8.5839
2025-03-09,12:30,France,Regensburg,Paderborn,2. Bundesliga,Stade de la Meinau,48.56,7.755
2025-03-09,12:30,Belgium,Cercle Brugge,Club Brugge,Belgian Pro League,Jan Breydel Stadium,51.19333,3.18056
2025-03-09,13:00,Spain,Getafe,Ath Madrid,La Liga,Coliseum,40.32556,-3.71472
2025-03-09,13:00,Turkey,Eyupspor,Konyaspor,Super Lig,Recep Tayyip Erdoğan Stadium,41.03278,28.9725
2025-03-09,13:00,Turkey,Samsunspor,Ad. Demirspor,Super Lig,Samsun 19 Mayıs Stadium,41.22778,36.4575
2025-03-09,13:30,Netherlands,Zwolle,Ajax,Eredivisie,MAC³PARK Stadion,52.51722,6.12083
2025-03-09,14:00,England,Chelsea,Leicester,Premier League,Stamford Bridge,51.481666666667,-0.19111111111111
2025-03-09,14:00,England,Tottenham,Bournemouth,Premier League,Tottenham Hotspur Stadium,51.6044,-0.0664
2025-03-09,14:00,Italy,Napoli,Fiorentina,Serie A,Stadio Diego Armando Maradona,40.828,14.193
2025-03-09,14:00,Italy,Spezia,Pisa,Serie B,Stadio Pier Luigi Penzo,45.4277611,12.3637306
2025-03-09,14:00,France,Brest,Angers,Ligue 1,Stade Francis-Le Blé,48.402932,-4.461694
2025-03-09,14:30,Germany,Ein Frankfurt,Union Berlin,Bundesliga,Deutsche Bank Park,50.068056,8.645806
2025-03-09,15:00,Belgium,Westerlo,Anderlecht,Belgian Pro League,Het Kuipje,51.094817,4.928806
2025-03-09,15:15,Spain,Real Madrid,Vallecano,La Liga,Santiago Bernabéu,40.45306,-3.68835
2025-03-09,15:30,Portugal,Santa Clara,Moreirense,Primeira Liga,Estádio de São Miguel,37.763694,-25.622611
2025-03-09,15:45,Netherlands,Twente,Almere City,Eredivisie,De Grolsch Veste,52.23667,6.8375
2025-03-09,16:15,France,Le Havre,St Etienne,Ligue 1,Stade Océane,49.49889,0.16972
2025-03-09,16:15,France,Nantes,Strasbourg,Ligue 1,Stade de la Beaujoire,47.256,-1.525
2025-03-09,16:15,France,Reims,Auxerre,Ligue 1,Stade Auguste Delaune,49.24667,4.025
2025-03-09,16:30,England,Man United,Arsenal,Premier League,Old Trafford,53.463055555556,-2.2913888888889
2025-03-09,16:30,Germany,Hoffenheim,Heidenheim,Bundesliga,PreZero Arena,49.23806,8.8875
2025-03-09,17:00,Italy,Empoli,Roma,Serie A,Stadio Carlo Castellani - Computer Gross Arena,43.72639,10.955
2025-03-09,17:00,Greece,Aris,AEK,Super League Greece,Kleanthis Vikelidis Stadium,40.6,22.96944
2025-03-09,17:00,Greece,Asteras Tripolis,Panserraikos,Super League Greece,Theodoros Kolokotronis Stadium,37.5025,22.38861
2025-03-09,17:00,Greece,Athens Kallithea,PAOK,Super League Greece,Leoforos Alexandras Stadium,37.98722,23.75417
2025-03-09,17:00,Greece,Atromitos,Panathinaikos,Super League Greece,Peristeri Stadium,38.00472,23.68972
2025-03-09,17:00,Greece,Lamia,Volos NFC,Super League Greece,Lamia Municipal Stadium,38.91,22.43111
2025-03-09,17:00,Greece,Olympiakos,OFI Crete,Super League Greece,Karaiskakis Stadium,37.94611,23.66444
2025-03-09,17:00,Greece,Panetolikos,Levadeiakos,Super League Greece,Panetolikos Stadium,38.63,21.41167
2025-03-09,17:30,Spain,Ath Bilbao,Mallorca,La Liga,San Mamés,43.2643,-2.9504
2025-03-09,17:30,Spain,Betis,Las Palmas,La Liga,Benito Villamarín,37.35639,-5.98139
2025-03-09,17:30,Spain,Levante,Cartagena,Segunda Division,Municipal de Butarque,40.3404,-3.7607
2025-03-09,17:30,Belgium,Antwerp,Gent,Belgian Pro League,Bosuilstadion,51.2325,4.47222
2025-03-09,17:30,Turkey,Alanyaspor,Galatasaray,Super Lig,Alanya Oba Stadium,36.5626,32.0792
2025-03-09,18:00,Portugal,Casa Pia,Sp Lisbon,Primeira Liga,Estádio Municipal de Rio Maior[A],39.34444,-8.93528
2025-03-09,19:45,Italy,Juventus,Atalanta,Serie A,Juventus Stadium,45.10944,7.64111
2025-03-09,19:45,France,Nice,Lyon,Ligue 1,Allianz Riviera,43.70528,7.1925
2025-03-09,20:00,Spain,Sociedad,Sevilla,La Liga,Anoeta,43.30139,-1.97361
2025-03-09,20:00,Spain,Granada,Ferrol,Segunda Division,Montilivi,41.96139,2.82861
2025-03-09,20:30,Portugal,Boavista,Guimaraes,Primeira Liga,Estádio do Bessa,41.16222,-8.64278
2025-03-10,17:30,Turkey,Besiktas,Gaziantep,Super Lig,Tüpraş Stadium,41.03917,28.99472
2025-03-10,19:45,Italy,Lazio,Udinese,Serie A,Stadio Olimpico,41.93389,12.45472
2025-03-10,20:00,England,West Ham,Newcastle,Premier League,London Stadium,51.5386,-0.0164
2025-03-10,20:00,Spain,Espanol,Girona,La Liga,RCDE Stadium,41.34778,2.07556
2025-03-10,20:15,Portugal,Famalicao,Rio Ave,Primeira Liga,Estádio Municipal de Famalicão,41.40139,-8.5225
2025-03-11,18:45,Spain,Barcelona,Benfica,Europa League,Olímpic Lluís Companys,41.36472,2.15556
2025-03-11,19:45,Denmark,Burnley,West Brom,Championship,Brøndby Stadium,55.64889,12.41861
2025-03-11,19:45,Croatia,Norwich,Sheffield Weds,Championship,ŠRC Velika Gorica,45.724,16.0732
2025-03-11,20:00,England,Sheffield United,Bristol City,Championship,Old Trafford,53.463055555556,-2.2913888888889
2025-03-11,21:00,Germany,Bayer Leverkusen,Bayern Munich,Europa League,BayArena,51.03833,7.00222
2025-03-11,21:00,Italy,Inter Milan,Feyenoord,Europa League,San Siro,45.47806,9.12389
2025-03-11,21:00(20:00UTC+0),England,Liverpool,Paris Saint-Germain,Europa League,Anfield,53.4308,-2.9608
2025-03-12,18:45,France,Lille,Borussia Dortmund,Europa League,Decathlon Arena Pierre Mauroy Stadium,50.6119,3.1304
2025-03-12,19:45,Portugal,Portsmouth,Plymouth,Championship,Estádio do Dragão,41.1618,-8.5839
2025-03-12,19:45,England,Watford,Swansea,Championship,Brentford Community Stadium,51.49083,-0.28861
2025-03-12,21:00,Spain,Atlético Madrid,Real Madrid,Europa League,Metropolitano,40.43611,-3.59944
2025-03-12,21:00(20:00UTC+0),England,Aston Villa,Club Brugge,Europa League,Villa Park,52.509166666667,-1.8847222222222
2025-03-12,21:00(20:00UTC+0),England,Arsenal,PSV Eindhoven,Europa League,Emirates Stadium,51.55667,-0.10611
2025-03-13,18:45,Italy,Lazio,Viktoria Plzeň,Europa League,Stadio Olimpico,41.93389,12.45472
2025-03-13,18:45,Germany,Eintracht Frankfurt,Ajax,Europa League,Deutsche Bank Park,50.068056,8.645806
2025-03-13,18:45,Spain,Athletic Bilbao,Roma,Europa League,San Mamés,43.2643,-2.9504
2025-03-13,18:45(19:45UTC+2),Greece,Olympiacos,Bodø/Glimt,Europa League,Karaiskakis Stadium,37.94611,23.66444
2025-03-13,21:00,France,Lyon,FCSB,Europa League,Groupama Stadium,45.765224,4.982131
2025-03-13,21:00(20:00UTC+0),England,Tottenham Hotspur,AZ,Europa League,Tottenham Hotspur Stadium,51.6044,-0.0664
2025-03-13,21:00(20:00UTC+0),France,Rangers,Fenerbahçe,Europa League,Stade Raymond Kopa,47.460458,-0.530741
2025-03-13,21:00(20:00UTC+0),England,Manchester United,Real Sociedad,Europa League,Old Trafford,53.463055555556,-2.2913888888889
2025-03-14,17:30,Germany,Magdeburg,Hamburg,2. Bundesliga,WWK Arena,48.32306,10.88611
2025-03-14,17:30,Turkey,Galatasaray,Antalyaspor,Super Lig,Rams Park,41.10278,28.99056
2025-03-14,19:00,Portugal,Amiens,Caen,Ligue 2,Estádio Comendador Joaquim de Almeida Freitas,41.37806,-8.35472
2025-03-14,19:00,Netherlands,Annecy,Rodez,Ligue 2,Goffertstadion,51.8225,5.83667
2025-03-14,19:00,Greece,Martigues,Pau FC,Ligue 2,Kleanthis Vikelidis Stadium,40.6,22.96944
2025-03-14,19:00,Netherlands,Almere City,NAC Breda,Eredivisie,Yanmar Stadion,52.3944,5.2405
2025-03-14,19:30,Germany,St Pauli,Hoffenheim,Bundesliga,Millerntor-Stadion,53.554583,9.967667
2025-03-14,19:30,Italy,Palermo,Cremonese,Serie B,Stadio Ennio Tardini,44.795,10.33833
2025-03-14,19:45,Italy,Genoa,Lecce,Serie A,Stadio Luigi Ferraris,44.41639,8.9525
2025-03-14,19:45,France,Nice,Auxerre,Ligue 1,Allianz Riviera,43.70528,7.1925
2025-03-14,20:00,England,Bristol City,Norwich,Championship,King Power Stadium,52.620277777778,-1.1422222222222
2025-03-14,20:00,Spain,Las Palmas,Alaves,La Liga,Gran Canaria,28.10028,-15.45667
2025-03-15,10:30,Turkey,Gaziantep,Kayserispor,Super Lig,Gaziantep Stadium,37.12389,37.3825
2025-03-15,12:00,Netherlands,Fortuna Dusseldorf,Regensburg,2. Bundesliga,Fortuna Sittard Stadion,50.992069,5.843675
2025-03-15,13:00,Spain,Valladolid,Celta,La Liga,José Zorrilla,41.64444,-4.76111
2025-03-15,13:00,Greece,Laval,Paris FC,Ligue 2,Lamia Municipal Stadium,38.91,22.43111
2025-03-15,14:00,Italy,Monza,Parma,Serie A,Stadio Brianteo,45.58278,9.30806
2025-03-15,14:00,Italy,Udinese,Verona,Serie A,Stadio Friuli,46.0816,13.2001
2025-03-15,14:00,England,Cesena,Spezia,Serie B,Stamford Bridge,51.481666666667,-0.19111111111111
2025-03-15,14:30,Germany,Augsburg,Wolfsburg,Bundesliga,WWK Arena,48.32306,10.88611
2025-03-15,14:30,Germany,Mainz,Freiburg,Bundesliga,Mewa Arena,49.98417,8.22417
2025-03-15,14:30,Germany,Union Berlin,Bayern Munich,Bundesliga,Stadion An der Alten Försterei,52.45722,13.56806
2025-03-15,14:30,Germany,Werder Bremen,M'gladbach,Bundesliga,Weserstadion,53.06639,8.8375
2025-03-15,15:00,England,Everton,West Ham,Premier League,Goodison Park,53.438888888889,-2.9663888888889
2025-03-15,15:00,England,Ipswich,Nott'm Forest,Premier League,Portman Road,52.055,1.14528
2025-03-15,15:00,England,Man City,Brighton,Premier League,City of Manchester Stadium,53.483055555556,-2.2002777777778
2025-03-15,15:00,England,Southampton,Wolves,Premier League,St Mary's Stadium,50.90583,-1.39111
2025-03-15,15:00,France,Luton,Middlesbrough,Championship,Groupama Stadium,45.765224,4.982131
2025-03-15,15:00,Portugal,Preston,Portsmouth,Championship,Estádio do Dragão,41.1618,-8.5839
2025-03-15,15:00,Belgium,West Brom,Hull,Championship,Het Kuipje,51.094817,4.928806
2025-03-15,15:15,Spain,Mallorca,Espanol,La Liga,Mallorca Son Moix,39.59,2.63
2025-03-15,15:15,England,Cartagena,Burgos,Segunda Division,Emirates Stadium,51.55667,-0.10611
2025-03-15,15:30,Netherlands,Utrecht,Nijmegen,Eredivisie,Stadion Galgenwaard,52.07833,5.14583
2025-03-15,15:30,Portugal,Farense,Sp Braga,Primeira Liga,Estádio de São Luís,37.022861,-7.928444
2025-03-15,15:30,Portugal,Gil Vicente,Santa Clara,Primeira Liga,Estádio Cidade de Barcelos,41.551,-8.623
2025-03-15,16:00,France,Nantes,Lille,Ligue 1,Stade de la Beaujoire,47.256,-1.525
2025-03-15,17:00,Italy,Milan,Como,Serie A,San Siro,45.47806,9.12389
2025-03-15,17:30,England,Bournemouth,Brentford,Premier League,Dean Court,50.73528,-1.83833
2025-03-15,17:30,Spain,Villarreal,Real Madrid,La Liga,La Cerámica,39.94417,-0.10361
2025-03-15,17:30,Spain,Almeria,Zaragoza,Segunda Division,Mestalla,39.47472,-0.35833
2025-03-15,17:30,Germany,RB Leipzig,Dortmund,Bundesliga,Red Bull Arena,51.34583,12.34833
2025-03-15,17:30,Turkey,Buyuksehyr,Trabzonspor,Super Lig,Başakşehir Fatih Terim Stadium,41.12278,28.80861
2025-03-15,17:30,Turkey,Konyaspor,Besiktas,Super Lig,Konya Metropolitan Municipality Stadium,37.946,32.488
2025-03-15,17:45,Netherlands,Sparta Rotterdam,Zwolle,Eredivisie,Spartastadion Het Kasteel,51.919485,4.433619
2025-03-15,18:00,France,Angers,Monaco,Ligue 1,Stade Raymond Kopa,47.460458,-0.530741
2025-03-15,18:00,Portugal,Porto,AVS,Primeira Liga,Estádio do Dragão,41.1618,-8.5839
2025-03-15,18:30,Greece,Bari,Salernitana,Serie B,Kleanthis Vikelidis Stadium,40.6,22.96944
2025-03-15,19:00,Italy,Lorient,Bastia,Ligue 2,Stadio Olimpico Grande Torino,45.04167,7.65
2025-03-15,19:00,Netherlands,Waalwijk,PSV Eindhoven,Eredivisie,Mandemakers Stadion,51.68694,5.08861
2025-03-15,19:45,Italy,Torino,Empoli,Serie A,Stadio Olimpico Grande Torino,45.04167,7.65
2025-03-15,19:45,Belgium,Genk,St. Gilloise,Belgian Pro League,Cegeka Arena,51.005,5.53333
2025-03-15,20:00,Spain,Girona,Valencia,La Liga,Montilivi,41.96139,2.82861
2025-03-15,20:00,Netherlands,Heerenveen,Heracles,Eredivisie,Abe Lenstra Stadion,52.95861,5.93611
2025-03-15,20:05,France,Lens,Rennes,Ligue 1,Stade Bollaert-Delelis,50.43278,2.815
2025-03-16,10:30,Turkey,Rizespor,Bodrumspor,Super Lig,Rize City Stadium,41.04202,40.5733
2025-03-16,11:15,Netherlands,Go Ahead Eagles,Willem II,Eredivisie,De Adelaarshorst,52.260416,6.172578
2025-03-16,11:30,Italy,Venezia,Napoli,Serie A,Stadio Pier Luigi Penzo,45.4277611,12.3637306
2025-03-16,12:30,Belgium,Standard,Antwerp,Belgian Pro League,Stade Maurice Dufrasne,50.61,5.54333
2025-03-16,13:00,Spain,Leganes,Betis,La Liga,Municipal de Butarque,40.3404,-3.7607
2025-03-16,13:00,France,Eldense,Mirandes,Segunda Division,Stade Bollaert-Delelis,50.43278,2.815
2025-03-16,13:00,Turkey,Goztep,Eyupspor,Super Lig,Gürsel Aksel Stadium,38.396821,27.07595
2025-03-16,13:00,Turkey,Hatayspor,Sivasspor,Super Lig,Mersin Stadium[note 1],36.82056,34.53861
2025-03-16,13:30,England,Arsenal,Chelsea,Premier League,Emirates Stadium,51.55667,-0.10611
2025-03-16,13:30,England,Fulham,Tottenham,Premier League,Craven Cottage,51.475,-0.22166666666667
2025-03-16,13:30,Netherlands,Groningen,For Sittard,Eredivisie,Euroborg,53.20611,6.59139
2025-03-16,13:30,Netherlands,Twente,Feyenoord,Eredivisie,De Grolsch Veste,52.23667,6.8375
2025-03-16,14:00,Italy,Bologna,Lazio,Serie A,Stadio Renato Dall'Ara,44.49222,11.30972
2025-03-16,14:00,Austria,Sudtirol,Carrarese,Serie B,Tivoli Stadion Tirol,47.25583,11.41083
2025-03-16,14:00,France,Lyon,Le Havre,Ligue 1,Groupama Stadium,45.765224,4.982131
2025-03-16,14:30,Germany,Bochum,Ein Frankfurt,Bundesliga,Vonovia Ruhrstadion,51.49,7.23667
2025-03-16,15:00,Italy,Roma,Cagliari,Serie A,Stadio Olimpico,41.93389,12.45472
2025-03-16,15:15,Spain,Sevilla,Ath Bilbao,La Liga,Ramón Sánchez-Pizjuán,37.384,-5.9705
2025-03-16,15:15,Denmark,Santander,Tenerife,Segunda Division,Cepheus Park Randers,56.46594,10.010262
2025-03-16,15:30,Portugal,Arouca,Estoril,Primeira Liga,Estádio Municipal de Arouca,40.933,-8.2503
2025-03-16,15:30,Portugal,Nacional,Casa Pia,Primeira Liga,Estádio da Madeira,32.670625,-16.883525
2025-03-16,15:45,Netherlands,Ajax,AZ Alkmaar,Eredivisie,Johan Cruyff Arena,52.31417,4.94194
2025-03-16,16:15,France,Brest,Reims,Ligue 1,Stade Francis-Le Blé,48.402932,-4.461694
2025-03-16,16:15,France,Montpellier,St Etienne,Ligue 1,Stade de la Mosson,43.62222,3.81194
2025-03-16,16:15,France,Strasbourg,Toulouse,Ligue 1,Stade de la Meinau,48.56,7.755
2025-03-16,16:30,Germany,Heidenheim,Holstein Kiel,Bundesliga,Voith-Arena,48.66861,10.13944
2025-03-16,17:00,Italy,Fiorentina,Juventus,Serie A,Stadio Artemio Franchi,43.78083,11.28222
2025-03-16,17:30,Spain,Osasuna,Getafe,La Liga,El Sadar,42.79667,-1.63694
2025-03-16,17:30,Spain,Vallecano,Sociedad,La Liga,Vallecas,40.39194,-3.65889
2025-03-16,17:30,Belgium,Anderlecht,Cercle Brugge,Belgian Pro League,Lotto Park,50.83417,4.29833
2025-03-16,17:30,Belgium,Club Brugge,Charleroi,Belgian Pro League,Jan Breydel Stadium,51.19333,3.18056
2025-03-16,17:30,Belgium,Gent,Kortrijk,Belgian Pro League,Planet Group Arena,51.01611,3.73417
2025-03-16,17:30,Belgium,Mechelen,Dender,Belgian Pro League,AFAS-stadion Achter de Kazerne,51.037184,4.486397
2025-03-16,17:30,Belgium,Oud-Heverlee Leuven,St Truiden,Belgian Pro League,Den Dreef,50.86833,4.69417
2025-03-16,17:30,Turkey,Fenerbahce,Samsunspor,Super Lig,Ülker Stadium,40.98778,29.03694
2025-03-16,17:34,Belgium,Beerschot VA,Westerlo,Belgian Pro League,Olympisch Stadion,51.185,4.38222
2025-03-16,18:00,Portugal,Rio Ave,Benfica,Primeira Liga,Estádio dos Arcos,41.36278,-8.74028
2025-03-16,18:30,Germany,Stuttgart,Leverkusen,Bundesliga,MHPArena,48.79222,9.23194
2025-03-16,19:00,England,Leicester,Man United,Premier League,King Power Stadium,52.620277777778,-1.1422222222222
2025-03-16,19:45,Italy,Atalanta,Inter,Serie A,Gewiss Stadium,45.70889,9.68083
2025-03-16,19:45,France,Paris SG,Marseille,Ligue 1,Parc des Princes,48.84138888888889,2.2530555555555556
2025-03-16,20:00,Spain,Ath Madrid,Barcelona,La Liga,Santiago Bernabéu,40.45306,-3.68835
2025-03-16,20:30,Portugal,Guimaraes,Estrela,Primeira Liga,Estádio D. Afonso Henriques,41.44583,-8.30111
2025-03-16,20:30,Portugal,Moreirense,Boavista,Primeira Liga,Estádio Comendador Joaquim de Almeida Freitas,41.37806,-8.35472
2025-03-22,15:15,Belgium,Elche,Eldense,Segunda Division,AFAS-stadion Achter de Kazerne,51.037184,4.486397
2025-03-22,17:30,Denmark,Mirandes,Santander,Segunda Division,Cepheus Park Randers,56.46594,10.010262
2025-03-22,20:00,Spain,Granada,Oviedo,Segunda Division,Montilivi,41.96139,2.82861
2025-03-23,13:00,Spain,Levante,Castellon,Segunda Division,Municipal de Butarque,40.3404,-3.7607
2025-03-24,19:30,Portugal,Zaragoza,Cordoba,Segunda Division,Estádio Municipal de Braga,41.5625,-8.43
2025-03-27,20:00,Spain,Barcelona,Osasuna,La Liga,Olímpic Lluís Companys,41.36472,2.15556
2025-03-28,13:00,Turkey,Antalyaspor,Alanyaspor,Super Lig,Corendon Airlines Park,36.888278,30.668444
2025-03-28,13:00,Turkey,Kayserispor,Hatayspor,Super Lig,RHG Enertürk Enerji Stadium,38.73722,35.42306
2025-03-28,17:30,England,Ulm,Darmstadt,2. Bundesliga,Craven Cottage,51.475,-0.22166666666667
2025-03-28,17:30,Turkey,Konyaspor,Gaziantep,Super Lig,Konya Metropolitan Municipality Stadium,37.946,32.488
2025-03-28,19:00,Portugal,Bastia,Dunkerque,Ligue 2,Estádio do Bessa,41.16222,-8.64278
2025-03-28,19:00,Greece,Martigues,Ajaccio,Ligue 2,Kleanthis Vikelidis Stadium,40.6,22.96944
2025-03-28,19:00,France,Red Star,Rodez,Ligue 2,Stade Francis-Le Blé,48.402932,-4.461694
2025-03-28,19:30,Germany,Leverkusen,Bochum,Bundesliga,BayArena,51.03833,7.00222
2025-03-28,19:30,Italy,Spezia,Brescia,Serie B,Stadio Pier Luigi Penzo,45.4277611,12.3637306
2025-03-28,19:45,France,Strasbourg,Lyon,Ligue 1,Stade de la Meinau,48.56,7.755
2025-03-28,19:45,Belgium,Oud-Heverlee Leuven,Charleroi,Belgian Pro League,Den Dreef,50.86833,4.69417
2025-03-28,20:00,England,Sheffield United,Coventry,Championship,Old Trafford,53.463055555556,-2.2913888888889
2025-03-28,20:15,Portugal,Gil Vicente,Benfica,Primeira Liga,Estádio Cidade de Barcelos,41.551,-8.623
2025-03-29,10:30,Turkey,Sivasspor,Ad. Demirspor,Super Lig,BG Grup 4 Eylül Stadium,39.72833,36.98389
2025-03-29,12:30,England,Watford,Plymouth,Championship,Brentford Community Stadium,51.49083,-0.28861
2025-03-29,13:00,Spain,Sociedad,Valladolid,La Liga,Anoeta,43.30139,-1.97361
2025-03-29,13:00,France,Eldense,Burgos,Segunda Division,Stade Bollaert-Delelis,50.43278,2.815
2025-03-29,13:00,Italy,Grenoble,Lorient,Ligue 2,Stadio Luigi Ferraris,44.41639,8.9525
2025-03-29,13:00,Turkey,Samsunspor,Kasimpasa,Super Lig,Samsun 19 Mayıs Stadium,41.22778,36.4575
2025-03-29,13:00,Turkey,Trabzonspor,Goztep,Super Lig,Papara Park,40.99917,39.64583
2025-03-29,14:00,Italy,Como,Empoli,Serie A,Stadio Giuseppe Sinigaglia,45.81389,9.07222
2025-03-29,14:00,Italy,Venezia,Bologna,Serie A,Stadio Pier Luigi Penzo,45.4277611,12.3637306
2025-03-29,14:00,Italy,Cosenza,Pisa,Serie B,Stadio Brianteo,45.58278,9.30806
2025-03-29,14:00,Italy,Modena,Catanzaro,Serie B,Stadio Brianteo,45.58278,9.30806
2025-03-29,14:00,Turkey,Sampdoria,Frosinone,Serie B,Samsun 19 Mayıs Stadium,41.22778,36.4575
2025-03-29,14:30,Germany,Bayern Munich,St Pauli,Bundesliga,Allianz Arena,48.218775,11.624752777778
2025-03-29,14:30,Germany,Hoffenheim,Augsburg,Bundesliga,PreZero Arena,49.23806,8.8875
2025-03-29,14:30,Germany,Holstein Kiel,Werder Bremen,Bundesliga,Holstein-Stadion,54.34917,10.12361
2025-03-29,14:30,Germany,Wolfsburg,Heidenheim,Bundesliga,Volkswagen Arena,52.43278,10.80389
2025-03-29,15:00,Denmark,Burnley,Bristol City,Championship,Brøndby Stadium,55.64889,12.41861
2025-03-29,15:00,Croatia,Norwich,West Brom,Championship,ŠRC Velika Gorica,45.724,16.0732
2025-03-29,15:00,Portugal,Portsmouth,Blackburn,Championship,Estádio do Dragão,41.1618,-8.5839
2025-03-29,15:00,Belgium,Beerschot VA,St Truiden,Belgian Pro League,Olympisch Stadion,51.185,4.38222
2025-03-29,15:15,Spain,Espanol,Ath Madrid,La Liga,RCDE Stadium,41.34778,2.07556
2025-03-29,15:30,Netherlands,NAC Breda,Groningen,Eredivisie,Rat Verlegh Stadion,51.595,4.75028
2025-03-29,15:30,Portugal,Casa Pia,Rio Ave,Primeira Liga,Estádio Municipal de Rio Maior[A],39.34444,-8.93528
2025-03-29,16:00,France,Reims,Marseille,Ligue 1,Stade Auguste Delaune,49.24667,4.025
2025-03-29,16:15,France,Cremonese,Cittadella,Serie B,Roazhon Park,48.1075,-1.71278
2025-03-29,16:30,Greece,Athens Kallithea,Volos NFC,Super League Greece,Leoforos Alexandras Stadium,37.98722,23.75417
2025-03-29,17:00,Italy,Juventus,Genoa,Serie A,Juventus Stadium,45.10944,7.64111
2025-03-29,17:15,Belgium,Standard,Mechelen,Belgian Pro League,Stade Maurice Dufrasne,50.61,5.54333
2025-03-29,17:30,Spain,Alaves,Vallecano,La Liga,Mendizorrotza,42.8371111,-2.6880444
2025-03-29,17:30,England,Cartagena,Castellon,Segunda Division,Emirates Stadium,51.55667,-0.10611
2025-03-29,17:30,Denmark,Santander,Zaragoza,Segunda Division,Cepheus Park Randers,56.46594,10.010262
2025-03-29,17:30,Germany,Ein Frankfurt,Stuttgart,Bundesliga,Deutsche Bank Park,50.068056,8.645806
2025-03-29,17:30,Turkey,Besiktas,Galatasaray,Super Lig,Tüpraş Stadium,41.03917,28.99472
2025-03-29,17:30,Greece,Asteras Tripolis,Aris,Super League Greece,Theodoros Kolokotronis Stadium,37.5025,22.38861
2025-03-29,17:45,Netherlands,For Sittard,Sparta Rotterdam,Eredivisie,Fortuna Sittard Stadion,50.992069,5.843675
2025-03-29,17:45,Netherlands,Willem II,Almere City,Eredivisie,Koning Willem II Stadion,51.54278,5.06694
2025-03-29,18:00,France,St Etienne,Paris SG,Ligue 1,Stade Geoffroy Guichard,45.46083,4.39028
2025-03-29,18:00,Portugal,Estrela,Sp Lisbon,Primeira Liga,Estádio José Gomes,38.75194,-9.22806
2025-03-29,18:30,Greece,Panetolikos,Levadeiakos,Super League Greece,Panetolikos Stadium,38.63,21.41167
2025-03-29,19:45,Italy,Lecce,Roma,Serie A,Stadio Via del mare,40.36528,18.20889
2025-03-29,20:00,Spain,Real Madrid,Leganes,La Liga,Santiago Bernabéu,40.45306,-3.68835
2025-03-29,20:00,Spain,Almeria,Levante,Segunda Division,Mestalla,39.47472,-0.35833
2025-03-29,20:00,Netherlands,Zwolle,Waalwijk,Eredivisie,MAC³PARK Stadion,52.51722,6.12083
2025-03-29,20:05,France,Monaco,Nice,Ligue 1,Stade Louis II,43.7275,7.41556
2025-03-29,20:30,Portugal,Sp Braga,Arouca,Primeira Liga,Estádio Municipal de Braga,41.5625,-8.43
2025-03-30,11:15,Netherlands,Utrecht,Heerenveen,Eredivisie,Stadion Galgenwaard,52.07833,5.14583
2025-03-30,11:30,Italy,Cagliari,Monza,Serie A,Unipol Domus,39.2,9.1375
2025-03-30,12:30,France,Regensburg,Nurnberg,2. Bundesliga,Stade de la Meinau,48.56,7.755
2025-03-30,12:30,Belgium,Club Brugge,Anderlecht,Belgian Pro League,Jan Breydel Stadium,51.19333,3.18056
2025-03-30,13:00,Spain,Getafe,Villarreal,La Liga,Coliseum,40.32556,-3.71472
2025-03-30,13:30,Netherlands,Heracles,Twente,Eredivisie,Asito Stadion[3],52.33889,6.65056
2025-03-30,13:30,Netherlands,PSV Eindhoven,Ajax,Eredivisie,Philips Stadion,51.44167,5.4675
2025-03-30,14:00,Italy,Fiorentina,Atalanta,Serie A,Stadio Artemio Franchi,43.78083,11.28222
2025-03-30,14:00,Portugal,Carrarese,Bari,Serie B,Estádio de São Luís,37.022861,-7.928444
2025-03-30,14:00,England,Cesena,Juve Stabia,Serie B,Stamford Bridge,51.481666666667,-0.19111111111111
2025-03-30,14:00,France,Toulouse,Brest,Ligue 1,Stadium de Toulouse,43.58306,1.43417
2025-03-30,14:30,Germany,Freiburg,Union Berlin,Bundesliga,Europa-Park Stadion,48.0216,7.8297
2025-03-30,15:00,Belgium,Kortrijk,Cercle Brugge,Belgian Pro League,Guldensporen Stadion,50.830432,3.248906
2025-03-30,15:00,Greece,Panserraikos,Lamia,Super League Greece,Serres Municipal Stadium,41.0847,23.5466
2025-03-30,15:15,Spain,Barcelona,Girona,La Liga,Olímpic Lluís Companys,41.36472,2.15556
2025-03-30,15:30,Portugal,Famalicao,AVS,Primeira Liga,Estádio Municipal de Famalicão,41.40139,-8.5225
2025-03-30,15:30,Portugal,Santa Clara,Nacional,Primeira Liga,Estádio de São Miguel,37.763694,-25.622611
2025-03-30,15:45,Netherlands,Feyenoord,Go Ahead Eagles,Eredivisie,De Kuip,51.89389,4.52306
2025-03-30,16:15,Spain,Salernitana,Palermo,Serie B,Mestalla,39.47472,-0.35833
2025-03-30,16:15,France,Angers,Rennes,Ligue 1,Stade Raymond Kopa,47.460458,-0.530741
2025-03-30,16:15,France,Auxerre,Montpellier,Ligue 1,Stade Abbé Deschamps,47.7867528,3.5886639
2025-03-30,16:15,France,Le Havre,Nantes,Ligue 1,Stade Océane,49.49889,0.16972
2025-03-30,16:30,Germany,Dortmund,Mainz,Bundesliga,Signal Iduna Park,51.4925,7.45167
2025-03-30,17:30,Spain,Ath Bilbao,Osasuna,La Liga,San Mamés,43.2643,-2.9504
2025-03-30,17:30,Spain,Valencia,Mallorca,La Liga,Mestalla,39.47472,-0.35833
2025-03-30,17:30,Belgium,Genk,Gent,Belgian Pro League,Cegeka Arena,51.005,5.53333
2025-03-30,18:00,Portugal,Estoril,Porto,Primeira Liga,Estádio António Coimbra da Mota,38.71583,-9.40639
2025-03-30,18:15,Belgium,Dender,Westerlo,Belgian Pro League,Van Roystadion,50.883683,4.071185
2025-03-30,19:00,Greece,Olympiakos,Panathinaikos,Super League Greece,Karaiskakis Stadium,37.94611,23.66444
2025-03-30,19:45,Italy,Napoli,Milan,Serie A,Stadio Diego Armando Maradona,40.828,14.193
2025-03-30,19:45,France,Lille,Lens,Ligue 1,Decathlon Arena Pierre Mauroy Stadium,50.6119,3.1304
2025-03-30,20:00,Spain,Betis,Sevilla,La Liga,Benito Villamarín,37.35639,-5.98139
2025-03-30,20:30,Portugal,Moreirense,Guimaraes,Primeira Liga,Estádio Comendador Joaquim de Almeida Freitas,41.37806,-8.35472
2025-03-31,17:30,Italy,Verona,Parma,Serie A,Stadio Marcantonio Bentegodi,45.43528,10.96861
2025-03-31,18:00,Turkey,Eyupspor,Buyuksehyr,Super Lig,Recep Tayyip Erdoğan Stadium,41.03278,28.9725
2025-03-31,19:45,Italy,Lazio,Torino,Serie A,Stadio Olimpico,41.93389,12.45472
2025-03-31,19:45,Greece,Paris FC,Caen,Ligue 2,Kleanthis Vikelidis Stadium,40.6,22.96944
2025-03-31,20:00,Spain,Celta,Las Palmas,La Liga,Balaídos,42.2118,-8.7397
2025-04-01,19:45,England,Arsenal,Fulham,Premier League,Emirates Stadium,51.55667,-0.10611
2025-04-01,19:45,England,Wolves,West Ham,Premier League,Molineux Stadium,52.59028,-2.13028
2025-04-01,20:00,England,Nott'm Forest,Man United,Premier League,City Ground,52.94,-1.13278
2025-04-01,20:15,Portugal,Boavista,Gil Vicente,Primeira Liga,Estádio do Bessa,41.16222,-8.64278
2025-04-02,19:00,Netherlands,Feyenoord,Groningen,Eredivisie,De Kuip,51.89389,4.52306
2025-04-02,19:45,England,Bournemouth,Ipswich,Premier League,Dean Court,50.73528,-1.83833
2025-04-02,19:45,England,Brighton,Aston Villa,Premier League,Falmer Stadium,50.861822222222,-0.083277777777778
2025-04-02,19:45,England,Man City,Leicester,Premier League,City of Manchester Stadium,53.483055555556,-2.2002777777778
2025-04-02,19:45,England,Newcastle,Brentford,Premier League,St James' Park,54.975555555556,-1.6216666666667
2025-04-02,19:45,England,Southampton,Crystal Palace,Premier League,St Mary's Stadium,50.90583,-1.39111
2025-04-02,20:00,England,Liverpool,Everton,Premier League,Anfield,53.4308,-2.9608
2025-04-02,20:15,Portugal,Benfica,Farense,Primeira Liga,Estádio da Luz,38.7527,-9.1847
2025-04-03,20:00,England,Chelsea,Tottenham,Premier League,Stamford Bridge,51.481666666667,-0.19111111111111
2025-04-04,18:00,Turkey,Ad. Demirspor,Kayserispor,Super Lig,New Adana Stadium,37.06333,35.375
2025-04-04,19:00,Netherlands,Annecy,Bastia,Ligue 2,Goffertstadion,51.8225,5.83667
2025-04-04,19:00,Greece,Laval,Grenoble,Ligue 2,Lamia Municipal Stadium,38.91,22.43111
2025-04-04,19:00,Greece,Paris FC,Clermont,Ligue 2,Kleanthis Vikelidis Stadium,40.6,22.96944
2025-04-04,19:00,Netherlands,Heerenveen,Willem II,Eredivisie,Abe Lenstra Stadion,52.95861,5.93611
2025-04-04,19:30,Germany,Augsburg,Bayern Munich,Bundesliga,WWK Arena,48.32306,10.88611
2025-04-04,19:45,Italy,Genoa,Udinese,Serie A,Stadio Luigi Ferraris,44.41639,8.9525
2025-04-04,19:45,France,Nice,Nantes,Ligue 1,Allianz Riviera,43.70528,7.1925
2025-04-04,19:45,Belgium,Mechelen,Dender,Belgian Pro League,AFAS-stadion Achter de Kazerne,51.037184,4.486397
2025-04-04,20:00,Spain,Vallecano,Espanol,La Liga,Vallecas,40.39194,-3.65889
2025-04-04,20:15,Portugal,AVS,Estoril,Primeira Liga,Estádio do CD Aves,41.366932,-8.411789
2025-04-05,11:30,Turkey,Rizespor,Sivasspor,Super Lig,Rize City Stadium,41.04202,40.5733
2025-04-05,12:00,Netherlands,Fortuna Dusseldorf,PreuÃen MÃ¼nster,2. Bundesliga,Fortuna Sittard Stadion,50.992069,5.843675
2025-04-05,12:30,England,Everton,Arsenal,Premier League,Goodison Park,53.438888888889,-2.9663888888889
2025-04-05,12:30,France,Luton,Leeds,Championship,Groupama Stadium,45.765224,4.982131
2025-04-05,12:30,Belgium,West Brom,Sunderland,Championship,Het Kuipje,51.094817,4.928806
2025-04-05,13:00,Spain,Girona,Alaves,La Liga,Montilivi,41.96139,2.82861
2025-04-05,14:00,Italy,Monza,Como,Serie A,Stadio Brianteo,45.58278,9.30806
2025-04-05,14:00,France,Brescia,Mantova,Serie B,Stade Francis-Le Blé,48.402932,-4.461694
2025-04-05,14:00,Austria,Sudtirol,Cesena,Serie B,Tivoli Stadion Tirol,47.25583,11.41083
2025-04-05,14:00,Turkey,Buyuksehyr,Konyaspor,Super Lig,Başakşehir Fatih Terim Stadium,41.12278,28.80861
2025-04-05,14:30,Germany,Bochum,Stuttgart,Bundesliga,Vonovia Ruhrstadion,51.49,7.23667
2025-04-05,14:30,Germany,Freiburg,Dortmund,Bundesliga,Europa-Park Stadion,48.0216,7.8297
2025-04-05,14:30,Germany,Heidenheim,Leverkusen,Bundesliga,Voith-Arena,48.66861,10.13944
2025-04-05,14:30,Germany,Mainz,Holstein Kiel,Bundesliga,Mewa Arena,49.98417,8.22417
2025-04-05,14:30,Germany,RB Leipzig,Hoffenheim,Bundesliga,Red Bull Arena,51.34583,12.34833
2025-04-05,15:00,England,Crystal Palace,Brighton,Premier League,Selhurst Park,51.39833,-0.08556
2025-04-05,15:00,England,Ipswich,Wolves,Premier League,Portman Road,52.055,1.14528
2025-04-05,15:00,England,West Ham,Bournemouth,Premier League,London Stadium,51.5386,-0.0164
2025-04-05,15:00,England,Bristol City,Watford,Championship,King Power Stadium,52.620277777778,-1.1422222222222
2025-04-05,15:00,Portugal,Preston,Stoke,Championship,Estádio do Dragão,41.1618,-8.5839
2025-04-05,15:00,Belgium,Cercle Brugge,Beerschot VA,Belgian Pro League,Jan Breydel Stadium,51.19333,3.18056
2025-04-05,15:00,Greece,Levadeiakos,Panserraikos,Super League Greece,Levadia Municipal Stadium,38.4358972,22.8828444
2025-04-05,15:15,Spain,Real Madrid,Valencia,La Liga,Santiago Bernabéu,40.45306,-3.68835
2025-04-05,16:00,France,Paris SG,Angers,Ligue 1,Parc des Princes,48.84138888888889,2.2530555555555556
2025-04-05,17:00,Italy,Parma,Inter,Serie A,Stadio Ennio Tardini,44.795,10.33833
2025-04-05,17:00,Turkey,Antalyaspor,Samsunspor,Super Lig,Corendon Airlines Park,36.888278,30.668444
2025-04-05,17:15,Belgium,Westerlo,Oud-Heverlee Leuven,Belgian Pro League,Het Kuipje,51.094817,4.928806
2025-04-05,17:30,England,Aston Villa,Nott'm Forest,Premier League,Villa Park,52.509166666667,-1.8847222222222
2025-04-05,17:30,Spain,Mallorca,Celta,La Liga,Mallorca Son Moix,39.59,2.63
2025-04-05,17:30,England,Cartagena,Eldense,Segunda Division,Emirates Stadium,51.55667,-0.10611
2025-04-05,17:30,Spain,Granada,Almeria,Segunda Division,Montilivi,41.96139,2.82861
2025-04-05,17:30,Germany,Werder Bremen,Ein Frankfurt,Bundesliga,Weserstadion,53.06639,8.8375
2025-04-05,17:30,Greece,Aris,OFI Crete,Super League Greece,Kleanthis Vikelidis Stadium,40.6,22.96944
2025-04-05,17:45,Netherlands,Twente,For Sittard,Eredivisie,De Grolsch Veste,52.23667,6.8375
2025-04-05,18:00,France,Brest,Monaco,Ligue 1,Stade Francis-Le Blé,48.402932,-4.461694
2025-04-05,18:00,Portugal,Arouca,Famalicao,Primeira Liga,Estádio Municipal de Arouca,40.933,-8.2503
2025-04-05,18:00,Greece,Lamia,Athens Kallithea,Super League Greece,Lamia Municipal Stadium,38.91,22.43111
2025-04-05,19:00,Italy,Lorient,Pau FC,Ligue 2,Stadio Olimpico Grande Torino,45.04167,7.65
2025-04-05,19:00,Netherlands,Groningen,PSV Eindhoven,Eredivisie,Euroborg,53.20611,6.59139
2025-04-05,19:45,Italy,Milan,Fiorentina,Serie A,San Siro,45.47806,9.12389
2025-04-05,19:45,Belgium,Gent,St. Gilloise,Belgian Pro League,Planet Group Arena,51.01611,3.73417
2025-04-05,20:00,Spain,Barcelona,Betis,La Liga,Olímpic Lluís Companys,41.36472,2.15556
2025-04-05,20:00,Netherlands,Almere City,Zwolle,Eredivisie,Yanmar Stadion,52.3944,5.2405
2025-04-05,20:05,France,Lyon,Lille,Ligue 1,Groupama Stadium,45.765224,4.982131
2025-04-05,20:30,Portugal,Guimaraes,Santa Clara,Primeira Liga,Estádio D. Afonso Henriques,41.44583,-8.30111
2025-04-06,11:15,Netherlands,Waalwijk,Heracles,Eredivisie,Mandemakers Stadion,51.68694,5.08861
2025-04-06,11:30,Italy,Lecce,Venezia,Serie A,Stadio Via del mare,40.36528,18.20889
2025-04-06,11:30,Turkey,Alanyaspor,Bodrumspor,Super Lig,Alanya Oba Stadium,36.5626,32.0792
2025-04-06,12:30,Germany,Magdeburg,Kaiserslautern,2. Bundesliga,WWK Arena,48.32306,10.88611
2025-04-06,12:30,Belgium,Antwerp,Club Brugge,Belgian Pro League,Bosuilstadion,51.2325,4.47222
2025-04-06,13:00,Spain,Las Palmas,Sociedad,La Liga,Gran Canaria,28.10028,-15.45667
2025-04-06,13:00,Portugal,Zaragoza,Mirandes,Segunda Division,Estádio Municipal de Braga,41.5625,-8.43
2025-04-06,13:30,Netherlands,Go Ahead Eagles,Utrecht,Eredivisie,De Adelaarshorst,52.260416,6.172578
2025-04-06,13:30,Netherlands,Sparta Rotterdam,Nijmegen,Eredivisie,Spartastadion Het Kasteel,51.919485,4.433619
2025-04-06,14:00,England,Brentford,Chelsea,Premier League,Brentford Community Stadium,51.49083,-0.28861
2025-04-06,14:00,England,Fulham,Liverpool,Premier League,Craven Cottage,51.475,-0.22166666666667
2025-04-06,14:00,England,Tottenham,Southampton,Premier League,Tottenham Hotspur Stadium,51.6044,-0.0664
2025-04-06,14:00,Italy,Empoli,Cagliari,Serie A,Stadio Carlo Castellani - Computer Gross Arena,43.72639,10.955
2025-04-06,14:00,Italy,Torino,Verona,Serie A,Stadio Olimpico Grande Torino,45.04167,7.65
2025-04-06,14:00,Italy,Palermo,Sassuolo,Serie B,Stadio Ennio Tardini,44.795,10.33833
2025-04-06,14:00,France,Lens,St Etienne,Ligue 1,Stade Bollaert-Delelis,50.43278,2.815
2025-04-06,14:00,Turkey,Hatayspor,Eyupspor,Super Lig,Mersin Stadium[note 1],36.82056,34.53861
2025-04-06,14:30,Germany,St Pauli,M'gladbach,Bundesliga,Millerntor-Stadion,53.554583,9.967667
2025-04-06,15:00,Belgium,St Truiden,Kortrijk,Belgian Pro League,Stayen,50.813474,5.166256
2025-04-06,15:00,Greece,Volos NFC,Panetolikos,Super League Greece,Panthessaliko Stadium,39.3875,22.93111
2025-04-06,15:15,Spain,Sevilla,Ath Madrid,La Liga,Ramón Sánchez-Pizjuán,37.384,-5.9705
2025-04-06,15:15,Spain,Levante,Santander,Segunda Division,Municipal de Butarque,40.3404,-3.7607
2025-04-06,15:30,Portugal,Gil Vicente,Moreirense,Primeira Liga,Estádio Cidade de Barcelos,41.551,-8.623
2025-04-06,15:45,Netherlands,Ajax,NAC Breda,Eredivisie,Johan Cruyff Arena,52.31417,4.94194
2025-04-06,16:15,Italy,Spezia,Sampdoria,Serie B,Stadio Pier Luigi Penzo,45.4277611,12.3637306
2025-04-06,16:15,France,Montpellier,Le Havre,Ligue 1,Stade de la Mosson,43.62222,3.81194
2025-04-06,16:15,France,Reims,Strasbourg,Ligue 1,Stade Auguste Delaune,49.24667,4.025
2025-04-06,16:15,France,Rennes,Auxerre,Ligue 1,Roazhon Park,48.1075,-1.71278
2025-04-06,16:30,England,Man United,Man City,Premier League,Old Trafford,53.463055555556,-2.2913888888889
2025-04-06,16:30,Germany,Union Berlin,Wolfsburg,Bundesliga,Stadion An der Alten Försterei,52.45722,13.56806
2025-04-06,17:00,Italy,Atalanta,Lazio,Serie A,Gewiss Stadium,45.70889,9.68083
2025-04-06,17:00,Turkey,Fenerbahce,Trabzonspor,Super Lig,Ülker Stadium,40.98778,29.03694
2025-04-06,17:30,Spain,Valladolid,Getafe,La Liga,José Zorrilla,41.64444,-4.76111
2025-04-06,17:30,Belgium,Anderlecht,Genk,Belgian Pro League,Lotto Park,50.83417,4.29833
2025-04-06,17:30,Greece,PAOK,Olympiakos,Super League Greece,Toumba Stadium,40.61389,22.9725
2025-04-06,18:00,Portugal,Nacional,Estrela,Primeira Liga,Estádio da Madeira,32.670625,-16.883525
2025-04-06,18:15,Belgium,Charleroi,Standard,Belgian Pro League,Stade du Pays de Charleroi,50.414609,4.453787
2025-04-06,19:30,Greece,Panathinaikos,AEK,Super League Greece,Athens Olympic Stadium,38.03606806,23.7876
2025-04-06,19:45,Italy,Roma,Juventus,Serie A,Stadio Olimpico,41.93389,12.45472
2025-04-06,19:45,France,Marseille,Toulouse,Ligue 1,Orange Vélodrome,43.26972,5.39583
2025-04-06,20:00,Spain,Villarreal,Ath Bilbao,La Liga,La Cerámica,39.94417,-0.10361
2025-04-06,20:30,Portugal,Porto,Benfica,Primeira Liga,Estádio do Dragão,41.1618,-8.5839
2025-04-07,16:00,Greece,Atromitos,Asteras Tripolis,Super League Greece,Peristeri Stadium,38.00472,23.68972
2025-04-07,18:00,Turkey,Goztep,Gaziantep,Super Lig,Gürsel Aksel Stadium,38.396821,27.07595
2025-04-07,18:45,Portugal,Farense,Casa Pia,Primeira Liga,Estádio de São Luís,37.022861,-7.928444
2025-04-07,19:30,Belgium,Elche,Ferrol,Segunda Division,AFAS-stadion Achter de Kazerne,51.037184,4.486397
2025-04-07,19:45,Italy,Bologna,Napoli,Serie A,Stadio Renato Dall'Ara,44.49222,11.30972
2025-04-07,20:00,England,Leicester,Newcastle,Premier League,King Power Stadium,52.620277777778,-1.1422222222222
2025-04-07,20:00,Spain,Leganes,Osasuna,La Liga,Municipal de Butarque,40.3404,-3.7607
2025-04-07,20:15,Portugal,Rio Ave,Boavista,Primeira Liga,Estádio dos Arcos,41.36278,-8.74028
2025-04-08,19:45,England,Bristol City,West Brom,Championship,King Power Stadium,52.620277777778,-1.1422222222222
2025-04-08,19:45,Croatia,Norwich,Sunderland,Championship,ŠRC Velika Gorica,45.724,16.0732
2025-04-08,19:45,Portugal,Preston,Cardiff,Championship,Estádio do Dragão,41.1618,-8.5839
2025-04-08,19:45,England,Sheffield United,Millwall,Championship,Old Trafford,53.463055555556,-2.2913888888889
2025-04-08,19:45,England,Watford,Hull,Championship,Brentford Community Stadium,51.49083,-0.28861
2025-04-08,21:00,Germany,Bayern Munich,Inter Milan,Europa League,Allianz Arena,48.218775,11.624752777778
2025-04-08,21:00(20:00UTC+1),England,Arsenal,Real Madrid,Europa League,Emirates Stadium,51.55667,-0.10611
2025-04-09,21:00,France,Paris Saint-Germain,Aston Villa,Europa League,Parc des Princes,48.84138888888889,2.2530555555555556
2025-04-09,21:00,Spain,Barcelona,Borussia Dortmund,Europa League,Olímpic Lluís Companys,41.36472,2.15556
2025-04-10,21:00,France,Lyon,Manchester United,Europa League,Groupama Stadium,45.765224,4.982131
2025-04-10,21:00(20:00UTC+1),England,Tottenham Hotspur,Eintracht Frankfurt,Europa League,Tottenham Hotspur Stadium,51.6044,-0.0664
2025-04-10,21:00(20:00UTC+1),France,Rangers,Athletic Bilbao,Europa League,Stade Raymond Kopa,47.460458,-0.530741
2025-04-11,18:00,Turkey,Samsunspor,Galatasaray,Super Lig,Samsun 19 Mayıs Stadium,41.22778,36.4575
2025-04-11,19:00,Portugal,Amiens,Dunkerque,Ligue 2,Estádio Comendador Joaquim de Almeida Freitas,41.37806,-8.35472
2025-04-11,19:00,Greece,Martigues,Metz,Ligue 2,Kleanthis Vikelidis Stadium,40.6,22.96944
2025-04-11,19:00,France,Red Star,Annecy,Ligue 2,Stade Francis-Le Blé,48.402932,-4.461694
2025-04-11,19:30,Germany,Wolfsburg,RB Leipzig,Bundesliga,Volkswagen Arena,52.43278,10.80389
2025-04-11,19:30,Greece,Bari,Palermo,Serie B,Kleanthis Vikelidis Stadium,40.6,22.96944
2025-04-11,19:45,Italy,Udinese,Milan,Serie A,Stadio Friuli,46.0816,13.2001
2025-04-11,19:45,France,Lens,Reims,Ligue 1,Stade Bollaert-Delelis,50.43278,2.815
2025-04-11,19:45,Belgium,Westerlo,Charleroi,Belgian Pro League,Het Kuipje,51.094817,4.928806
2025-04-11,20:00,Denmark,Burnley,Norwich,Championship,Brøndby Stadium,55.64889,12.41861
2025-04-11,20:00,Spain,Valencia,Sevilla,La Liga,Mestalla,39.47472,-0.35833
2025-04-11,20:15,Portugal,Gil Vicente,Guimaraes,Primeira Liga,Estádio Cidade de Barcelos,41.551,-8.623
2025-04-12,12:00,England,Ulm,Magdeburg,2. Bundesliga,Craven Cottage,51.475,-0.22166666666667
2025-04-12,12:30,England,Man City,Crystal Palace,Premier League,City of Manchester Stadium,53.483055555556,-2.2002777777778
2025-04-12,13:00,Spain,Sociedad,Mallorca,La Liga,Anoeta,43.30139,-1.97361
2025-04-12,14:00,Italy,Venezia,Monza,Serie A,Stadio Pier Luigi Penzo,45.4277611,12.3637306
2025-04-12,14:00,Portugal,Carrarese,Catanzaro,Serie B,Estádio de São Luís,37.022861,-7.928444
2025-04-12,14:00,Italy,Cosenza,Brescia,Serie B,Stadio Brianteo,45.58278,9.30806
2025-04-12,14:00,Spain,Salernitana,Sudtirol,Serie B,Mestalla,39.47472,-0.35833
2025-04-12,14:00,Turkey,Konyaspor,Goztep,Super Lig,Konya Metropolitan Municipality Stadium,37.946,32.488
2025-04-12,14:30,Germany,Bochum,Augsburg,Bundesliga,Vonovia Ruhrstadion,51.49,7.23667
2025-04-12,14:30,Germany,Hoffenheim,Mainz,Bundesliga,PreZero Arena,49.23806,8.8875
2025-04-12,14:30,Germany,Holstein Kiel,St Pauli,Bundesliga,Holstein-Stadion,54.34917,10.12361
2025-04-12,14:30,Germany,Leverkusen,Union Berlin,Bundesliga,BayArena,51.03833,7.00222
2025-04-12,15:00,England,Brighton,Leicester,Premier League,Falmer Stadium,50.861822222222,-0.083277777777778
2025-04-12,15:00,England,Nott'm Forest,Everton,Premier League,City Ground,52.94,-1.13278
2025-04-12,15:00,England,Southampton,Aston Villa,Premier League,St Mary's Stadium,50.90583,-1.39111
2025-04-12,15:00,France,Luton,Blackburn,Championship,Groupama Stadium,45.765224,4.982131
2025-04-12,15:00,Portugal,Portsmouth,Derby,Championship,Estádio do Dragão,41.1618,-8.5839
2025-04-12,15:00,Belgium,West Brom,Watford,Championship,Het Kuipje,51.094817,4.928806
2025-04-12,15:00,Belgium,Kortrijk,Beerschot VA,Belgian Pro League,Guldensporen Stadion,50.830432,3.248906
2025-04-12,15:00,Greece,Panetolikos,Lamia,Super League Greece,Panetolikos Stadium,38.63,21.41167
2025-04-12,15:15,Spain,Getafe,Las Palmas,La Liga,Coliseum,40.32556,-3.71472
2025-04-12,15:15,Portugal,Zaragoza,Eibar,Segunda Division,Estádio Municipal de Braga,41.5625,-8.43
2025-04-12,15:30,Netherlands,For Sittard,Feyenoord,Eredivisie,Fortuna Sittard Stadion,50.992069,5.843675
2025-04-12,15:30,Portugal,Boavista,Nacional,Primeira Liga,Estádio do Bessa,41.16222,-8.64278
2025-04-12,15:30,Portugal,Famalicao,Estoril,Primeira Liga,Estádio Municipal de Famalicão,41.40139,-8.5225
2025-04-12,16:00,France,Monaco,Marseille,Ligue 1,Stade Louis II,43.7275,7.41556
2025-04-12,16:15,Turkey,Sampdoria,Cittadella,Serie B,Samsun 19 Mayıs Stadium,41.22778,36.4575
2025-04-12,17:00,Turkey,Besiktas,Buyuksehyr,Super Lig,Tüpraş Stadium,41.03917,28.99472
2025-04-12,17:15,Belgium,St Truiden,Cercle Brugge,Belgian Pro League,Stayen,50.813474,5.166256
2025-04-12,17:30,England,Arsenal,Brentford,Premier League,Emirates Stadium,51.55667,-0.10611
2025-04-12,17:30,Spain,Celta,Espanol,La Liga,Balaídos,42.2118,-8.7397
2025-04-12,17:30,Germany,Bayern Munich,Dortmund,Bundesliga,Allianz Arena,48.218775,11.624752777778
2025-04-12,17:30,Greece,Panserraikos,Athens Kallithea,Super League Greece,Serres Municipal Stadium,41.0847,23.5466
2025-04-12,17:45,Netherlands,Sparta Rotterdam,Heerenveen,Eredivisie,Spartastadion Het Kasteel,51.919485,4.433619
2025-04-12,18:00,France,Toulouse,Lille,Ligue 1,Stadium de Toulouse,43.58306,1.43417
2025-04-12,18:00,Portugal,Santa Clara,Sp Lisbon,Primeira Liga,Estádio de São Miguel,37.763694,-25.622611
2025-04-12,18:00,Greece,Volos NFC,Levadeiakos,Super League Greece,Panthessaliko Stadium,39.3875,22.93111
2025-04-12,18:30,Italy,Modena,Sassuolo,Serie B,Stadio Brianteo,45.58278,9.30806
2025-04-12,19:00,Italy,Grenoble,Paris FC,Ligue 2,Stadio Luigi Ferraris,44.41639,8.9525
2025-04-12,19:00,Netherlands,PSV Eindhoven,Almere City,Eredivisie,Philips Stadion,51.44167,5.4675
2025-04-12,19:45,Italy,Juventus,Lecce,Serie A,Juventus Stadium,45.10944,7.64111
2025-04-12,20:00,Spain,Leganes,Barcelona,La Liga,Municipal de Butarque,40.3404,-3.7607
2025-04-12,20:00,Netherlands,NAC Breda,Go Ahead Eagles,Eredivisie,Rat Verlegh Stadion,51.595,4.75028
2025-04-12,20:05,France,Strasbourg,Nice,Ligue 1,Stade de la Meinau,48.56,7.755
2025-04-12,20:30,Portugal,Casa Pia,Porto,Primeira Liga,Estádio Municipal de Rio Maior[A],39.34444,-8.93528
2025-04-13,11:15,Netherlands,Utrecht,Groningen,Eredivisie,Stadion Galgenwaard,52.07833,5.14583
2025-04-13,11:30,Italy,Atalanta,Bologna,Serie A,Gewiss Stadium,45.70889,9.68083
2025-04-13,12:30,France,Regensburg,Schalke 04,2. Bundesliga,Stade de la Meinau,48.56,7.755
2025-04-13,12:30,Belgium,Antwerp,Gent,Belgian Pro League,Bosuilstadion,51.2325,4.47222
2025-04-13,13:00,Spain,Osasuna,Girona,La Liga,El Sadar,42.79667,-1.63694
2025-04-13,13:30,Netherlands,Heracles,AZ Alkmaar,Eredivisie,Asito Stadion[3],52.33889,6.65056
2025-04-13,13:30,Netherlands,Zwolle,Twente,Eredivisie,MAC³PARK Stadion,52.51722,6.12083
2025-04-13,14:00,England,Chelsea,Ipswich,Premier League,Stamford Bridge,51.481666666667,-0.19111111111111
2025-04-13,14:00,England,Liverpool,West Ham,Premier League,Anfield,53.4308,-2.9608
2025-04-13,14:00,England,Wolves,Tottenham,Premier League,Molineux Stadium,52.59028,-2.13028
2025-04-13,14:00,Italy,Fiorentina,Parma,Serie A,Stadio Artemio Franchi,43.78083,11.28222
2025-04-13,14:00,Italy,Verona,Genoa,Serie A,Stadio Marcantonio Bentegodi,45.43528,10.96861
2025-04-13,14:00,England,Cesena,Frosinone,Serie B,Stamford Bridge,51.481666666667,-0.19111111111111
2025-04-13,14:00,France,Cremonese,Juve Stabia,Serie B,Roazhon Park,48.1075,-1.71278
2025-04-13,14:00,France,St Etienne,Brest,Ligue 1,Stade Geoffroy Guichard,45.46083,4.39028
2025-04-13,14:00,Turkey,Gaziantep,Hatayspor,Super Lig,Gaziantep Stadium,37.12389,37.3825
2025-04-13,14:00,Turkey,Kayserispor,Kasimpasa,Super Lig,RHG Enertürk Enerji Stadium,38.73722,35.42306
2025-04-13,14:30,Germany,Stuttgart,Werder Bremen,Bundesliga,MHPArena,48.79222,9.23194
2025-04-13,14:30,Greece,Asteras Tripolis,OFI Crete,Super League Greece,Theodoros Kolokotronis Stadium,37.5025,22.38861
2025-04-13,15:00,Belgium,Mechelen,Oud-Heverlee Leuven,Belgian Pro League,AFAS-stadion Achter de Kazerne,51.037184,4.486397
2025-04-13,15:15,Spain,Alaves,Real Madrid,La Liga,Mendizorrotza,42.8371111,-2.6880444
2025-04-13,15:15,Denmark,Santander,Castellon,Segunda Division,Cepheus Park Randers,56.46594,10.010262
2025-04-13,15:30,Portugal,Estrela,Farense,Primeira Liga,Estádio José Gomes,38.75194,-9.22806
2025-04-13,15:45,Netherlands,Willem II,Ajax,Eredivisie,Koning Willem II Stadion,51.54278,5.06694
2025-04-13,16:15,France,Angers,Montpellier,Ligue 1,Stade Raymond Kopa,47.460458,-0.530741
2025-04-13,16:15,France,Le Havre,Rennes,Ligue 1,Stade Océane,49.49889,0.16972
2025-04-13,16:30,England,Newcastle,Man United,Premier League,St James' Park,54.975555555556,-1.6216666666667
2025-04-13,16:30,Germany,Ein Frankfurt,Heidenheim,Bundesliga,Deutsche Bank Park,50.068056,8.645806
2025-04-13,17:00,Italy,Como,Torino,Serie A,Stadio Giuseppe Sinigaglia,45.81389,9.07222
2025-04-13,17:00,Turkey,Sivasspor,Fenerbahce,Super Lig,BG Grup 4 Eylül Stadium,39.72833,36.98389
2025-04-13,17:00,Turkey,Trabzonspor,Rizespor,Super Lig,Papara Park,40.99917,39.64583
2025-04-13,17:00,Greece,Panathinaikos,PAOK,Super League Greece,Athens Olympic Stadium,38.03606806,23.7876
2025-04-13,17:30,Spain,Betis,Villarreal,La Liga,Benito Villamarín,37.35639,-5.98139
2025-04-13,17:30,France,Eldense,Sp Gijon,Segunda Division,Stade Bollaert-Delelis,50.43278,2.815
2025-04-13,17:30,Denmark,Mirandes,La Coruna,Segunda Division,Cepheus Park Randers,56.46594,10.010262
2025-04-13,17:30,Belgium,Club Brugge,Genk,Belgian Pro League,Jan Breydel Stadium,51.19333,3.18056
2025-04-13,17:30,Greece,Aris,Atromitos,Super League Greece,Kleanthis Vikelidis Stadium,40.6,22.96944
2025-04-13,18:00,Portugal,Benfica,Arouca,Primeira Liga,Estádio da Luz,38.7527,-9.1847
2025-04-13,18:00,Portugal,Sp Braga,AVS,Primeira Liga,Estádio Municipal de Braga,41.5625,-8.43
2025-04-13,18:15,Belgium,Dender,Standard,Belgian Pro League,Van Roystadion,50.883683,4.071185
2025-04-13,19:00,Greece,Olympiakos,AEK,Super League Greece,Karaiskakis Stadium,37.94611,23.66444
2025-04-13,19:45,Italy,Lazio,Roma,Serie A,Stadio Olimpico,41.93389,12.45472
2025-04-13,19:45,France,Auxerre,Lyon,Ligue 1,Stade Abbé Deschamps,47.7867528,3.5886639
2025-04-13,20:00,Spain,Ath Bilbao,Vallecano,La Liga,San Mamés,43.2643,-2.9504
2025-04-13,20:00,Spain,Almeria,Cartagena,Segunda Division,Mestalla,39.47472,-0.35833
2025-04-13,20:30,Portugal,Moreirense,Rio Ave,Primeira Liga,Estádio Comendador Joaquim de Almeida Freitas,41.37806,-8.35472
2025-04-14,18:00,Turkey,Eyupspor,Ad. Demirspor,Super Lig,Recep Tayyip Erdoğan Stadium,41.03278,28.9725
2025-04-14,19:45,Italy,Napoli,Empoli,Serie A,Stadio Diego Armando Maradona,40.828,14.193
2025-04-14,19:45,Portugal,Bastia,Laval,Ligue 2,Estádio do Bessa,41.16222,-8.64278
2025-04-14,20:00,England,Bournemouth,Fulham,Premier League,Dean Court,50.73528,-1.83833
2025-04-14,20:00,Spain,Ath Madrid,Valladolid,La Liga,Santiago Bernabéu,40.45306,-3.68835
2025-04-15,21:00,Germany,Borussia Dortmund,Barcelona,Europa League,Signal Iduna Park,51.4925,7.45167
2025-04-15,21:00(20:00UTC+1),England,Aston Villa,Paris Saint-Germain,Europa League,Villa Park,52.509166666667,-1.8847222222222
2025-04-16,19:30,England,Newcastle,Crystal Palace,Premier League,St James' Park,54.975555555556,-1.6216666666667
2025-04-16,21:00,Spain,Real Madrid,Arsenal,Europa League,Santiago Bernabéu,40.45306,-3.68835
2025-04-16,21:00,Italy,Inter Milan,Bayern Munich,Europa League,San Siro,45.47806,9.12389
2025-04-17,21:00,Italy,Lazio,Bodø/Glimt,Europa League,Stadio Olimpico,41.93389,12.45472
2025-04-17,21:00,Germany,Eintracht Frankfurt,Tottenham Hotspur,Europa League,Deutsche Bank Park,50.068056,8.645806
2025-04-17,21:00,Spain,Athletic Bilbao,Rangers,Europa League,San Mamés,43.2643,-2.9504
2025-04-17,21:00(20:00UTC+1),England,Manchester United,Lyon,Europa League,Old Trafford,53.463055555556,-2.2913888888889
2025-04-18,15:00,England,Bristol City,Sunderland,Championship,King Power Stadium,52.620277777778,-1.1422222222222
2025-04-18,15:00,Croatia,Norwich,Portsmouth,Championship,ŠRC Velika Gorica,45.724,16.0732
2025-04-18,15:00,Portugal,Preston,QPR,Championship,Estádio do Dragão,41.1618,-8.5839
2025-04-18,15:00,England,Watford,Burnley,Championship,Brentford Community Stadium,51.49083,-0.28861
2025-04-18,15:30,Portugal,Farense,Boavista,Primeira Liga,Estádio de São Luís,37.022861,-7.928444
2025-04-18,15:30,Portugal,Rio Ave,Santa Clara,Primeira Liga,Estádio dos Arcos,41.36278,-8.74028
2025-04-18,17:30,England,Sheffield United,Cardiff,Championship,Old Trafford,53.463055555556,-2.2913888888889
2025-04-18,18:00,Portugal,Porto,Famalicao,Primeira Liga,Estádio do Dragão,41.1618,-8.5839
2025-04-18,18:00,Turkey,Galatasaray,Bodrumspor,Super Lig,Rams Park,41.10278,28.99056
2025-04-18,18:00,Turkey,Hatayspor,Konyaspor,Super Lig,Mersin Stadium[note 1],36.82056,34.53861
2025-04-18,19:00,Portugal,Amiens,Guingamp,Ligue 2,Estádio Comendador Joaquim de Almeida Freitas,41.37806,-8.35472
2025-04-18,19:00,Greece,Laval,Rodez,Ligue 2,Lamia Municipal Stadium,38.91,22.43111
2025-04-18,19:45,France,Rennes,Nantes,Ligue 1,Roazhon Park,48.1075,-1.71278
2025-04-18,20:00,Spain,Espanol,Getafe,La Liga,RCDE Stadium,41.34778,2.07556
2025-04-19,13:00,Spain,Vallecano,Valencia,La Liga,Vallecas,40.39194,-3.65889
2025-04-19,13:00,Greece,Paris FC,Bastia,Ligue 2,Kleanthis Vikelidis Stadium,40.6,22.96944
2025-04-19,14:00,Italy,Lecce,Como,Serie A,Stadio Via del mare,40.36528,18.20889
2025-04-19,14:00,Turkey,Ad. Demirspor,Trabzonspor,Super Lig,New Adana Stadium,37.06333,35.375
2025-04-19,14:30,Germany,Freiburg,Hoffenheim,Bundesliga,Europa-Park Stadion,48.0216,7.8297
2025-04-19,14:30,Germany,Heidenheim,Bayern Munich,Bundesliga,Voith-Arena,48.66861,10.13944
2025-04-19,14:30,Germany,Mainz,Wolfsburg,Bundesliga,Mewa Arena,49.98417,8.22417
2025-04-19,14:30,Germany,RB Leipzig,Holstein Kiel,Bundesliga,Red Bull Arena,51.34583,12.34833
2025-04-19,14:30,Germany,Werder Bremen,Bochum,Bundesliga,Weserstadion,53.06639,8.8375
2025-04-19,15:00,England,Brentford,Brighton,Premier League,Brentford Community Stadium,51.49083,-0.28861
2025-04-19,15:00,England,Crystal Palace,Bournemouth,Premier League,Selhurst Park,51.39833,-0.08556
2025-04-19,15:00,England,Everton,Man City,Premier League,Goodison Park,53.438888888889,-2.9663888888889
2025-04-19,15:00,England,West Ham,Southampton,Premier League,London Stadium,51.5386,-0.0164
2025-04-19,15:00,Belgium,Oud-Heverlee Leuven,Dender,Belgian Pro League,Den Dreef,50.86833,4.69417
2025-04-19,15:15,Spain,Barcelona,Celta,La Liga,Olímpic Lluís Companys,41.36472,2.15556
2025-04-19,15:30,Portugal,AVS,Casa Pia,Primeira Liga,Estádio do CD Aves,41.366932,-8.411789
2025-04-19,15:30,Portugal,Nacional,Gil Vicente,Primeira Liga,Estádio da Madeira,32.670625,-16.883525
2025-04-19,16:00,France,Paris SG,Le Havre,Ligue 1,Parc des Princes,48.84138888888889,2.2530555555555556
2025-04-19,17:00,Italy,Monza,Napoli,Serie A,Stadio Brianteo,45.58278,9.30806
2025-04-19,17:00,Turkey,Goztep,Besiktas,Super Lig,Gürsel Aksel Stadium,38.396821,27.07595
2025-04-19,17:15,Belgium,Charleroi,Mechelen,Belgian Pro League,Stade du Pays de Charleroi,50.414609,4.453787
2025-04-19,17:30,England,Aston Villa,Newcastle,Premier League,Villa Park,52.509166666667,-1.8847222222222
2025-04-19,17:30,Spain,Mallorca,Leganes,La Liga,Mallorca Son Moix,39.59,2.63
2025-04-19,17:30,Spain,Levante,Zaragoza,Segunda Division,Municipal de Butarque,40.3404,-3.7607
2025-04-19,17:30,Germany,Union Berlin,Stuttgart,Bundesliga,Stadion An der Alten Försterei,52.45722,13.56806
2025-04-19,18:00,France,Monaco,Strasbourg,Ligue 1,Stade Louis II,43.7275,7.41556
2025-04-19,18:00,Portugal,Arouca,Estrela,Primeira Liga,Estádio Municipal de Arouca,40.933,-8.2503
2025-04-19,18:00,Portugal,Estoril,Sp Braga,Primeira Liga,Estádio António Coimbra da Mota,38.71583,-9.40639
2025-04-19,19:00,Netherlands,Heerenveen,Almere City,Eredivisie,Abe Lenstra Stadion,52.95861,5.93611
2025-04-19,19:45,Italy,Roma,Verona,Serie A,Stadio Olimpico,41.93389,12.45472
2025-04-19,19:45,Belgium,Standard,Westerlo,Belgian Pro League,Stade Maurice Dufrasne,50.61,5.54333
2025-04-19,20:00,Spain,Las Palmas,Ath Madrid,La Liga,Gran Canaria,28.10028,-15.45667
2025-04-19,20:05,France,Marseille,Montpellier,Ligue 1,Orange Vélodrome,43.26972,5.39583
2025-04-19,20:30,Portugal,Guimaraes,Benfica,Primeira Liga,Estádio D. Afonso Henriques,41.44583,-8.30111
2025-04-20,11:15,Netherlands,Utrecht,Ajax,Eredivisie,Stadion Galgenwaard,52.07833,5.14583
2025-04-20,11:30,Turkey,Buyuksehyr,Gaziantep,Super Lig,Başakşehir Fatih Terim Stadium,41.12278,28.80861
2025-04-20,12:30,Germany,Magdeburg,Regensburg,2. Bundesliga,WWK Arena,48.32306,10.88611
2025-04-20,12:30,England,Ulm,Hertha,2. Bundesliga,Craven Cottage,51.475,-0.22166666666667
2025-04-20,12:30,Belgium,Anderlecht,Antwerp,Belgian Pro League,Lotto Park,50.83417,4.29833
2025-04-20,13:00,Spain,Valladolid,Osasuna,La Liga,José Zorrilla,41.64444,-4.76111
2025-04-20,13:00,England,Cartagena,Granada,Segunda Division,Emirates Stadium,51.55667,-0.10611
2025-04-20,14:00,England,Fulham,Chelsea,Premier League,Craven Cottage,51.475,-0.22166666666667
2025-04-20,14:00,England,Ipswich,Arsenal,Premier League,Portman Road,52.055,1.14528
2025-04-20,14:00,England,Man United,Wolves,Premier League,Old Trafford,53.463055555556,-2.2913888888889
2025-04-20,14:00,Italy,Empoli,Venezia,Serie A,Stadio Carlo Castellani - Computer Gross Arena,43.72639,10.955
2025-04-20,14:00,France,Lille,Auxerre,Ligue 1,Decathlon Arena Pierre Mauroy Stadium,50.6119,3.1304
2025-04-20,14:00,Turkey,Rizespor,Eyupspor,Super Lig,Rize City Stadium,41.04202,40.5733
2025-04-20,14:30,Germany,Augsburg,Ein Frankfurt,Bundesliga,WWK Arena,48.32306,10.88611
2025-04-20,15:00,Belgium,Genk,St. Gilloise,Belgian Pro League,Cegeka Arena,51.005,5.53333
2025-04-20,15:15,Spain,Villarreal,Sociedad,La Liga,La Cerámica,39.94417,-0.10361
2025-04-20,16:15,France,Brest,Lens,Ligue 1,Stade Francis-Le Blé,48.402932,-4.461694
2025-04-20,16:15,France,Nice,Angers,Ligue 1,Allianz Riviera,43.70528,7.1925
2025-04-20,16:15,France,Reims,Toulouse,Ligue 1,Stade Auguste Delaune,49.24667,4.025
2025-04-20,16:30,England,Leicester,Liverpool,Premier League,King Power Stadium,52.620277777778,-1.1422222222222
2025-04-20,16:30,Germany,Dortmund,M'gladbach,Bundesliga,Signal Iduna Park,51.4925,7.45167
2025-04-20,17:00,Italy,Bologna,Inter,Serie A,Stadio Renato Dall'Ara,44.49222,11.30972
2025-04-20,17:00,Turkey,Fenerbahce,Kayserispor,Super Lig,Ülker Stadium,40.98778,29.03694
2025-04-20,17:30,Spain,Sevilla,Alaves,La Liga,Ramón Sánchez-Pizjuán,37.384,-5.9705
2025-04-20,17:30,Belgium,Elche,Albacete,Segunda Division,AFAS-stadion Achter de Kazerne,51.037184,4.486397
2025-04-20,17:30,Belgium,Gent,Club Brugge,Belgian Pro League,Planet Group Arena,51.01611,3.73417
2025-04-20,18:30,Germany,St Pauli,Leverkusen,Bundesliga,Millerntor-Stadion,53.554583,9.967667
2025-04-20,19:45,Italy,Milan,Atalanta,Serie A,San Siro,45.47806,9.12389
2025-04-20,19:45,France,St Etienne,Lyon,Ligue 1,Stade Geoffroy Guichard,45.46083,4.39028
2025-04-20,20:00,Spain,Real Madrid,Ath Bilbao,La Liga,Santiago Bernabéu,40.45306,-3.68835
2025-04-21,15:00,France,Luton,Bristol City,Championship,Groupama Stadium,45.765224,4.982131
2025-04-21,15:00,Portugal,Portsmouth,Watford,Championship,Estádio do Dragão,41.1618,-8.5839
2025-04-21,15:00,Belgium,West Brom,Derby,Championship,Het Kuipje,51.094817,4.928806
2025-04-21,17:30,Denmark,Burnley,Sheffield United,Championship,Brøndby Stadium,55.64889,12.41861
2025-04-21,18:00,Turkey,Alanyaspor,Samsunspor,Super Lig,Alanya Oba Stadium,36.5626,32.0792
2025-04-21,19:45,Netherlands,Annecy,Lorient,Ligue 2,Goffertstadion,51.8225,5.83667
2025-04-21,20:00,England,Tottenham,Nott'm Forest,Premier League,Tottenham Hotspur Stadium,51.6044,-0.0664
2025-04-21,20:00,Spain,Girona,Betis,La Liga,Montilivi,41.96139,2.82861
2025-04-22,18:00,Spain,Valencia,Espanol,La Liga,Mestalla,39.47472,-0.35833
2025-04-22,19:30,Belgium,Dender,Charleroi,Belgian Pro League,Van Roystadion,50.883683,4.071185
2025-04-22,19:30,Belgium,Mechelen,Westerlo,Belgian Pro League,AFAS-stadion Achter de Kazerne,51.037184,4.486397
2025-04-22,19:30,Belgium,Standard,Oud-Heverlee Leuven,Belgian Pro League,Stade Maurice Dufrasne,50.61,5.54333
2025-04-22,19:45,France,Nantes,Paris SG,Ligue 1,Stade de la Beaujoire,47.256,-1.525
2025-04-22,20:00,England,Man City,Aston Villa,Premier League,City of Manchester Stadium,53.483055555556,-2.2002777777778
2025-04-22,20:30,Spain,Barcelona,Mallorca,La Liga,Olímpic Lluís Companys,41.36472,2.15556
2025-04-23,16:00,Greece,Lamia,Volos NFC,Super League Greece,Lamia Municipal Stadium,38.91,22.43111
2025-04-23,16:00,Greece,Panserraikos,Panetolikos,Super League Greece,Serres Municipal Stadium,41.0847,23.5466
2025-04-23,17:30,Italy,Cagliari,Fiorentina,Serie A,Unipol Domus,39.2,9.1375
2025-04-23,17:30,Italy,Genoa,Lazio,Serie A,Stadio Luigi Ferraris,44.41639,8.9525
2025-04-23,17:30,Italy,Parma,Juventus,Serie A,Stadio Ennio Tardini,44.795,10.33833
2025-04-23,17:30,Italy,Torino,Udinese,Serie A,Stadio Olimpico Grande Torino,45.04167,7.65
2025-04-23,18:00,Spain,Ath Bilbao,Las Palmas,La Liga,San Mamés,43.2643,-2.9504
2025-04-23,18:00,Spain,Celta,Villarreal,La Liga,Balaídos,42.2118,-8.7397
2025-04-23,18:30,Greece,Athens Kallithea,Levadeiakos,Super League Greece,Leoforos Alexandras Stadium,37.98722,23.75417
2025-04-23,19:00,Netherlands,Groningen,Heracles,Eredivisie,Euroborg,53.20611,6.59139
2025-04-23,19:30,Belgium,Anderlecht,Gent,Belgian Pro League,Lotto Park,50.83417,4.29833
2025-04-23,19:30,Belgium,Antwerp,Genk,Belgian Pro League,Bosuilstadion,51.2325,4.47222
2025-04-23,20:00,England,Arsenal,Crystal Palace,Premier League,Emirates Stadium,51.55667,-0.10611
2025-04-23,20:30,Spain,Alaves,Sociedad,La Liga,Mendizorrotza,42.8371111,-2.6880444
2025-04-23,20:30,Spain,Getafe,Real Madrid,La Liga,Coliseum,40.32556,-3.71472
2025-04-24,18:00,Spain,Leganes,Girona,La Liga,Municipal de Butarque,40.3404,-3.7607
2025-04-24,18:00,Spain,Osasuna,Sevilla,La Liga,El Sadar,42.79667,-1.63694
2025-04-24,19:30,Belgium,Club Brugge,St. Gilloise,Belgian Pro League,Jan Breydel Stadium,51.19333,3.18056
2025-04-24,20:00,Netherlands,Twente,PSV Eindhoven,Eredivisie,De Grolsch Veste,52.23667,6.8375
2025-04-24,20:30,Spain,Ath Madrid,Vallecano,La Liga,Santiago Bernabéu,40.45306,-3.68835
2025-04-24,20:30,Spain,Betis,Valladolid,La Liga,Benito Villamarín,37.35639,-5.98139
2025-04-25,14:00,Greece,Bari,Modena,Serie B,Kleanthis Vikelidis Stadium,40.6,22.96944
2025-04-25,14:00,France,Brescia,Pisa,Serie B,Stade Francis-Le Blé,48.402932,-4.461694
2025-04-25,14:00,Portugal,Carrarese,Sampdoria,Serie B,Estádio de São Luís,37.022861,-7.928444
2025-04-25,14:00,Spain,Salernitana,Cosenza,Serie B,Mestalla,39.47472,-0.35833
2025-04-25,17:00,France,Cremonese,Mantova,Serie B,Roazhon Park,48.1075,-1.71278
2025-04-25,17:45,Netherlands,Waalwijk,Utrecht,Eredivisie,Mandemakers Stadion,51.68694,5.08861
2025-04-25,18:00,Turkey,Besiktas,Hatayspor,Super Lig,Tüpraş Stadium,41.03917,28.99472
2025-04-25,19:00,Netherlands,Annecy,Ajaccio,Ligue 2,Goffertstadion,51.8225,5.83667
2025-04-25,19:00,Portugal,Bastia,Grenoble,Ligue 2,Estádio do Bessa,41.16222,-8.64278
2025-04-25,19:00,Greece,Laval,Amiens,Ligue 2,Lamia Municipal Stadium,38.91,22.43111
2025-04-25,19:00,France,Red Star,Clermont,Ligue 2,Stade Francis-Le Blé,48.402932,-4.461694
2025-04-25,19:30,Germany,Stuttgart,Heidenheim,Bundesliga,MHPArena,48.79222,9.23194
2025-04-25,19:30,England,Cesena,Sassuolo,Serie B,Stamford Bridge,51.481666666667,-0.19111111111111
2025-04-25,19:45,France,Paris SG,Nice,Ligue 1,Parc des Princes,48.84138888888889,2.2530555555555556
2025-04-25,20:00,Netherlands,Feyenoord,Zwolle,Eredivisie,De Kuip,51.89389,4.52306
2025-04-25,20:00,Belgium,Beerschot VA,Kortrijk,Belgian Pro League,Olympisch Stadion,51.185,4.38222
2025-04-25,20:30,Portugal,Famalicao,Sp Braga,Primeira Liga,Estádio Municipal de Famalicão,41.40139,-8.5225
2025-04-26,12:00,France,Regensburg,Braunschweig,2. Bundesliga,Stade de la Meinau,48.56,7.755
2025-04-26,12:30,England,Chelsea,Everton,Premier League,Stamford Bridge,51.481666666667,-0.19111111111111
2025-04-26,12:30,France,Luton,Coventry,Championship,Groupama Stadium,45.765224,4.982131
2025-04-26,14:00,Turkey,Sivasspor,Antalyaspor,Super Lig,BG Grup 4 Eylül Stadium,39.72833,36.98389
2025-04-26,14:30,Germany,Bayern Munich,Mainz,Bundesliga,Allianz Arena,48.218775,11.624752777778
2025-04-26,14:30,Germany,Hoffenheim,Dortmund,Bundesliga,PreZero Arena,49.23806,8.8875
2025-04-26,14:30,Germany,Holstein Kiel,M'gladbach,Bundesliga,Holstein-Stadion,54.34917,10.12361
2025-04-26,14:30,Germany,Leverkusen,Augsburg,Bundesliga,BayArena,51.03833,7.00222
2025-04-26,14:30,Germany,Wolfsburg,Freiburg,Bundesliga,Volkswagen Arena,52.43278,10.80389
2025-04-26,15:00,England,Brighton,West Ham,Premier League,Falmer Stadium,50.861822222222,-0.083277777777778
2025-04-26,15:00,England,Newcastle,Ipswich,Premier League,St James' Park,54.975555555556,-1.6216666666667
2025-04-26,15:00,England,Southampton,Fulham,Premier League,St Mary's Stadium,50.90583,-1.39111
2025-04-26,15:00,England,Wolves,Leicester,Premier League,Molineux Stadium,52.59028,-2.13028
2025-04-26,15:00,Portugal,Preston,Plymouth,Championship,Estádio do Dragão,41.1618,-8.5839
2025-04-26,15:00,Belgium,Oud-Heverlee Leuven,Standard,Belgian Pro League,Den Dreef,50.86833,4.69417
2025-04-26,15:15,France,Eldense,Cordoba,Segunda Division,Stade Bollaert-Delelis,50.43278,2.815
2025-04-26,15:30,Portugal,Santa Clara,Arouca,Primeira Liga,Estádio de São Miguel,37.763694,-25.622611
2025-04-26,16:00,France,Strasbourg,St Etienne,Ligue 1,Stade de la Meinau,48.56,7.755
2025-04-26,17:00,Turkey,Gaziantep,Fenerbahce,Super Lig,Gaziantep Stadium,37.12389,37.3825
2025-04-26,17:15,Belgium,Westerlo,Mechelen,Belgian Pro League,Het Kuipje,51.094817,4.928806
2025-04-26,17:30,Spain,Granada,Elche,Segunda Division,Montilivi,41.96139,2.82861
2025-04-26,17:30,Denmark,Mirandes,Burgos,Segunda Division,Cepheus Park Randers,56.46594,10.010262
2025-04-26,17:30,Germany,Ein Frankfurt,RB Leipzig,Bundesliga,Deutsche Bank Park,50.068056,8.645806
2025-04-26,18:00,France,Le Havre,Monaco,Ligue 1,Stade Océane,49.49889,0.16972
2025-04-26,18:00,Portugal,Gil Vicente,Farense,Primeira Liga,Estádio Cidade de Barcelos,41.551,-8.623
2025-04-26,18:00,Greece,Atromitos,Aris,Super League Greece,Peristeri Stadium,38.00472,23.68972
2025-04-26,19:00,Italy,Lorient,Caen,Ligue 2,Stadio Olimpico Grande Torino,45.04167,7.65
2025-04-26,19:30,Netherlands,Fortuna Dusseldorf,Nurnberg,2. Bundesliga,Fortuna Sittard Stadion,50.992069,5.843675
2025-04-26,19:45,Belgium,Cercle Brugge,St Truiden,Belgian Pro League,Jan Breydel Stadium,51.19333,3.18056
2025-04-26,19:45,Belgium,Charleroi,Dender,Belgian Pro League,Stade du Pays de Charleroi,50.414609,4.453787
2025-04-26,20:05,France,Lyon,Rennes,Ligue 1,Groupama Stadium,45.765224,4.982131
2025-04-26,20:30,Portugal,Estrela,Porto,Primeira Liga,Estádio José Gomes,38.75194,-9.22806
2025-04-27,11:15,Netherlands,For Sittard,Willem II,Eredivisie,Fortuna Sittard Stadion,50.992069,5.843675
2025-04-27,11:30,Italy,Como,Genoa,Serie A,Stadio Giuseppe Sinigaglia,45.81389,9.07222
2025-04-27,11:30,Italy,Venezia,Milan,Serie A,Stadio Pier Luigi Penzo,45.4277611,12.3637306
2025-04-27,12:30,Belgium,Gent,Anderlecht,Belgian Pro League,Planet Group Arena,51.01611,3.73417
2025-04-27,13:30,Netherlands,Ajax,Sparta Rotterdam,Eredivisie,Johan Cruyff Arena,52.31417,4.94194
2025-04-27,13:30,Netherlands,Heerenveen,Nijmegen,Eredivisie,Abe Lenstra Stadion,52.95861,5.93611
2025-04-27,14:00,England,Bournemouth,Man United,Premier League,Dean Court,50.73528,-1.83833
2025-04-27,14:00,Italy,Fiorentina,Empoli,Serie A,Stadio Artemio Franchi,43.78083,11.28222
2025-04-27,14:00,Austria,Sudtirol,Juve Stabia,Serie B,Tivoli Stadion Tirol,47.25583,11.41083
2025-04-27,14:00,France,Angers,Lille,Ligue 1,Stade Raymond Kopa,47.460458,-0.530741
2025-04-27,14:00,Turkey,Konyaspor,Ad. Demirspor,Super Lig,Konya Metropolitan Municipality Stadium,37.946,32.488
2025-04-27,14:00,Turkey,Trabzonspor,Alanyaspor,Super Lig,Papara Park,40.99917,39.64583
2025-04-27,14:30,Germany,Bochum,Union Berlin,Bundesliga,Vonovia Ruhrstadion,51.49,7.23667
2025-04-27,15:00,Belgium,Genk,Antwerp,Belgian Pro League,Cegeka Arena,51.005,5.53333
2025-04-27,15:15,Spain,Villarreal,Espanol,La Liga,La Cerámica,39.94417,-0.10361
2025-04-27,15:15,Denmark,Santander,La Coruna,Segunda Division,Cepheus Park Randers,56.46594,10.010262
2025-04-27,15:30,Portugal,Moreirense,Nacional,Primeira Liga,Estádio Comendador Joaquim de Almeida Freitas,41.37806,-8.35472
2025-04-27,15:45,Netherlands,Almere City,Go Ahead Eagles,Eredivisie,Yanmar Stadion,52.3944,5.2405
2025-04-27,16:15,France,Lens,Auxerre,Ligue 1,Stade Bollaert-Delelis,50.43278,2.815
2025-04-27,16:15,France,Montpellier,Reims,Ligue 1,Stade de la Mosson,43.62222,3.81194
2025-04-27,16:15,France,Nantes,Toulouse,Ligue 1,Stade de la Beaujoire,47.256,-1.525
2025-04-27,16:30,England,Liverpool,Tottenham,Premier League,Anfield,53.4308,-2.9608
2025-04-27,16:30,Germany,Werder Bremen,St Pauli,Bundesliga,Weserstadion,53.06639,8.8375
2025-04-27,17:00,Italy,Juventus,Monza,Serie A,Juventus Stadium,45.10944,7.64111
2025-04-27,17:00,Turkey,Eyupspor,Galatasaray,Super Lig,Recep Tayyip Erdoğan Stadium,41.03278,28.9725
2025-04-27,17:00,Turkey,Kayserispor,Rizespor,Super Lig,RHG Enertürk Enerji Stadium,38.73722,35.42306
2025-04-27,18:00,Portugal,Benfica,AVS,Primeira Liga,Estádio da Luz,38.7527,-9.1847
2025-04-27,18:00,Portugal,Guimaraes,Rio Ave,Primeira Liga,Estádio D. Afonso Henriques,41.44583,-8.30111
2025-04-27,18:00,Greece,PAOK,Panathinaikos,Super League Greece,Toumba Stadium,40.61389,22.9725
2025-04-27,19:45,Italy,Atalanta,Lecce,Serie A,Gewiss Stadium,45.70889,9.68083
2025-04-27,19:45,Italy,Napoli,Torino,Serie A,Stadio Diego Armando Maradona,40.828,14.193
2025-04-27,19:45,France,Marseille,Brest,Ligue 1,Orange Vélodrome,43.26972,5.39583
2025-04-27,20:00,Portugal,Zaragoza,Huesca,Segunda Division,Estádio Municipal de Braga,41.5625,-8.43
2025-04-27,20:30,Portugal,Boavista,Sp Lisbon,Primeira Liga,Estádio do Bessa,41.16222,-8.64278
2025-04-28,16:00,Greece,Levadeiakos,Lamia,Super League Greece,Levadia Municipal Stadium,38.4358972,22.8828444
2025-04-28,16:00,Greece,Panetolikos,Athens Kallithea,Super League Greece,Panetolikos Stadium,38.63,21.41167
2025-04-28,17:30,Italy,Udinese,Bologna,Serie A,Stadio Friuli,46.0816,13.2001
2025-04-28,18:00,Turkey,Goztep,Buyuksehyr,Super Lig,Gürsel Aksel Stadium,38.396821,27.07595
2025-04-28,18:00,Greece,Volos NFC,Panserraikos,Super League Greece,Panthessaliko Stadium,39.3875,22.93111
2025-04-28,19:45,Italy,Lazio,Parma,Serie A,Stadio Olimpico,41.93389,12.45472
2025-04-28,19:45,Italy,Verona,Cagliari,Serie A,Stadio Marcantonio Bentegodi,45.43528,10.96861
2025-04-29,19:30,Spain,Almeria,Ferrol,Segunda Division,Mestalla,39.47472,-0.35833
2025-04-29,20:30,Portugal,Casa Pia,Estoril,Primeira Liga,Estádio Municipal de Rio Maior[A],39.34444,-8.93528
2025-04-29,21:00(20:00UTC+1),England,Arsenal,Paris Saint-Germain,Europa League,Emirates Stadium,51.55667,-0.10611
2025-04-30,21:00,Spain,Barcelona,Inter Milan,Europa League,Olímpic Lluís Companys,41.36472,2.15556
2025-05-01,12:30,Belgium,Antwerp,Anderlecht,Belgian Pro League,Bosuilstadion,51.2325,4.47222
2025-05-01,14:00,Italy,Cosenza,Bari,Serie B,Stadio Brianteo,45.58278,9.30806
2025-05-01,14:00,Italy,Modena,Reggiana,Serie B,Stadio Brianteo,45.58278,9.30806
2025-05-01,14:00,Italy,Palermo,Sudtirol,Serie B,Stadio Ennio Tardini,44.795,10.33833
2025-05-01,14:00,Turkey,Sampdoria,Cremonese,Serie B,Samsun 19 Mayıs Stadium,41.22778,36.4575
2025-05-01,14:00,Italy,Spezia,Salernitana,Serie B,Stadio Pier Luigi Penzo,45.4277611,12.3637306
2025-05-01,15:00,Belgium,Club Brugge,Gent,Belgian Pro League,Jan Breydel Stadium,51.19333,3.18056
2025-05-01,19:30,England,Nott'm Forest,Brentford,Premier League,City Ground,52.94,-1.13278
2025-05-01,21:00,Spain,Athletic Bilbao,Manchester United,Europa League,San Mamés,43.2643,-2.9504
2025-05-01,21:00(20:00UTC+1),England,Tottenham Hotspur,Bodø/Glimt,Europa League,Tottenham Hotspur Stadium,51.6044,-0.0664
2025-05-02,17:30,Germany,Magdeburg,PreuÃen MÃ¼nster,2. Bundesliga,WWK Arena,48.32306,10.88611
2025-05-02,18:00,Turkey,Antalyaspor,Konyaspor,Super Lig,Corendon Airlines Park,36.888278,30.668444
2025-05-02,19:00,Portugal,Amiens,Pau FC,Ligue 2,Estádio Comendador Joaquim de Almeida Freitas,41.37806,-8.35472
2025-05-02,19:00,Italy,Grenoble,Troyes,Ligue 2,Stadio Luigi Ferraris,44.41639,8.9525
2025-05-02,19:00,Greece,Martigues,Paris FC,Ligue 2,Kleanthis Vikelidis Stadium,40.6,22.96944
2025-05-02,19:30,Germany,Heidenheim,Bochum,Bundesliga,Voith-Arena,48.66861,10.13944
2025-05-02,19:45,Italy,Torino,Venezia,Serie A,Stadio Olimpico Grande Torino,45.04167,7.65
2025-05-02,19:45,France,Nice,Reims,Ligue 1,Allianz Riviera,43.70528,7.1925
2025-05-02,19:45,Belgium,Westerlo,Dender,Belgian Pro League,Het Kuipje,51.094817,4.928806
2025-05-02,20:00,England,Man City,Wolves,Premier League,City of Manchester Stadium,53.483055555556,-2.2002777777778
2025-05-02,20:00,Spain,Vallecano,Getafe,La Liga,Vallecas,40.39194,-3.65889
2025-05-02,20:15,Portugal,Porto,Moreirense,Primeira Liga,Estádio do Dragão,41.1618,-8.5839
2025-05-03,12:00,England,Ulm,Hannover,2. Bundesliga,Craven Cottage,51.475,-0.22166666666667
2025-05-03,12:30,England,Aston Villa,Fulham,Premier League,Villa Park,52.509166666667,-1.8847222222222
2025-05-03,12:30,England,Bristol City,Preston,Championship,King Power Stadium,52.620277777778,-1.1422222222222
2025-05-03,12:30,Denmark,Burnley,Millwall,Championship,Brøndby Stadium,55.64889,12.41861
2025-05-03,12:30,Croatia,Norwich,Cardiff,Championship,ŠRC Velika Gorica,45.724,16.0732
2025-05-03,12:30,Portugal,Portsmouth,Hull,Championship,Estádio do Dragão,41.1618,-8.5839
2025-05-03,12:30,England,Sheffield United,Blackburn,Championship,Old Trafford,53.463055555556,-2.2913888888889
2025-05-03,12:30,England,Watford,Sheffield Weds,Championship,Brentford Community Stadium,51.49083,-0.28861
2025-05-03,12:30,Belgium,West Brom,Luton,Championship,Het Kuipje,51.094817,4.928806
2025-05-03,13:00,Spain,Alaves,Ath Madrid,La Liga,Mendizorrotza,42.8371111,-2.6880444
2025-05-03,14:00,Italy,Cagliari,Udinese,Serie A,Unipol Domus,39.2,9.1375
2025-05-03,14:00,Italy,Parma,Como,Serie A,Stadio Ennio Tardini,44.795,10.33833
2025-05-03,14:00,Turkey,Alanyaspor,Kayserispor,Super Lig,Alanya Oba Stadium,36.5626,32.0792
2025-05-03,14:00,Turkey,Rizespor,Gaziantep,Super Lig,Rize City Stadium,41.04202,40.5733
2025-05-03,14:30,Germany,RB Leipzig,Bayern Munich,Bundesliga,Red Bull Arena,51.34583,12.34833
2025-05-03,14:30,Germany,St Pauli,Stuttgart,Bundesliga,Millerntor-Stadion,53.554583,9.967667
2025-05-03,14:30,Germany,Union Berlin,Werder Bremen,Bundesliga,Stadion An der Alten Försterei,52.45722,13.56806
2025-05-03,15:00,England,Everton,Ipswich,Premier League,Goodison Park,53.438888888889,-2.9663888888889
2025-05-03,15:00,England,Leicester,Southampton,Premier League,King Power Stadium,52.620277777778,-1.1422222222222
2025-05-03,15:00,Belgium,Cercle Brugge,Kortrijk,Belgian Pro League,Jan Breydel Stadium,51.19333,3.18056
2025-05-03,15:15,Spain,Villarreal,Osasuna,La Liga,La Cerámica,39.94417,-0.10361
2025-05-03,15:30,Portugal,Farense,Famalicao,Primeira Liga,Estádio de São Luís,37.022861,-7.928444
2025-05-03,15:30,Portugal,Nacional,Guimaraes,Primeira Liga,Estádio da Madeira,32.670625,-16.883525
2025-05-03,16:00,France,Strasbourg,Paris SG,Ligue 1,Stade de la Meinau,48.56,7.755
2025-05-03,17:00,Italy,Lecce,Napoli,Serie A,Stadio Via del mare,40.36528,18.20889
2025-05-03,17:00,Turkey,Galatasaray,Sivasspor,Super Lig,Rams Park,41.10278,28.99056
2025-05-03,17:00,Turkey,Hatayspor,Buyuksehyr,Super Lig,Mersin Stadium[note 1],36.82056,34.53861
2025-05-03,17:15,Belgium,Oud-Heverlee Leuven,Mechelen,Belgian Pro League,Den Dreef,50.86833,4.69417
2025-05-03,17:30,England,Arsenal,Bournemouth,Premier League,Emirates Stadium,51.55667,-0.10611
2025-05-03,17:30,Spain,Las Palmas,Valencia,La Liga,Gran Canaria,28.10028,-15.45667
2025-05-03,17:30,Germany,Dortmund,Wolfsburg,Bundesliga,Signal Iduna Park,51.4925,7.45167
2025-05-03,17:45,Netherlands,Heracles,Feyenoord,Eredivisie,Asito Stadion[3],52.33889,6.65056
2025-05-03,18:00,France,Toulouse,Rennes,Ligue 1,Stadium de Toulouse,43.58306,1.43417
2025-05-03,18:00,Portugal,Sp Braga,Santa Clara,Primeira Liga,Estádio Municipal de Braga,41.5625,-8.43
2025-05-03,18:00,Greece,Asteras Tripolis,Atromitos,Super League Greece,Theodoros Kolokotronis Stadium,37.5025,22.38861
2025-05-03,19:00,Netherlands,Groningen,Waalwijk,Eredivisie,Euroborg,53.20611,6.59139
2025-05-03,20:00,Spain,Valladolid,Barcelona,La Liga,José Zorrilla,41.64444,-4.76111
2025-05-03,20:00,Netherlands,PSV Eindhoven,For Sittard,Eredivisie,Philips Stadion,51.44167,5.4675
2025-05-03,20:05,France,St Etienne,Monaco,Ligue 1,Stade Geoffroy Guichard,45.46083,4.39028
2025-05-03,20:30,Portugal,Estoril,Benfica,Primeira Liga,Estádio António Coimbra da Mota,38.71583,-9.40639
2025-05-04,11:15,Netherlands,NAC Breda,Zwolle,Eredivisie,Rat Verlegh Stadion,51.595,4.75028
2025-05-04,11:30,Italy,Empoli,Lazio,Serie A,Stadio Carlo Castellani - Computer Gross Arena,43.72639,10.955
2025-05-04,12:30,Belgium,Standard,Charleroi,Belgian Pro League,Stade Maurice Dufrasne,50.61,5.54333
2025-05-04,13:00,Spain,Real Madrid,Celta,La Liga,Santiago Bernabéu,40.45306,-3.68835
2025-05-04,13:00,Spain,Levante,Tenerife,Segunda Division,Municipal de Butarque,40.3404,-3.7607
2025-05-04,13:30,Netherlands,Go Ahead Eagles,AZ Alkmaar,Eredivisie,De Adelaarshorst,52.260416,6.172578
2025-05-04,13:30,Netherlands,Sparta Rotterdam,Twente,Eredivisie,Spartastadion Het Kasteel,51.919485,4.433619
2025-05-04,14:00,England,Brentford,Man United,Premier League,Brentford Community Stadium,51.49083,-0.28861
2025-05-04,14:00,England,Brighton,Newcastle,Premier League,Falmer Stadium,50.861822222222,-0.083277777777778
2025-05-04,14:00,England,West Ham,Tottenham,Premier League,London Stadium,51.5386,-0.0164
2025-05-04,14:00,Italy,Monza,Atalanta,Serie A,Stadio Brianteo,45.58278,9.30806
2025-05-04,14:00,Greece,Bari,Pisa,Serie B,Kleanthis Vikelidis Stadium,40.6,22.96944
2025-05-04,14:00,France,Brescia,Juve Stabia,Serie B,Stade Francis-Le Blé,48.402932,-4.461694
2025-05-04,14:00,Portugal,Carrarese,Modena,Serie B,Estádio de São Luís,37.022861,-7.928444
2025-05-04,14:00,England,Cesena,Palermo,Serie B,Stamford Bridge,51.481666666667,-0.19111111111111
2025-05-04,14:00,Spain,Salernitana,Mantova,Serie B,Mestalla,39.47472,-0.35833
2025-05-04,14:00,Austria,Sudtirol,Cosenza,Serie B,Tivoli Stadion Tirol,47.25583,11.41083
2025-05-04,14:00,France,Nantes,Angers,Ligue 1,Stade de la Beaujoire,47.256,-1.525
2025-05-04,14:00,Turkey,Samsunspor,Eyupspor,Super Lig,Samsun 19 Mayıs Stadium,41.22778,36.4575
2025-05-04,14:30,Germany,Augsburg,Holstein Kiel,Bundesliga,WWK Arena,48.32306,10.88611
2025-05-04,15:00,Belgium,St Truiden,Beerschot VA,Belgian Pro League,Stayen,50.813474,5.166256
2025-05-04,15:15,Spain,Sevilla,Leganes,La Liga,Ramón Sánchez-Pizjuán,37.384,-5.9705
2025-05-04,16:15,France,Auxerre,Le Havre,Ligue 1,Stade Abbé Deschamps,47.7867528,3.5886639
2025-05-04,16:15,France,Brest,Montpellier,Ligue 1,Stade Francis-Le Blé,48.402932,-4.461694
2025-05-04,16:15,France,Lyon,Lens,Ligue 1,Groupama Stadium,45.765224,4.982131
2025-05-04,16:30,England,Chelsea,Liverpool,Premier League,Stamford Bridge,51.481666666667,-0.19111111111111
2025-05-04,16:30,Germany,Freiburg,Leverkusen,Bundesliga,Europa-Park Stadion,48.0216,7.8297
2025-05-04,17:00,Italy,Roma,Fiorentina,Serie A,Stadio Olimpico,41.93389,12.45472
2025-05-04,17:00,Turkey,Ad. Demirspor,Goztep,Super Lig,New Adana Stadium,37.06333,35.375
2025-05-04,17:00,Turkey,Fenerbahce,Besiktas,Super Lig,Ülker Stadium,40.98778,29.03694
2025-05-04,17:30,Spain,Espanol,Betis,La Liga,RCDE Stadium,41.34778,2.07556
2025-05-04,17:30,Spain,Almeria,Eldense,Segunda Division,Mestalla,39.47472,-0.35833
2025-05-04,17:30,England,Cartagena,Santander,Segunda Division,Emirates Stadium,51.55667,-0.10611
2025-05-04,18:00,Portugal,Arouca,Casa Pia,Primeira Liga,Estádio Municipal de Arouca,40.933,-8.2503
2025-05-04,18:00,Greece,Olympiakos,PAOK,Super League Greece,Karaiskakis Stadium,37.94611,23.66444
2025-05-04,18:30,Germany,Mainz,Ein Frankfurt,Bundesliga,Mewa Arena,49.98417,8.22417
2025-05-04,18:30,France,Cremonese,Sassuolo,Serie B,Roazhon Park,48.1075,-1.71278
2025-05-04,19:45,Italy,Bologna,Juventus,Serie A,Stadio Renato Dall'Ara,44.49222,11.30972
2025-05-04,19:45,France,Lille,Marseille,Ligue 1,Decathlon Arena Pierre Mauroy Stadium,50.6119,3.1304
2025-05-04,20:00,Spain,Sociedad,Ath Bilbao,La Liga,Anoeta,43.30139,-1.97361
2025-05-05,16:00,Greece,Athens Kallithea,Panetolikos,Super League Greece,Leoforos Alexandras Stadium,37.98722,23.75417
2025-05-05,16:00,Greece,Panserraikos,Volos NFC,Super League Greece,Serres Municipal Stadium,41.0847,23.5466
2025-05-05,18:00,Greece,Lamia,Levadeiakos,Super League Greece,Lamia Municipal Stadium,38.91,22.43111
2025-05-05,19:30,Portugal,Rio Ave,Estrela,Primeira Liga,Estádio dos Arcos,41.36278,-8.74028
2025-05-05,19:45,Italy,Genoa,Milan,Serie A,Stadio Luigi Ferraris,44.41639,8.9525
2025-05-05,20:00,England,Crystal Palace,Nott'm Forest,Premier League,Selhurst Park,51.39833,-0.08556
2025-05-05,20:00,Spain,Girona,Mallorca,La Liga,Montilivi,41.96139,2.82861
2025-05-05,20:15,Portugal,AVS,Boavista,Primeira Liga,Estádio do CD Aves,41.366932,-8.411789
2025-05-06,21:00,Italy,Inter Milan,Barcelona,Europa League,San Siro,45.47806,9.12389
2025-05-07,21:00,France,Paris Saint-Germain,Arsenal,Europa League,Parc des Princes,48.84138888888889,2.2530555555555556
2025-05-08,21:00(20:00UTC+1),England,Manchester United,Athletic Bilbao,Europa League,Old Trafford,53.463055555556,-2.2913888888889
2025-05-09,18:00,Turkey,Buyuksehyr,Fenerbahce,Super Lig,Başakşehir Fatih Terim Stadium,41.12278,28.80861
2025-05-09,18:00,Turkey,Gaziantep,Alanyaspor,Super Lig,Gaziantep Stadium,37.12389,37.3825
2025-05-09,19:00,Netherlands,Willem II,Heracles,Eredivisie,Koning Willem II Stadion,51.54278,5.06694
2025-05-09,19:30,Germany,Wolfsburg,Hoffenheim,Bundesliga,Volkswagen Arena,52.43278,10.80389
2025-05-09,19:30,Italy,Cosenza,Cesena,Serie B,Stadio Brianteo,45.58278,9.30806
2025-05-09,19:30,Italy,Modena,Brescia,Serie B,Stadio Brianteo,45.58278,9.30806
2025-05-09,19:30,Italy,Palermo,Frosinone,Serie B,Stadio Ennio Tardini,44.795,10.33833
2025-05-09,19:30,Turkey,Sampdoria,Salernitana,Serie B,Samsun 19 Mayıs Stadium,41.22778,36.4575
2025-05-09,19:30,Italy,Spezia,Cremonese,Serie B,Stadio Pier Luigi Penzo,45.4277611,12.3637306
2025-05-09,19:45,Italy,Milan,Bologna,Serie A,San Siro,45.47806,9.12389
2025-05-09,19:45,Belgium,Charleroi,Westerlo,Belgian Pro League,Stade du Pays de Charleroi,50.414609,4.453787
2025-05-09,20:00,Spain,Las Palmas,Vallecano,La Liga,Gran Canaria,28.10028,-15.45667
2025-05-10,12:00,Netherlands,Fortuna Dusseldorf,Schalke 04,2. Bundesliga,Fortuna Sittard Stadion,50.992069,5.843675
2025-05-10,13:00,Spain,Valencia,Getafe,La Liga,Mestalla,39.47472,-0.35833
2025-05-10,14:00,Italy,Como,Cagliari,Serie A,Stadio Giuseppe Sinigaglia,45.81389,9.07222
2025-05-10,14:00,Turkey,Eyupspor,Kasimpasa,Super Lig,Recep Tayyip Erdoğan Stadium,41.03278,28.9725
2025-05-10,14:00,Turkey,Konyaspor,Rizespor,Super Lig,Konya Metropolitan Municipality Stadium,37.946,32.488
2025-05-10,14:30,Germany,Bochum,Mainz,Bundesliga,Vonovia Ruhrstadion,51.49,7.23667
2025-05-10,14:30,Germany,Holstein Kiel,Freiburg,Bundesliga,Holstein-Stadion,54.34917,10.12361
2025-05-10,14:30,Germany,Union Berlin,Heidenheim,Bundesliga,Stadion An der Alten Försterei,52.45722,13.56806
2025-05-10,14:30,Germany,Werder Bremen,RB Leipzig,Bundesliga,Weserstadion,53.06639,8.8375
2025-05-10,15:00,England,Fulham,Everton,Premier League,Craven Cottage,51.475,-0.22166666666667
2025-05-10,15:00,England,Ipswich,Brentford,Premier League,Portman Road,52.055,1.14528
2025-05-10,15:00,England,Southampton,Man City,Premier League,St Mary's Stadium,50.90583,-1.39111
2025-05-10,15:00,England,Wolves,Brighton,Premier League,Molineux Stadium,52.59028,-2.13028
2025-05-10,15:00,Belgium,Beerschot VA,Cercle Brugge,Belgian Pro League,Olympisch Stadion,51.185,4.38222
2025-05-10,15:00,Belgium,Kortrijk,St Truiden,Belgian Pro League,Guldensporen Stadion,50.830432,3.248906
2025-05-10,15:00,Greece,Lamia,Panserraikos,Super League Greece,Lamia Municipal Stadium,38.91,22.43111
2025-05-10,15:00,Greece,Levadeiakos,Athens Kallithea,Super League Greece,Levadia Municipal Stadium,38.4358972,22.8828444
2025-05-10,15:15,Spain,Celta,Sevilla,La Liga,Balaídos,42.2118,-8.7397
2025-05-10,15:15,Denmark,Mirandes,Castellon,Segunda Division,Cepheus Park Randers,56.46594,10.010262
2025-05-10,15:30,Netherlands,Waalwijk,Heerenveen,Eredivisie,Mandemakers Stadion,51.68694,5.08861
2025-05-10,15:30,Portugal,Nacional,Rio Ave,Primeira Liga,Estádio da Madeira,32.670625,-16.883525
2025-05-10,15:30,Portugal,Santa Clara,Famalicao,Primeira Liga,Estádio de São Miguel,37.763694,-25.622611
2025-05-10,16:00,Netherlands,Annecy,Grenoble,Ligue 2,Goffertstadion,51.8225,5.83667
2025-05-10,16:00,Portugal,Bastia,Caen,Ligue 2,Estádio do Bessa,41.16222,-8.64278
2025-05-10,16:00,Greece,Laval,Metz,Ligue 2,Lamia Municipal Stadium,38.91,22.43111
2025-05-10,16:00,Italy,Lorient,Martigues,Ligue 2,Stadio Olimpico Grande Torino,45.04167,7.65
2025-05-10,16:00,Greece,Paris FC,Ajaccio,Ligue 2,Kleanthis Vikelidis Stadium,40.6,22.96944
2025-05-10,16:00,France,Red Star,Dunkerque,Ligue 2,Stade Francis-Le Blé,48.402932,-4.461694
2025-05-10,16:30,Greece,Aris,Asteras Tripolis,Super League Greece,Kleanthis Vikelidis Stadium,40.6,22.96944
2025-05-10,17:00,Italy,Lazio,Juventus,Serie A,Stadio Olimpico,41.93389,12.45472
2025-05-10,17:00,Turkey,Trabzonspor,Galatasaray,Super Lig,Papara Park,40.99917,39.64583
2025-05-10,17:15,Belgium,Mechelen,Standard,Belgian Pro League,AFAS-stadion Achter de Kazerne,51.037184,4.486397
2025-05-10,17:15,Greece,Atromitos,OFI Crete,Super League Greece,Peristeri Stadium,38.00472,23.68972
2025-05-10,17:30,England,Bournemouth,Aston Villa,Premier League,Dean Court,50.73528,-1.83833
2025-05-10,17:30,Spain,Girona,Villarreal,La Liga,Montilivi,41.96139,2.82861
2025-05-10,17:30,Spain,Mallorca,Valladolid,La Liga,Mallorca Son Moix,39.59,2.63
2025-05-10,17:30,Belgium,Elche,Levante,Segunda Division,AFAS-stadion Achter de Kazerne,51.037184,4.486397
2025-05-10,17:30,Germany,Bayern Munich,M'gladbach,Bundesliga,Allianz Arena,48.218775,11.624752777778
2025-05-10,17:45,Netherlands,For Sittard,NAC Breda,Eredivisie,Fortuna Sittard Stadion,50.992069,5.843675
2025-05-10,18:00,Portugal,Benfica,Sp Lisbon,Primeira Liga,Estádio da Luz,38.7527,-9.1847
2025-05-10,18:00,Greece,Panetolikos,Volos NFC,Super League Greece,Panetolikos Stadium,38.63,21.41167
2025-05-10,19:45,Italy,Empoli,Parma,Serie A,Stadio Carlo Castellani - Computer Gross Arena,43.72639,10.955
2025-05-10,19:45,Belgium,Anderlecht,St. Gilloise,Belgian Pro League,Lotto Park,50.83417,4.29833
2025-05-10,20:00,Spain,Ath Madrid,Sociedad,La Liga,Santiago Bernabéu,40.45306,-3.68835
2025-05-10,20:00,Portugal,Zaragoza,Cartagena,Segunda Division,Estádio Municipal de Braga,41.5625,-8.43
2025-05-10,20:00,France,Angers,Strasbourg,Ligue 1,Stade Raymond Kopa,47.460458,-0.530741
2025-05-10,20:00,France,Auxerre,Nantes,Ligue 1,Stade Abbé Deschamps,47.7867528,3.5886639
2025-05-10,20:00,France,Brest,Lille,Ligue 1,Stade Francis-Le Blé,48.402932,-4.461694
2025-05-10,20:00,France,Le Havre,Marseille,Ligue 1,Stade Océane,49.49889,0.16972
2025-05-10,20:00,France,Monaco,Lyon,Ligue 1,Stade Louis II,43.7275,7.41556
2025-05-10,20:00,France,Montpellier,Paris SG,Ligue 1,Stade de la Mosson,43.62222,3.81194
2025-05-10,20:00,France,Reims,St Etienne,Ligue 1,Stade Auguste Delaune,49.24667,4.025
2025-05-10,20:00,France,Rennes,Nice,Ligue 1,Roazhon Park,48.1075,-1.71278
2025-05-10,20:00,France,Toulouse,Lens,Ligue 1,Stadium de Toulouse,43.58306,1.43417
2025-05-10,20:00,Netherlands,Almere City,Sparta Rotterdam,Eredivisie,Yanmar Stadion,52.3944,5.2405
2025-05-10,20:30,Portugal,Casa Pia,Sp Braga,Primeira Liga,Estádio Municipal de Rio Maior[A],39.34444,-8.93528
2025-05-10,20:30,Portugal,Gil Vicente,Arouca,Primeira Liga,Estádio Cidade de Barcelos,41.551,-8.623
2025-05-11,11:15,Netherlands,Zwolle,Go Ahead Eagles,Eredivisie,MAC³PARK Stadion,52.51722,6.12083
2025-05-11,11:30,Italy,Udinese,Monza,Serie A,Stadio Friuli,46.0816,13.2001
2025-05-11,12:00,England,Newcastle,Chelsea,Premier League,St James' Park,54.975555555556,-1.6216666666667
2025-05-11,12:30,France,Regensburg,Karlsruhe,2. Bundesliga,Stade de la Meinau,48.56,7.755
2025-05-11,12:30,Belgium,Gent,Antwerp,Belgian Pro League,Planet Group Arena,51.01611,3.73417
2025-05-11,13:00,Spain,Leganes,Espanol,La Liga,Municipal de Butarque,40.3404,-3.7607
2025-05-11,13:00,Denmark,Santander,Oviedo,Segunda Division,Cepheus Park Randers,56.46594,10.010262
2025-05-11,13:30,Netherlands,Feyenoord,PSV Eindhoven,Eredivisie,De Kuip,51.89389,4.52306
2025-05-11,13:30,Netherlands,Twente,Utrecht,Eredivisie,De Grolsch Veste,52.23667,6.8375
2025-05-11,14:00,Italy,Verona,Lecce,Serie A,Stadio Marcantonio Bentegodi,45.43528,10.96861
2025-05-11,14:00,Turkey,Sivasspor,Bodrumspor,Super Lig,BG Grup 4 Eylül Stadium,39.72833,36.98389
2025-05-11,14:15,England,Man United,West Ham,Premier League,Old Trafford,53.463055555556,-2.2913888888889
2025-05-11,14:15,England,Nott'm Forest,Leicester,Premier League,City Ground,52.94,-1.13278
2025-05-11,14:15,England,Tottenham,Crystal Palace,Premier League,Tottenham Hotspur Stadium,51.6044,-0.0664
2025-05-11,14:30,Germany,Leverkusen,Dortmund,Bundesliga,BayArena,51.03833,7.00222
2025-05-11,15:15,Spain,Barcelona,Real Madrid,La Liga,Olímpic Lluís Companys,41.36472,2.15556
2025-05-11,15:30,Portugal,Estrela,AVS,Primeira Liga,Estádio José Gomes,38.75194,-9.22806
2025-05-11,15:45,Netherlands,Ajax,Nijmegen,Eredivisie,Johan Cruyff Arena,52.31417,4.94194
2025-05-11,16:30,England,Liverpool,Arsenal,Premier League,Anfield,53.4308,-2.9608
2025-05-11,16:30,Germany,Ein Frankfurt,St Pauli,Bundesliga,Deutsche Bank Park,50.068056,8.645806
2025-05-11,17:00,Italy,Torino,Inter,Serie A,Stadio Olimpico Grande Torino,45.04167,7.65
2025-05-11,17:00,Turkey,Besiktas,Ad. Demirspor,Super Lig,Tüpraş Stadium,41.03917,28.99472
2025-05-11,17:00,Turkey,Goztep,Hatayspor,Super Lig,Gürsel Aksel Stadium,38.396821,27.07595
2025-05-11,17:30,Spain,Ath Bilbao,Alaves,La Liga,San Mamés,43.2643,-2.9504
2025-05-11,17:30,France,Eldense,Malaga,Segunda Division,Stade Bollaert-Delelis,50.43278,2.815
2025-05-11,17:30,Belgium,Genk,Club Brugge,Belgian Pro League,Cegeka Arena,51.005,5.53333
2025-05-11,18:00,Portugal,Guimaraes,Farense,Primeira Liga,Estádio D. Afonso Henriques,41.44583,-8.30111
2025-05-11,18:00,Portugal,Moreirense,Estoril,Primeira Liga,Estádio Comendador Joaquim de Almeida Freitas,41.37806,-8.35472
2025-05-11,18:00,Greece,Panathinaikos,Olympiakos,Super League Greece,Athens Olympic Stadium,38.03606806,23.7876
2025-05-11,18:00,Greece,PAOK,AEK,Super League Greece,Toumba Stadium,40.61389,22.9725
2025-05-11,18:15,Belgium,Dender,Oud-Heverlee Leuven,Belgian Pro League,Van Roystadion,50.883683,4.071185
2025-05-11,18:30,Germany,Stuttgart,Augsburg,Bundesliga,MHPArena,48.79222,9.23194
2025-05-11,19:45,Italy,Napoli,Genoa,Serie A,Stadio Diego Armando Maradona,40.828,14.193
2025-05-11,20:00,Spain,Betis,Osasuna,La Liga,Benito Villamarín,37.35639,-5.98139
2025-05-11,20:30,Portugal,Boavista,Porto,Primeira Liga,Estádio do Bessa,41.16222,-8.64278
2025-05-12,17:30,Italy,Venezia,Fiorentina,Serie A,Stadio Pier Luigi Penzo,45.4277611,12.3637306
2025-05-12,18:00,Turkey,Kayserispor,Antalyaspor,Super Lig,RHG Enertürk Enerji Stadium,38.73722,35.42306
2025-05-12,19:30,Spain,Granada,Eibar,Segunda Division,Montilivi,41.96139,2.82861
2025-05-12,19:45,Italy,Atalanta,Roma,Serie A,Gewiss Stadium,45.70889,9.68083
2025-05-13,18:00,Spain,Valladolid,Girona,La Liga,José Zorrilla,41.64444,-4.76111
2025-05-13,19:00,Spain,Sociedad,Celta,La Liga,Anoeta,43.30139,-1.97361
2025-05-13,19:30,France,Brescia,Reggiana,Serie B,Stade Francis-Le Blé,48.402932,-4.461694
2025-05-13,19:30,Italy,Modena,Cesena,Serie B,Stadio Brianteo,45.58278,9.30806
2025-05-13,19:30,Italy,Palermo,Carrarese,Serie B,Stadio Ennio Tardini,44.795,10.33833
2025-05-13,19:30,Italy,Spezia,Cosenza,Serie B,Stadio Pier Luigi Penzo,45.4277611,12.3637306
2025-05-13,19:30,Austria,Sudtirol,Bari,Serie B,Tivoli Stadion Tirol,47.25583,11.41083
2025-05-13,20:30,Spain,Sevilla,Las Palmas,La Liga,Ramón Sánchez-Pizjuán,37.384,-5.9705
2025-05-14,16:00,Greece,Levadeiakos,Panetolikos,Super League Greece,Levadia Municipal Stadium,38.4358972,22.8828444
2025-05-14,18:00,Spain,Alaves,Valencia,La Liga,Mendizorrotza,42.8371111,-2.6880444
2025-05-14,18:00,Spain,Villarreal,Leganes,La Liga,La Cerámica,39.94417,-0.10361
2025-05-14,18:00,Greece,Athens Kallithea,Panserraikos,Super League Greece,Leoforos Alexandras Stadium,37.98722,23.75417
2025-05-14,18:00,Greece,Volos NFC,Lamia,Super League Greece,Panthessaliko Stadium,39.3875,22.93111
2025-05-14,19:00,Netherlands,Almere City,For Sittard,Eredivisie,Yanmar Stadion,52.3944,5.2405
2025-05-14,19:00,Netherlands,Feyenoord,Waalwijk,Eredivisie,De Kuip,51.89389,4.52306
2025-05-14,19:00,Netherlands,Go Ahead Eagles,Heerenveen,Eredivisie,De Adelaarshorst,52.260416,6.172578
2025-05-14,19:00,Netherlands,Groningen,Ajax,Eredivisie,Euroborg,53.20611,6.59139
2025-05-14,19:00,Netherlands,PSV Eindhoven,Heracles,Eredivisie,Philips Stadion,51.44167,5.4675
2025-05-14,19:00,Netherlands,Twente,AZ Alkmaar,Eredivisie,De Grolsch Veste,52.23667,6.8375
2025-05-14,19:00,Netherlands,Utrecht,Sparta Rotterdam,Eredivisie,Stadion Galgenwaard,52.07833,5.14583
2025-05-14,19:00,Netherlands,Willem II,Zwolle,Eredivisie,Koning Willem II Stadion,51.54278,5.06694
2025-05-14,20:30,Spain,Real Madrid,Mallorca,La Liga,Santiago Bernabéu,40.45306,-3.68835
2025-05-15,18:00,Spain,Vallecano,Betis,La Liga,Vallecas,40.39194,-3.65889
2025-05-15,18:00,Spain,Osasuna,Ath Madrid,La Liga,El Sadar,42.79667,-1.63694
2025-05-15,20:30,Spain,Espanol,Barcelona,La Liga,RCDE Stadium,41.34778,2.07556
2025-05-15,20:30,Spain,Getafe,Ath Bilbao,La Liga,Coliseum,40.32556,-3.71472
2025-05-16,19:00,Portugal,Famalicao,Casa Pia,Primeira Liga,Estádio Municipal de Famalicão,41.40139,-8.5225
2025-05-16,19:00,Portugal,Rio Ave,Gil Vicente,Primeira Liga,Estádio dos Arcos,41.36278,-8.74028
2025-05-16,19:30,England,Aston Villa,Tottenham,Premier League,Villa Park,52.509166666667,-1.8847222222222
2025-05-16,19:30,Spain,Levante,Albacete,Segunda Division,Municipal de Butarque,40.3404,-3.7607
2025-05-16,19:45,Belgium,Oud-Heverlee Leuven,Westerlo,Belgian Pro League,Den Dreef,50.86833,4.69417
2025-05-16,20:15,England,Chelsea,Man United,Premier League,Stamford Bridge,51.481666666667,-0.19111111111111
2025-05-17,14:30,Germany,Augsburg,Union Berlin,Bundesliga,WWK Arena,48.32306,10.88611
2025-05-17,14:30,Germany,Dortmund,Holstein Kiel,Bundesliga,Signal Iduna Park,51.4925,7.45167
2025-05-17,14:30,Germany,Freiburg,Ein Frankfurt,Bundesliga,Europa-Park Stadion,48.0216,7.8297
2025-05-17,14:30,Germany,Heidenheim,Werder Bremen,Bundesliga,Voith-Arena,48.66861,10.13944
2025-05-17,14:30,Germany,Hoffenheim,Bayern Munich,Bundesliga,PreZero Arena,49.23806,8.8875
2025-05-17,14:30,Germany,Mainz,Leverkusen,Bundesliga,Mewa Arena,49.98417,8.22417
2025-05-17,14:30,Germany,RB Leipzig,Stuttgart,Bundesliga,Red Bull Arena,51.34583,12.34833
2025-05-17,14:30,Germany,St Pauli,Bochum,Bundesliga,Millerntor-Stadion,53.554583,9.967667
2025-05-17,17:00,Turkey,Ad. Demirspor,Hatayspor,Super Lig,New Adana Stadium,37.06333,35.375
2025-05-17,17:15,Belgium,Standard,Dender,Belgian Pro League,Stade Maurice Dufrasne,50.61,5.54333
2025-05-17,17:30,England,Cartagena,Tenerife,Segunda Division,Emirates Stadium,51.55667,-0.10611
2025-05-17,18:00,Portugal,Arouca,Boavista,Primeira Liga,Estádio Municipal de Arouca,40.933,-8.2503
2025-05-17,18:00,Portugal,AVS,Moreirense,Primeira Liga,Estádio do CD Aves,41.366932,-8.411789
2025-05-17,18:00,Portugal,Estoril,Estrela,Primeira Liga,Estádio António Coimbra da Mota,38.71583,-9.40639
2025-05-17,18:00,Portugal,Farense,Santa Clara,Primeira Liga,Estádio de São Luís,37.022861,-7.928444
2025-05-17,18:00,Portugal,Porto,Nacional,Primeira Liga,Estádio do Dragão,41.1618,-8.5839
2025-05-17,18:00,Portugal,Sp Braga,Benfica,Primeira Liga,Estádio Municipal de Braga,41.5625,-8.43
2025-05-17,19:45,Italy,Genoa,Atalanta,Serie A,Stadio Luigi Ferraris,44.41639,8.9525
2025-05-17,19:45,Belgium,Antwerp,St. Gilloise,Belgian Pro League,Bosuilstadion,51.2325,4.47222
2025-05-17,20:00,France,Lens,Monaco,Ligue 1,Stade Bollaert-Delelis,50.43278,2.815
2025-05-17,20:00,France,Lille,Reims,Ligue 1,Decathlon Arena Pierre Mauroy Stadium,50.6119,3.1304
2025-05-17,20:00,France,Lyon,Angers,Ligue 1,Groupama Stadium,45.765224,4.982131
2025-05-17,20:00,France,Marseille,Rennes,Ligue 1,Orange Vélodrome,43.26972,5.39583
2025-05-17,20:00,France,Nantes,Montpellier,Ligue 1,Stade de la Beaujoire,47.256,-1.525
2025-05-17,20:00,France,Nice,Brest,Ligue 1,Allianz Riviera,43.70528,7.1925
2025-05-17,20:00,France,Paris SG,Auxerre,Ligue 1,Parc des Princes,48.84138888888889,2.2530555555555556
2025-05-17,20:00,France,St Etienne,Toulouse,Ligue 1,Stade Geoffroy Guichard,45.46083,4.39028
2025-05-17,20:00,France,Strasbourg,Le Havre,Ligue 1,Stade de la Meinau,48.56,7.755
2025-05-18,12:00,England,Everton,Southampton,Premier League,Goodison Park,53.438888888889,-2.9663888888889
2025-05-18,12:30,Belgium,Anderlecht,Club Brugge,Belgian Pro League,Lotto Park,50.83417,4.29833
2025-05-18,13:00,Greece,Panserraikos,Levadeiakos,Super League Greece,Serres Municipal Stadium,41.0847,23.5466
2025-05-18,13:30,Netherlands,Ajax,Twente,Eredivisie,Johan Cruyff Arena,52.31417,4.94194
2025-05-18,13:30,Netherlands,For Sittard,Utrecht,Eredivisie,Fortuna Sittard Stadion,50.992069,5.843675
2025-05-18,13:30,Netherlands,Heerenveen,Feyenoord,Eredivisie,Abe Lenstra Stadion,52.95861,5.93611
2025-05-18,13:30,Netherlands,Heracles,Nijmegen,Eredivisie,Asito Stadion[3],52.33889,6.65056
2025-05-18,13:30,Netherlands,NAC Breda,Willem II,Eredivisie,Rat Verlegh Stadion,51.595,4.75028
2025-05-18,13:30,Netherlands,Sparta Rotterdam,PSV Eindhoven,Eredivisie,Spartastadion Het Kasteel,51.919485,4.433619
2025-05-18,13:30,Netherlands,Waalwijk,Go Ahead Eagles,Eredivisie,Mandemakers Stadion,51.68694,5.08861
2025-05-18,13:30,Netherlands,Zwolle,Groningen,Eredivisie,MAC³PARK Stadion,52.51722,6.12083
2025-05-18,14:15,England,West Ham,Nott'm Forest,Premier League,London Stadium,51.5386,-0.0164
2025-05-18,14:30,Germany,Magdeburg,Fortuna Dusseldorf,2. Bundesliga,WWK Arena,48.32306,10.88611
2025-05-18,14:30,England,Ulm,PreuÃen MÃ¼nster,2. Bundesliga,Craven Cottage,51.475,-0.22166666666667
2025-05-18,15:00,England,Brentford,Fulham,Premier League,Brentford Community Stadium,51.49083,-0.28861
2025-05-18,15:00,England,Leicester,Ipswich,Premier League,King Power Stadium,52.620277777778,-1.1422222222222
2025-05-18,15:00,Belgium,Mechelen,Charleroi,Belgian Pro League,AFAS-stadion Achter de Kazerne,51.037184,4.486397
2025-05-18,16:00,Greece,Lamia,Panetolikos,Super League Greece,Lamia Municipal Stadium,38.91,22.43111
2025-05-18,16:30,England,Arsenal,Newcastle,Premier League,Emirates Stadium,51.55667,-0.10611
2025-05-18,17:00,Turkey,Alanyaspor,Besiktas,Super Lig,Alanya Oba Stadium,36.5626,32.0792
2025-05-18,17:00,Turkey,Antalyaspor,Gaziantep,Super Lig,Corendon Airlines Park,36.888278,30.668444
2025-05-18,17:00,Turkey,Fenerbahce,Eyupspor,Super Lig,Ülker Stadium,40.98778,29.03694
2025-05-18,17:00,Turkey,Galatasaray,Kayserispor,Super Lig,Rams Park,41.10278,28.99056
2025-05-18,17:00,Turkey,Rizespor,Goztep,Super Lig,Rize City Stadium,41.04202,40.5733
2025-05-18,17:00,Turkey,Samsunspor,Sivasspor,Super Lig,Samsun 19 Mayıs Stadium,41.22778,36.4575
2025-05-18,17:30,Belgium,Gent,Genk,Belgian Pro League,Planet Group Arena,51.01611,3.73417
2025-05-18,18:00,Spain,Ath Madrid,Betis,La Liga,Santiago Bernabéu,40.45306,-3.68835
2025-05-18,18:00,Spain,Barcelona,Villarreal,La Liga,Olímpic Lluís Companys,41.36472,2.15556
2025-05-18,18:00,Spain,Celta,Vallecano,La Liga,Balaídos,42.2118,-8.7397
2025-05-18,18:00,Spain,Las Palmas,Leganes,La Liga,Gran Canaria,28.10028,-15.45667
2025-05-18,18:00,Spain,Mallorca,Getafe,La Liga,Mallorca Son Moix,39.59,2.63
2025-05-18,18:00,Spain,Osasuna,Espanol,La Liga,El Sadar,42.79667,-1.63694
2025-05-18,18:00,Spain,Sevilla,Real Madrid,La Liga,Ramón Sánchez-Pizjuán,37.384,-5.9705
2025-05-18,18:00,Spain,Sociedad,Girona,La Liga,Anoeta,43.30139,-1.97361
2025-05-18,18:00,Spain,Valencia,Ath Bilbao,La Liga,Mestalla,39.47472,-0.35833
2025-05-18,18:00,Spain,Valladolid,Alaves,La Liga,José Zorrilla,41.64444,-4.76111
2025-05-18,18:00,Greece,Volos NFC,Athens Kallithea,Super League Greece,Panthessaliko Stadium,39.3875,22.93111
2025-05-18,19:45,Italy,Cagliari,Venezia,Serie A,Unipol Domus,39.2,9.1375
2025-05-18,19:45,Italy,Fiorentina,Bologna,Serie A,Stadio Artemio Franchi,43.78083,11.28222
2025-05-18,19:45,Italy,Juventus,Udinese,Serie A,Juventus Stadium,45.10944,7.64111
2025-05-18,19:45,Italy,Lecce,Torino,Serie A,Stadio Via del mare,40.36528,18.20889
2025-05-18,19:45,Italy,Monza,Empoli,Serie A,Stadio Brianteo,45.58278,9.30806
2025-05-18,19:45,Italy,Parma,Napoli,Serie A,Stadio Ennio Tardini,44.795,10.33833
2025-05-18,19:45,Italy,Roma,Milan,Serie A,Stadio Olimpico,41.93389,12.45472
2025-05-18,19:45,Italy,Verona,Como,Serie A,Stadio Marcantonio Bentegodi,45.43528,10.96861
2025-05-18,20:00,Spain,Almeria,Santander,Segunda Division,Mestalla,39.47472,-0.35833
2025-05-19,20:00,England,Brighton,Liverpool,Premier League,Falmer Stadium,50.861822222222,-0.083277777777778
2025-05-20,20:00,England,Crystal Palace,Wolves,Premier League,Selhurst Park,51.39833,-0.08556
2025-05-20,20:00,England,Man City,Bournemouth,Premier League,City of Manchester Stadium,53.483055555556,-2.2002777777778
2025-05-21,21:00,England,Tottenham Hotspur,Manchester United,Europa League,Tottenham Hotspur Stadium,51.6044,-0.0664
2025-05-23,19:45,Italy,Como,Inter,Serie A,Stadio Giuseppe Sinigaglia,45.81389,9.07222
2025-05-23,19:45,Italy,Napoli,Cagliari,Serie A,Stadio Diego Armando Maradona,40.828,14.193
2025-05-23,20:00,Spain,Betis,Valencia,La Liga,Benito Villamarín,37.35639,-5.98139
2025-05-24,14:00,Turkey,Eyupspor,Antalyaspor,Super Lig,Recep Tayyip Erdoğan Stadium,41.03278,28.9725
2025-05-24,15:15,Spain,Real Madrid,Sociedad,La Liga,Santiago Bernabéu,40.45306,-3.68835
2025-05-24,17:00,Italy,Bologna,Genoa,Serie A,Stadio Renato Dall'Ara,44.49222,11.30972
2025-05-24,17:00,Turkey,Gaziantep,Kasimpasa,Super Lig,Gaziantep Stadium,37.12389,37.3825
2025-05-24,17:00,Turkey,Goztep,Galatasaray,Super Lig,Gürsel Aksel Stadium,38.396821,27.07595
2025-05-24,17:30,Spain,Espanol,Las Palmas,La Liga,RCDE Stadium,41.34778,2.07556
2025-05-24,17:30,Spain,Leganes,Valladolid,La Liga,Municipal de Butarque,40.3404,-3.7607
2025-05-24,19:00,Belgium,Charleroi,Oud-Heverlee Leuven,Belgian Pro League,Stade du Pays de Charleroi,50.414609,4.453787
2025-05-24,19:00,Belgium,Dender,Mechelen,Belgian Pro League,Van Roystadion,50.883683,4.071185
2025-05-24,19:00,Belgium,Westerlo,Standard,Belgian Pro League,Het Kuipje,51.094817,4.928806
2025-05-24,19:45,Italy,Milan,Monza,Serie A,San Siro,45.47806,9.12389
2025-05-24,20:00,Spain,Alaves,Osasuna,La Liga,Mendizorrotza,42.8371111,-2.6880444
2025-05-24,20:00,Spain,Getafe,Celta,La Liga,Coliseum,40.32556,-3.71472
2025-05-24,20:00,Spain,Vallecano,Mallorca,La Liga,Vallecas,40.39194,-3.65889
2025-05-25,13:00,Spain,Girona,Ath Madrid,La Liga,Montilivi,41.96139,2.82861
2025-05-25,15:15,Spain,Villarreal,Sevilla,La Liga,La Cerámica,39.94417,-0.10361
2025-05-25,16:00,England,Bournemouth,Leicester,Premier League,Dean Court,50.73528,-1.83833
2025-05-25,16:00,England,Fulham,Man City,Premier League,Craven Cottage,51.475,-0.22166666666667
2025-05-25,16:00,England,Ipswich,West Ham,Premier League,Portman Road,52.055,1.14528
2025-05-25,16:00,England,Liverpool,Crystal Palace,Premier League,Anfield,53.4308,-2.9608
2025-05-25,16:00,England,Man United,Aston Villa,Premier League,Old Trafford,53.463055555556,-2.2913888888889
2025-05-25,16:00,England,Newcastle,Everton,Premier League,St James' Park,54.975555555556,-1.6216666666667
2025-05-25,16:00,England,Nott'm Forest,Chelsea,Premier League,City Ground,52.94,-1.13278
2025-05-25,16:00,England,Southampton,Arsenal,Premier League,St Mary's Stadium,50.90583,-1.39111
2025-05-25,16:00,England,Tottenham,Brighton,Premier League,Tottenham Hotspur Stadium,51.6044,-0.0664
2025-05-25,16:00,England,Wolves,Brentford,Premier League,Molineux Stadium,52.59028,-2.13028
2025-05-25,17:00,Turkey,Besiktas,Rizespor,Super Lig,Tüpraş Stadium,41.03917,28.99472
2025-05-25,17:00,Turkey,Buyuksehyr,Ad. Demirspor,Super Lig,Başakşehir Fatih Terim Stadium,41.12278,28.80861
2025-05-25,17:00,Turkey,Kayserispor,Bodrumspor,Super Lig,RHG Enertürk Enerji Stadium,38.73722,35.42306
2025-05-25,17:00,Turkey,Konyaspor,Alanyaspor,Super Lig,Konya Metropolitan Municipality Stadium,37.946,32.488
2025-05-25,17:00,Turkey,Trabzonspor,Samsunspor,Super Lig,Papara Park,40.99917,39.64583
2025-05-25,17:30,Belgium,Elche,Malaga,Segunda Division,AFAS-stadion Achter de Kazerne,51.037184,4.486397
2025-05-25,17:30,France,Eldense,Santander,Segunda Division,Stade Bollaert-Delelis,50.43278,2.815
2025-05-25,17:30,Spain,Granada,Castellon,Segunda Division,Montilivi,41.96139,2.82861
2025-05-25,17:30,Denmark,Mirandes,Almeria,Segunda Division,Cepheus Park Randers,56.46594,10.010262
2025-05-25,17:30,Portugal,Zaragoza,La Coruna,Segunda Division,Estádio Municipal de Braga,41.5625,-8.43
2025-05-25,17:30,Belgium,Club Brugge,Antwerp,Belgian Pro League,Jan Breydel Stadium,51.19333,3.18056
2025-05-25,17:30,Belgium,Genk,Anderlecht,Belgian Pro League,Cegeka Arena,51.005,5.53333
2025-05-25,19:45,Italy,Atalanta,Parma,Serie A,Gewiss Stadium,45.70889,9.68083
2025-05-25,19:45,Italy,Empoli,Verona,Serie A,Stadio Carlo Castellani - Computer Gross Arena,43.72639,10.955
2025-05-25,19:45,Italy,Lazio,Lecce,Serie A,Stadio Olimpico,41.93389,12.45472
2025-05-25,19:45,Italy,Torino,Roma,Serie A,Stadio Olimpico Grande Torino,45.04167,7.65
2025-05-25,19:45,Italy,Udinese,Fiorentina,Serie A,Stadio Friuli,46.0816,13.2001
2025-05-25,19:45,Italy,Venezia,Juventus,Serie A,Stadio Pier Luigi Penzo,45.4277611,12.3637306
2025-05-25,20:00,Spain,Ath Bilbao,Barcelona,La Liga,San Mamés,43.2643,-2.9504
2025-05-26,18:00,Turkey,Hatayspor,Fenerbahce,Super Lig,Mersin Stadium[note 1],36.82056,34.53861
2025-05-30,18:00,Turkey,Antalyaspor,Trabzonspor,Super Lig,Corendon Airlines Park,36.888278,30.668444
2025-05-30,18:00,Turkey,Galatasaray,Buyuksehyr,Super Lig,Rams Park,41.10278,28.99056
2025-05-31,14:00,Turkey,Fenerbahce,Konyaspor,Super Lig,Ülker Stadium,40.98778,29.03694
2025-05-31,14:00,Turkey,Rizespor,Hatayspor,Super Lig,Rize City Stadium,41.04202,40.5733
2025-05-31,17:00,Turkey,Ad. Demirspor,Gaziantep,Super Lig,New Adana Stadium,37.06333,35.375
2025-05-31,17:00,Turkey,Alanyaspor,Sivasspor,Super Lig,Alanya Oba Stadium,36.5626,32.0792
2025-05-31,21:00,France,Paris Saint-Germain,Inter Milan,Europa League,Parc des Princes,48.84138888888889,2.2530555555555556
2025-06-01,17:00,Turkey,Samsunspor,Kayserispor,Super Lig,Samsun 19 Mayıs Stadium,41.22778,36.4575
2025-06-01,17:30,Spain,Almeria,Tenerife,Segunda Division,Mestalla,39.47472,-0.35833
2025-06-01,17:30,England,Cartagena,Mirandes,Segunda Division,Emirates Stadium,51.55667,-0.10611
2025-06-01,17:30,Spain,Levante,Eibar,Segunda Division,Municipal de Butarque,40.3404,-3.7607
2025-06-01,17:30,Denmark,Santander,Granada,Segunda Division,Cepheus Park Randers,56.46594,10.010262
2025-07-25,19:45,Belgium,Antwerp,St. Gilloise,Belgian Pro League,Bosuilstadion,51.2325,4.47222
2025-07-26,15:00,Belgium,Dender,Cercle Brugge,Belgian Pro League,Van Roystadion,50.883683,4.071185
2025-07-27,12:30,Belgium,Anderlecht,Westerlo,Belgian Pro League,Lotto Park,50.83417,4.29833
2025-07-27,15:00,Belgium,Oud-Heverlee Leuven,Charleroi,Belgian Pro League,Den Dreef,50.86833,4.69417
2025-07-27,17:30,Belgium,Club Brugge,Genk,Belgian Pro League,Jan Breydel Stadium,51.19333,3.18056
2025-07-27,18:15,Belgium,St Truiden,Gent,Belgian Pro League,Stayen,50.813474,5.166256
2025-08-01,19:45,Belgium,Mechelen,Club Brugge,Belgian Pro League,AFAS-stadion Achter de Kazerne,51.037184,4.486397
2025-08-02,15:00,Belgium,Westerlo,Waregem,Belgian Pro League,Het Kuipje,51.094817,4.928806
2025-08-02,17:15,Belgium,Standard,Dender,Belgian Pro League,Stade Maurice Dufrasne,50.61,5.54333
2025-08-02,19:45,Belgium,Gent,RAAL La Louviere,Belgian Pro League,Planet Group Arena,51.01611,3.73417
2025-08-03,12:30,Germany,Magdeburg,Braunschweig,2. Bundesliga,WWK Arena,48.32306,10.88611
2025-08-03,12:30,Belgium,Genk,Antwerp,Belgian Pro League,Cegeka Arena,51.005,5.53333
2025-08-03,15:00,Belgium,Cercle Brugge,Anderlecht,Belgian Pro League,Jan Breydel Stadium,51.19333,3.18056
2025-08-03,18:15,Belgium,Charleroi,St Truiden,Belgian Pro League,Stade du Pays de Charleroi,50.414609,4.453787
2025-08-08,19:00,Netherlands,For Sittard,Go Ahead Eagles,Eredivisie,Fortuna Sittard Stadion,50.992069,5.843675
2025-08-08,19:30,Turkey,Gaziantep,Galatasaray,Super Lig,Gaziantep Stadium,37.12389,37.3825
2025-08-08,19:45,Belgium,St Truiden,Dender,Belgian Pro League,Stayen,50.813474,5.166256
2025-08-08,20:15,Portugal,Casa Pia,Sp Lisbon,Primeira Liga,Estádio Municipal de Rio Maior[A],39.34444,-8.93528
2025-08-09,12:00,Netherlands,Fortuna Dusseldorf,Hannover,2. Bundesliga,Fortuna Sittard Stadion,50.992069,5.843675
2025-08-09,12:30,Belgium,Charlton,Watford,Championship,Stade du Pays de Charleroi,50.414609,4.453787
2025-08-09,12:30,England,Southampton,Wrexham,Championship,St Mary's Stadium,50.90583,-1.39111
2025-08-09,15:00,Croatia,Norwich,Millwall,Championship,ŠRC Velika Gorica,45.724,16.0732
2025-08-09,15:00,Belgium,West Brom,Blackburn,Championship,Het Kuipje,51.094817,4.928806
2025-08-09,15:00,Belgium,Club Brugge,Cercle Brugge,Belgian Pro League,Jan Breydel Stadium,51.19333,3.18056
2025-08-09,15:30,Portugal,Nacional,Gil Vicente,Primeira Liga,Estádio da Madeira,32.670625,-16.883525
2025-08-09,17:00,Turkey,Samsunspor,Genclerbirligi,Super Lig,Samsun 19 Mayıs Stadium,41.22778,36.4575
2025-08-09,17:15,Belgium,Westerlo,Mechelen,Belgian Pro League,Het Kuipje,51.094817,4.928806
2025-08-09,17:30,England,Sheffield United,Bristol City,Championship,Old Trafford,53.463055555556,-2.2913888888889
2025-08-09,17:45,Netherlands,Feyenoord,NAC Breda,Eredivisie,De Kuip,51.89389,4.52306
2025-08-09,19:00,Greece,Laval,St Etienne,Ligue 2,Lamia Municipal Stadium,38.91,22.43111
2025-08-09,19:00,France,Montpellier,Red Star,Ligue 2,Stade de la Mosson,43.62222,3.81194
2025-08-09,19:00,Netherlands,Heerenveen,Volendam,Eredivisie,Abe Lenstra Stadion,52.95861,5.93611
2025-08-09,19:30,Turkey,Antalyaspor,Kasimpasa,Super Lig,Corendon Airlines Park,36.888278,30.668444
2025-08-09,19:45,Belgium,Gent,St. Gilloise,Belgian Pro League,Planet Group Arena,51.01611,3.73417
2025-08-09,20:00,Netherlands,PSV Eindhoven,Sparta Rotterdam,Eredivisie,Philips Stadion,51.44167,5.4675
2025-08-09,20:30,Portugal,Arouca,AVS,Primeira Liga,Estádio Municipal de Arouca,40.933,-8.2503
2025-08-10,11:15,Netherlands,Zwolle,Twente,Eredivisie,MAC³PARK Stadion,52.51722,6.12083
2025-08-10,12:30,Germany,Bochum,Elversberg,2. Bundesliga,Vonovia Ruhrstadion,51.49,7.23667
2025-08-10,12:30,Germany,Holstein Kiel,Bielefeld,2. Bundesliga,Holstein-Stadion,54.34917,10.12361
2025-08-10,13:30,Netherlands,Ajax,Telstar,Eredivisie,Johan Cruyff Arena,52.31417,4.94194
2025-08-10,15:00,Belgium,Anderlecht,Waregem,Belgian Pro League,Lotto Park,50.83417,4.29833
2025-08-10,15:45,Netherlands,Utrecht,Heracles,Eredivisie,Stadion Galgenwaard,52.07833,5.14583
2025-08-10,16:30,England,Leicester,Sheffield Weds,Championship,King Power Stadium,52.620277777778,-1.1422222222222
2025-08-10,17:00,Portugal,Famalicao,Santa Clara,Primeira Liga,Estádio Municipal de Famalicão,41.40139,-8.5225
2025-08-10,17:00,Turkey,Rizespor,Goztep,Super Lig,Rize City Stadium,41.04202,40.5733
2025-08-10,17:30,Belgium,Standard,Genk,Belgian Pro League,Stade Maurice Dufrasne,50.61,5.54333
2025-08-10,18:15,Belgium,Antwerp,Oud-Heverlee Leuven,Belgian Pro League,Bosuilstadion,51.2325,4.47222
2025-08-10,19:30,Turkey,Eyupspor,Konyaspor,Super Lig,Recep Tayyip Erdoğan Stadium,41.03278,28.9725
2025-08-10,20:30,Portugal,Moreirense,Alverca,Primeira Liga,Estádio Comendador Joaquim de Almeida Freitas,41.37806,-8.35472
2025-08-10,20:30,Portugal,Sp Braga,Tondela,Primeira Liga,Estádio Municipal de Braga,41.5625,-8.43
2025-08-11,18:45,Portugal,Estoril,Estrela,Primeira Liga,Estádio António Coimbra da Mota,38.71583,-9.40639
2025-08-11,19:30,Turkey,Trabzonspor,Kocaelispor,Super Lig,Papara Park,40.99917,39.64583
2025-08-11,19:45,Portugal,Amiens,Reims,Ligue 2,Estádio Comendador Joaquim de Almeida Freitas,41.37806,-8.35472
2025-08-11,20:45,Portugal,Porto,Guimaraes,Primeira Liga,Estádio do Dragão,41.1618,-8.5839
2025-08-15,15:30,Portugal,AVS,Casa Pia,Primeira Liga,Estádio do CD Aves,41.366932,-8.411789
2025-08-15,18:00,Spain,Girona,Vallecano,La Liga,Montilivi,41.96139,2.82861
2025-08-15,19:00,Portugal,Bastia,Pau FC,Ligue 2,Estádio do Bessa,41.16222,-8.64278
2025-08-15,19:00,Italy,Grenoble,Laval,Ligue 2,Stadio Luigi Ferraris,44.41639,8.9525
2025-08-15,19:00,France,Red Star,Amiens,Ligue 2,Stade Francis-Le Blé,48.402932,-4.461694
2025-08-15,19:30,Turkey,Galatasaray,Karagumruk,Super Lig,Rams Park,41.10278,28.99056
2025-08-15,19:45,France,Rennes,Marseille,Ligue 1,Roazhon Park,48.1075,-1.71278
2025-08-15,19:45,Belgium,Oud-Heverlee Leuven,Genk,Belgian Pro League,Den Dreef,50.86833,4.69417
2025-08-15,20:00,England,Liverpool,Bournemouth,Premier League,Anfield,53.4308,-2.9608
2025-08-15,20:30,Spain,Villarreal,Oviedo,La Liga,La Cerámica,39.94417,-0.10361
2025-08-15,20:30,Spain,Valladolid,Ceuta,Segunda Division,José Zorrilla,41.64444,-4.76111
2025-08-16,12:30,England,Aston Villa,Newcastle,Premier League,Villa Park,52.509166666667,-1.8847222222222
2025-08-16,12:30,Portugal,Portsmouth,Norwich,Championship,Estádio do Dragão,41.1618,-8.5839
2025-08-16,13:00,Netherlands,Annecy,Dunkerque,Ligue 2,Goffertstadion,51.8225,5.83667
2025-08-16,13:00,France,Reims,Guingamp,Ligue 2,Stade Auguste Delaune,49.24667,4.025
2025-08-16,15:00,England,Brighton,Fulham,Premier League,Falmer Stadium,50.861822222222,-0.083277777777778
2025-08-16,15:00,England,Tottenham,Burnley,Premier League,Tottenham Hotspur Stadium,51.6044,-0.0664
2025-08-16,15:00,England,Bristol City,Charlton,Championship,King Power Stadium,52.620277777778,-1.1422222222222
2025-08-16,15:00,Portugal,Preston,Leicester,Championship,Estádio do Dragão,41.1618,-8.5839
2025-08-16,15:00,England,Watford,QPR,Championship,Brentford Community Stadium,51.49083,-0.28861
2025-08-16,16:00,Denmark,Santander,Castellon,Segunda Division,Cepheus Park Randers,56.46594,10.010262
2025-08-16,16:00,France,Lens,Lyon,Ligue 1,Stade Bollaert-Delelis,50.43278,2.815
2025-08-16,17:00,Turkey,Kocaelispor,Samsunspor,Super Lig,RHG Enertürk Enerji Stadium,38.73722,35.42306
2025-08-16,17:15,Belgium,Mechelen,Gent,Belgian Pro League,AFAS-stadion Achter de Kazerne,51.037184,4.486397
2025-08-16,17:30,England,Wolves,Man City,Premier League,Molineux Stadium,52.59028,-2.13028
2025-08-16,18:00,France,Monaco,Le Havre,Ligue 1,Stade Louis II,43.7275,7.41556
2025-08-16,18:00,Portugal,Guimaraes,Estoril,Primeira Liga,Estádio D. Afonso Henriques,41.44583,-8.30111
2025-08-16,18:30,Spain,Mallorca,Barcelona,La Liga,Mallorca Son Moix,39.59,2.63
2025-08-16,19:00,France,St Etienne,Rodez,Ligue 2,Stade Geoffroy Guichard,45.46083,4.39028
2025-08-16,19:00,Netherlands,Heracles,Nijmegen,Eredivisie,Asito Stadion[3],52.33889,6.65056
2025-08-16,19:30,Turkey,Alanyaspor,Rizespor,Super Lig,Alanya Oba Stadium,36.5626,32.0792
2025-08-16,19:30,Turkey,Goztep,Fenerbahce,Super Lig,Gürsel Aksel Stadium,38.396821,27.07595
2025-08-16,20:00,Netherlands,Groningen,Heerenveen,Eredivisie,Euroborg,53.20611,6.59139
2025-08-16,20:05,France,Nice,Toulouse,Ligue 1,Allianz Riviera,43.70528,7.1925
2025-08-16,20:30,Spain,Alaves,Levante,La Liga,Mendizorrotza,42.8371111,-2.6880444
2025-08-16,20:30,Spain,Valencia,Sociedad,La Liga,Mestalla,39.47472,-0.35833
2025-08-16,20:30,Spain,Granada,La Coruna,Segunda Division,Montilivi,41.96139,2.82861
2025-08-16,20:30,Portugal,Estrela,Benfica,Primeira Liga,Estádio José Gomes,38.75194,-9.22806
2025-08-17,11:15,Netherlands,Go Ahead Eagles,Ajax,Eredivisie,De Adelaarshorst,52.260416,6.172578
2025-08-17,12:00,England,Ipswich,Southampton,Championship,Portman Road,52.055,1.14528
2025-08-17,12:30,Belgium,Dender,Anderlecht,Belgian Pro League,Van Roystadion,50.883683,4.071185
2025-08-17,13:30,Netherlands,Sparta Rotterdam,Utrecht,Eredivisie,Spartastadion Het Kasteel,51.919485,4.433619
2025-08-17,13:30,Netherlands,Twente,PSV Eindhoven,Eredivisie,De Grolsch Veste,52.23667,6.8375
2025-08-17,14:00,England,Chelsea,Crystal Palace,Premier League,Stamford Bridge,51.481666666667,-0.19111111111111
2025-08-17,14:00,England,Nott'm Forest,Brentford,Premier League,City Ground,52.94,-1.13278
2025-08-17,14:00,France,Brest,Lille,Ligue 1,Stade Francis-Le Blé,48.402932,-4.461694
2025-08-17,15:00,Belgium,St Truiden,RAAL La Louviere,Belgian Pro League,Stayen,50.813474,5.166256
2025-08-17,15:30,Portugal,Rio Ave,Nacional,Primeira Liga,Estádio dos Arcos,41.36278,-8.74028
2025-08-17,16:00,Spain,Celta,Getafe,La Liga,Balaídos,42.2118,-8.7397
2025-08-17,16:00,Spain,Sociedad B,Zaragoza,Segunda Division,Anoeta,43.30139,-1.97361
2025-08-17,16:15,France,Angers,Paris FC,Ligue 1,Stade Raymond Kopa,47.460458,-0.530741
2025-08-17,16:15,France,Auxerre,Lorient,Ligue 1,Stade Abbé Deschamps,47.7867528,3.5886639
2025-08-17,16:30,England,Man United,Arsenal,Premier League,Old Trafford,53.463055555556,-2.2913888888889
2025-08-17,17:00,Turkey,Konyaspor,Gaziantep,Super Lig,Konya Metropolitan Municipality Stadium,37.946,32.488
2025-08-17,17:30,Belgium,Charleroi,Antwerp,Belgian Pro League,Stade du Pays de Charleroi,50.414609,4.453787
2025-08-17,18:00,Portugal,Alverca,Sp Braga,Primeira Liga,Estádio Municipal de Arouca,40.933,-8.2503
2025-08-17,18:00,Portugal,Santa Clara,Moreirense,Primeira Liga,Estádio de São Miguel,37.763694,-25.622611
2025-08-17,18:15,Belgium,Cercle Brugge,Westerlo,Belgian Pro League,Jan Breydel Stadium,51.19333,3.18056
2025-08-17,18:30,Spain,Ath Bilbao,Sevilla,La Liga,San Mamés,43.2643,-2.9504
2025-08-17,19:00,Netherlands,NAC Breda,For Sittard,Eredivisie,Rat Verlegh Stadion,51.595,4.75028
2025-08-17,19:30,Turkey,Besiktas,Eyupspor,Super Lig,Tüpraş Stadium,41.03917,28.99472
2025-08-17,19:30,Turkey,Buyuksehyr,Kayserispor,Super Lig,Başakşehir Fatih Terim Stadium,41.12278,28.80861
2025-08-17,19:45,France,Nantes,Paris SG,Ligue 1,Stade de la Beaujoire,47.256,-1.525
2025-08-17,20:30,Spain,Espanol,Ath Madrid,La Liga,RCDE Stadium,41.34778,2.07556
2025-08-17,20:30,Spain,Las Palmas,Andorra,Segunda Division,Gran Canaria,28.10028,-15.45667
2025-08-18,19:45,France,Le Mans,Montpellier,Ligue 2,Stade Bollaert-Delelis,50.43278,2.815
2025-08-18,20:15,Portugal,Gil Vicente,Porto,Primeira Liga,Estádio Cidade de Barcelos,41.551,-8.623
2025-08-18,20:30,Spain,Almeria,Albacete,Segunda Division,Mestalla,39.47472,-0.35833
2025-08-19,20:00,Spain,Real Madrid,Osasuna,La Liga,Santiago Bernabéu,40.45306,-3.68835
2025-08-22,19:00,Portugal,Amiens,Annecy,Ligue 2,Estádio Comendador Joaquim de Almeida Freitas,41.37806,-8.35472
2025-08-22,19:00,France,Le Mans,Bastia,Ligue 2,Stade Bollaert-Delelis,50.43278,2.815
2025-08-22,19:30,Germany,Bayern Munich,RB Leipzig,Bundesliga,Allianz Arena,48.218775,11.624752777778
2025-08-22,19:30,Italy,Pescara,Cesena,Serie B,Stadio Ennio Tardini,44.795,10.33833
2025-08-22,19:45,France,Paris SG,Angers,Ligue 1,Parc des Princes,48.84138888888889,2.2530555555555556
2025-08-22,20:00,England,West Ham,Chelsea,Premier League,London Stadium,51.5386,-0.0164
2025-08-22,20:30,Spain,Betis,Alaves,La Liga,Benito Villamarín,37.35639,-5.98139
2025-08-22,20:30,Spain,Leganes,Cadiz,Segunda Division,Municipal de Butarque,40.3404,-3.7607
2025-08-23,12:30,England,Man City,Tottenham,Premier League,City of Manchester Stadium,53.483055555556,-2.2002777777778
2025-08-23,12:30,Belgium,Charlton,Leicester,Championship,Stade du Pays de Charleroi,50.414609,4.453787
2025-08-23,14:30,Germany,Ein Frankfurt,Werder Bremen,Bundesliga,Deutsche Bank Park,50.068056,8.645806
2025-08-23,14:30,Germany,Freiburg,Augsburg,Bundesliga,Europa-Park Stadion,48.0216,7.8297
2025-08-23,14:30,Germany,Heidenheim,Wolfsburg,Bundesliga,Voith-Arena,48.66861,10.13944
2025-08-23,14:30,Germany,Leverkusen,Hoffenheim,Bundesliga,BayArena,51.03833,7.00222
2025-08-23,14:30,Germany,Union Berlin,Stuttgart,Bundesliga,Stadion An der Alten Försterei,52.45722,13.56806
2025-08-23,15:00,England,Bournemouth,Wolves,Premier League,Dean Court,50.73528,-1.83833
2025-08-23,15:00,England,Brentford,Aston Villa,Premier League,Brentford Community Stadium,51.49083,-0.28861
2025-08-23,15:00,Croatia,Norwich,Middlesbrough,Championship,ŠRC Velika Gorica,45.724,16.0732
2025-08-23,15:00,Portugal,Preston,Ipswich,Championship,Estádio do Dragão,41.1618,-8.5839
2025-08-23,15:00,England,Sheffield United,Millwall,Championship,Old Trafford,53.463055555556,-2.2913888888889
2025-08-23,15:00,England,Southampton,Stoke,Championship,St Mary's Stadium,50.90583,-1.39111
2025-08-23,15:00,Belgium,West Brom,Portsmouth,Championship,Het Kuipje,51.094817,4.928806
2025-08-23,15:30,Netherlands,Go Ahead Eagles,Sparta Rotterdam,Eredivisie,De Adelaarshorst,52.260416,6.172578
2025-08-23,16:00,Spain,Mallorca,Celta,La Liga,Mallorca Son Moix,39.59,2.63
2025-08-23,16:00,Denmark,Mirandes,Huesca,Segunda Division,Cepheus Park Randers,56.46594,10.010262
2025-08-23,16:00,France,Marseille,Paris FC,Ligue 1,Orange Vélodrome,43.26972,5.39583
2025-08-23,16:00,Portugal,Moreirense,Guimaraes,Primeira Liga,Estádio Comendador Joaquim de Almeida Freitas,41.37806,-8.35472
2025-08-23,17:15,Belgium,Standard,Cercle Brugge,Belgian Pro League,Stade Maurice Dufrasne,50.61,5.54333
2025-08-23,17:30,England,Arsenal,Leeds,Premier League,Emirates Stadium,51.55667,-0.10611
2025-08-23,17:30,Germany,St Pauli,Dortmund,Bundesliga,Millerntor-Stadion,53.554583,9.967667
2025-08-23,17:30,Italy,Genoa,Lecce,Serie A,Stadio Luigi Ferraris,44.41639,8.9525
2025-08-23,17:45,Netherlands,PSV Eindhoven,Groningen,Eredivisie,Philips Stadion,51.44167,5.4675
2025-08-23,18:00,Italy,Empoli,Padova,Serie B,Stadio Carlo Castellani - Computer Gross Arena,43.72639,10.955
2025-08-23,18:00,France,Nice,Auxerre,Ligue 1,Allianz Riviera,43.70528,7.1925
2025-08-23,18:00,Portugal,Nacional,Sp Lisbon,Primeira Liga,Estádio da Madeira,32.670625,-16.883525
2025-08-23,18:00,Greece,Aris,Volos NFC,Super League Greece,Kleanthis Vikelidis Stadium,40.6,22.96944
2025-08-23,18:00,Greece,Olympiakos,Asteras Tripolis,Super League Greece,Karaiskakis Stadium,37.94611,23.66444
2025-08-23,18:30,Spain,Ath Madrid,Elche,La Liga,Santiago Bernabéu,40.45306,-3.68835
2025-08-23,19:00,Italy,Boulogne,St Etienne,Ligue 2,Stadio Renato Dall'Ara,44.49222,11.30972
2025-08-23,19:30,Turkey,Fenerbahce,Kocaelispor,Super Lig,Ülker Stadium,40.98778,29.03694
2025-08-23,19:30,Turkey,Gaziantep,Genclerbirligi,Super Lig,Gaziantep Stadium,37.12389,37.3825
2025-08-23,19:45,Italy,Milan,Cremonese,Serie A,San Siro,45.47806,9.12389
2025-08-23,19:45,Italy,Roma,Bologna,Serie A,Stadio Olimpico,41.93389,12.45472
2025-08-23,20:00,Italy,Monza,Mantova,Serie B,Stadio Brianteo,45.58278,9.30806
2025-08-23,20:00,Italy,Palermo,Reggiana,Serie B,Stadio Ennio Tardini,44.795,10.33833
2025-08-23,20:00,Greece,Panetolikos,Atromitos,Super League Greece,Panetolikos Stadium,38.63,21.41167
2025-08-23,20:05,France,Lyon,Metz,Ligue 1,Groupama Stadium,45.765224,4.982131
2025-08-23,20:30,Spain,Levante,Barcelona,La Liga,Municipal de Butarque,40.3404,-3.7607
2025-08-23,20:30,Portugal,Zaragoza,Andorra,Segunda Division,Estádio Municipal de Braga,41.5625,-8.43
2025-08-23,20:30,Portugal,Arouca,Rio Ave,Primeira Liga,Estádio Municipal de Arouca,40.933,-8.2503
2025-08-23,20:30,Portugal,Benfica,Tondela,Primeira Liga,Estádio da Luz,38.7527,-9.1847
2025-08-24,11:15,Netherlands,Heerenveen,Twente,Eredivisie,Abe Lenstra Stadion,52.95861,5.93611
2025-08-24,12:30,Belgium,Antwerp,Mechelen,Belgian Pro League,Bosuilstadion,51.2325,4.47222
2025-08-24,13:30,Netherlands,Utrecht,Excelsior,Eredivisie,Stadion Galgenwaard,52.07833,5.14583
2025-08-24,14:00,England,Crystal Palace,Nott'm Forest,Premier League,Selhurst Park,51.39833,-0.08556
2025-08-24,14:00,England,Everton,Brighton,Premier League,Goodison Park,53.438888888889,-2.9663888888889
2025-08-24,14:30,Germany,Mainz,FC Koln,Bundesliga,Mewa Arena,49.98417,8.22417
2025-08-24,15:30,Portugal,Famalicao,Gil Vicente,Primeira Liga,Estádio Municipal de Famalicão,41.40139,-8.5225
2025-08-24,15:45,Netherlands,Ajax,Heracles,Eredivisie,Johan Cruyff Arena,52.31417,4.94194
2025-08-24,16:00,Spain,Osasuna,Valencia,La Liga,El Sadar,42.79667,-1.63694
2025-08-24,16:15,France,Le Havre,Lens,Ligue 1,Stade Océane,49.49889,0.16972
2025-08-24,16:15,France,Strasbourg,Nantes,Ligue 1,Stade de la Meinau,48.56,7.755
2025-08-24,16:15,France,Toulouse,Brest,Ligue 1,Stadium de Toulouse,43.58306,1.43417
2025-08-24,16:30,England,Fulham,Man United,Premier League,Craven Cottage,51.475,-0.22166666666667
2025-08-24,17:00,Turkey,Trabzonspor,Antalyaspor,Super Lig,Papara Park,40.99917,39.64583
2025-08-24,17:30,Italy,Cagliari,Fiorentina,Serie A,Unipol Domus,39.2,9.1375
2025-08-24,17:30,Italy,Como,Lazio,Serie A,Stadio Giuseppe Sinigaglia,45.81389,9.07222
2025-08-24,18:00,Italy,Spezia,Carrarese,Serie B,Stadio Pier Luigi Penzo,45.4277611,12.3637306
2025-08-24,18:00,Italy,Venezia,Bari,Serie B,Stadio Pier Luigi Penzo,45.4277611,12.3637306
2025-08-24,18:00,Portugal,Porto,Casa Pia,Primeira Liga,Estádio do Dragão,41.1618,-8.5839
2025-08-24,18:15,Belgium,Dender,Oud-Heverlee Leuven,Belgian Pro League,Van Roystadion,50.883683,4.071185
2025-08-24,18:30,Spain,Sociedad,Espanol,La Liga,Anoeta,43.30139,-1.97361
2025-08-24,18:30,Spain,Villarreal,Girona,La Liga,La Cerámica,39.94417,-0.10361
2025-08-24,19:00,Greece,PAOK,Larisa,Super League Greece,Toumba Stadium,40.61389,22.9725
2025-08-24,19:30,Turkey,Kayserispor,Galatasaray,Super Lig,RHG Enertürk Enerji Stadium,38.73722,35.42306
2025-08-24,19:45,Italy,Atalanta,Pisa,Serie A,Gewiss Stadium,45.70889,9.68083
2025-08-24,19:45,Italy,Juventus,Parma,Serie A,Juventus Stadium,45.10944,7.64111
2025-08-24,19:45,France,Lille,Monaco,Ligue 1,Decathlon Arena Pierre Mauroy Stadium,50.6119,3.1304
2025-08-24,20:30,Portugal,Sp Braga,AVS,Primeira Liga,Estádio Municipal de Braga,41.5625,-8.43
2025-08-25,17:00,Turkey,Eyupspor,Alanyaspor,Super Lig,Recep Tayyip Erdoğan Stadium,41.03278,28.9725
2025-08-25,17:30,Italy,Udinese,Verona,Serie A,Stadio Friuli,46.0816,13.2001
2025-08-25,17:30,Greece,Levadeiakos,Kifisia,Super League Greece,Levadia Municipal Stadium,38.4358972,22.8828444
2025-08-25,18:30,Spain,Ath Bilbao,Vallecano,La Liga,San Mamés,43.2643,-2.9504
2025-08-25,19:30,Turkey,Sampdoria,Modena,Serie B,Samsun 19 Mayıs Stadium,41.22778,36.4575
2025-08-25,20:00,England,Newcastle,Liverpool,Premier League,St James' Park,54.975555555556,-1.6216666666667
2025-08-25,20:15,Portugal,Estrela,Alverca,Primeira Liga,Estádio José Gomes,38.75194,-9.22806
2025-08-25,20:30,Spain,Sevilla,Getafe,La Liga,Ramón Sánchez-Pizjuán,37.384,-5.9705
2025-08-27,20:00,Spain,Celta,Betis,La Liga,Balaídos,42.2118,-8.7397
2025-08-29,18:30,Spain,Sociedad B,Almeria,Segunda Division,Anoeta,43.30139,-1.97361
2025-08-29,19:00,Greece,Laval,Clermont,Ligue 2,Lamia Municipal Stadium,38.91,22.43111
2025-08-29,19:00,France,Montpellier,Amiens,Ligue 2,Stade de la Mosson,43.62222,3.81194
2025-08-29,19:00,France,Red Star,Annecy,Ligue 2,Stade Francis-Le Blé,48.402932,-4.461694
2025-08-29,19:00,Netherlands,Groningen,Heracles,Eredivisie,Euroborg,53.20611,6.59139
2025-08-29,19:30,Turkey,Goztep,Konyaspor,Super Lig,Gürsel Aksel Stadium,38.396821,27.07595
2025-08-29,19:45,Italy,Lecce,Milan,Serie A,Stadio Via del mare,40.36528,18.20889
2025-08-29,19:45,France,Lens,Brest,Ligue 1,Stade Bollaert-Delelis,50.43278,2.815
2025-08-29,19:45,Belgium,Cercle Brugge,St Truiden,Belgian Pro League,Jan Breydel Stadium,51.19333,3.18056
2025-08-29,20:00,England,Leicester,Birmingham,Championship,King Power Stadium,52.620277777778,-1.1422222222222
2025-08-29,20:15,Portugal,Gil Vicente,Moreirense,Primeira Liga,Estádio Cidade de Barcelos,41.551,-8.623
2025-08-29,20:30,Spain,Valencia,Getafe,La Liga,Mestalla,39.47472,-0.35833
2025-08-30,12:00,Germany,Bochum,PreuÃen MÃ¼nster,2. Bundesliga,Vonovia Ruhrstadion,51.49,7.23667
2025-08-30,12:00,Germany,Holstein Kiel,Hannover,2. Bundesliga,Holstein-Stadion,54.34917,10.12361
2025-08-30,12:30,England,Chelsea,Fulham,Premier League,Stamford Bridge,51.481666666667,-0.19111111111111
2025-08-30,13:00,Portugal,Bastia,Guingamp,Ligue 2,Estádio do Bessa,41.16222,-8.64278
2025-08-30,13:00,France,Reims,Le Mans,Ligue 2,Stade Auguste Delaune,49.24667,4.025
2025-08-30,14:30,Germany,Hoffenheim,Ein Frankfurt,Bundesliga,PreZero Arena,49.23806,8.8875
2025-08-30,14:30,Germany,RB Leipzig,Heidenheim,Bundesliga,Red Bull Arena,51.34583,12.34833
2025-08-30,14:30,Germany,Stuttgart,M'gladbach,Bundesliga,MHPArena,48.79222,9.23194
2025-08-30,14:30,Germany,Werder Bremen,Leverkusen,Bundesliga,Weserstadion,53.06639,8.8375
2025-08-30,15:00,England,Man United,Burnley,Premier League,Old Trafford,53.463055555556,-2.2913888888889
2025-08-30,15:00,England,Tottenham,Bournemouth,Premier League,Tottenham Hotspur Stadium,51.6044,-0.0664
2025-08-30,15:00,England,Wolves,Everton,Premier League,Molineux Stadium,52.59028,-2.13028
2025-08-30,15:00,England,Bristol City,Hull,Championship,King Power Stadium,52.620277777778,-1.1422222222222
2025-08-30,15:00,England,Ipswich,Derby,Championship,Portman Road,52.055,1.14528
2025-08-30,15:00,Portugal,Portsmouth,Preston,Championship,Estádio do Dragão,41.1618,-8.5839
2025-08-30,15:00,England,Watford,Southampton,Championship,Brentford Community Stadium,51.49083,-0.28861
2025-08-30,15:00,Belgium,Mechelen,RAAL La Louviere,Belgian Pro League,AFAS-stadion Achter de Kazerne,51.037184,4.486397
2025-08-30,15:30,Portugal,Casa Pia,Nacional,Primeira Liga,Estádio Municipal de Rio Maior[A],39.34444,-8.93528
2025-08-30,16:00,Spain,Alaves,Ath Madrid,La Liga,Mendizorrotza,42.8371111,-2.6880444
2025-08-30,16:00,Denmark,Santander,Ceuta,Segunda Division,Cepheus Park Randers,56.46594,10.010262
2025-08-30,17:00,Turkey,Kocaelispor,Kayserispor,Super Lig,RHG Enertürk Enerji Stadium,38.73722,35.42306
2025-08-30,17:00,Greece,Volos NFC,Olympiakos,Super League Greece,Panthessaliko Stadium,39.3875,22.93111
2025-08-30,17:15,Belgium,Westerlo,Antwerp,Belgian Pro League,Het Kuipje,51.094817,4.928806
2025-08-30,17:30,Germany,Augsburg,Bayern Munich,Bundesliga,WWK Arena,48.32306,10.88611
2025-08-30,17:30,Italy,Bologna,Como,Serie A,Stadio Renato Dall'Ara,44.49222,11.30972
2025-08-30,17:30,Italy,Parma,Atalanta,Serie A,Stadio Ennio Tardini,44.795,10.33833
2025-08-30,17:30,Greece,Panserraikos,OFI Crete,Super League Greece,Serres Municipal Stadium,41.0847,23.5466
2025-08-30,17:45,Netherlands,Heerenveen,Go Ahead Eagles,Eredivisie,Abe Lenstra Stadion,52.95861,5.93611
2025-08-30,18:00,Spain,Valladolid,Cordoba,Segunda Division,José Zorrilla,41.64444,-4.76111
2025-08-30,18:00,France,Nantes,Auxerre,Ligue 1,Stade de la Beaujoire,47.256,-1.525
2025-08-30,18:00,Portugal,AVS,Famalicao,Primeira Liga,Estádio do CD Aves,41.366932,-8.411789
2025-08-30,18:00,Portugal,Guimaraes,Arouca,Primeira Liga,Estádio D. Afonso Henriques,41.44583,-8.30111
2025-08-30,18:30,Spain,Girona,Sevilla,La Liga,Montilivi,41.96139,2.82861
2025-08-30,19:00,France,St Etienne,Grenoble,Ligue 2,Stade Geoffroy Guichard,45.46083,4.39028
2025-08-30,19:00,Netherlands,PSV Eindhoven,Telstar,Eredivisie,Philips Stadion,51.44167,5.4675
2025-08-30,19:00,Greece,Aris,Panetolikos,Super League Greece,Kleanthis Vikelidis Stadium,40.6,22.96944
2025-08-30,19:30,Netherlands,Fortuna Dusseldorf,Karlsruhe,2. Bundesliga,Fortuna Sittard Stadion,50.992069,5.843675
2025-08-30,19:30,Turkey,Antalyaspor,Karagumruk,Super Lig,Corendon Airlines Park,36.888278,30.668444
2025-08-30,19:30,Turkey,Galatasaray,Rizespor,Super Lig,Rams Park,41.10278,28.99056
2025-08-30,19:30,Greece,Larisa,Kifisia,Super League Greece,Kleanthis Vikelidis Stadium,40.6,22.96944
2025-08-30,19:45,Italy,Napoli,Cagliari,Serie A,Stadio Diego Armando Maradona,40.828,14.193
2025-08-30,19:45,Belgium,Charleroi,Dender,Belgian Pro League,Stade du Pays de Charleroi,50.414609,4.453787
2025-08-30,20:00,England,Cesena,Virtus Entella,Serie B,Stamford Bridge,51.481666666667,-0.19111111111111
2025-08-30,20:00,Italy,Palermo,Frosinone,Serie B,Stadio Ennio Tardini,44.795,10.33833
2025-08-30,20:00,Italy,Spezia,Catanzaro,Serie B,Stadio Pier Luigi Penzo,45.4277611,12.3637306
2025-08-30,20:05,France,Toulouse,Paris SG,Ligue 1,Stadium de Toulouse,43.58306,1.43417
2025-08-30,20:30,Spain,Real Madrid,Mallorca,La Liga,Santiago Bernabéu,40.45306,-3.68835
2025-08-31,11:15,Netherlands,For Sittard,Nijmegen,Eredivisie,Fortuna Sittard Stadion,50.992069,5.843675
2025-08-31,12:30,Germany,Magdeburg,Greuther Furth,2. Bundesliga,WWK Arena,48.32306,10.88611
2025-08-31,12:30,Belgium,Gent,Club Brugge,Belgian Pro League,Planet Group Arena,51.01611,3.73417
2025-08-31,13:30,Netherlands,Sparta Rotterdam,Feyenoord,Eredivisie,Spartastadion Het Kasteel,51.919485,4.433619
2025-08-31,13:30,Netherlands,Zwolle,Utrecht,Eredivisie,MAC³PARK Stadion,52.51722,6.12083
2025-08-31,14:00,England,Brighton,Man City,Premier League,Falmer Stadium,50.861822222222,-0.083277777777778
2025-08-31,14:00,England,Nott'm Forest,West Ham,Premier League,City Ground,52.94,-1.13278
2025-08-31,14:00,France,Angers,Rennes,Ligue 1,Stade Raymond Kopa,47.460458,-0.530741
2025-08-31,14:30,Germany,Wolfsburg,Mainz,Bundesliga,Volkswagen Arena,52.43278,10.80389
2025-08-31,15:00,Belgium,Oud-Heverlee Leuven,Standard,Belgian Pro League,Den Dreef,50.86833,4.69417
2025-08-31,15:45,Netherlands,NAC Breda,AZ Alkmaar,Eredivisie,Rat Verlegh Stadion,51.595,4.75028
2025-08-31,16:00,Spain,Celta,Villarreal,La Liga,Balaídos,42.2118,-8.7397
2025-08-31,16:15,France,Le Havre,Nice,Ligue 1,Stade Océane,49.49889,0.16972
2025-08-31,16:15,France,Monaco,Strasbourg,Ligue 1,Stade Louis II,43.7275,7.41556
2025-08-31,16:30,England,Liverpool,Arsenal,Premier League,Anfield,53.4308,-2.9608
2025-08-31,16:30,Germany,Dortmund,Union Berlin,Bundesliga,Signal Iduna Park,51.4925,7.45167
2025-08-31,17:00,Turkey,Buyuksehyr,Eyupspor,Super Lig,Başakşehir Fatih Terim Stadium,41.12278,28.80861
2025-08-31,17:30,Italy,Genoa,Juventus,Serie A,Stadio Luigi Ferraris,44.41639,8.9525
2025-08-31,17:30,Italy,Torino,Fiorentina,Serie A,Stadio Olimpico Grande Torino,45.04167,7.65
2025-08-31,18:00,Spain,Betis,Ath Bilbao,La Liga,Benito Villamarín,37.35639,-5.98139
2025-08-31,18:00,Portugal,Carrarese,Padova,Serie B,Estádio de São Luís,37.022861,-7.928444
2025-08-31,18:00,Austria,Sudtirol,Sampdoria,Serie B,Tivoli Stadion Tirol,47.25583,11.41083
2025-08-31,18:00,Portugal,Alverca,Benfica,Primeira Liga,Estádio Municipal de Arouca,40.933,-8.2503
2025-08-31,18:15,Belgium,Genk,Waregem,Belgian Pro League,Cegeka Arena,51.005,5.53333
2025-08-31,18:30,Spain,Espanol,Osasuna,La Liga,RCDE Stadium,41.34778,2.07556
2025-08-31,18:30,Spain,Las Palmas,Malaga,Segunda Division,Gran Canaria,28.10028,-15.45667
2025-08-31,19:00,England,Aston Villa,Crystal Palace,Premier League,Villa Park,52.509166666667,-1.8847222222222
2025-08-31,19:00,Greece,PAOK,Atromitos,Super League Greece,Toumba Stadium,40.61389,22.9725
2025-08-31,19:30,Turkey,Alanyaspor,Besiktas,Super Lig,Alanya Oba Stadium,36.5626,32.0792
2025-08-31,19:30,Turkey,Trabzonspor,Samsunspor,Super Lig,Papara Park,40.99917,39.64583
2025-08-31,19:45,Italy,Lazio,Verona,Serie A,Stadio Olimpico,41.93389,12.45472
2025-08-31,19:45,France,Lyon,Marseille,Ligue 1,Groupama Stadium,45.765224,4.982131
2025-08-31,20:00,Greece,Bari,Monza,Serie B,Kleanthis Vikelidis Stadium,40.6,22.96944
2025-08-31,20:00,Italy,Modena,Avellino,Serie B,Stadio Brianteo,45.58278,9.30806
2025-08-31,20:00,Greece,Panathinaikos,Levadeiakos,Super League Greece,Athens Olympic Stadium,38.03606806,23.7876
2025-08-31,20:30,Spain,Vallecano,Barcelona,La Liga,Vallecas,40.39194,-3.65889
2025-08-31,20:30,Spain,Granada,Mirandes,Segunda Division,Montilivi,41.96139,2.82861
2025-08-31,20:30,Portugal,Rio Ave,Sp Braga,Primeira Liga,Estádio dos Arcos,41.36278,-8.74028
2025-08-31,20:30,Portugal,Santa Clara,Estrela,Primeira Liga,Estádio de São Miguel,37.763694,-25.622611
2025-09-01,20:30,Spain,Leganes,La Coruna,Segunda Division,Municipal de Butarque,40.3404,-3.7607
2025-09-06,17:30,Portugal,Zaragoza,Valladolid,Segunda Division,Estádio Municipal de Braga,41.5625,-8.43
2025-09-06,20:30,Portugal,Estoril,Santa Clara,Primeira Liga,Estádio António Coimbra da Mota,38.71583,-9.40639
2025-09-07,15:15,Spain,Sociedad B,Cadiz,Segunda Division,Anoeta,43.30139,-1.97361
2025-09-07,17:30,Spain,Almeria,Santander,Segunda Division,Mestalla,39.47472,-0.35833
2025-09-12,19:00,Portugal,Amiens,Bastia,Ligue 2,Estádio Comendador Joaquim de Almeida Freitas,41.37806,-8.35472
2025-09-12,19:00,Italy,Boulogne,Laval,Ligue 2,Stadio Renato Dall'Ara,44.49222,11.30972
2025-09-12,19:00,France,Le Mans,Rodez,Ligue 2,Stade Bollaert-Delelis,50.43278,2.815
2025-09-12,19:30,Spain,Las Palmas,Sociedad B,Segunda Division,Gran Canaria,28.10028,-15.45667
2025-09-12,19:30,Germany,Leverkusen,Ein Frankfurt,Bundesliga,BayArena,51.03833,7.00222
2025-09-12,19:45,France,Marseille,Lorient,Ligue 1,Orange Vélodrome,43.26972,5.39583
2025-09-12,19:45,Belgium,Standard,Mechelen,Belgian Pro League,Stade Maurice Dufrasne,50.61,5.54333
2025-09-12,20:00,England,Ipswich,Sheffield United,Championship,Portman Road,52.055,1.14528
2025-09-12,20:00,Spain,Sevilla,Elche,La Liga,Ramón Sánchez-Pizjuán,37.384,-5.9705
2025-09-12,20:15,Portugal,Alverca,Tondela,Primeira Liga,Estádio Municipal de Arouca,40.933,-8.2503
2025-09-12,20:15,Portugal,Benfica,Santa Clara,Primeira Liga,Estádio da Luz,38.7527,-9.1847
2025-09-13,12:30,England,Arsenal,Nott'm Forest,Premier League,Emirates Stadium,51.55667,-0.10611
2025-09-13,12:30,Belgium,Charlton,Millwall,Championship,Stade du Pays de Charleroi,50.414609,4.453787
2025-09-13,12:30,Portugal,Preston,Middlesbrough,Championship,Estádio do Dragão,41.1618,-8.5839
2025-09-13,13:00,Spain,Getafe,Oviedo,La Liga,Coliseum,40.32556,-3.71472
2025-09-13,13:00,Netherlands,Annecy,Reims,Ligue 2,Goffertstadion,51.8225,5.83667
2025-09-13,13:00,Italy,Grenoble,Dunkerque,Ligue 2,Stadio Luigi Ferraris,44.41639,8.9525
2025-09-13,14:00,Italy,Cagliari,Parma,Serie A,Unipol Domus,39.2,9.1375
2025-09-13,14:00,Italy,Modena,Bari,Serie B,Stadio Brianteo,45.58278,9.30806
2025-09-13,14:00,Greece,Padova,Frosinone,Serie B,Toumba Stadium,40.61389,22.9725
2025-09-13,14:00,Italy,Pescara,Venezia,Serie B,Stadio Ennio Tardini,44.795,10.33833
2025-09-13,14:30,Germany,Freiburg,Stuttgart,Bundesliga,Europa-Park Stadion,48.0216,7.8297
2025-09-13,14:30,Germany,Heidenheim,Dortmund,Bundesliga,Voith-Arena,48.66861,10.13944
2025-09-13,14:30,Germany,Mainz,RB Leipzig,Bundesliga,Mewa Arena,49.98417,8.22417
2025-09-13,14:30,Germany,Union Berlin,Hoffenheim,Bundesliga,Stadion An der Alten Försterei,52.45722,13.56806
2025-09-13,14:30,Germany,Wolfsburg,FC Koln,Bundesliga,Volkswagen Arena,52.43278,10.80389
2025-09-13,15:00,England,Bournemouth,Brighton,Premier League,Dean Court,50.73528,-1.83833
2025-09-13,15:00,England,Crystal Palace,Sunderland,Premier League,Selhurst Park,51.39833,-0.08556
2025-09-13,15:00,England,Everton,Aston Villa,Premier League,Goodison Park,53.438888888889,-2.9663888888889
2025-09-13,15:00,England,Fulham,Leeds,Premier League,Craven Cottage,51.475,-0.22166666666667
2025-09-13,15:00,England,Newcastle,Wolves,Premier League,St James' Park,54.975555555556,-1.6216666666667
2025-09-13,15:00,England,Watford,Blackburn,Championship,Brentford Community Stadium,51.49083,-0.28861
2025-09-13,15:00,Belgium,West Brom,Derby,Championship,Het Kuipje,51.094817,4.928806
2025-09-13,15:00,Turkey,Eyupspor,Galatasaray,Super Lig,Recep Tayyip Erdoğan Stadium,41.03278,28.9725
2025-09-13,15:00,Turkey,Samsunspor,Antalyaspor,Super Lig,Samsun 19 Mayıs Stadium,41.22778,36.4575
2025-09-13,15:15,Spain,Sociedad,Real Madrid,La Liga,Anoeta,43.30139,-1.97361
2025-09-13,15:15,Denmark,Mirandes,La Coruna,Segunda Division,Cepheus Park Randers,56.46594,10.010262
2025-09-13,15:30,Netherlands,Ajax,Zwolle,Eredivisie,Johan Cruyff Arena,52.31417,4.94194
2025-09-13,15:30,Portugal,Estoril,AVS,Primeira Liga,Estádio António Coimbra da Mota,38.71583,-9.40639
2025-09-13,15:30,Portugal,Moreirense,Rio Ave,Primeira Liga,Estádio Comendador Joaquim de Almeida Freitas,41.37806,-8.35472
2025-09-13,16:00,France,Nice,Nantes,Ligue 1,Allianz Riviera,43.70528,7.1925
2025-09-13,16:00,Greece,Olympiakos,Panserraikos,Super League Greece,Karaiskakis Stadium,37.94611,23.66444
2025-09-13,17:00,Italy,Juventus,Inter,Serie A,Juventus Stadium,45.10944,7.64111
2025-09-13,17:15,Belgium,Dender,St. Gilloise,Belgian Pro League,Van Roystadion,50.883683,4.071185
2025-09-13,17:30,England,West Ham,Tottenham,Premier League,London Stadium,51.5386,-0.0164
2025-09-13,17:30,Spain,Ath Bilbao,Alaves,La Liga,San Mamés,43.2643,-2.9504
2025-09-13,17:30,Germany,Bayern Munich,Hamburg,Bundesliga,Allianz Arena,48.218775,11.624752777778
2025-09-13,17:45,Netherlands,Go Ahead Eagles,Volendam,Eredivisie,De Adelaarshorst,52.260416,6.172578
2025-09-13,18:00,Portugal,Porto,Nacional,Primeira Liga,Estádio do Dragão,41.1618,-8.5839
2025-09-13,18:00,Turkey,Besiktas,Buyuksehyr,Super Lig,Tüpraş Stadium,41.03917,28.99472
2025-09-13,18:00,Turkey,Konyaspor,Alanyaspor,Super Lig,Konya Metropolitan Municipality Stadium,37.946,32.488
2025-09-13,18:00,Greece,Atromitos,Aris,Super League Greece,Peristeri Stadium,38.00472,23.68972
2025-09-13,18:00,Greece,Panetolikos,Volos NFC,Super League Greece,Panetolikos Stadium,38.63,21.41167
2025-09-13,18:30,Turkey,Sampdoria,Cesena,Serie B,Samsun 19 Mayıs Stadium,41.22778,36.4575
2025-09-13,19:45,Italy,Fiorentina,Napoli,Serie A,Stadio Artemio Franchi,43.78083,11.28222
2025-09-13,20:00,England,Brentford,Chelsea,Premier League,Brentford Community Stadium,51.49083,-0.28861
2025-09-13,20:00,Spain,Ath Madrid,Villarreal,La Liga,Santiago Bernabéu,40.45306,-3.68835
2025-09-13,20:00,Spain,Valladolid,Almeria,Segunda Division,José Zorrilla,41.64444,-4.76111
2025-09-13,20:00,Netherlands,Feyenoord,Heerenveen,Eredivisie,De Kuip,51.89389,4.52306
2025-09-13,20:00,Netherlands,Twente,NAC Breda,Eredivisie,De Grolsch Veste,52.23667,6.8375
2025-09-13,20:05,France,Auxerre,Monaco,Ligue 1,Stade Abbé Deschamps,47.7867528,3.5886639
2025-09-13,20:30,Portugal,Famalicao,Sp Lisbon,Primeira Liga,Estádio Municipal de Famalicão,41.40139,-8.5225
2025-09-14,11:30,Italy,Roma,Torino,Serie A,Stadio Olimpico,41.93389,12.45472
2025-09-14,12:00,England,Southampton,Portsmouth,Championship,St Mary's Stadium,50.90583,-1.39111
2025-09-14,12:30,Belgium,Antwerp,Gent,Belgian Pro League,Bosuilstadion,51.2325,4.47222
2025-09-14,13:00,Spain,Celta,Girona,La Liga,Balaídos,42.2118,-8.7397
2025-09-14,13:30,Netherlands,Heracles,AZ Alkmaar,Eredivisie,Asito Stadion[3],52.33889,6.65056
2025-09-14,13:30,Netherlands,Utrecht,Groningen,Eredivisie,Stadion Galgenwaard,52.07833,5.14583
2025-09-14,14:00,Italy,Atalanta,Lecce,Serie A,Gewiss Stadium,45.70889,9.68083
2025-09-14,14:00,France,Lille,Toulouse,Ligue 1,Decathlon Arena Pierre Mauroy Stadium,50.6119,3.1304
2025-09-14,14:30,Germany,St Pauli,Augsburg,Bundesliga,Millerntor-Stadion,53.554583,9.967667
2025-09-14,15:00,Belgium,Cercle Brugge,Charleroi,Belgian Pro League,Jan Breydel Stadium,51.19333,3.18056
2025-09-14,15:00,Turkey,Kayserispor,Goztep,Super Lig,RHG Enertürk Enerji Stadium,38.73722,35.42306
2025-09-14,15:15,Spain,Levante,Betis,La Liga,Municipal de Butarque,40.3404,-3.7607
2025-09-14,15:15,Denmark,Santander,Cultural Leonesa,Segunda Division,Cepheus Park Randers,56.46594,10.010262
2025-09-14,15:30,Portugal,Estrela,Guimaraes,Primeira Liga,Estádio José Gomes,38.75194,-9.22806
2025-09-14,16:00,Greece,Asteras Tripolis,Larisa,Super League Greece,Theodoros Kolokotronis Stadium,37.5025,22.38861
2025-09-14,16:15,Austria,Sudtirol,Palermo,Serie B,Tivoli Stadion Tirol,47.25583,11.41083
2025-09-14,16:15,France,Brest,Paris FC,Ligue 1,Stade Francis-Le Blé,48.402932,-4.461694
2025-09-14,16:15,France,Paris SG,Lens,Ligue 1,Parc des Princes,48.84138888888889,2.2530555555555556
2025-09-14,16:15,France,Strasbourg,Le Havre,Ligue 1,Stade de la Meinau,48.56,7.755
2025-09-14,16:30,England,Man City,Man United,Premier League,City of Manchester Stadium,53.483055555556,-2.2002777777778
2025-09-14,17:00,Turkey,Fenerbahce,Trabzonspor,Super Lig,Ülker Stadium,40.98778,29.03694
2025-09-14,17:00,Turkey,Gaziantep,Kocaelispor,Super Lig,Gaziantep Stadium,37.12389,37.3825
2025-09-14,17:30,Spain,Osasuna,Vallecano,La Liga,El Sadar,42.79667,-1.63694
2025-09-14,17:30,Belgium,Anderlecht,Genk,Belgian Pro League,Lotto Park,50.83417,4.29833
2025-09-14,18:00,Portugal,Arouca,Casa Pia,Primeira Liga,Estádio Municipal de Arouca,40.933,-8.2503
2025-09-14,18:00,Greece,Levadeiakos,AEK,Super League Greece,Levadia Municipal Stadium,38.4358972,22.8828444
2025-09-14,18:15,Belgium,St Truiden,Westerlo,Belgian Pro League,Stayen,50.813474,5.166256
2025-09-14,18:30,Italy,Empoli,Spezia,Serie B,Stadio Carlo Castellani - Computer Gross Arena,43.72639,10.955
2025-09-14,19:45,Italy,Milan,Bologna,Serie A,San Siro,45.47806,9.12389
2025-09-14,19:45,France,Rennes,Lyon,Ligue 1,Roazhon Park,48.1075,-1.71278
2025-09-14,20:00,Spain,Barcelona,Valencia,La Liga,Olímpic Lluís Companys,41.36472,2.15556
2025-09-14,20:00,Spain,Granada,Leganes,Segunda Division,Montilivi,41.96139,2.82861
2025-09-14,20:30,Portugal,Sp Braga,Gil Vicente,Primeira Liga,Estádio Municipal de Braga,41.5625,-8.43
2025-09-15,17:30,Italy,Verona,Cremonese,Serie A,Stadio Marcantonio Bentegodi,45.43528,10.96861
2025-09-15,18:00,Turkey,Rizespor,Genclerbirligi,Super Lig,Rize City Stadium,41.04202,40.5733
2025-09-15,19:30,Portugal,Zaragoza,Albacete,Segunda Division,Estádio Municipal de Braga,41.5625,-8.43
2025-09-15,19:45,Italy,Como,Genoa,Serie A,Stadio Giuseppe Sinigaglia,45.81389,9.07222
2025-09-15,20:00,Spain,Espanol,Mallorca,La Liga,RCDE Stadium,41.34778,2.07556
2025-09-16,18:00,Italy,Boulogne,Bastia,Ligue 2,Stadio Renato Dall'Ara,44.49222,11.30972
2025-09-17,18:00,Turkey,Fenerbahce,Alanyaspor,Super Lig,Ülker Stadium,40.98778,29.03694
2025-09-17,18:00,Turkey,Samsunspor,Kasimpasa,Super Lig,Samsun 19 Mayıs Stadium,41.22778,36.4575
2025-09-17,19:00,Netherlands,Feyenoord,For Sittard,Eredivisie,De Kuip,51.89389,4.52306
2025-09-17,19:30,Belgium,Genk,Charleroi,Belgian Pro League,Cegeka Arena,51.005,5.53333
2025-09-19,18:00,Turkey,Goztep,Besiktas,Super Lig,Gürsel Aksel Stadium,38.396821,27.07595
2025-09-19,19:00,Italy,Boulogne,Pau FC,Ligue 2,Stadio Renato Dall'Ara,44.49222,11.30972
2025-09-19,19:00,Italy,Grenoble,Annecy,Ligue 2,Stadio Luigi Ferraris,44.41639,8.9525
2025-09-19,19:00,Greece,Laval,Amiens,Ligue 2,Lamia Municipal Stadium,38.91,22.43111
2025-09-19,19:00,Netherlands,Sparta Rotterdam,Twente,Eredivisie,Spartastadion Het Kasteel,51.919485,4.433619
2025-09-19,19:30,Germany,Stuttgart,St Pauli,Bundesliga,MHPArena,48.79222,9.23194
2025-09-19,19:45,Italy,Lecce,Cagliari,Serie A,Stadio Via del mare,40.36528,18.20889
2025-09-19,19:45,France,Lyon,Angers,Ligue 1,Groupama Stadium,45.765224,4.982131
2025-09-19,19:45,Belgium,Gent,Dender,Belgian Pro League,Planet Group Arena,51.01611,3.73417
2025-09-19,20:00,Spain,Betis,Sociedad,La Liga,Benito Villamarín,37.35639,-5.98139
2025-09-19,20:00,Italy,Palermo,Bari,Serie B,Stadio Ennio Tardini,44.795,10.33833
2025-09-19,20:15,Portugal,Rio Ave,Porto,Primeira Liga,Estádio dos Arcos,41.36278,-8.74028
2025-09-20,12:00,Germany,Magdeburg,Schalke 04,2. Bundesliga,WWK Arena,48.32306,10.88611
2025-09-20,12:30,England,Liverpool,Everton,Premier League,Anfield,53.4308,-2.9608
2025-09-20,12:30,England,Leicester,Coventry,Championship,King Power Stadium,52.620277777778,-1.1422222222222
2025-09-20,13:00,Spain,Girona,Levante,La Liga,Montilivi,41.96139,2.82861
2025-09-20,13:00,France,Montpellier,Bastia,Ligue 2,Stade de la Mosson,43.62222,3.81194
2025-09-20,14:00,Italy,Bologna,Genoa,Serie A,Stadio Renato Dall'Ara,44.49222,11.30972
2025-09-20,14:00,Italy,Spezia,Juve Stabia,Serie B,Stadio Pier Luigi Penzo,45.4277611,12.3637306
2025-09-20,14:00,Italy,Venezia,Cesena,Serie B,Stadio Pier Luigi Penzo,45.4277611,12.3637306
2025-09-20,14:30,Germany,Augsburg,Mainz,Bundesliga,WWK Arena,48.32306,10.88611
2025-09-20,14:30,Germany,Hoffenheim,Bayern Munich,Bundesliga,PreZero Arena,49.23806,8.8875
2025-09-20,14:30,Germany,Werder Bremen,Freiburg,Bundesliga,Weserstadion,53.06639,8.8375
2025-09-20,15:00,England,Brighton,Tottenham,Premier League,Falmer Stadium,50.861822222222,-0.083277777777778
2025-09-20,15:00,England,West Ham,Crystal Palace,Premier League,London Stadium,51.5386,-0.0164
2025-09-20,15:00,England,Wolves,Leeds,Premier League,Molineux Stadium,52.59028,-2.13028
2025-09-20,15:00,Croatia,Norwich,Wrexham,Championship,ŠRC Velika Gorica,45.724,16.0732
2025-09-20,15:00,Portugal,Portsmouth,Sheffield Weds,Championship,Estádio do Dragão,41.1618,-8.5839
2025-09-20,15:00,England,Sheffield United,Charlton,Championship,Old Trafford,53.463055555556,-2.2913888888889
2025-09-20,15:00,Belgium,Oud-Heverlee Leuven,RAAL La Louviere,Belgian Pro League,Den Dreef,50.86833,4.69417
2025-09-20,15:15,Spain,Real Madrid,Espanol,La Liga,Santiago Bernabéu,40.45306,-3.68835
2025-09-20,15:30,Portugal,Nacional,Arouca,Primeira Liga,Estádio da Madeira,32.670625,-16.883525
2025-09-20,15:30,Portugal,Santa Clara,Alverca,Primeira Liga,Estádio de São Miguel,37.763694,-25.622611
2025-09-20,16:00,France,Nantes,Rennes,Ligue 1,Stade de la Beaujoire,47.256,-1.525
2025-09-20,16:00,Greece,Panserraikos,Atromitos,Super League Greece,Serres Municipal Stadium,41.0847,23.5466
2025-09-20,16:15,Italy,Monza,Sampdoria,Serie B,Stadio Brianteo,45.58278,9.30806
2025-09-20,17:00,Italy,Verona,Juventus,Serie A,Stadio Marcantonio Bentegodi,45.43528,10.96861
2025-09-20,17:15,Belgium,Charleroi,Waregem,Belgian Pro League,Stade du Pays de Charleroi,50.414609,4.453787
2025-09-20,17:30,England,Man United,Chelsea,Premier League,Old Trafford,53.463055555556,-2.2913888888889
2025-09-20,17:30,Spain,Alaves,Sevilla,La Liga,Mendizorrotza,42.8371111,-2.6880444
2025-09-20,17:30,Spain,Villarreal,Osasuna,La Liga,La Cerámica,39.94417,-0.10361
2025-09-20,17:30,Spain,Leganes,Las Palmas,Segunda Division,Municipal de Butarque,40.3404,-3.7607
2025-09-20,17:30,Germany,RB Leipzig,FC Koln,Bundesliga,Red Bull Arena,51.34583,12.34833
2025-09-20,17:45,Netherlands,Groningen,Telstar,Eredivisie,Euroborg,53.20611,6.59139
2025-09-20,18:00,France,Brest,Nice,Ligue 1,Stade Francis-Le Blé,48.402932,-4.461694
2025-09-20,18:00,Portugal,AVS,Benfica,Primeira Liga,Estádio do CD Aves,41.366932,-8.411789
2025-09-20,18:00,Turkey,Antalyaspor,Kayserispor,Super Lig,Corendon Airlines Park,36.888278,30.668444
2025-09-20,18:00,Turkey,Trabzonspor,Gaziantep,Super Lig,Papara Park,40.99917,39.64583
2025-09-20,18:00,Greece,Volos NFC,Asteras Tripolis,Super League Greece,Panthessaliko Stadium,39.3875,22.93111
2025-09-20,18:30,Greece,PAOK,Panetolikos,Super League Greece,Toumba Stadium,40.61389,22.9725
2025-09-20,19:00,France,St Etienne,Reims,Ligue 2,Stade Geoffroy Guichard,45.46083,4.39028
2025-09-20,19:00,Netherlands,For Sittard,Utrecht,Eredivisie,Fortuna Sittard Stadion,50.992069,5.843675
2025-09-20,19:45,Italy,Udinese,Milan,Serie A,Stadio Friuli,46.0816,13.2001
2025-09-20,19:45,Belgium,Anderlecht,Antwerp,Belgian Pro League,Lotto Park,50.83417,4.29833
2025-09-20,20:00,England,Fulham,Brentford,Premier League,Craven Cottage,51.475,-0.22166666666667
2025-09-20,20:00,Spain,Valencia,Ath Bilbao,La Liga,Mestalla,39.47472,-0.35833
2025-09-20,20:00,Spain,Almeria,Sp Gijon,Segunda Division,Mestalla,39.47472,-0.35833
2025-09-20,20:00,Netherlands,NAC Breda,Heracles,Eredivisie,Rat Verlegh Stadion,51.595,4.75028
2025-09-20,20:05,France,Lens,Lille,Ligue 1,Stade Bollaert-Delelis,50.43278,2.815
2025-09-20,20:30,Portugal,Guimaraes,Sp Braga,Primeira Liga,Estádio D. Afonso Henriques,41.44583,-8.30111
2025-09-21,11:15,Netherlands,Zwolle,Go Ahead Eagles,Eredivisie,MAC³PARK Stadion,52.51722,6.12083
2025-09-21,11:30,Italy,Lazio,Roma,Serie A,Stadio Olimpico,41.93389,12.45472
2025-09-21,12:30,Netherlands,Fortuna Dusseldorf,Darmstadt,2. Bundesliga,Fortuna Sittard Stadion,50.992069,5.843675
2025-09-21,12:30,Germany,Holstein Kiel,Karlsruhe,2. Bundesliga,Holstein-Stadion,54.34917,10.12361
2025-09-21,12:30,Belgium,Genk,St. Gilloise,Belgian Pro League,Cegeka Arena,51.005,5.53333
2025-09-21,13:00,Spain,Vallecano,Celta,La Liga,Vallecas,40.39194,-3.65889
2025-09-21,13:30,Netherlands,Heerenveen,Nijmegen,Eredivisie,Abe Lenstra Stadion,52.95861,5.93611
2025-09-21,13:30,Netherlands,PSV Eindhoven,Ajax,Eredivisie,Philips Stadion,51.44167,5.4675
2025-09-21,14:00,England,Bournemouth,Newcastle,Premier League,Dean Court,50.73528,-1.83833
2025-09-21,14:00,Italy,Torino,Atalanta,Serie A,Stadio Olimpico Grande Torino,45.04167,7.65
2025-09-21,14:00,Portugal,Carrarese,Avellino,Serie B,Estádio de São Luís,37.022861,-7.928444
2025-09-21,14:30,Germany,Ein Frankfurt,Union Berlin,Bundesliga,Deutsche Bank Park,50.068056,8.645806
2025-09-21,15:00,England,Bristol City,Oxford,Championship,King Power Stadium,52.620277777778,-1.1422222222222
2025-09-21,15:00,Belgium,Westerlo,Standard,Belgian Pro League,Het Kuipje,51.094817,4.928806
2025-09-21,15:00,Turkey,Buyuksehyr,Alanyaspor,Super Lig,Başakşehir Fatih Terim Stadium,41.12278,28.80861
2025-09-21,15:00,Turkey,Kocaelispor,Rizespor,Super Lig,RHG Enertürk Enerji Stadium,38.73722,35.42306
2025-09-21,15:15,Spain,Mallorca,Ath Madrid,La Liga,Mallorca Son Moix,39.59,2.63
2025-09-21,15:30,Greece,Larisa,AEK,Super League Greece,Kleanthis Vikelidis Stadium,40.6,22.96944
2025-09-21,16:00,Greece,Levadeiakos,OFI Crete,Super League Greece,Levadia Municipal Stadium,38.4358972,22.8828444
2025-09-21,16:15,Italy,Pescara,Empoli,Serie B,Stadio Ennio Tardini,44.795,10.33833
2025-09-21,16:15,France,Auxerre,Toulouse,Ligue 1,Stade Abbé Deschamps,47.7867528,3.5886639
2025-09-21,16:15,France,Le Havre,Lorient,Ligue 1,Stade Océane,49.49889,0.16972
2025-09-21,16:15,France,Monaco,Metz,Ligue 1,Stade Louis II,43.7275,7.41556
2025-09-21,16:30,England,Arsenal,Man City,Premier League,Emirates Stadium,51.55667,-0.10611
2025-09-21,16:30,Germany,Leverkusen,M'gladbach,Bundesliga,BayArena,51.03833,7.00222
2025-09-21,17:00,Italy,Fiorentina,Como,Serie A,Stadio Artemio Franchi,43.78083,11.28222
2025-09-21,17:30,Belgium,Club Brugge,St Truiden,Belgian Pro League,Jan Breydel Stadium,51.19333,3.18056
2025-09-21,18:00,Portugal,Gil Vicente,Estoril,Primeira Liga,Estádio Cidade de Barcelos,41.551,-8.623
2025-09-21,18:00,Turkey,Samsunspor,Karagumruk,Super Lig,Samsun 19 Mayıs Stadium,41.22778,36.4575
2025-09-21,18:15,Belgium,Mechelen,Cercle Brugge,Belgian Pro League,AFAS-stadion Achter de Kazerne,51.037184,4.486397
2025-09-21,18:30,Germany,Dortmund,Wolfsburg,Bundesliga,Signal Iduna Park,51.4925,7.45167
2025-09-21,18:30,Greece,Padova,Virtus Entella,Serie B,Toumba Stadium,40.61389,22.9725
2025-09-21,19:00,Greece,Panathinaikos,Olympiakos,Super League Greece,Athens Olympic Stadium,38.03606806,23.7876
2025-09-21,20:00,Spain,Barcelona,Getafe,La Liga,Olímpic Lluís Companys,41.36472,2.15556
2025-09-21,20:30,Portugal,Casa Pia,Famalicao,Primeira Liga,Estádio Municipal de Rio Maior[A],39.34444,-8.93528
2025-09-22,18:00,Turkey,Galatasaray,Konyaspor,Super Lig,Rams Park,41.10278,28.99056
2025-09-22,19:45,Italy,Napoli,Pisa,Serie A,Stadio Diego Armando Maradona,40.828,14.193
2025-09-22,22:00,France,Marseille,Paris SG,Ligue 1,Orange Vélodrome,43.26972,5.39583
2025-09-23,18:00,Spain,Ath Bilbao,Girona,La Liga,San Mamés,43.2643,-2.9504
2025-09-23,18:00,Spain,Espanol,Valencia,La Liga,RCDE Stadium,41.34778,2.07556
2025-09-23,19:30,Portugal,Amiens,St Etienne,Ligue 2,Estádio Comendador Joaquim de Almeida Freitas,41.37806,-8.35472
2025-09-23,19:30,Netherlands,Annecy,Nancy,Ligue 2,Goffertstadion,51.8225,5.83667
2025-09-23,19:30,Portugal,Bastia,Rodez,Ligue 2,Estádio do Bessa,41.16222,-8.64278
2025-09-23,19:30,France,Le Mans,Grenoble,Ligue 2,Stade Bollaert-Delelis,50.43278,2.815
2025-09-23,19:30,France,Montpellier,Boulogne,Ligue 2,Stade de la Mosson,43.62222,3.81194
2025-09-23,19:30,France,Red Star,Troyes,Ligue 2,Stade Francis-Le Blé,48.402932,-4.461694
2025-09-23,19:30,France,Reims,Clermont,Ligue 2,Stade Auguste Delaune,49.24667,4.025
2025-09-23,19:30,Belgium,Anderlecht,Gent,Belgian Pro League,Lotto Park,50.83417,4.29833
2025-09-23,20:15,Portugal,Benfica,Rio Ave,Primeira Liga,Estádio da Luz,38.7527,-9.1847
2025-09-23,20:30,Spain,Levante,Real Madrid,La Liga,Municipal de Butarque,40.3404,-3.7607
2025-09-23,20:30,Spain,Sevilla,Villarreal,La Liga,Ramón Sánchez-Pizjuán,37.384,-5.9705
2025-09-24,18:00,Spain,Getafe,Alaves,La Liga,Coliseum,40.32556,-3.71472
2025-09-24,18:00,Turkey,Kayserispor,Besiktas,Super Lig,RHG Enertürk Enerji Stadium,38.73722,35.42306
2025-09-24,19:30,Belgium,Club Brugge,Westerlo,Belgian Pro League,Jan Breydel Stadium,51.19333,3.18056
2025-09-24,20:30,Spain,Ath Madrid,Vallecano,La Liga,Santiago Bernabéu,40.45306,-3.68835
2025-09-24,20:30,Spain,Sociedad,Mallorca,La Liga,Anoeta,43.30139,-1.97361
2025-09-25,18:30,Spain,Osasuna,Elche,La Liga,El Sadar,42.79667,-1.63694
2025-09-26,18:00,Turkey,Alanyaspor,Galatasaray,Super Lig,Alanya Oba Stadium,36.5626,32.0792
2025-09-26,19:00,Italy,Grenoble,Bastia,Ligue 2,Stadio Luigi Ferraris,44.41639,8.9525
2025-09-26,19:00,Netherlands,Twente,For Sittard,Eredivisie,De Grolsch Veste,52.23667,6.8375
2025-09-26,19:30,Denmark,Mirandes,Zaragoza,Segunda Division,Cepheus Park Randers,56.46594,10.010262
2025-09-26,19:30,Germany,Bayern Munich,Werder Bremen,Bundesliga,Allianz Arena,48.218775,11.624752777778
2025-09-26,19:45,France,Strasbourg,Marseille,Ligue 1,Stade de la Meinau,48.56,7.755
2025-09-26,19:45,Belgium,Oud-Heverlee Leuven,Anderlecht,Belgian Pro League,Den Dreef,50.86833,4.69417
2025-09-26,20:00,Belgium,West Brom,Leicester,Championship,Het Kuipje,51.094817,4.928806
2025-09-26,20:00,Spain,Girona,Espanol,La Liga,Montilivi,41.96139,2.82861
2025-09-26,20:15,Portugal,Benfica,Gil Vicente,Primeira Liga,Estádio da Luz,38.7527,-9.1847
2025-09-27,12:30,England,Brentford,Man United,Premier League,Brentford Community Stadium,51.49083,-0.28861
2025-09-27,13:00,Spain,Getafe,Levante,La Liga,Coliseum,40.32556,-3.71472
2025-09-27,13:00,Greece,Laval,Montpellier,Ligue 2,Lamia Municipal Stadium,38.91,22.43111
2025-09-27,14:00,Italy,Como,Cremonese,Serie A,Stadio Giuseppe Sinigaglia,45.81389,9.07222
2025-09-27,14:00,England,Cesena,Palermo,Serie B,Stamford Bridge,51.481666666667,-0.19111111111111
2025-09-27,14:00,Austria,Sudtirol,Reggiana,Serie B,Tivoli Stadion Tirol,47.25583,11.41083
2025-09-27,14:00,Italy,Venezia,Spezia,Serie B,Stadio Pier Luigi Penzo,45.4277611,12.3637306
2025-09-27,14:30,Germany,Heidenheim,Augsburg,Bundesliga,Voith-Arena,48.66861,10.13944
2025-09-27,14:30,Germany,Mainz,Dortmund,Bundesliga,Mewa Arena,49.98417,8.22417
2025-09-27,14:30,Germany,St Pauli,Leverkusen,Bundesliga,Millerntor-Stadion,53.554583,9.967667
2025-09-27,14:30,Germany,Wolfsburg,RB Leipzig,Bundesliga,Volkswagen Arena,52.43278,10.80389
2025-09-27,15:00,England,Chelsea,Brighton,Premier League,Stamford Bridge,51.481666666667,-0.19111111111111
2025-09-27,15:00,England,Crystal Palace,Liverpool,Premier League,Selhurst Park,51.39833,-0.08556
2025-09-27,15:00,England,Man City,Burnley,Premier League,City of Manchester Stadium,53.483055555556,-2.2002777777778
2025-09-27,15:00,Belgium,Charlton,Blackburn,Championship,Stade du Pays de Charleroi,50.414609,4.453787
2025-09-27,15:00,England,Ipswich,Portsmouth,Championship,Portman Road,52.055,1.14528
2025-09-27,15:00,Portugal,Preston,Bristol City,Championship,Estádio do Dragão,41.1618,-8.5839
2025-09-27,15:00,England,Southampton,Middlesbrough,Championship,St Mary's Stadium,50.90583,-1.39111
2025-09-27,15:00,England,Watford,Hull,Championship,Brentford Community Stadium,51.49083,-0.28861
2025-09-27,15:00,Turkey,Eyupspor,Goztep,Super Lig,Recep Tayyip Erdoğan Stadium,41.03278,28.9725
2025-09-27,15:00,Turkey,Gaziantep,Samsunspor,Super Lig,Gaziantep Stadium,37.12389,37.3825
2025-09-27,15:15,Spain,Ath Madrid,Real Madrid,La Liga,Santiago Bernabéu,40.45306,-3.68835
2025-09-27,15:30,Netherlands,Ajax,NAC Breda,Eredivisie,Johan Cruyff Arena,52.31417,4.94194
2025-09-27,15:30,Portugal,Moreirense,Casa Pia,Primeira Liga,Estádio Comendador Joaquim de Almeida Freitas,41.37806,-8.35472
2025-09-27,16:00,Greece,Olympiakos,Levadeiakos,Super League Greece,Karaiskakis Stadium,37.94611,23.66444
2025-09-27,16:15,Italy,Monza,Padova,Serie B,Stadio Brianteo,45.58278,9.30806
2025-09-27,16:30,Portugal,Santa Clara,Tondela,Primeira Liga,Estádio de São Miguel,37.763694,-25.622611
2025-09-27,17:00,Italy,Juventus,Atalanta,Serie A,Juventus Stadium,45.10944,7.64111
2025-09-27,17:15,Belgium,Standard,Club Brugge,Belgian Pro League,Stade Maurice Dufrasne,50.61,5.54333
2025-09-27,17:30,England,Nott'm Forest,Sunderland,Premier League,City Ground,52.94,-1.13278
2025-09-27,17:30,Spain,Mallorca,Alaves,La Liga,Mallorca Son Moix,39.59,2.63
2025-09-27,17:30,Denmark,Santander,Andorra,Segunda Division,Cepheus Park Randers,56.46594,10.010262
2025-09-27,18:00,France,Toulouse,Nantes,Ligue 1,Stadium de Toulouse,43.58306,1.43417
2025-09-27,18:00,Portugal,Estrela,AVS,Primeira Liga,Estádio José Gomes,38.75194,-9.22806
2025-09-27,18:30,Greece,Bari,Sampdoria,Serie B,Kleanthis Vikelidis Stadium,40.6,22.96944
2025-09-27,18:30,Greece,Aris,Panserraikos,Super League Greece,Kleanthis Vikelidis Stadium,40.6,22.96944
2025-09-27,19:00,France,St Etienne,Guingamp,Ligue 2,Stade Geoffroy Guichard,45.46083,4.39028
2025-09-27,19:30,Germany,Bochum,Fortuna Dusseldorf,2. Bundesliga,Vonovia Ruhrstadion,51.49,7.23667
2025-09-27,19:45,Italy,Cagliari,Inter,Serie A,Unipol Domus,39.2,9.1375
2025-09-27,20:00,England,Tottenham,Wolves,Premier League,Tottenham Hotspur Stadium,51.6044,-0.0664
2025-09-27,20:00,Spain,Villarreal,Ath Bilbao,La Liga,La Cerámica,39.94417,-0.10361
2025-09-27,20:00,Spain,Las Palmas,Almeria,Segunda Division,Gran Canaria,28.10028,-15.45667
2025-09-27,20:00,Netherlands,Heracles,Sparta Rotterdam,Eredivisie,Asito Stadion[3],52.33889,6.65056
2025-09-27,20:05,France,Paris SG,Auxerre,Ligue 1,Parc des Princes,48.84138888888889,2.2530555555555556
2025-09-27,20:30,Portugal,Estoril,Sp Lisbon,Primeira Liga,Estádio António Coimbra da Mota,38.71583,-9.40639
2025-09-28,12:30,Belgium,St Truiden,Genk,Belgian Pro League,Stayen,50.813474,5.166256
2025-09-28,13:00,Spain,Vallecano,Sevilla,La Liga,Vallecas,40.39194,-3.65889
2025-09-28,13:00,Spain,Sociedad B,Cordoba,Segunda Division,Anoeta,43.30139,-1.97361
2025-09-28,13:30,Netherlands,Groningen,Feyenoord,Eredivisie,Euroborg,53.20611,6.59139
2025-09-28,13:30,Netherlands,Utrecht,Heerenveen,Eredivisie,Stadion Galgenwaard,52.07833,5.14583
2025-09-28,14:00,England,Aston Villa,Fulham,Premier League,Villa Park,52.509166666667,-1.8847222222222
2025-09-28,14:00,Italy,Roma,Verona,Serie A,Stadio Olimpico,41.93389,12.45472
2025-09-28,14:00,France,Nice,Paris FC,Ligue 1,Allianz Riviera,43.70528,7.1925
2025-09-28,14:30,Germany,Freiburg,Hoffenheim,Bundesliga,Europa-Park Stadion,48.0216,7.8297
2025-09-28,15:00,Belgium,Cercle Brugge,Gent,Belgian Pro League,Jan Breydel Stadium,51.19333,3.18056
2025-09-28,15:00,Turkey,Konyaspor,Buyuksehyr,Super Lig,Konya Metropolitan Municipality Stadium,37.946,32.488
2025-09-28,15:00,Turkey,Rizespor,Kasimpasa,Super Lig,Rize City Stadium,41.04202,40.5733
2025-09-28,15:30,Portugal,Alverca,Guimaraes,Primeira Liga,Estádio Municipal de Arouca,40.933,-8.2503
2025-09-28,16:15,Italy,Modena,Pescara,Serie B,Stadio Brianteo,45.58278,9.30806
2025-09-28,16:15,France,Angers,Brest,Ligue 1,Stade Raymond Kopa,47.460458,-0.530741
2025-09-28,16:15,France,Lille,Lyon,Ligue 1,Decathlon Arena Pierre Mauroy Stadium,50.6119,3.1304
2025-09-28,16:30,England,Newcastle,Arsenal,Premier League,St James' Park,54.975555555556,-1.6216666666667
2025-09-28,17:00,Italy,Lecce,Bologna,Serie A,Stadio Via del mare,40.36528,18.20889
2025-09-28,17:30,Spain,Barcelona,Sociedad,La Liga,Olímpic Lluís Companys,41.36472,2.15556
2025-09-28,17:30,Spain,Valladolid,Cultural Leonesa,Segunda Division,José Zorrilla,41.64444,-4.76111
2025-09-28,17:30,Belgium,Charleroi,Mechelen,Belgian Pro League,Stade du Pays de Charleroi,50.414609,4.453787
2025-09-28,18:00,Portugal,Sp Braga,Nacional,Primeira Liga,Estádio Municipal de Braga,41.5625,-8.43
2025-09-28,18:00,Turkey,Fenerbahce,Antalyaspor,Super Lig,Ülker Stadium,40.98778,29.03694
2025-09-28,18:00,Turkey,Kayserispor,Genclerbirligi,Super Lig,RHG Enertürk Enerji Stadium,38.73722,35.42306
2025-09-28,18:15,Belgium,Dender,RAAL La Louviere,Belgian Pro League,Van Roystadion,50.883683,4.071185
2025-09-28,18:30,Germany,Union Berlin,Hamburg,Bundesliga,Stadion An der Alten Försterei,52.45722,13.56806
2025-09-28,18:30,Italy,Empoli,Carrarese,Serie B,Stadio Carlo Castellani - Computer Gross Arena,43.72639,10.955
2025-09-28,18:30,Greece,Asteras Tripolis,PAOK,Super League Greece,Theodoros Kolokotronis Stadium,37.5025,22.38861
2025-09-28,19:00,Greece,Panetolikos,Panathinaikos,Super League Greece,Panetolikos Stadium,38.63,21.41167
2025-09-28,19:45,Italy,Milan,Napoli,Serie A,San Siro,45.47806,9.12389
2025-09-28,19:45,France,Rennes,Lens,Ligue 1,Roazhon Park,48.1075,-1.71278
2025-09-28,20:00,Spain,Betis,Osasuna,La Liga,Benito Villamarín,37.35639,-5.98139
2025-09-28,20:30,Portugal,Famalicao,Rio Ave,Primeira Liga,Estádio Municipal de Famalicão,41.40139,-8.5225
2025-09-29,16:00,Greece,Atromitos,Larisa,Super League Greece,Peristeri Stadium,38.00472,23.68972
2025-09-29,17:30,Italy,Parma,Torino,Serie A,Stadio Ennio Tardini,44.795,10.33833
2025-09-29,18:00,Turkey,Besiktas,Kocaelispor,Super Lig,Tüpraş Stadium,41.03917,28.99472
2025-09-29,19:30,Spain,Leganes,Castellon,Segunda Division,Municipal de Butarque,40.3404,-3.7607
2025-09-29,19:45,Italy,Genoa,Lazio,Serie A,Stadio Luigi Ferraris,44.41639,8.9525
2025-09-29,19:45,Italy,Boulogne,Red Star,Ligue 2,Stadio Renato Dall'Ara,44.49222,11.30972
2025-09-29,20:00,England,Everton,West Ham,Premier League,Goodison Park,53.438888888889,-2.9663888888889
2025-09-29,20:00,Portugal,Arouca,Porto,Primeira Liga,Estádio Municipal de Arouca,40.933,-8.2503
2025-09-30,19:00,Spain,Valencia,Oviedo,La Liga,Mestalla,39.47472,-0.35833
2025-09-30,19:30,Greece,Padova,Avellino,Serie B,Toumba Stadium,40.61389,22.9725
2025-09-30,19:30,Italy,Palermo,Venezia,Serie B,Stadio Ennio Tardini,44.795,10.33833
2025-09-30,19:45,England,Bristol City,Ipswich,Championship,King Power Stadium,52.620277777778,-1.1422222222222
2025-09-30,19:45,England,Leicester,Wrexham,Championship,King Power Stadium,52.620277777778,-1.1422222222222
2025-09-30,19:45,England,Sheffield United,Southampton,Championship,Old Trafford,53.463055555556,-2.2913888888889
2025-10-01,19:30,Portugal,Carrarese,Modena,Serie B,Estádio de São Luís,37.022861,-7.928444
2025-10-01,19:30,Italy,Empoli,Monza,Serie B,Stadio Carlo Castellani - Computer Gross Arena,43.72639,10.955
2025-10-01,19:30,Italy,Pescara,Sudtirol,Serie B,Stadio Ennio Tardini,44.795,10.33833
2025-10-01,19:30,Turkey,Sampdoria,Catanzaro,Serie B,Samsun 19 Mayıs Stadium,41.22778,36.4575
2025-10-01,19:45,Croatia,Norwich,West Brom,Championship,ŠRC Velika Gorica,45.724,16.0732
2025-10-01,19:45,Portugal,Portsmouth,Watford,Championship,Estádio do Dragão,41.1618,-8.5839
2025-10-03,17:30,Netherlands,Fortuna Dusseldorf,Nurnberg,2. Bundesliga,Fortuna Sittard Stadion,50.992069,5.843675
2025-10-03,18:00,Turkey,Antalyaspor,Rizespor,Super Lig,Corendon Airlines Park,36.888278,30.668444
2025-10-03,18:00,Turkey,Trabzonspor,Kayserispor,Super Lig,Papara Park,40.99917,39.64583
2025-10-03,19:00,Portugal,Amiens,Boulogne,Ligue 2,Estádio Comendador Joaquim de Almeida Freitas,41.37806,-8.35472
2025-10-03,19:00,Netherlands,Annecy,Laval,Ligue 2,Goffertstadion,51.8225,5.83667
2025-10-03,19:00,Portugal,Bastia,Dunkerque,Ligue 2,Estádio do Bessa,41.16222,-8.64278
2025-10-03,19:00,France,Le Mans,Troyes,Ligue 2,Stade Bollaert-Delelis,50.43278,2.815
2025-10-03,19:00,Netherlands,NAC Breda,Groningen,Eredivisie,Rat Verlegh Stadion,51.595,4.75028
2025-10-03,19:30,Germany,Hoffenheim,FC Koln,Bundesliga,PreZero Arena,49.23806,8.8875
2025-10-03,19:45,Italy,Verona,Sassuolo,Serie A,Stadio Marcantonio Bentegodi,45.43528,10.96861
2025-10-03,19:45,Belgium,Gent,Charleroi,Belgian Pro League,Planet Group Arena,51.01611,3.73417
2025-10-03,20:00,England,Bournemouth,Fulham,Premier League,Dean Court,50.73528,-1.83833
2025-10-03,20:00,Spain,Osasuna,Getafe,La Liga,El Sadar,42.79667,-1.63694
2025-10-03,20:15,Portugal,Casa Pia,Estoril,Primeira Liga,Estádio Municipal de Rio Maior[A],39.34444,-8.93528
2025-10-04,12:00,Germany,Holstein Kiel,Darmstadt,2. Bundesliga,Holstein-Stadion,54.34917,10.12361
2025-10-04,13:00,France,Red Star,Rodez,Ligue 2,Stade Francis-Le Blé,48.402932,-4.461694
2025-10-04,13:00,France,Reims,Grenoble,Ligue 2,Stade Auguste Delaune,49.24667,4.025
2025-10-04,14:00,Italy,Lazio,Torino,Serie A,Stadio Olimpico,41.93389,12.45472
2025-10-04,14:00,Italy,Parma,Lecce,Serie A,Stadio Ennio Tardini,44.795,10.33833
2025-10-04,14:00,Greece,Bari,Padova,Serie B,Kleanthis Vikelidis Stadium,40.6,22.96944
2025-10-04,14:00,Italy,Monza,Catanzaro,Serie B,Stadio Brianteo,45.58278,9.30806
2025-10-04,14:00,Italy,Venezia,Frosinone,Serie B,Stadio Pier Luigi Penzo,45.4277611,12.3637306
2025-10-04,14:30,Germany,Augsburg,Wolfsburg,Bundesliga,WWK Arena,48.32306,10.88611
2025-10-04,14:30,Germany,Dortmund,RB Leipzig,Bundesliga,Signal Iduna Park,51.4925,7.45167
2025-10-04,14:30,Germany,Leverkusen,Union Berlin,Bundesliga,BayArena,51.03833,7.00222
2025-10-04,14:30,Germany,Werder Bremen,St Pauli,Bundesliga,Weserstadion,53.06639,8.8375
2025-10-04,15:00,England,Arsenal,West Ham,Premier League,Emirates Stadium,51.55667,-0.10611
2025-10-04,15:00,England,Man United,Sunderland,Premier League,Old Trafford,53.463055555556,-2.2913888888889
2025-10-04,15:00,England,Bristol City,QPR,Championship,King Power Stadium,52.620277777778,-1.1422222222222
2025-10-04,15:00,Portugal,Portsmouth,Middlesbrough,Championship,Estádio do Dragão,41.1618,-8.5839
2025-10-04,15:00,Portugal,Preston,Charlton,Championship,Estádio do Dragão,41.1618,-8.5839
2025-10-04,15:00,England,Watford,Oxford,Championship,Brentford Community Stadium,51.49083,-0.28861
2025-10-04,15:00,Belgium,Mechelen,St Truiden,Belgian Pro League,AFAS-stadion Achter de Kazerne,51.037184,4.486397
2025-10-04,15:00,Turkey,Kocaelispor,Eyupspor,Super Lig,RHG Enertürk Enerji Stadium,38.73722,35.42306
2025-10-04,15:15,Spain,Girona,Valencia,La Liga,Montilivi,41.96139,2.82861
2025-10-04,15:30,Netherlands,Sparta Rotterdam,Ajax,Eredivisie,Spartastadion Het Kasteel,51.919485,4.433619
2025-10-04,15:30,Portugal,Gil Vicente,Estrela,Primeira Liga,Estádio Cidade de Barcelos,41.551,-8.623
2025-10-04,15:30,Portugal,Nacional,Moreirense,Primeira Liga,Estádio da Madeira,32.670625,-16.883525
2025-10-04,16:00,Greece,Panserraikos,Asteras Tripolis,Super League Greece,Serres Municipal Stadium,41.0847,23.5466
2025-10-04,16:15,Italy,Spezia,Palermo,Serie B,Stadio Pier Luigi Penzo,45.4277611,12.3637306
2025-10-04,17:30,England,Chelsea,Liverpool,Premier League,Stamford Bridge,51.481666666667,-0.19111111111111
2025-10-04,17:30,Spain,Ath Bilbao,Mallorca,La Liga,San Mamés,43.2643,-2.9504
2025-10-04,17:30,Germany,Ein Frankfurt,Bayern Munich,Bundesliga,Deutsche Bank Park,50.068056,8.645806
2025-10-04,17:45,Netherlands,For Sittard,Volendam,Eredivisie,Fortuna Sittard Stadion,50.992069,5.843675
2025-10-04,18:00,France,Brest,Nantes,Ligue 1,Stade Francis-Le Blé,48.402932,-4.461694
2025-10-04,18:00,Portugal,AVS,Alverca,Primeira Liga,Estádio do CD Aves,41.366932,-8.411789
2025-10-04,18:00,Turkey,Galatasaray,Besiktas,Super Lig,Rams Park,41.10278,28.99056
2025-10-04,18:30,England,Cesena,Reggiana,Serie B,Stamford Bridge,51.481666666667,-0.19111111111111
2025-10-04,18:30,Greece,Larisa,Volos NFC,Super League Greece,Kleanthis Vikelidis Stadium,40.6,22.96944
2025-10-04,19:00,France,Montpellier,St Etienne,Ligue 2,Stade de la Mosson,43.62222,3.81194
2025-10-04,19:00,Netherlands,Zwolle,PSV Eindhoven,Eredivisie,MAC³PARK Stadion,52.51722,6.12083
2025-10-04,19:45,Italy,Atalanta,Como,Serie A,Gewiss Stadium,45.70889,9.68083
2025-10-04,19:45,Belgium,Antwerp,Cercle Brugge,Belgian Pro League,Bosuilstadion,51.2325,4.47222
2025-10-04,20:00,Spain,Real Madrid,Villarreal,La Liga,Santiago Bernabéu,40.45306,-3.68835
2025-10-04,20:00,Spain,Granada,Sociedad B,Segunda Division,Montilivi,41.96139,2.82861
2025-10-04,20:00,Netherlands,Heerenveen,Excelsior,Eredivisie,Abe Lenstra Stadion,52.95861,5.93611
2025-10-04,20:05,France,Auxerre,Lens,Ligue 1,Stade Abbé Deschamps,47.7867528,3.5886639
2025-10-04,20:30,Portugal,Guimaraes,Santa Clara,Primeira Liga,Estádio D. Afonso Henriques,41.44583,-8.30111
2025-10-05,11:15,Netherlands,Twente,Heracles,Eredivisie,De Grolsch Veste,52.23667,6.8375
2025-10-05,11:30,Italy,Udinese,Cagliari,Serie A,Stadio Friuli,46.0816,13.2001
2025-10-05,12:00,England,Ipswich,Norwich,Championship,Portman Road,52.055,1.14528
2025-10-05,12:30,Germany,Magdeburg,Elversberg,2. Bundesliga,WWK Arena,48.32306,10.88611
2025-10-05,12:30,Belgium,Anderlecht,Standard,Belgian Pro League,Lotto Park,50.83417,4.29833
2025-10-05,13:00,Spain,Alaves,Elche,La Liga,Mendizorrotza,42.8371111,-2.6880444
2025-10-05,13:00,Portugal,Zaragoza,Cordoba,Segunda Division,Estádio Municipal de Braga,41.5625,-8.43
2025-10-05,13:30,Netherlands,Feyenoord,Utrecht,Eredivisie,De Kuip,51.89389,4.52306
2025-10-05,14:00,England,Aston Villa,Burnley,Premier League,Villa Park,52.509166666667,-1.8847222222222
2025-10-05,14:00,England,Everton,Crystal Palace,Premier League,Goodison Park,53.438888888889,-2.9663888888889
2025-10-05,14:00,England,Newcastle,Nott'm Forest,Premier League,St James' Park,54.975555555556,-1.6216666666667
2025-10-05,14:00,England,Wolves,Brighton,Premier League,Molineux Stadium,52.59028,-2.13028
2025-10-05,14:00,Italy,Bologna,Pisa,Serie A,Stadio Renato Dall'Ara,44.49222,11.30972
2025-10-05,14:00,Italy,Fiorentina,Roma,Serie A,Stadio Artemio Franchi,43.78083,11.28222
2025-10-05,14:00,Portugal,Carrarese,Juve Stabia,Serie B,Estádio de São Luís,37.022861,-7.928444
2025-10-05,14:00,Austria,Sudtirol,Empoli,Serie B,Tivoli Stadion Tirol,47.25583,11.41083
2025-10-05,14:00,France,Lyon,Toulouse,Ligue 1,Groupama Stadium,45.765224,4.982131
2025-10-05,14:30,Germany,Stuttgart,Heidenheim,Bundesliga,MHPArena,48.79222,9.23194
2025-10-05,15:00,Belgium,Genk,Dender,Belgian Pro League,Cegeka Arena,51.005,5.53333
2025-10-05,15:15,Spain,Sevilla,Barcelona,La Liga,Ramón Sánchez-Pizjuán,37.384,-5.9705
2025-10-05,15:30,Portugal,Arouca,Famalicao,Primeira Liga,Estádio Municipal de Arouca,40.933,-8.2503
2025-10-05,16:00,Greece,Levadeiakos,Panetolikos,Super League Greece,Levadia Municipal Stadium,38.4358972,22.8828444
2025-10-05,16:15,Turkey,Sampdoria,Pescara,Serie B,Samsun 19 Mayıs Stadium,41.22778,36.4575
2025-10-05,16:15,France,Le Havre,Rennes,Ligue 1,Stade Océane,49.49889,0.16972
2025-10-05,16:15,France,Monaco,Nice,Ligue 1,Stade Louis II,43.7275,7.41556
2025-10-05,16:15,France,Strasbourg,Angers,Ligue 1,Stade de la Meinau,48.56,7.755
2025-10-05,16:30,England,Brentford,Man City,Premier League,Brentford Community Stadium,51.49083,-0.28861
2025-10-05,17:00,Italy,Napoli,Genoa,Serie A,Stadio Diego Armando Maradona,40.828,14.193
2025-10-05,17:30,Spain,Espanol,Betis,La Liga,RCDE Stadium,41.34778,2.07556
2025-10-05,17:30,Spain,Sociedad,Vallecano,La Liga,Anoeta,43.30139,-1.97361
2025-10-05,17:30,Denmark,Santander,Malaga,Segunda Division,Cepheus Park Randers,56.46594,10.010262
2025-10-05,17:30,Spain,Valladolid,Mirandes,Segunda Division,José Zorrilla,41.64444,-4.76111
2025-10-05,17:30,Belgium,Club Brugge,St. Gilloise,Belgian Pro League,Jan Breydel Stadium,51.19333,3.18056
2025-10-05,17:30,Portugal,Rio Ave,Tondela,Primeira Liga,Estádio dos Arcos,41.36278,-8.74028
2025-10-05,18:00,Turkey,Goztep,Buyuksehyr,Super Lig,Gürsel Aksel Stadium,38.396821,27.07595
2025-10-05,18:00,Turkey,Samsunspor,Fenerbahce,Super Lig,Samsun 19 Mayıs Stadium,41.22778,36.4575
2025-10-05,18:15,Belgium,Westerlo,Oud-Heverlee Leuven,Belgian Pro League,Het Kuipje,51.094817,4.928806
2025-10-05,18:30,Italy,Modena,Virtus Entella,Serie B,Stadio Brianteo,45.58278,9.30806
2025-10-05,18:30,Greece,PAOK,Olympiakos,Super League Greece,Toumba Stadium,40.61389,22.9725
2025-10-05,19:00,Netherlands,Go Ahead Eagles,Nijmegen,Eredivisie,De Adelaarshorst,52.260416,6.172578
2025-10-05,19:30,Greece,Panathinaikos,Atromitos,Super League Greece,Athens Olympic Stadium,38.03606806,23.7876
2025-10-05,19:45,Italy,Juventus,Milan,Serie A,Juventus Stadium,45.10944,7.64111
2025-10-05,19:45,France,Lille,Paris SG,Ligue 1,Decathlon Arena Pierre Mauroy Stadium,50.6119,3.1304
2025-10-05,20:00,Spain,Celta,Ath Madrid,La Liga,Balaídos,42.2118,-8.7397
2025-10-05,20:00,Spain,Las Palmas,Cadiz,Segunda Division,Gran Canaria,28.10028,-15.45667
2025-10-05,21:15,Portugal,Porto,Benfica,Primeira Liga,Estádio do Dragão,41.1618,-8.5839
2025-10-10,19:30,Spain,Granada,Las Palmas,Segunda Division,Montilivi,41.96139,2.82861
2025-10-11,15:15,Denmark,Mirandes,Leganes,Segunda Division,Cepheus Park Randers,56.46594,10.010262
2025-10-11,17:30,Spain,Almeria,Zaragoza,Segunda Division,Mestalla,39.47472,-0.35833
2025-10-11,17:30,Spain,Sociedad B,Andorra,Segunda Division,Anoeta,43.30139,-1.97361
2025-10-17,17:30,Netherlands,Fortuna Dusseldorf,Braunschweig,2. Bundesliga,Fortuna Sittard Stadion,50.992069,5.843675
2025-10-17,19:00,Italy,Boulogne,Guingamp,Ligue 2,Stadio Renato Dall'Ara,44.49222,11.30972
2025-10-17,19:00,Italy,Grenoble,Pau FC,Ligue 2,Stadio Luigi Ferraris,44.41639,8.9525
2025-10-17,19:30,Germany,Union Berlin,M'gladbach,Bundesliga,Stadion An der Alten Försterei,52.45722,13.56806
2025-10-17,19:45,France,Paris SG,Strasbourg,Ligue 1,Parc des Princes,48.84138888888889,2.2530555555555556
2025-10-18,12:30,England,Nott'm Forest,Chelsea,Premier League,City Ground,52.94,-1.13278
2025-10-18,12:30,England,Southampton,Swansea,Championship,St Mary's Stadium,50.90583,-1.39111
2025-10-18,12:30,Turkey,Konyaspor,Kocaelispor,Super Lig,Konya Metropolitan Municipality Stadium,37.946,32.488
2025-10-18,13:00,Spain,Sevilla,Mallorca,La Liga,Ramón Sánchez-Pizjuán,37.384,-5.9705
2025-10-18,13:00,Greece,Laval,Red Star,Ligue 2,Lamia Municipal Stadium,38.91,22.43111
2025-10-18,14:00,Italy,Lecce,Sassuolo,Serie A,Stadio Via del mare,40.36528,18.20889
2025-10-18,14:00,Italy,Pescara,Carrarese,Serie B,Stadio Ennio Tardini,44.795,10.33833
2025-10-18,14:30,Germany,Heidenheim,Werder Bremen,Bundesliga,Voith-Arena,48.66861,10.13944
2025-10-18,14:30,Germany,Mainz,Leverkusen,Bundesliga,Mewa Arena,49.98417,8.22417
2025-10-18,14:30,Germany,RB Leipzig,Hamburg,Bundesliga,Red Bull Arena,51.34583,12.34833
2025-10-18,14:30,Germany,Wolfsburg,Stuttgart,Bundesliga,Volkswagen Arena,52.43278,10.80389
2025-10-18,15:00,England,Brighton,Newcastle,Premier League,Falmer Stadium,50.861822222222,-0.083277777777778
2025-10-18,15:00,England,Crystal Palace,Bournemouth,Premier League,Selhurst Park,51.39833,-0.08556
2025-10-18,15:00,England,Man City,Everton,Premier League,City of Manchester Stadium,53.483055555556,-2.2002777777778
2025-10-18,15:00,Belgium,Charlton,Sheffield Weds,Championship,Stade du Pays de Charleroi,50.414609,4.453787
2025-10-18,15:00,Croatia,Norwich,Bristol City,Championship,ŠRC Velika Gorica,45.724,16.0732
2025-10-18,15:00,England,Sheffield United,Watford,Championship,Old Trafford,53.463055555556,-2.2913888888889
2025-10-18,15:00,Belgium,West Brom,Preston,Championship,Het Kuipje,51.094817,4.928806
2025-10-18,15:00,Turkey,Besiktas,Genclerbirligi,Super Lig,Tüpraş Stadium,41.03917,28.99472
2025-10-18,15:00,Turkey,Rizespor,Trabzonspor,Super Lig,Rize City Stadium,41.04202,40.5733
2025-10-18,15:00,Greece,Larisa,Olympiakos,Super League Greece,Kleanthis Vikelidis Stadium,40.6,22.96944
2025-10-18,15:15,Spain,Barcelona,Girona,La Liga,Olímpic Lluís Companys,41.36472,2.15556
2025-10-18,16:00,France,Nice,Lyon,Ligue 1,Allianz Riviera,43.70528,7.1925
2025-10-18,17:00,Italy,Torino,Napoli,Serie A,Stadio Olimpico Grande Torino,45.04167,7.65
2025-10-18,17:15,Belgium,Oud-Heverlee Leuven,Club Brugge,Belgian Pro League,Den Dreef,50.86833,4.69417
2025-10-18,17:30,England,Fulham,Arsenal,Premier League,Craven Cottage,51.475,-0.22166666666667
2025-10-18,17:30,Spain,Villarreal,Betis,La Liga,La Cerámica,39.94417,-0.10361
2025-10-18,17:30,Portugal,Zaragoza,Cultural Leonesa,Segunda Division,Estádio Municipal de Braga,41.5625,-8.43
2025-10-18,17:30,Germany,Bayern Munich,Dortmund,Bundesliga,Allianz Arena,48.218775,11.624752777778
2025-10-18,17:30,Greece,Atromitos,Levadeiakos,Super League Greece,Peristeri Stadium,38.00472,23.68972
2025-10-18,17:45,Netherlands,PSV Eindhoven,Go Ahead Eagles,Eredivisie,Philips Stadion,51.44167,5.4675
2025-10-18,17:45,Netherlands,Utrecht,Volendam,Eredivisie,Stadion Galgenwaard,52.07833,5.14583
2025-10-18,18:00,France,Angers,Monaco,Ligue 1,Stade Raymond Kopa,47.460458,-0.530741
2025-10-18,18:00,Turkey,Buyuksehyr,Galatasaray,Super Lig,Başakşehir Fatih Terim Stadium,41.12278,28.80861
2025-10-18,18:00,Greece,Panetolikos,OFI Crete,Super League Greece,Panetolikos Stadium,38.63,21.41167
2025-10-18,18:30,Italy,Spezia,Cesena,Serie B,Stadio Pier Luigi Penzo,45.4277611,12.3637306
2025-10-18,19:00,France,St Etienne,Le Mans,Ligue 2,Stade Geoffroy Guichard,45.46083,4.39028
2025-10-18,19:30,Germany,Bochum,Hertha,2. Bundesliga,Vonovia Ruhrstadion,51.49,7.23667
2025-10-18,19:45,England,Leicester,Portsmouth,Championship,King Power Stadium,52.620277777778,-1.1422222222222
2025-10-18,19:45,Italy,Roma,Inter,Serie A,Stadio Olimpico,41.93389,12.45472
2025-10-18,20:00,Spain,Ath Madrid,Osasuna,La Liga,Santiago Bernabéu,40.45306,-3.68835
2025-10-18,20:00,Netherlands,Ajax,AZ Alkmaar,Eredivisie,Johan Cruyff Arena,52.31417,4.94194
2025-10-18,20:00,Netherlands,NAC Breda,Zwolle,Eredivisie,Rat Verlegh Stadion,51.595,4.75028
2025-10-18,20:05,France,Marseille,Le Havre,Ligue 1,Orange Vélodrome,43.26972,5.39583
2025-10-19,11:30,Italy,Como,Juventus,Serie A,Stadio Giuseppe Sinigaglia,45.81389,9.07222
2025-10-19,12:30,Belgium,Cercle Brugge,Genk,Belgian Pro League,Jan Breydel Stadium,51.19333,3.18056
2025-10-19,12:30,Turkey,Kayserispor,Samsunspor,Super Lig,RHG Enertürk Enerji Stadium,38.73722,35.42306
2025-10-19,13:00,Spain,Leganes,Malaga,Segunda Division,Municipal de Butarque,40.3404,-3.7607
2025-10-19,13:30,Netherlands,Groningen,Sparta Rotterdam,Eredivisie,Euroborg,53.20611,6.59139
2025-10-19,14:00,England,Tottenham,Aston Villa,Premier League,Tottenham Hotspur Stadium,51.6044,-0.0664
2025-10-19,14:00,Italy,Cagliari,Bologna,Serie A,Unipol Domus,39.2,9.1375
2025-10-19,14:00,Italy,Genoa,Parma,Serie A,Stadio Luigi Ferraris,44.41639,8.9525
2025-10-19,14:00,Italy,Palermo,Modena,Serie B,Stadio Ennio Tardini,44.795,10.33833
2025-10-19,14:00,France,Lens,Paris FC,Ligue 1,Stade Bollaert-Delelis,50.43278,2.815
2025-10-19,14:00,Greece,Asteras Tripolis,Kifisia,Super League Greece,Theodoros Kolokotronis Stadium,37.5025,22.38861
2025-10-19,14:30,Germany,Freiburg,Ein Frankfurt,Bundesliga,Europa-Park Stadion,48.0216,7.8297
2025-10-19,15:00,Belgium,Dender,Mechelen,Belgian Pro League,Van Roystadion,50.883683,4.071185
2025-10-19,15:00,Turkey,Alanyaspor,Goztep,Super Lig,Alanya Oba Stadium,36.5626,32.0792
2025-10-19,15:00,Turkey,Gaziantep,Antalyaspor,Super Lig,Gaziantep Stadium,37.12389,37.3825
2025-10-19,15:15,Spain,Celta,Sociedad,La Liga,Balaídos,42.2118,-8.7397
2025-10-19,15:15,Spain,Valladolid,Sp Gijon,Segunda Division,José Zorrilla,41.64444,-4.76111
2025-10-19,15:30,Greece,Volos NFC,Panserraikos,Super League Greece,Panthessaliko Stadium,39.3875,22.93111
2025-10-19,15:45,Netherlands,Heracles,Feyenoord,Eredivisie,Asito Stadion[3],52.33889,6.65056
2025-10-19,16:15,Italy,Empoli,Venezia,Serie B,Stadio Carlo Castellani - Computer Gross Arena,43.72639,10.955
2025-10-19,16:15,France,Rennes,Auxerre,Ligue 1,Roazhon Park,48.1075,-1.71278
2025-10-19,16:15,France,Toulouse,Metz,Ligue 1,Stadium de Toulouse,43.58306,1.43417
2025-10-19,16:30,England,Liverpool,Man United,Premier League,Anfield,53.4308,-2.9608
2025-10-19,16:30,Germany,St Pauli,Hoffenheim,Bundesliga,Millerntor-Stadion,53.554583,9.967667
2025-10-19,17:00,Italy,Atalanta,Lazio,Serie A,Gewiss Stadium,45.70889,9.68083
2025-10-19,17:30,Spain,Levante,Vallecano,La Liga,Municipal de Butarque,40.3404,-3.7607
2025-10-19,17:30,Denmark,Santander,La Coruna,Segunda Division,Cepheus Park Randers,56.46594,10.010262
2025-10-19,17:30,Belgium,St Truiden,Anderlecht,Belgian Pro League,Stayen,50.813474,5.166256
2025-10-19,17:30,Greece,Aris,Panathinaikos,Super League Greece,Kleanthis Vikelidis Stadium,40.6,22.96944
2025-10-19,18:00,Turkey,Fenerbahce,Karagumruk,Super Lig,Ülker Stadium,40.98778,29.03694
2025-10-19,19:45,Italy,Milan,Fiorentina,Serie A,San Siro,45.47806,9.12389
2025-10-19,19:45,France,Nantes,Lille,Ligue 1,Stade de la Beaujoire,47.256,-1.525
2025-10-19,20:00,Spain,Getafe,Real Madrid,La Liga,Coliseum,40.32556,-3.71472
2025-10-19,20:00,Spain,Las Palmas,Eibar,Segunda Division,Gran Canaria,28.10028,-15.45667
2025-10-20,14:00,Belgium,Standard,Antwerp,Belgian Pro League,Stade Maurice Dufrasne,50.61,5.54333
2025-10-20,18:00,Turkey,Eyupspor,Kasimpasa,Super Lig,Recep Tayyip Erdoğan Stadium,41.03278,28.9725
2025-10-20,20:00,England,West Ham,Brentford,Premier League,London Stadium,51.5386,-0.0164
2025-10-20,20:00,Spain,Alaves,Valencia,La Liga,Mendizorrotza,42.8371111,-2.6880444
2025-10-21,19:45,England,Ipswich,Charlton,Championship,Portman Road,52.055,1.14528
2025-10-21,19:45,Portugal,Portsmouth,Coventry,Championship,Estádio do Dragão,41.1618,-8.5839
2025-10-21,19:45,Portugal,Preston,Birmingham,Championship,Estádio do Dragão,41.1618,-8.5839
2025-10-21,20:00,England,Bristol City,Southampton,Championship,King Power Stadium,52.620277777778,-1.1422222222222
2025-10-22,18:00,Turkey,Konyaspor,Besiktas,Super Lig,Konya Metropolitan Municipality Stadium,37.946,32.488
2025-10-22,18:00,Turkey,Rizespor,Buyuksehyr,Super Lig,Rize City Stadium,41.04202,40.5733
2025-10-22,19:45,England,Watford,West Brom,Championship,Brentford Community Stadium,51.49083,-0.28861
2025-10-24,19:00,France,Le Mans,Boulogne,Ligue 2,Stade Bollaert-Delelis,50.43278,2.815
2025-10-24,19:00,France,Red Star,Grenoble,Ligue 2,Stade Francis-Le Blé,48.402932,-4.461694
2025-10-24,19:00,France,Reims,Troyes,Ligue 2,Stade Auguste Delaune,49.24667,4.025
2025-10-24,19:00,Netherlands,Heerenveen,NAC Breda,Eredivisie,Abe Lenstra Stadion,52.95861,5.93611
2025-10-24,19:30,Germany,Werder Bremen,Union Berlin,Bundesliga,Weserstadion,53.06639,8.8375
2025-10-24,19:30,Italy,Modena,Empoli,Serie B,Stadio Brianteo,45.58278,9.30806
2025-10-24,19:45,Italy,Milan,Pisa,Serie A,San Siro,45.47806,9.12389
2025-10-24,19:45,Belgium,Charleroi,Anderlecht,Belgian Pro League,Stade du Pays de Charleroi,50.414609,4.453787
2025-10-24,20:00,Portugal,Preston,Sheffield United,Championship,Estádio do Dragão,41.1618,-8.5839
2025-10-24,20:00,Spain,Sociedad,Sevilla,La Liga,Anoeta,43.30139,-1.97361
2025-10-24,20:15,Portugal,Alverca,Gil Vicente,Primeira Liga,Estádio Municipal de Arouca,40.933,-8.2503
2025-10-25,12:00,Germany,Holstein Kiel,Bochum,2. Bundesliga,Holstein-Stadion,54.34917,10.12361
2025-10-25,12:30,England,Ipswich,West Brom,Championship,Portman Road,52.055,1.14528
2025-10-25,12:30,Portugal,Portsmouth,Stoke,Championship,Estádio do Dragão,41.1618,-8.5839
2025-10-25,13:00,Spain,Girona,Oviedo,La Liga,Montilivi,41.96139,2.82861
2025-10-25,13:00,Portugal,Amiens,Rodez,Ligue 2,Estádio Comendador Joaquim de Almeida Freitas,41.37806,-8.35472
2025-10-25,13:00,France,Montpellier,Nancy,Ligue 2,Stade de la Mosson,43.62222,3.81194
2025-10-25,14:00,Italy,Parma,Como,Serie A,Stadio Ennio Tardini,44.795,10.33833
2025-10-25,14:00,Italy,Udinese,Lecce,Serie A,Stadio Friuli,46.0816,13.2001
2025-10-25,14:00,Italy,Monza,Reggiana,Serie B,Stadio Brianteo,45.58278,9.30806
2025-10-25,14:00,Turkey,Sampdoria,Frosinone,Serie B,Samsun 19 Mayıs Stadium,41.22778,36.4575
2025-10-25,14:00,Austria,Sudtirol,Cesena,Serie B,Tivoli Stadion Tirol,47.25583,11.41083
2025-10-25,14:30,Germany,Augsburg,RB Leipzig,Bundesliga,WWK Arena,48.32306,10.88611
2025-10-25,14:30,Germany,Ein Frankfurt,St Pauli,Bundesliga,Deutsche Bank Park,50.068056,8.645806
2025-10-25,14:30,Germany,Hoffenheim,Heidenheim,Bundesliga,PreZero Arena,49.23806,8.8875
2025-10-25,15:00,England,Chelsea,Sunderland,Premier League,Stamford Bridge,51.481666666667,-0.19111111111111
2025-10-25,15:00,England,Newcastle,Fulham,Premier League,St James' Park,54.975555555556,-1.6216666666667
2025-10-25,15:00,England,Bristol City,Birmingham,Championship,King Power Stadium,52.620277777778,-1.1422222222222
2025-10-25,15:00,Belgium,Westerlo,Dender,Belgian Pro League,Het Kuipje,51.094817,4.928806
2025-10-25,15:00,Turkey,Kocaelispor,Alanyaspor,Super Lig,RHG Enertürk Enerji Stadium,38.73722,35.42306
2025-10-25,15:15,Spain,Espanol,Elche,La Liga,RCDE Stadium,41.34778,2.07556
2025-10-25,15:30,Netherlands,For Sittard,Groningen,Eredivisie,Fortuna Sittard Stadion,50.992069,5.843675
2025-10-25,16:00,France,Brest,Paris SG,Ligue 1,Stade Francis-Le Blé,48.402932,-4.461694
2025-10-25,16:15,Portugal,Carrarese,Venezia,Serie B,Estádio de São Luís,37.022861,-7.928444
2025-10-25,17:00,Italy,Napoli,Inter,Serie A,Stadio Diego Armando Maradona,40.828,14.193
2025-10-25,17:15,Belgium,Mechelen,Oud-Heverlee Leuven,Belgian Pro League,AFAS-stadion Achter de Kazerne,51.037184,4.486397
2025-10-25,17:30,England,Man United,Brighton,Premier League,Old Trafford,53.463055555556,-2.2913888888889
2025-10-25,17:30,Spain,Ath Bilbao,Getafe,La Liga,San Mamés,43.2643,-2.9504
2025-10-25,17:30,Spain,Granada,Cadiz,Segunda Division,Montilivi,41.96139,2.82861
2025-10-25,17:30,Germany,Dortmund,FC Koln,Bundesliga,Signal Iduna Park,51.4925,7.45167
2025-10-25,17:30,Greece,Panserraikos,Larisa,Super League Greece,Serres Municipal Stadium,41.0847,23.5466
2025-10-25,17:45,Netherlands,Sparta Rotterdam,Telstar,Eredivisie,Spartastadion Het Kasteel,51.919485,4.433619
2025-10-25,18:00,France,Monaco,Toulouse,Ligue 1,Stade Louis II,43.7275,7.41556
2025-10-25,18:00,Portugal,Santa Clara,AVS,Primeira Liga,Estádio de São Miguel,37.763694,-25.622611
2025-10-25,18:00,Turkey,Trabzonspor,Eyupspor,Super Lig,Papara Park,40.99917,39.64583
2025-10-25,19:00,Netherlands,Annecy,St Etienne,Ligue 2,Goffertstadion,51.8225,5.83667
2025-10-25,19:45,Belgium,Gent,Standard,Belgian Pro League,Planet Group Arena,51.01611,3.73417
2025-10-25,20:00,England,Brentford,Liverpool,Premier League,Brentford Community Stadium,51.49083,-0.28861
2025-10-25,20:00,Spain,Valencia,Villarreal,La Liga,Mestalla,39.47472,-0.35833
2025-10-25,20:00,Denmark,Mirandes,Santander,Segunda Division,Cepheus Park Randers,56.46594,10.010262
2025-10-25,20:00,Netherlands,Zwolle,Nijmegen,Eredivisie,MAC³PARK Stadion,52.51722,6.12083
2025-10-25,20:05,France,Lens,Marseille,Ligue 1,Stade Bollaert-Delelis,50.43278,2.815
2025-10-25,20:30,Portugal,Benfica,Arouca,Primeira Liga,Estádio da Luz,38.7527,-9.1847
2025-10-25,20:30,Portugal,Estrela,Rio Ave,Primeira Liga,Estádio José Gomes,38.75194,-9.22806
2025-10-26,11:15,Netherlands,Twente,Ajax,Eredivisie,De Grolsch Veste,52.23667,6.8375
2025-10-26,11:30,Italy,Torino,Genoa,Serie A,Stadio Olimpico Grande Torino,45.04167,7.65
2025-10-26,11:30,Turkey,Antalyaspor,Buyuksehyr,Super Lig,Corendon Airlines Park,36.888278,30.668444
2025-10-26,12:30,Germany,Magdeburg,PreuÃen MÃ¼nster,2. Bundesliga,WWK Arena,48.32306,10.88611
2025-10-26,12:30,Belgium,Antwerp,Club Brugge,Belgian Pro League,Bosuilstadion,51.2325,4.47222
2025-10-26,13:00,Spain,Mallorca,Levante,La Liga,Mallorca Son Moix,39.59,2.63
2025-10-26,13:30,Netherlands,Feyenoord,PSV Eindhoven,Eredivisie,De Kuip,51.89389,4.52306
2025-10-26,14:00,England,Arsenal,Crystal Palace,Premier League,Emirates Stadium,51.55667,-0.10611
2025-10-26,14:00,England,Aston Villa,Man City,Premier League,Villa Park,52.509166666667,-1.8847222222222
2025-10-26,14:00,England,Bournemouth,Nott'm Forest,Premier League,Dean Court,50.73528,-1.83833
2025-10-26,14:00,England,Wolves,Burnley,Premier League,Molineux Stadium,52.59028,-2.13028
2025-10-26,14:00,Italy,Verona,Cagliari,Serie A,Stadio Marcantonio Bentegodi,45.43528,10.96861
2025-10-26,14:00,Greece,Padova,Juve Stabia,Serie B,Toumba Stadium,40.61389,22.9725
2025-10-26,14:00,France,Lille,Metz,Ligue 1,Decathlon Arena Pierre Mauroy Stadium,50.6119,3.1304
2025-10-26,14:00,Turkey,Galatasaray,Goztep,Super Lig,Rams Park,41.10278,28.99056
2025-10-26,14:30,Germany,Leverkusen,Freiburg,Bundesliga,BayArena,51.03833,7.00222
2025-10-26,15:00,Belgium,Cercle Brugge,Waregem,Belgian Pro League,Jan Breydel Stadium,51.19333,3.18056
2025-10-26,15:00,Greece,Levadeiakos,Aris,Super League Greece,Levadia Municipal Stadium,38.4358972,22.8828444
2025-10-26,15:15,Spain,Real Madrid,Barcelona,La Liga,Santiago Bernabéu,40.45306,-3.68835
2025-10-26,15:30,Portugal,Estoril,Nacional,Primeira Liga,Estádio António Coimbra da Mota,38.71583,-9.40639
2025-10-26,15:30,Portugal,Famalicao,Guimaraes,Primeira Liga,Estádio Municipal de Famalicão,41.40139,-8.5225
2025-10-26,15:30,Greece,Panathinaikos,Asteras Tripolis,Super League Greece,Athens Olympic Stadium,38.03606806,23.7876
2025-10-26,16:15,Greece,Bari,Mantova,Serie B,Kleanthis Vikelidis Stadium,40.6,22.96944
2025-10-26,16:15,France,Angers,Lorient,Ligue 1,Stade Raymond Kopa,47.460458,-0.530741
2025-10-26,16:15,France,Auxerre,Le Havre,Ligue 1,Stade Abbé Deschamps,47.7867528,3.5886639
2025-10-26,16:15,France,Rennes,Nice,Ligue 1,Roazhon Park,48.1075,-1.71278
2025-10-26,16:30,England,Everton,Tottenham,Premier League,Goodison Park,53.438888888889,-2.9663888888889
2025-10-26,16:30,Germany,Stuttgart,Mainz,Bundesliga,MHPArena,48.79222,9.23194
2025-10-26,17:00,Italy,Fiorentina,Bologna,Serie A,Stadio Artemio Franchi,43.78083,11.28222
2025-10-26,17:30,Spain,Osasuna,Celta,La Liga,El Sadar,42.79667,-1.63694
2025-10-26,17:30,Spain,Almeria,Castellon,Segunda Division,Mestalla,39.47472,-0.35833
2025-10-26,17:30,Belgium,Genk,RAAL La Louviere,Belgian Pro League,Cegeka Arena,51.005,5.53333
2025-10-26,17:30,Greece,PAOK,Volos NFC,Super League Greece,Toumba Stadium,40.61389,22.9725
2025-10-26,19:00,Netherlands,Go Ahead Eagles,Excelsior,Eredivisie,De Adelaarshorst,52.260416,6.172578
2025-10-26,19:00,Greece,Olympiakos,AEK,Super League Greece,Karaiskakis Stadium,37.94611,23.66444
2025-10-26,19:45,Italy,Lazio,Juventus,Serie A,Stadio Olimpico,41.93389,12.45472
2025-10-26,19:45,France,Lyon,Strasbourg,Ligue 1,Groupama Stadium,45.765224,4.982131
2025-10-26,20:00,Spain,Vallecano,Alaves,La Liga,Vallecas,40.39194,-3.65889
2025-10-26,20:30,Portugal,Sp Braga,Casa Pia,Primeira Liga,Estádio Municipal de Braga,41.5625,-8.43
2025-10-27,17:00,Turkey,Gaziantep,Fenerbahce,Super Lig,Gaziantep Stadium,37.12389,37.3825
2025-10-27,17:00,Turkey,Samsunspor,Rizespor,Super Lig,Samsun 19 Mayıs Stadium,41.22778,36.4575
2025-10-27,20:00,Spain,Betis,Ath Madrid,La Liga,Benito Villamarín,37.35639,-5.98139
2025-10-27,20:15,Portugal,Moreirense,Porto,Primeira Liga,Estádio Comendador Joaquim de Almeida Freitas,41.37806,-8.35472
2025-10-28,17:30,Italy,Lecce,Napoli,Serie A,Stadio Via del mare,40.36528,18.20889
2025-10-28,19:30,England,Cesena,Carrarese,Serie B,Stamford Bridge,51.481666666667,-0.19111111111111
2025-10-28,19:30,Italy,Empoli,Sampdoria,Serie B,Stadio Carlo Castellani - Computer Gross Arena,43.72639,10.955
2025-10-28,19:30,Italy,Palermo,Monza,Serie B,Stadio Ennio Tardini,44.795,10.33833
2025-10-28,19:30,Italy,Pescara,Avellino,Serie B,Stadio Ennio Tardini,44.795,10.33833
2025-10-28,19:30,Italy,Boulogne,Reims,Ligue 2,Stadio Renato Dall'Ara,44.49222,11.30972
2025-10-28,19:30,Italy,Grenoble,Guingamp,Ligue 2,Stadio Luigi Ferraris,44.41639,8.9525
2025-10-28,19:30,Greece,Laval,Le Mans,Ligue 2,Lamia Municipal Stadium,38.91,22.43111
2025-10-28,19:30,France,St Etienne,Pau FC,Ligue 2,Stade Geoffroy Guichard,45.46083,4.39028
2025-10-28,19:45,Italy,Atalanta,Milan,Serie A,Gewiss Stadium,45.70889,9.68083
2025-10-29,17:30,Italy,Como,Verona,Serie A,Stadio Giuseppe Sinigaglia,45.81389,9.07222
2025-10-29,17:30,Italy,Juventus,Udinese,Serie A,Juventus Stadium,45.10944,7.64111
2025-10-29,17:30,Italy,Roma,Parma,Serie A,Stadio Olimpico,41.93389,12.45472
2025-10-29,18:00,France,Le Havre,Brest,Ligue 1,Stade Océane,49.49889,0.16972
2025-10-29,18:00,France,Nice,Lille,Ligue 1,Allianz Riviera,43.70528,7.1925
2025-10-29,19:30,Italy,Spezia,Padova,Serie B,Stadio Pier Luigi Penzo,45.4277611,12.3637306
2025-10-29,19:30,Italy,Venezia,Sudtirol,Serie B,Stadio Pier Luigi Penzo,45.4277611,12.3637306
2025-10-29,19:45,Italy,Bologna,Torino,Serie A,Stadio Renato Dall'Ara,44.49222,11.30972
2025-10-29,19:45,Italy,Genoa,Cremonese,Serie A,Stadio Luigi Ferraris,44.41639,8.9525
2025-10-29,20:05,France,Marseille,Angers,Ligue 1,Orange Vélodrome,43.26972,5.39583
2025-10-29,20:05,France,Nantes,Monaco,Ligue 1,Stade de la Beaujoire,47.256,-1.525
2025-10-29,20:05,France,Strasbourg,Auxerre,Ligue 1,Stade de la Meinau,48.56,7.755
2025-10-29,20:05,France,Toulouse,Rennes,Ligue 1,Stadium de Toulouse,43.58306,1.43417
2025-10-30,17:30,Italy,Cagliari,Sassuolo,Serie A,Unipol Domus,39.2,9.1375
2025-10-31,17:00,Turkey,Buyuksehyr,Kocaelispor,Super Lig,Başakşehir Fatih Terim Stadium,41.12278,28.80861
2025-10-31,19:00,Netherlands,Annecy,Boulogne,Ligue 2,Goffertstadion,51.8225,5.83667
2025-10-31,19:00,Portugal,Bastia,Clermont,Ligue 2,Estádio do Bessa,41.16222,-8.64278
2025-10-31,19:00,France,Le Mans,Nancy,Ligue 2,Stade Bollaert-Delelis,50.43278,2.815
2025-10-31,19:00,France,Montpellier,Rodez,Ligue 2,Stade de la Mosson,43.62222,3.81194
2025-10-31,19:00,Netherlands,PSV Eindhoven,For Sittard,Eredivisie,Philips Stadion,51.44167,5.4675
2025-10-31,19:30,Denmark,Santander,Sociedad B,Segunda Division,Cepheus Park Randers,56.46594,10.010262
2025-10-31,19:30,Germany,Augsburg,Dortmund,Bundesliga,WWK Arena,48.32306,10.88611
2025-10-31,19:45,Belgium,Standard,Charleroi,Belgian Pro League,Stade Maurice Dufrasne,50.61,5.54333
2025-10-31,20:00,Spain,Getafe,Girona,La Liga,Coliseum,40.32556,-3.71472
2025-11-01,12:30,England,Leicester,Blackburn,Championship,King Power Stadium,52.620277777778,-1.1422222222222
2025-11-01,12:30,Croatia,Norwich,Hull,Championship,ŠRC Velika Gorica,45.724,16.0732
2025-11-01,12:30,Belgium,West Brom,Sheffield Weds,Championship,Het Kuipje,51.094817,4.928806
2025-11-01,13:00,Spain,Villarreal,Vallecano,La Liga,La Cerámica,39.94417,-0.10361
2025-11-01,13:00,Portugal,Amiens,Grenoble,Ligue 2,Estádio Comendador Joaquim de Almeida Freitas,41.37806,-8.35472
2025-11-01,13:00,France,Reims,Dunkerque,Ligue 2,Stade Auguste Delaune,49.24667,4.025
2025-11-01,14:00,Italy,Udinese,Atalanta,Serie A,Stadio Friuli,46.0816,13.2001
2025-11-01,14:00,Portugal,Carrarese,Frosinone,Serie B,Estádio de São Luís,37.022861,-7.928444
2025-11-01,14:00,Greece,Padova,Sudtirol,Serie B,Toumba Stadium,40.61389,22.9725
2025-11-01,14:00,Turkey,Goztep,Genclerbirligi,Super Lig,Gürsel Aksel Stadium,38.396821,27.07595
2025-11-01,14:30,Germany,Heidenheim,Ein Frankfurt,Bundesliga,Voith-Arena,48.66861,10.13944
2025-11-01,14:30,Germany,Mainz,Werder Bremen,Bundesliga,Mewa Arena,49.98417,8.22417
2025-11-01,14:30,Germany,RB Leipzig,Stuttgart,Bundesliga,Red Bull Arena,51.34583,12.34833
2025-11-01,14:30,Germany,St Pauli,M'gladbach,Bundesliga,Millerntor-Stadion,53.554583,9.967667
2025-11-01,14:30,Germany,Union Berlin,Freiburg,Bundesliga,Stadion An der Alten Försterei,52.45722,13.56806
2025-11-01,15:00,England,Brighton,Leeds,Premier League,Falmer Stadium,50.861822222222,-0.083277777777778
2025-11-01,15:00,England,Crystal Palace,Brentford,Premier League,Selhurst Park,51.39833,-0.08556
2025-11-01,15:00,England,Fulham,Wolves,Premier League,Craven Cottage,51.475,-0.22166666666667
2025-11-01,15:00,England,Nott'm Forest,Man United,Premier League,City Ground,52.94,-1.13278
2025-11-01,15:00,Belgium,Charlton,Swansea,Championship,Stade du Pays de Charleroi,50.414609,4.453787
2025-11-01,15:00,England,Sheffield United,Derby,Championship,Old Trafford,53.463055555556,-2.2913888888889
2025-11-01,15:00,England,Southampton,Preston,Championship,St Mary's Stadium,50.90583,-1.39111
2025-11-01,15:00,England,Watford,Middlesbrough,Championship,Brentford Community Stadium,51.49083,-0.28861
2025-11-01,15:15,Spain,Ath Madrid,Sevilla,La Liga,Santiago Bernabéu,40.45306,-3.68835
2025-11-01,15:30,Netherlands,Ajax,Heerenveen,Eredivisie,Johan Cruyff Arena,52.31417,4.94194
2025-11-01,15:30,Portugal,Nacional,Famalicao,Primeira Liga,Estádio da Madeira,32.670625,-16.883525
2025-11-01,16:00,France,Paris SG,Nice,Ligue 1,Parc des Princes,48.84138888888889,2.2530555555555556
2025-11-01,16:00,Greece,Volos NFC,Panathinaikos,Super League Greece,Panthessaliko Stadium,39.3875,22.93111
2025-11-01,17:00,Italy,Napoli,Como,Serie A,Stadio Diego Armando Maradona,40.828,14.193
2025-11-01,17:00,Turkey,Galatasaray,Trabzonspor,Super Lig,Rams Park,41.10278,28.99056
2025-11-01,17:15,Belgium,Club Brugge,Dender,Belgian Pro League,Jan Breydel Stadium,51.19333,3.18056
2025-11-01,17:30,England,Tottenham,Chelsea,Premier League,Tottenham Hotspur Stadium,51.6044,-0.0664
2025-11-01,17:30,Spain,Sociedad,Ath Bilbao,La Liga,Anoeta,43.30139,-1.97361
2025-11-01,17:30,Spain,Leganes,Burgos,Segunda Division,Municipal de Butarque,40.3404,-3.7607
2025-11-01,17:30,Germany,Bayern Munich,Leverkusen,Bundesliga,Allianz Arena,48.218775,11.624752777778
2025-11-01,17:30,Greece,Atromitos,Kifisia,Super League Greece,Peristeri Stadium,38.00472,23.68972
2025-11-01,17:45,Netherlands,NAC Breda,Go Ahead Eagles,Eredivisie,Rat Verlegh Stadion,51.595,4.75028
2025-11-01,18:00,France,Monaco,Paris FC,Ligue 1,Stade Louis II,43.7275,7.41556
2025-11-01,18:00,Portugal,Casa Pia,Estrela,Primeira Liga,Estádio Municipal de Rio Maior[A],39.34444,-8.93528
2025-11-01,18:00,Portugal,Rio Ave,Estoril,Primeira Liga,Estádio dos Arcos,41.36278,-8.74028
2025-11-01,18:00,Greece,Olympiakos,Aris,Super League Greece,Karaiskakis Stadium,37.94611,23.66444
2025-11-01,18:30,Italy,Palermo,Pescara,Serie B,Stadio Ennio Tardini,44.795,10.33833
2025-11-01,19:00,France,Red Star,St Etienne,Ligue 2,Stade Francis-Le Blé,48.402932,-4.461694
2025-11-01,19:00,Netherlands,Feyenoord,Volendam,Eredivisie,De Kuip,51.89389,4.52306
2025-11-01,19:45,Belgium,Anderlecht,Mechelen,Belgian Pro League,Lotto Park,50.83417,4.29833
2025-11-01,20:00,England,Liverpool,Aston Villa,Premier League,Anfield,53.4308,-2.9608
2025-11-01,20:00,Spain,Real Madrid,Valencia,La Liga,Santiago Bernabéu,40.45306,-3.68835
2025-11-01,20:00,Spain,Almeria,Eibar,Segunda Division,Mestalla,39.47472,-0.35833
2025-11-01,20:05,France,Auxerre,Marseille,Ligue 1,Stade Abbé Deschamps,47.7867528,3.5886639
2025-11-01,20:30,Portugal,Guimaraes,Benfica,Primeira Liga,Estádio D. Afonso Henriques,41.44583,-8.30111
2025-11-02,11:15,Netherlands,Heracles,Zwolle,Eredivisie,Asito Stadion[3],52.33889,6.65056
2025-11-02,11:30,Italy,Verona,Inter,Serie A,Stadio Marcantonio Bentegodi,45.43528,10.96861
2025-11-02,11:30,Turkey,Konyaspor,Samsunspor,Super Lig,Konya Metropolitan Municipality Stadium,37.946,32.488
2025-11-02,12:30,Germany,Bochum,Magdeburg,2. Bundesliga,Vonovia Ruhrstadion,51.49,7.23667
2025-11-02,12:30,Netherlands,Fortuna Dusseldorf,Kaiserslautern,2. Bundesliga,Fortuna Sittard Stadion,50.992069,5.843675
2025-11-02,12:30,Belgium,Westerlo,Genk,Belgian Pro League,Het Kuipje,51.094817,4.928806
2025-11-02,13:00,Spain,Levante,Celta,La Liga,Municipal de Butarque,40.3404,-3.7607
2025-11-02,13:30,Netherlands,Groningen,Twente,Eredivisie,Euroborg,53.20611,6.59139
2025-11-02,13:30,Netherlands,Sparta Rotterdam,AZ Alkmaar,Eredivisie,Spartastadion Het Kasteel,51.919485,4.433619
2025-11-02,14:00,England,West Ham,Newcastle,Premier League,London Stadium,51.5386,-0.0164
2025-11-02,14:00,Italy,Fiorentina,Lecce,Serie A,Stadio Artemio Franchi,43.78083,11.28222
2025-11-02,14:00,Italy,Torino,Pisa,Serie A,Stadio Olimpico Grande Torino,45.04167,7.65
2025-11-02,14:00,Greece,Bari,Cesena,Serie B,Kleanthis Vikelidis Stadium,40.6,22.96944
2025-11-02,14:00,Italy,Modena,Juve Stabia,Serie B,Stadio Brianteo,45.58278,9.30806
2025-11-02,14:00,France,Rennes,Strasbourg,Ligue 1,Roazhon Park,48.1075,-1.71278
2025-11-02,14:00,Turkey,Kayserispor,Kasimpasa,Super Lig,RHG Enertürk Enerji Stadium,38.73722,35.42306
2025-11-02,15:00,Belgium,Oud-Heverlee Leuven,Gent,Belgian Pro League,Den Dreef,50.86833,4.69417
2025-11-02,15:15,Spain,Alaves,Espanol,La Liga,Mendizorrotza,42.8371111,-2.6880444
2025-11-02,15:30,Portugal,AVS,Tondela,Primeira Liga,Estádio do CD Aves,41.366932,-8.411789
2025-11-02,15:30,Greece,Larisa,Levadeiakos,Super League Greece,Kleanthis Vikelidis Stadium,40.6,22.96944
2025-11-02,15:45,Netherlands,Utrecht,Nijmegen,Eredivisie,Stadion Galgenwaard,52.07833,5.14583
2025-11-02,16:15,Italy,Monza,Spezia,Serie B,Stadio Brianteo,45.58278,9.30806
2025-11-02,16:15,France,Lens,Lorient,Ligue 1,Stade Bollaert-Delelis,50.43278,2.815
2025-11-02,16:15,France,Lille,Angers,Ligue 1,Decathlon Arena Pierre Mauroy Stadium,50.6119,3.1304
2025-11-02,16:15,France,Nantes,Metz,Ligue 1,Stade de la Beaujoire,47.256,-1.525
2025-11-02,16:15,France,Toulouse,Le Havre,Ligue 1,Stadium de Toulouse,43.58306,1.43417
2025-11-02,16:30,England,Man City,Bournemouth,Premier League,City of Manchester Stadium,53.483055555556,-2.2002777777778
2025-11-02,16:30,Germany,Wolfsburg,Hoffenheim,Bundesliga,Volkswagen Arena,52.43278,10.80389
2025-11-02,17:00,Italy,Parma,Bologna,Serie A,Stadio Ennio Tardini,44.795,10.33833
2025-11-02,17:00,Turkey,Besiktas,Fenerbahce,Super Lig,Tüpraş Stadium,41.03917,28.99472
2025-11-02,17:30,Spain,Barcelona,Elche,La Liga,Olímpic Lluís Companys,41.36472,2.15556
2025-11-02,17:30,Belgium,St Truiden,Antwerp,Belgian Pro League,Stayen,50.813474,5.166256
2025-11-02,17:30,Greece,Panserraikos,PAOK,Super League Greece,Serres Municipal Stadium,41.0847,23.5466
2025-11-02,18:00,Portugal,Arouca,Moreirense,Primeira Liga,Estádio Municipal de Arouca,40.933,-8.2503
2025-11-02,18:30,Turkey,Sampdoria,Mantova,Serie B,Samsun 19 Mayıs Stadium,41.22778,36.4575
2025-11-02,19:45,Italy,Milan,Roma,Serie A,San Siro,45.47806,9.12389
2025-11-02,19:45,France,Brest,Lyon,Ligue 1,Stade Francis-Le Blé,48.402932,-4.461694
2025-11-02,20:00,Spain,Betis,Mallorca,La Liga,Benito Villamarín,37.35639,-5.98139
2025-11-02,20:00,Portugal,Zaragoza,La Coruna,Segunda Division,Estádio Municipal de Braga,41.5625,-8.43
2025-11-02,20:30,Portugal,Porto,Sp Braga,Primeira Liga,Estádio do Dragão,41.1618,-8.5839
2025-11-03,15:00,Greece,Asteras Tripolis,OFI Crete,Super League Greece,Theodoros Kolokotronis Stadium,37.5025,22.38861
2025-11-03,17:00,Turkey,Alanyaspor,Gaziantep,Super Lig,Alanya Oba Stadium,36.5626,32.0792
2025-11-03,17:00,Turkey,Eyupspor,Antalyaspor,Super Lig,Recep Tayyip Erdoğan Stadium,41.03278,28.9725
2025-11-03,17:00,Turkey,Rizespor,Karagumruk,Super Lig,Rize City Stadium,41.04202,40.5733
2025-11-03,19:30,Spain,Valladolid,Granada,Segunda Division,José Zorrilla,41.64444,-4.76111
2025-11-03,19:45,Italy,Lazio,Cagliari,Serie A,Stadio Olimpico,41.93389,12.45472
2025-11-03,20:45,Portugal,Gil Vicente,Santa Clara,Primeira Liga,Estádio Cidade de Barcelos,41.551,-8.623
2025-11-04,19:45,England,Bristol City,Blackburn,Championship,King Power Stadium,52.620277777778,-1.1422222222222
2025-11-04,19:45,Belgium,Charlton,West Brom,Championship,Stade du Pays de Charleroi,50.414609,4.453787
2025-11-04,19:45,England,Ipswich,Watford,Championship,Portman Road,52.055,1.14528
2025-11-04,19:45,England,Leicester,Middlesbrough,Championship,King Power Stadium,52.620277777778,-1.1422222222222
2025-11-05,19:00,Spain,Sociedad B,Huesca,Segunda Division,Anoeta,43.30139,-1.97361
2025-11-05,19:45,Portugal,Preston,Swansea,Championship,Estádio do Dragão,41.1618,-8.5839
2025-11-05,20:00,Portugal,Portsmouth,Wrexham,Championship,Estádio do Dragão,41.1618,-8.5839
2025-11-07,19:00,Portugal,Bastia,Reims,Ligue 2,Estádio do Bessa,41.16222,-8.64278
2025-11-07,19:00,Italy,Grenoble,Rodez,Ligue 2,Stadio Luigi Ferraris,44.41639,8.9525
2025-11-07,19:00,France,Montpellier,Annecy,Ligue 2,Stade de la Mosson,43.62222,3.81194
2025-11-07,19:00,Netherlands,Twente,Telstar,Eredivisie,De Grolsch Veste,52.23667,6.8375
2025-11-07,19:30,Denmark,Mirandes,Sp Gijon,Segunda Division,Cepheus Park Randers,56.46594,10.010262
2025-11-07,19:30,Germany,Werder Bremen,Wolfsburg,Bundesliga,Weserstadion,53.06639,8.8375
2025-11-07,19:30,Italy,Spezia,Bari,Serie B,Stadio Pier Luigi Penzo,45.4277611,12.3637306
2025-11-07,19:45,Belgium,Dender,Waregem,Belgian Pro League,Van Roystadion,50.883683,4.071185
2025-11-07,20:00,England,Watford,Bristol City,Championship,Brentford Community Stadium,51.49083,-0.28861
2025-11-07,20:15,Portugal,Estoril,Arouca,Primeira Liga,Estádio António Coimbra da Mota,38.71583,-9.40639
2025-11-08,11:30,Turkey,Gaziantep,Rizespor,Super Lig,Gaziantep Stadium,37.12389,37.3825
2025-11-08,12:30,England,Tottenham,Man United,Premier League,Tottenham Hotspur Stadium,51.6044,-0.0664
2025-11-08,13:00,Spain,Girona,Alaves,La Liga,Montilivi,41.96139,2.82861
2025-11-08,13:00,Spain,Sociedad B,Leganes,Segunda Division,Anoeta,43.30139,-1.97361
2025-11-08,13:00,France,Le Mans,Red Star,Ligue 2,Stade Bollaert-Delelis,50.43278,2.815
2025-11-08,14:00,Italy,Como,Cagliari,Serie A,Stadio Giuseppe Sinigaglia,45.81389,9.07222
2025-11-08,14:00,Italy,Lecce,Verona,Serie A,Stadio Via del mare,40.36528,18.20889
2025-11-08,14:00,Italy,Empoli,Catanzaro,Serie B,Stadio Carlo Castellani - Computer Gross Arena,43.72639,10.955
2025-11-08,14:00,Austria,Sudtirol,Carrarese,Serie B,Tivoli Stadion Tirol,47.25583,11.41083
2025-11-08,14:00,Turkey,Trabzonspor,Alanyaspor,Super Lig,Papara Park,40.99917,39.64583
2025-11-08,14:30,Germany,Hoffenheim,RB Leipzig,Bundesliga,PreZero Arena,49.23806,8.8875
2025-11-08,14:30,Germany,Leverkusen,Heidenheim,Bundesliga,BayArena,51.03833,7.00222
2025-11-08,14:30,Germany,Union Berlin,Bayern Munich,Bundesliga,Stadion An der Alten Försterei,52.45722,13.56806
2025-11-08,15:00,England,Everton,Fulham,Premier League,Goodison Park,53.438888888889,-2.9663888888889
2025-11-08,15:00,England,West Ham,Burnley,Premier League,London Stadium,51.5386,-0.0164
2025-11-08,15:00,Croatia,Norwich,Leicester,Championship,ŠRC Velika Gorica,45.724,16.0732
2025-11-08,15:00,England,Sheffield United,QPR,Championship,Old Trafford,53.463055555556,-2.2913888888889
2025-11-08,15:00,England,Southampton,Sheffield Weds,Championship,St Mary's Stadium,50.90583,-1.39111
2025-11-08,15:00,Belgium,West Brom,Oxford,Championship,Het Kuipje,51.094817,4.928806
2025-11-08,15:00,Belgium,Cercle Brugge,Oud-Heverlee Leuven,Belgian Pro League,Jan Breydel Stadium,51.19333,3.18056
2025-11-08,15:00,Greece,Panetolikos,Larisa,Super League Greece,Panetolikos Stadium,38.63,21.41167
2025-11-08,15:15,Spain,Sevilla,Osasuna,La Liga,Ramón Sánchez-Pizjuán,37.384,-5.9705
2025-11-08,15:30,Portugal,Alverca,Rio Ave,Primeira Liga,Estádio Municipal de Arouca,40.933,-8.2503
2025-11-08,16:00,France,Marseille,Brest,Ligue 1,Orange Vélodrome,43.26972,5.39583
2025-11-08,17:00,Italy,Juventus,Torino,Serie A,Juventus Stadium,45.10944,7.64111
2025-11-08,17:00,Turkey,Antalyaspor,Besiktas,Super Lig,Corendon Airlines Park,36.888278,30.668444
2025-11-08,17:15,Belgium,Charleroi,Westerlo,Belgian Pro League,Stade du Pays de Charleroi,50.414609,4.453787
2025-11-08,17:30,Spain,Ath Madrid,Levante,La Liga,Santiago Bernabéu,40.45306,-3.68835
2025-11-08,18:00,France,Le Havre,Nantes,Ligue 1,Stade Océane,49.49889,0.16972
2025-11-08,18:30,Italy,Venezia,Sampdoria,Serie B,Stadio Pier Luigi Penzo,45.4277611,12.3637306
2025-11-08,19:00,Netherlands,For Sittard,Heerenveen,Eredivisie,Fortuna Sittard Stadion,50.992069,5.843675
2025-11-08,19:45,Italy,Parma,Milan,Serie A,Stadio Ennio Tardini,44.795,10.33833
2025-11-08,19:45,Belgium,Antwerp,RAAL La Louviere,Belgian Pro League,Bosuilstadion,51.2325,4.47222
2025-11-08,20:00,England,Chelsea,Wolves,Premier League,Stamford Bridge,51.481666666667,-0.19111111111111
2025-11-08,20:00,Spain,Espanol,Villarreal,La Liga,RCDE Stadium,41.34778,2.07556
2025-11-08,20:00,Netherlands,Zwolle,Sparta Rotterdam,Eredivisie,MAC³PARK Stadion,52.51722,6.12083
2025-11-08,20:05,France,Monaco,Lens,Ligue 1,Stade Louis II,43.7275,7.41556
2025-11-08,20:30,Portugal,Santa Clara,Sp Lisbon,Primeira Liga,Estádio de São Miguel,37.763694,-25.622611
2025-11-09,11:15,Netherlands,Utrecht,Ajax,Eredivisie,Stadion Galgenwaard,52.07833,5.14583
2025-11-09,11:30,Italy,Atalanta,Sassuolo,Serie A,Gewiss Stadium,45.70889,9.68083
2025-11-09,12:30,Germany,Holstein Kiel,Fortuna Dusseldorf,2. Bundesliga,Holstein-Stadion,54.34917,10.12361
2025-11-09,12:30,Germany,Magdeburg,Paderborn,2. Bundesliga,WWK Arena,48.32306,10.88611
2025-11-09,12:30,Belgium,Anderlecht,Club Brugge,Belgian Pro League,Lotto Park,50.83417,4.29833
2025-11-09,13:00,Spain,Ath Bilbao,Oviedo,La Liga,San Mamés,43.2643,-2.9504
2025-11-09,13:00,Spain,Las Palmas,Santander,Segunda Division,Gran Canaria,28.10028,-15.45667
2025-11-09,13:00,Greece,Aris,Asteras Tripolis,Super League Greece,Kleanthis Vikelidis Stadium,40.6,22.96944
2025-11-09,14:00,England,Aston Villa,Bournemouth,Premier League,Villa Park,52.509166666667,-1.8847222222222
2025-11-09,14:00,England,Brentford,Newcastle,Premier League,Brentford Community Stadium,51.49083,-0.28861
2025-11-09,14:00,England,Crystal Palace,Brighton,Premier League,Selhurst Park,51.39833,-0.08556
2025-11-09,14:00,England,Nott'm Forest,Leeds,Premier League,City Ground,52.94,-1.13278
2025-11-09,14:00,Italy,Bologna,Napoli,Serie A,Stadio Renato Dall'Ara,44.49222,11.30972
2025-11-09,14:00,Italy,Genoa,Fiorentina,Serie A,Stadio Luigi Ferraris,44.41639,8.9525
2025-11-09,14:00,England,Cesena,Avellino,Serie B,Stamford Bridge,51.481666666667,-0.19111111111111
2025-11-09,14:00,Turkey,Kocaelispor,Galatasaray,Super Lig,RHG Enertürk Enerji Stadium,38.73722,35.42306
2025-11-09,14:30,Germany,Freiburg,St Pauli,Bundesliga,Europa-Park Stadion,48.0216,7.8297
2025-11-09,15:00,Belgium,St Truiden,Standard,Belgian Pro League,Stayen,50.813474,5.166256
2025-11-09,15:00,Greece,Levadeiakos,Panserraikos,Super League Greece,Levadia Municipal Stadium,38.4358972,22.8828444
2025-11-09,15:15,Spain,Vallecano,Real Madrid,La Liga,Vallecas,40.39194,-3.65889
2025-11-09,15:30,Portugal,AVS,Gil Vicente,Primeira Liga,Estádio do CD Aves,41.366932,-8.411789
2025-11-09,15:30,Portugal,Estrela,Nacional,Primeira Liga,Estádio José Gomes,38.75194,-9.22806
2025-11-09,16:15,Italy,Pescara,Monza,Serie B,Stadio Ennio Tardini,44.795,10.33833
2025-11-09,16:15,France,Angers,Auxerre,Ligue 1,Stade Raymond Kopa,47.460458,-0.530741
2025-11-09,16:15,France,Strasbourg,Lille,Ligue 1,Stade de la Meinau,48.56,7.755
2025-11-09,16:30,England,Man City,Liverpool,Premier League,City of Manchester Stadium,53.483055555556,-2.2002777777778
2025-11-09,16:30,Germany,Stuttgart,Augsburg,Bundesliga,MHPArena,48.79222,9.23194
2025-11-09,17:00,Italy,Roma,Udinese,Serie A,Stadio Olimpico,41.93389,12.45472
2025-11-09,17:00,Turkey,Fenerbahce,Kayserispor,Super Lig,Ülker Stadium,40.98778,29.03694
2025-11-09,17:00,Turkey,Samsunspor,Eyupspor,Super Lig,Samsun 19 Mayıs Stadium,41.22778,36.4575
2025-11-09,17:00,Greece,Atromitos,Volos NFC,Super League Greece,Peristeri Stadium,38.00472,23.68972
2025-11-09,17:30,Spain,Mallorca,Getafe,La Liga,Mallorca Son Moix,39.59,2.63
2025-11-09,17:30,Spain,Valencia,Betis,La Liga,Mestalla,39.47472,-0.35833
2025-11-09,17:30,Spain,Granada,Zaragoza,Segunda Division,Montilivi,41.96139,2.82861
2025-11-09,17:30,Belgium,Gent,Genk,Belgian Pro League,Planet Group Arena,51.01611,3.73417
2025-11-09,18:00,Portugal,Famalicao,Porto,Primeira Liga,Estádio Municipal de Famalicão,41.40139,-8.5225
2025-11-09,18:15,Belgium,Mechelen,St. Gilloise,Belgian Pro League,AFAS-stadion Achter de Kazerne,51.037184,4.486397
2025-11-09,18:30,Germany,Ein Frankfurt,Mainz,Bundesliga,Deutsche Bank Park,50.068056,8.645806
2025-11-09,19:00,Netherlands,Go Ahead Eagles,Feyenoord,Eredivisie,De Adelaarshorst,52.260416,6.172578
2025-11-09,19:00,Greece,Panathinaikos,PAOK,Super League Greece,Athens Olympic Stadium,38.03606806,23.7876
2025-11-09,19:45,France,Lyon,Paris SG,Ligue 1,Groupama Stadium,45.765224,4.982131
2025-11-09,20:00,Spain,Celta,Barcelona,La Liga,Balaídos,42.2118,-8.7397
2025-11-09,20:30,Portugal,Benfica,Casa Pia,Primeira Liga,Estádio da Luz,38.7527,-9.1847
2025-11-09,20:30,Portugal,Sp Braga,Moreirense,Primeira Liga,Estádio Municipal de Braga,41.5625,-8.43
2025-11-14,19:30,Spain,Valladolid,Las Palmas,Segunda Division,José Zorrilla,41.64444,-4.76111
2025-11-15,20:00,Denmark,Santander,Granada,Segunda Division,Cepheus Park Randers,56.46594,10.010262
2025-11-16,15:15,Spain,Almeria,Cadiz,Segunda Division,Mestalla,39.47472,-0.35833
2025-11-16,17:30,Denmark,Mirandes,Burgos,Segunda Division,Cepheus Park Randers,56.46594,10.010262
2025-11-16,20:00,Portugal,Zaragoza,Huesca,Segunda Division,Estádio Municipal de Braga,41.5625,-8.43
2025-11-21,17:30,Germany,Bochum,Dresden,2. Bundesliga,Vonovia Ruhrstadion,51.49,7.23667
2025-11-21,19:00,Netherlands,Annecy,Bastia,Ligue 2,Goffertstadion,51.8225,5.83667
2025-11-21,19:00,Italy,Boulogne,Grenoble,Ligue 2,Stadio Renato Dall'Ara,44.49222,11.30972
2025-11-21,19:00,Greece,Laval,Troyes,Ligue 2,Lamia Municipal Stadium,38.91,22.43111
2025-11-21,19:30,Spain,Las Palmas,Albacete,Segunda Division,Gran Canaria,28.10028,-15.45667
2025-11-21,19:30,Germany,Mainz,Hoffenheim,Bundesliga,Mewa Arena,49.98417,8.22417
2025-11-21,19:45,France,Nice,Marseille,Ligue 1,Allianz Riviera,43.70528,7.1925
2025-11-21,19:45,Belgium,Standard,Waregem,Belgian Pro League,Stade Maurice Dufrasne,50.61,5.54333
2025-11-21,20:00,Portugal,Preston,Blackburn,Championship,Estádio do Dragão,41.1618,-8.5839
2025-11-21,20:00,Spain,Valencia,Levante,La Liga,Mestalla,39.47472,-0.35833
2025-11-22,11:30,Turkey,Kayserispor,Gaziantep,Super Lig,RHG Enertürk Enerji Stadium,38.73722,35.42306
2025-11-22,12:00,Netherlands,Fortuna Dusseldorf,Magdeburg,2. Bundesliga,Fortuna Sittard Stadion,50.992069,5.843675
2025-11-22,12:30,England,Bristol City,Swansea,Championship,King Power Stadium,52.620277777778,-1.1422222222222
2025-11-22,12:30,Belgium,Charlton,Southampton,Championship,Stade du Pays de Charleroi,50.414609,4.453787
2025-11-22,13:00,Spain,Alaves,Celta,La Liga,Mendizorrotza,42.8371111,-2.6880444
2025-11-22,13:00,Portugal,Amiens,Guingamp,Ligue 2,Estádio Comendador Joaquim de Almeida Freitas,41.37806,-8.35472
2025-11-22,13:00,France,Red Star,Clermont,Ligue 2,Stade Francis-Le Blé,48.402932,-4.461694
2025-11-22,14:00,Italy,Cagliari,Genoa,Serie A,Unipol Domus,39.2,9.1375
2025-11-22,14:00,Italy,Udinese,Bologna,Serie A,Stadio Friuli,46.0816,13.2001
2025-11-22,14:00,Portugal,Carrarese,Reggiana,Serie B,Estádio de São Luís,37.022861,-7.928444
2025-11-22,14:00,Turkey,Eyupspor,Karagumruk,Super Lig,Recep Tayyip Erdoğan Stadium,41.03278,28.9725
2025-11-22,14:30,Germany,Augsburg,Hamburg,Bundesliga,WWK Arena,48.32306,10.88611
2025-11-22,14:30,Germany,Bayern Munich,Freiburg,Bundesliga,Allianz Arena,48.218775,11.624752777778
2025-11-22,14:30,Germany,Dortmund,Stuttgart,Bundesliga,Signal Iduna Park,51.4925,7.45167
2025-11-22,14:30,Germany,Heidenheim,M'gladbach,Bundesliga,Voith-Arena,48.66861,10.13944
2025-11-22,14:30,Germany,Wolfsburg,Leverkusen,Bundesliga,Volkswagen Arena,52.43278,10.80389
2025-11-22,15:00,England,Bournemouth,West Ham,Premier League,Dean Court,50.73528,-1.83833
2025-11-22,15:00,England,Brighton,Brentford,Premier League,Falmer Stadium,50.861822222222,-0.083277777777778
2025-11-22,15:00,England,Fulham,Sunderland,Premier League,Craven Cottage,51.475,-0.22166666666667
2025-11-22,15:00,England,Liverpool,Nott'm Forest,Premier League,Anfield,53.4308,-2.9608
2025-11-22,15:00,England,Wolves,Crystal Palace,Premier League,Molineux Stadium,52.59028,-2.13028
2025-11-22,15:00,England,Ipswich,Wrexham,Championship,Portman Road,52.055,1.14528
2025-11-22,15:00,England,Leicester,Stoke,Championship,King Power Stadium,52.620277777778,-1.1422222222222
2025-11-22,15:00,Portugal,Portsmouth,Millwall,Championship,Estádio do Dragão,41.1618,-8.5839
2025-11-22,15:15,Spain,Barcelona,Ath Bilbao,La Liga,Olímpic Lluís Companys,41.36472,2.15556
2025-11-22,15:30,Netherlands,NAC Breda,PSV Eindhoven,Eredivisie,Rat Verlegh Stadion,51.595,4.75028
2025-11-22,16:00,France,Lens,Strasbourg,Ligue 1,Stade Bollaert-Delelis,50.43278,2.815
2025-11-22,16:15,Greece,Padova,Venezia,Serie B,Toumba Stadium,40.61389,22.9725
2025-11-22,17:00,Italy,Fiorentina,Juventus,Serie A,Stadio Artemio Franchi,43.78083,11.28222
2025-11-22,17:00,Turkey,Galatasaray,Genclerbirligi,Super Lig,Rams Park,41.10278,28.99056
2025-11-22,17:15,Belgium,Westerlo,Gent,Belgian Pro League,Het Kuipje,51.094817,4.928806
2025-11-22,17:30,England,Newcastle,Man City,Premier League,St James' Park,54.975555555556,-1.6216666666667
2025-11-22,17:30,Spain,Osasuna,Sociedad,La Liga,El Sadar,42.79667,-1.63694
2025-11-22,17:30,Spain,Leganes,Almeria,Segunda Division,Municipal de Butarque,40.3404,-3.7607
2025-11-22,17:30,Greece,Asteras Tripolis,Panetolikos,Super League Greece,Theodoros Kolokotronis Stadium,37.5025,22.38861
2025-11-22,17:45,Netherlands,Ajax,Excelsior,Eredivisie,Johan Cruyff Arena,52.31417,4.94194
2025-11-22,18:00,France,Rennes,Monaco,Ligue 1,Roazhon Park,48.1075,-1.71278
2025-11-22,18:00,Greece,Olympiakos,Atromitos,Super League Greece,Karaiskakis Stadium,37.94611,23.66444
2025-11-22,18:30,Greece,Bari,Frosinone,Serie B,Kleanthis Vikelidis Stadium,40.6,22.96944
2025-11-22,19:00,France,St Etienne,Nancy,Ligue 2,Stade Geoffroy Guichard,45.46083,4.39028
2025-11-22,19:45,Italy,Napoli,Atalanta,Serie A,Stadio Diego Armando Maradona,40.828,14.193
2025-11-22,19:45,Belgium,Club Brugge,Charleroi,Belgian Pro League,Jan Breydel Stadium,51.19333,3.18056
2025-11-22,20:00,Spain,Villarreal,Mallorca,La Liga,La Cerámica,39.94417,-0.10361
2025-11-22,20:00,Spain,Granada,Cordoba,Segunda Division,Montilivi,41.96139,2.82861
2025-11-22,20:00,Netherlands,Heracles,Go Ahead Eagles,Eredivisie,Asito Stadion[3],52.33889,6.65056
2025-11-22,20:00,Netherlands,Sparta Rotterdam,For Sittard,Eredivisie,Spartastadion Het Kasteel,51.919485,4.433619
2025-11-22,20:05,France,Paris SG,Le Havre,Ligue 1,Parc des Princes,48.84138888888889,2.2530555555555556
2025-11-23,11:15,Netherlands,Heerenveen,AZ Alkmaar,Eredivisie,Abe Lenstra Stadion,52.95861,5.93611
2025-11-23,11:30,Italy,Verona,Parma,Serie A,Stadio Marcantonio Bentegodi,45.43528,10.96861
2025-11-23,11:30,Turkey,Goztep,Kocaelispor,Super Lig,Gürsel Aksel Stadium,38.396821,27.07595
2025-11-23,12:30,Belgium,Genk,Mechelen,Belgian Pro League,Cegeka Arena,51.005,5.53333
2025-11-23,13:30,Netherlands,Feyenoord,Nijmegen,Eredivisie,De Kuip,51.89389,4.52306
2025-11-23,14:00,Italy,Modena,Sudtirol,Serie B,Stadio Brianteo,45.58278,9.30806
2025-11-23,14:00,France,Auxerre,Lyon,Ligue 1,Stade Abbé Deschamps,47.7867528,3.5886639
2025-11-23,14:00,Turkey,Alanyaspor,Kasimpasa,Super Lig,Alanya Oba Stadium,36.5626,32.0792
2025-11-23,14:00,Turkey,Besiktas,Samsunspor,Super Lig,Tüpraş Stadium,41.03917,28.99472
2025-11-23,14:30,Germany,RB Leipzig,Werder Bremen,Bundesliga,Red Bull Arena,51.34583,12.34833
2025-11-23,15:00,Belgium,Antwerp,Dender,Belgian Pro League,Bosuilstadion,51.2325,4.47222
2025-11-23,15:00,Greece,Panserraikos,Panathinaikos,Super League Greece,Serres Municipal Stadium,41.0847,23.5466
2025-11-23,15:15,Spain,Betis,Girona,La Liga,Benito Villamarín,37.35639,-5.98139
2025-11-23,15:45,Netherlands,Groningen,Zwolle,Eredivisie,Euroborg,53.20611,6.59139
2025-11-23,16:15,Italy,Monza,Cesena,Serie B,Stadio Brianteo,45.58278,9.30806
2025-11-23,16:15,France,Brest,Metz,Ligue 1,Stade Francis-Le Blé,48.402932,-4.461694
2025-11-23,16:15,France,Nantes,Lorient,Ligue 1,Stade de la Beaujoire,47.256,-1.525
2025-11-23,16:15,France,Toulouse,Angers,Ligue 1,Stadium de Toulouse,43.58306,1.43417
2025-11-23,16:30,England,Arsenal,Tottenham,Premier League,Emirates Stadium,51.55667,-0.10611
2025-11-23,16:30,Germany,St Pauli,Union Berlin,Bundesliga,Millerntor-Stadion,53.554583,9.967667
2025-11-23,17:00,Italy,Lazio,Lecce,Serie A,Stadio Olimpico,41.93389,12.45472
2025-11-23,17:00,Turkey,Rizespor,Fenerbahce,Super Lig,Rize City Stadium,41.04202,40.5733
2025-11-23,17:00,Greece,PAOK,Kifisia,Super League Greece,Toumba Stadium,40.61389,22.9725
2025-11-23,17:30,Spain,Getafe,Ath Madrid,La Liga,Coliseum,40.32556,-3.71472
2025-11-23,18:15,Belgium,Oud-Heverlee Leuven,St Truiden,Belgian Pro League,Den Dreef,50.86833,4.69417
2025-11-23,19:45,France,Lille,Paris FC,Ligue 1,Decathlon Arena Pierre Mauroy Stadium,50.6119,3.1304
2025-11-24,16:00,Greece,Volos NFC,Levadeiakos,Super League Greece,Panthessaliko Stadium,39.3875,22.93111
2025-11-24,17:00,Turkey,Buyuksehyr,Trabzonspor,Super Lig,Başakşehir Fatih Terim Stadium,41.12278,28.80861
2025-11-24,17:00,Turkey,Konyaspor,Antalyaspor,Super Lig,Konya Metropolitan Municipality Stadium,37.946,32.488
2025-11-24,17:30,Italy,Torino,Como,Serie A,Stadio Olimpico Grande Torino,45.04167,7.65
2025-11-24,18:00,Greece,Larisa,OFI Crete,Super League Greece,Kleanthis Vikelidis Stadium,40.6,22.96944
2025-11-24,19:30,Spain,Sociedad B,Valladolid,Segunda Division,Anoeta,43.30139,-1.97361
2025-11-24,19:30,Turkey,Sampdoria,Juve Stabia,Serie B,Samsun 19 Mayıs Stadium,41.22778,36.4575
2025-11-24,19:45,France,Reims,Montpellier,Ligue 2,Stade Auguste Delaune,49.24667,4.025
2025-11-24,20:00,England,Man United,Everton,Premier League,Old Trafford,53.463055555556,-2.2913888888889
2025-11-24,20:00,Spain,Espanol,Sevilla,La Liga,RCDE Stadium,41.34778,2.07556
2025-11-25,19:00,Portugal,Bastia,Laval,Ligue 2,Estádio do Bessa,41.16222,-8.64278
2025-11-25,19:45,Croatia,Norwich,Oxford,Championship,ŠRC Velika Gorica,45.724,16.0732
2025-11-25,19:45,England,Watford,Preston,Championship,Brentford Community Stadium,51.49083,-0.28861
2025-11-25,20:00,England,Southampton,Leicester,Championship,St Mary's Stadium,50.90583,-1.39111
2025-11-26,19:45,England,Sheffield United,Portsmouth,Championship,Old Trafford,53.463055555556,-2.2913888888889
2025-11-26,20:00,Belgium,West Brom,Birmingham,Championship,Het Kuipje,51.094817,4.928806
2025-11-28,17:00,Turkey,Kocaelispor,Genclerbirligi,Super Lig,RHG Enertürk Enerji Stadium,38.73722,35.42306
2025-11-28,19:00,Netherlands,Zwolle,Heerenveen,Eredivisie,MAC³PARK Stadion,52.51722,6.12083
2025-11-28,19:30,England,Cesena,Modena,Serie B,Stamford Bridge,51.481666666667,-0.19111111111111
2025-11-28,19:45,Italy,Como,Sassuolo,Serie A,Stadio Giuseppe Sinigaglia,45.81389,9.07222
2025-11-28,19:45,Belgium,Mechelen,Standard,Belgian Pro League,AFAS-stadion Achter de Kazerne,51.037184,4.486397
2025-11-28,20:00,Spain,Getafe,Elche,La Liga,Coliseum,40.32556,-3.71472
2025-11-28,20:15,Portugal,Guimaraes,AVS,Primeira Liga,Estádio D. Afonso Henriques,41.44583,-8.30111
2025-11-29,11:30,Turkey,Rizespor,Kayserispor,Super Lig,Rize City Stadium,41.04202,40.5733
2025-11-29,12:00,Germany,Holstein Kiel,Hertha,2. Bundesliga,Holstein-Stadion,54.34917,10.12361
2025-11-29,12:30,England,Leicester,Sheffield United,Championship,King Power Stadium,52.620277777778,-1.1422222222222
2025-11-29,12:30,Portugal,Portsmouth,Bristol City,Championship,Estádio do Dragão,41.1618,-8.5839
2025-11-29,13:00,Spain,Mallorca,Osasuna,La Liga,Mallorca Son Moix,39.59,2.63
2025-11-29,14:00,Italy,Genoa,Verona,Serie A,Stadio Luigi Ferraris,44.41639,8.9525
2025-11-29,14:00,Italy,Parma,Udinese,Serie A,Stadio Ennio Tardini,44.795,10.33833
2025-11-29,14:00,Italy,Empoli,Bari,Serie B,Stadio Carlo Castellani - Computer Gross Arena,43.72639,10.955
2025-11-29,14:00,Italy,Pescara,Padova,Serie B,Stadio Ennio Tardini,44.795,10.33833
2025-11-29,14:00,Austria,Sudtirol,Avellino,Serie B,Tivoli Stadion Tirol,47.25583,11.41083
2025-11-29,14:00,Italy,Venezia,Mantova,Serie B,Stadio Pier Luigi Penzo,45.4277611,12.3637306
2025-11-29,14:00,Turkey,Gaziantep,Eyupspor,Super Lig,Gaziantep Stadium,37.12389,37.3825
2025-11-29,14:30,Germany,Bayern Munich,St Pauli,Bundesliga,Allianz Arena,48.218775,11.624752777778
2025-11-29,14:30,Germany,Hoffenheim,Augsburg,Bundesliga,PreZero Arena,49.23806,8.8875
2025-11-29,14:30,Germany,Union Berlin,Heidenheim,Bundesliga,Stadion An der Alten Försterei,52.45722,13.56806
2025-11-29,14:30,Germany,Werder Bremen,FC Koln,Bundesliga,Weserstadion,53.06639,8.8375
2025-11-29,15:00,England,Brentford,Burnley,Premier League,Brentford Community Stadium,51.49083,-0.28861
2025-11-29,15:00,England,Man City,Leeds,Premier League,City of Manchester Stadium,53.483055555556,-2.2002777777778
2025-11-29,15:00,Croatia,Norwich,QPR,Championship,ŠRC Velika Gorica,45.724,16.0732
2025-11-29,15:00,Belgium,West Brom,Swansea,Championship,Het Kuipje,51.094817,4.928806
2025-11-29,15:00,Belgium,Dender,Westerlo,Belgian Pro League,Van Roystadion,50.883683,4.071185
2025-11-29,15:15,Spain,Barcelona,Alaves,La Liga,Olímpic Lluís Companys,41.36472,2.15556
2025-11-29,15:30,Portugal,Casa Pia,Alverca,Primeira Liga,Estádio Municipal de Rio Maior[A],39.34444,-8.93528
2025-11-29,15:30,Portugal,Moreirense,Famalicao,Primeira Liga,Estádio Comendador Joaquim de Almeida Freitas,41.37806,-8.35472
2025-11-29,16:00,France,Monaco,Paris SG,Ligue 1,Stade Louis II,43.7275,7.41556
2025-11-29,17:00,Italy,Juventus,Cagliari,Serie A,Juventus Stadium,45.10944,7.64111
2025-11-29,17:00,Turkey,Trabzonspor,Konyaspor,Super Lig,Papara Park,40.99917,39.64583
2025-11-29,17:30,England,Everton,Newcastle,Premier League,Goodison Park,53.438888888889,-2.9663888888889
2025-11-29,17:30,Spain,Levante,Ath Bilbao,La Liga,Municipal de Butarque,40.3404,-3.7607
2025-11-29,17:30,Spain,Almeria,Huesca,Segunda Division,Mestalla,39.47472,-0.35833
2025-11-29,17:30,Germany,Leverkusen,Dortmund,Bundesliga,BayArena,51.03833,7.00222
2025-11-29,17:30,Greece,Aris,Larisa,Super League Greece,Kleanthis Vikelidis Stadium,40.6,22.96944
2025-11-29,17:45,Netherlands,For Sittard,Heracles,Eredivisie,Fortuna Sittard Stadion,50.992069,5.843675
2025-11-29,18:00,Portugal,Nacional,Benfica,Primeira Liga,Estádio da Madeira,32.670625,-16.883525
2025-11-29,18:30,Italy,Palermo,Carrarese,Serie B,Stadio Ennio Tardini,44.795,10.33833
2025-11-29,19:30,Germany,Magdeburg,Nurnberg,2. Bundesliga,WWK Arena,48.32306,10.88611
2025-11-29,19:45,Italy,Milan,Lazio,Serie A,San Siro,45.47806,9.12389
2025-11-29,19:45,Belgium,Charleroi,RAAL La Louviere,Belgian Pro League,Stade du Pays de Charleroi,50.414609,4.453787
2025-11-29,20:00,England,Tottenham,Fulham,Premier League,Tottenham Hotspur Stadium,51.6044,-0.0664
2025-11-29,20:00,Spain,Ath Madrid,Oviedo,La Liga,Santiago Bernabéu,40.45306,-3.68835
2025-11-29,20:00,Spain,Valladolid,Malaga,Segunda Division,José Zorrilla,41.64444,-4.76111
2025-11-29,20:05,France,Marseille,Toulouse,Ligue 1,Orange Vélodrome,43.26972,5.39583
2025-11-29,20:30,Portugal,Gil Vicente,Tondela,Primeira Liga,Estádio Cidade de Barcelos,41.551,-8.623
2025-11-30,11:15,Netherlands,PSV Eindhoven,Volendam,Eredivisie,Philips Stadion,51.44167,5.4675
2025-11-30,11:30,Italy,Lecce,Torino,Serie A,Stadio Via del mare,40.36528,18.20889
2025-11-30,12:00,England,Crystal Palace,Man United,Premier League,Selhurst Park,51.39833,-0.08556
2025-11-30,12:30,Belgium,Club Brugge,Antwerp,Belgian Pro League,Jan Breydel Stadium,51.19333,3.18056
2025-11-30,13:00,Spain,Sociedad,Villarreal,La Liga,Anoeta,43.30139,-1.97361
2025-11-30,13:00,Portugal,Zaragoza,Leganes,Segunda Division,Estádio Municipal de Braga,41.5625,-8.43
2025-11-30,13:30,Netherlands,Go Ahead Eagles,Utrecht,Eredivisie,De Adelaarshorst,52.260416,6.172578
2025-11-30,14:00,France,Strasbourg,Brest,Ligue 1,Stade de la Meinau,48.56,7.755
2025-11-30,14:00,Turkey,Antalyaspor,Goztep,Super Lig,Corendon Airlines Park,36.888278,30.668444
2025-11-30,14:05,England,Aston Villa,Wolves,Premier League,Villa Park,52.509166666667,-1.8847222222222
2025-11-30,14:05,England,Nott'm Forest,Brighton,Premier League,City Ground,52.94,-1.13278
2025-11-30,14:05,England,West Ham,Liverpool,Premier League,London Stadium,51.5386,-0.0164
2025-11-30,15:00,Belgium,Genk,Oud-Heverlee Leuven,Belgian Pro League,Cegeka Arena,51.005,5.53333
2025-11-30,15:00,Greece,Atromitos,Asteras Tripolis,Super League Greece,Peristeri Stadium,38.00472,23.68972
2025-11-30,15:00,Greece,Panetolikos,Olympiakos,Super League Greece,Panetolikos Stadium,38.63,21.41167
2025-11-30,15:15,Spain,Sevilla,Betis,La Liga,Ramón Sánchez-Pizjuán,37.384,-5.9705
2025-11-30,15:15,Denmark,Santander,Eibar,Segunda Division,Cepheus Park Randers,56.46594,10.010262
2025-11-30,15:30,Portugal,Rio Ave,Santa Clara,Primeira Liga,Estádio dos Arcos,41.36278,-8.74028
2025-11-30,15:45,Netherlands,Twente,AZ Alkmaar,Eredivisie,De Grolsch Veste,52.23667,6.8375
2025-11-30,16:15,Italy,Spezia,Sampdoria,Serie B,Stadio Pier Luigi Penzo,45.4277611,12.3637306
2025-11-30,16:15,France,Angers,Lens,Ligue 1,Stade Raymond Kopa,47.460458,-0.530741
2025-11-30,16:15,France,Le Havre,Lille,Ligue 1,Stade Océane,49.49889,0.16972
2025-11-30,16:30,England,Chelsea,Arsenal,Premier League,Stamford Bridge,51.481666666667,-0.19111111111111
2025-11-30,16:30,Germany,Ein Frankfurt,Wolfsburg,Bundesliga,Deutsche Bank Park,50.068056,8.645806
2025-11-30,17:00,Italy,Atalanta,Fiorentina,Serie A,Gewiss Stadium,45.70889,9.68083
2025-11-30,17:00,Greece,Levadeiakos,PAOK,Super League Greece,Levadia Municipal Stadium,38.4358972,22.8828444
2025-11-30,17:30,Spain,Celta,Espanol,La Liga,Balaídos,42.2118,-8.7397
2025-11-30,17:30,Denmark,Mirandes,Sociedad B,Segunda Division,Cepheus Park Randers,56.46594,10.010262
2025-11-30,17:30,Belgium,Anderlecht,St. Gilloise,Belgian Pro League,Lotto Park,50.83417,4.29833
2025-11-30,18:15,Belgium,Gent,St Truiden,Belgian Pro League,Planet Group Arena,51.01611,3.73417
2025-11-30,18:30,Germany,Freiburg,Mainz,Bundesliga,Europa-Park Stadion,48.0216,7.8297
2025-11-30,19:00,Greece,Panathinaikos,AEK,Super League Greece,Athens Olympic Stadium,38.03606806,23.7876
2025-11-30,19:45,Italy,Roma,Napoli,Serie A,Stadio Olimpico,41.93389,12.45472
2025-11-30,19:45,France,Lyon,Nantes,Ligue 1,Groupama Stadium,45.765224,4.982131
2025-11-30,20:00,Spain,Girona,Real Madrid,La Liga,Montilivi,41.96139,2.82861
2025-11-30,20:30,Portugal,Porto,Estoril,Primeira Liga,Estádio do Dragão,41.1618,-8.5839
2025-12-01,17:00,Turkey,Fenerbahce,Galatasaray,Super Lig,Ülker Stadium,40.98778,29.03694
2025-12-01,17:00,Turkey,Samsunspor,Alanyaspor,Super Lig,Samsun 19 Mayıs Stadium,41.22778,36.4575
2025-12-01,19:45,Italy,Bologna,Cremonese,Serie A,Stadio Renato Dall'Ara,44.49222,11.30972
2025-12-01,20:00,Spain,Vallecano,Valencia,La Liga,Vallecas,40.39194,-3.65889
2025-12-01,20:15,Portugal,Arouca,Sp Braga,Primeira Liga,Estádio Municipal de Arouca,40.933,-8.2503
2025-12-02,13:30,Netherlands,Ajax,Groningen,Eredivisie,Johan Cruyff Arena,52.31417,4.94194
2025-12-02,19:30,England,Bournemouth,Everton,Premier League,Dean Court,50.73528,-1.83833
2025-12-02,19:30,England,Fulham,Man City,Premier League,Craven Cottage,51.475,-0.22166666666667
2025-12-02,20:00,Spain,Barcelona,Ath Madrid,La Liga,Olímpic Lluís Companys,41.36472,2.15556
2025-12-02,20:15,England,Newcastle,Tottenham,Premier League,St James' Park,54.975555555556,-1.6216666666667
2025-12-03,18:00,Spain,Ath Bilbao,Real Madrid,La Liga,San Mamés,43.2643,-2.9504
2025-12-03,19:30,England,Arsenal,Brentford,Premier League,Emirates Stadium,51.55667,-0.10611
2025-12-03,19:30,England,Brighton,Aston Villa,Premier League,Falmer Stadium,50.861822222222,-0.083277777777778
2025-12-03,19:30,England,Wolves,Nott'm Forest,Premier League,Molineux Stadium,52.59028,-2.13028
2025-12-03,20:15,England,Liverpool,Sunderland,Premier League,Anfield,53.4308,-2.9608
2025-12-04,20:00,England,Man United,West Ham,Premier League,Old Trafford,53.463055555556,-2.2913888888889
2025-12-05,17:00,Turkey,Galatasaray,Samsunspor,Super Lig,Rams Park,41.10278,28.99056
2025-12-05,17:30,Netherlands,Fortuna Dusseldorf,Schalke 04,2. Bundesliga,Fortuna Sittard Stadion,50.992069,5.843675
2025-12-05,18:00,France,Brest,Monaco,Ligue 1,Stade Francis-Le Blé,48.402932,-4.461694
2025-12-05,19:00,Italy,Grenoble,Nancy,Ligue 2,Stadio Luigi Ferraris,44.41639,8.9525
2025-12-05,19:00,France,Le Mans,Amiens,Ligue 2,Stade Bollaert-Delelis,50.43278,2.815
2025-12-05,19:30,Germany,Mainz,M'gladbach,Bundesliga,Mewa Arena,49.98417,8.22417
2025-12-05,20:00,France,Lille,Marseille,Ligue 1,Decathlon Arena Pierre Mauroy Stadium,50.6119,3.1304
2025-12-05,20:15,Portugal,Benfica,Sp Lisbon,Primeira Liga,Estádio da Luz,38.7527,-9.1847
2025-12-06,11:30,Turkey,Eyupspor,Kayserispor,Super Lig,Recep Tayyip Erdoğan Stadium,41.03278,28.9725
2025-12-06,12:00,Germany,Bochum,Bielefeld,2. Bundesliga,Vonovia Ruhrstadion,51.49,7.23667
2025-12-06,12:30,England,Aston Villa,Arsenal,Premier League,Villa Park,52.509166666667,-1.8847222222222
2025-12-06,12:30,England,Watford,Norwich,Championship,Brentford Community Stadium,51.49083,-0.28861
2025-12-06,13:00,Spain,Villarreal,Getafe,La Liga,La Cerámica,39.94417,-0.10361
2025-12-06,13:00,France,Montpellier,Pau FC,Ligue 2,Stade de la Mosson,43.62222,3.81194
2025-12-06,14:00,Turkey,Konyaspor,Rizespor,Super Lig,Konya Metropolitan Municipality Stadium,37.946,32.488
2025-12-06,14:30,Germany,Augsburg,Leverkusen,Bundesliga,WWK Arena,48.32306,10.88611
2025-12-06,14:30,Germany,Heidenheim,Freiburg,Bundesliga,Voith-Arena,48.66861,10.13944
2025-12-06,14:30,Germany,Stuttgart,Bayern Munich,Bundesliga,MHPArena,48.79222,9.23194
2025-12-06,14:30,Germany,Wolfsburg,Union Berlin,Bundesliga,Volkswagen Arena,52.43278,10.80389
2025-12-06,15:00,England,Bournemouth,Chelsea,Premier League,Dean Court,50.73528,-1.83833
2025-12-06,15:00,England,Everton,Nott'm Forest,Premier League,Goodison Park,53.438888888889,-2.9663888888889
2025-12-06,15:00,England,Man City,Sunderland,Premier League,City of Manchester Stadium,53.483055555556,-2.2002777777778
2025-12-06,15:00,England,Newcastle,Burnley,Premier League,St James' Park,54.975555555556,-1.6216666666667
2025-12-06,15:00,England,Tottenham,Brentford,Premier League,Tottenham Hotspur Stadium,51.6044,-0.0664
2025-12-06,15:00,England,Bristol City,Millwall,Championship,King Power Stadium,52.620277777778,-1.1422222222222
2025-12-06,15:00,England,Ipswich,Coventry,Championship,Portman Road,52.055,1.14528
2025-12-06,15:00,Portugal,Preston,Wrexham,Championship,Estádio do Dragão,41.1618,-8.5839
2025-12-06,15:00,England,Sheffield United,Stoke,Championship,Old Trafford,53.463055555556,-2.2913888888889
2025-12-06,15:00,England,Southampton,Birmingham,Championship,St Mary's Stadium,50.90583,-1.39111
2025-12-06,15:00,Belgium,Cercle Brugge,Standard,Belgian Pro League,Jan Breydel Stadium,51.19333,3.18056
2025-12-06,15:00,Greece,Olympiakos,OFI Crete,Super League Greece,Karaiskakis Stadium,37.94611,23.66444
2025-12-06,15:15,Spain,Alaves,Sociedad,La Liga,Mendizorrotza,42.8371111,-2.6880444
2025-12-06,15:30,Netherlands,Heerenveen,PSV Eindhoven,Eredivisie,Abe Lenstra Stadion,52.95861,5.93611
2025-12-06,15:30,Portugal,Santa Clara,Casa Pia,Primeira Liga,Estádio de São Miguel,37.763694,-25.622611
2025-12-06,16:00,France,Nantes,Lens,Ligue 1,Stade de la Beaujoire,47.256,-1.525
2025-12-06,17:00,Turkey,Buyuksehyr,Fenerbahce,Super Lig,Başakşehir Fatih Terim Stadium,41.12278,28.80861
2025-12-06,17:30,Spain,Betis,Barcelona,La Liga,Benito Villamarín,37.35639,-5.98139
2025-12-06,17:30,Spain,Sociedad B,Sp Gijon,Segunda Division,Anoeta,43.30139,-1.97361
2025-12-06,17:30,Germany,RB Leipzig,Ein Frankfurt,Bundesliga,Red Bull Arena,51.34583,12.34833
2025-12-06,17:45,Netherlands,For Sittard,Ajax,Eredivisie,Fortuna Sittard Stadion,50.992069,5.843675
2025-12-06,18:00,France,Toulouse,Strasbourg,Ligue 1,Stadium de Toulouse,43.58306,1.43417
2025-12-06,18:00,Portugal,AVS,Rio Ave,Primeira Liga,Estádio do CD Aves,41.366932,-8.411789
2025-12-06,18:30,Greece,Volos NFC,Kifisia,Super League Greece,Panthessaliko Stadium,39.3875,22.93111
2025-12-06,19:00,Netherlands,Heracles,Telstar,Eredivisie,Asito Stadion[3],52.33889,6.65056
2025-12-06,19:45,Italy,Verona,Atalanta,Serie A,Stadio Marcantonio Bentegodi,45.43528,10.96861
2025-12-06,19:45,Belgium,St Truiden,Club Brugge,Belgian Pro League,Stayen,50.813474,5.166256
2025-12-06,20:00,Spain,Ath Bilbao,Ath Madrid,La Liga,San Mamés,43.2643,-2.9504
2025-12-06,20:00,Netherlands,Feyenoord,Zwolle,Eredivisie,De Kuip,51.89389,4.52306
2025-12-06,20:05,France,Paris SG,Rennes,Ligue 1,Parc des Princes,48.84138888888889,2.2530555555555556
2025-12-06,20:30,Portugal,Famalicao,Sp Braga,Primeira Liga,Estádio Municipal de Famalicão,41.40139,-8.5225
2025-12-07,11:15,Netherlands,Utrecht,Twente,Eredivisie,Stadion Galgenwaard,52.07833,5.14583
2025-12-07,12:30,Belgium,Mechelen,Charleroi,Belgian Pro League,AFAS-stadion Achter de Kazerne,51.037184,4.486397
2025-12-07,14:00,England,Brighton,West Ham,Premier League,Falmer Stadium,50.861822222222,-0.083277777777778
2025-12-07,14:00,Italy,Cagliari,Roma,Serie A,Unipol Domus,39.2,9.1375
2025-12-07,14:00,France,Nice,Angers,Ligue 1,Allianz Riviera,43.70528,7.1925
2025-12-07,14:00,Turkey,Kocaelispor,Kasimpasa,Super Lig,RHG Enertürk Enerji Stadium,38.73722,35.42306
2025-12-07,15:00,Belgium,Westerlo,Anderlecht,Belgian Pro League,Het Kuipje,51.094817,4.928806
2025-12-07,15:00,Greece,Asteras Tripolis,Levadeiakos,Super League Greece,Theodoros Kolokotronis Stadium,37.5025,22.38861
2025-12-07,15:15,Spain,Valencia,Sevilla,La Liga,Mestalla,39.47472,-0.35833
2025-12-07,15:15,Spain,Leganes,Cordoba,Segunda Division,Municipal de Butarque,40.3404,-3.7607
2025-12-07,15:30,Portugal,Estoril,Moreirense,Primeira Liga,Estádio António Coimbra da Mota,38.71583,-9.40639
2025-12-07,15:30,Greece,Larisa,Panathinaikos,Super League Greece,Kleanthis Vikelidis Stadium,40.6,22.96944
2025-12-07,15:45,Netherlands,Sparta Rotterdam,NAC Breda,Eredivisie,Spartastadion Het Kasteel,51.919485,4.433619
2025-12-07,16:15,Italy,Empoli,Palermo,Serie B,Stadio Carlo Castellani - Computer Gross Arena,43.72639,10.955
2025-12-07,16:15,France,Auxerre,Metz,Ligue 1,Stade Abbé Deschamps,47.7867528,3.5886639
2025-12-07,16:15,France,Le Havre,Paris FC,Ligue 1,Stade Océane,49.49889,0.16972
2025-12-07,16:30,England,Fulham,Crystal Palace,Premier League,Craven Cottage,51.475,-0.22166666666667
2025-12-07,16:30,Germany,Dortmund,Hoffenheim,Bundesliga,Signal Iduna Park,51.4925,7.45167
2025-12-07,17:00,Italy,Lazio,Bologna,Serie A,Stadio Olimpico,41.93389,12.45472
2025-12-07,17:00,Turkey,Goztep,Trabzonspor,Super Lig,Gürsel Aksel Stadium,38.396821,27.07595
2025-12-07,17:30,Spain,Espanol,Vallecano,La Liga,RCDE Stadium,41.34778,2.07556
2025-12-07,17:30,Belgium,Antwerp,Genk,Belgian Pro League,Bosuilstadion,51.2325,4.47222
2025-12-07,17:30,Greece,PAOK,Aris,Super League Greece,Toumba Stadium,40.61389,22.9725
2025-12-07,18:00,Portugal,Alverca,Nacional,Primeira Liga,Estádio Municipal de Arouca,40.933,-8.2503
2025-12-07,18:00,Portugal,Estrela,Arouca,Primeira Liga,Estádio José Gomes,38.75194,-9.22806
2025-12-07,18:15,Belgium,Oud-Heverlee Leuven,Waregem,Belgian Pro League,Den Dreef,50.86833,4.69417
2025-12-07,18:30,Turkey,Sampdoria,Carrarese,Serie B,Samsun 19 Mayıs Stadium,41.22778,36.4575
2025-12-07,19:45,Italy,Napoli,Juventus,Serie A,Stadio Diego Armando Maradona,40.828,14.193
2025-12-07,20:00,Spain,Real Madrid,Celta,La Liga,Santiago Bernabéu,40.45306,-3.68835
2025-12-07,20:00,Spain,Granada,Ceuta,Segunda Division,Montilivi,41.96139,2.82861
2025-12-08,11:30,Italy,Modena,Catanzaro,Serie B,Stadio Brianteo,45.58278,9.30806
2025-12-08,14:00,Italy,Monza,Sudtirol,Serie B,Stadio Brianteo,45.58278,9.30806
2025-12-08,14:00,Greece,Padova,Cesena,Serie B,Toumba Stadium,40.61389,22.9725
2025-12-08,16:00,Greece,Panserraikos,Panetolikos,Super League Greece,Serres Municipal Stadium,41.0847,23.5466
2025-12-08,16:15,Greece,Bari,Pescara,Serie B,Kleanthis Vikelidis Stadium,40.6,22.96944
2025-12-08,17:00,Italy,Udinese,Genoa,Serie A,Stadio Friuli,46.0816,13.2001
2025-12-08,17:00,Turkey,Alanyaspor,Antalyaspor,Super Lig,Alanya Oba Stadium,36.5626,32.0792
2025-12-08,17:00,Turkey,Besiktas,Gaziantep,Super Lig,Tüpraş Stadium,41.03917,28.99472
2025-12-08,17:30,Spain,Las Palmas,Mirandes,Segunda Division,Gran Canaria,28.10028,-15.45667
2025-12-08,19:45,Italy,Torino,Milan,Serie A,Stadio Olimpico Grande Torino,45.04167,7.65
2025-12-08,19:45,France,Reims,Laval,Ligue 2,Stade Auguste Delaune,49.24667,4.025
2025-12-08,20:00,England,Wolves,Man United,Premier League,Molineux Stadium,52.59028,-2.13028
2025-12-08,20:00,Spain,Osasuna,Levante,La Liga,El Sadar,42.79667,-1.63694
2025-12-08,20:30,Portugal,Guimaraes,Gil Vicente,Primeira Liga,Estádio D. Afonso Henriques,41.44583,-8.30111
2025-12-09,19:45,Belgium,Charlton,Middlesbrough,Championship,Stade du Pays de Charleroi,50.414609,4.453787
2025-12-09,19:45,Portugal,Preston,Coventry,Championship,Estádio do Dragão,41.1618,-8.5839
2025-12-09,19:45,England,Sheffield United,Norwich,Championship,Old Trafford,53.463055555556,-2.2913888888889
2025-12-09,19:45,England,Southampton,West Brom,Championship,St Mary's Stadium,50.90583,-1.39111
2025-12-09,19:45,England,Watford,Sheffield Weds,Championship,Brentford Community Stadium,51.49083,-0.28861
2025-12-10,19:45,England,Bristol City,Leicester,Championship,King Power Stadium,52.620277777778,-1.1422222222222
2025-12-10,19:45,England,Ipswich,Stoke,Championship,Portman Road,52.055,1.14528
2025-12-12,19:00,Netherlands,Annecy,Le Mans,Ligue 2,Goffertstadion,51.8225,5.83667
2025-12-12,19:00,Greece,Laval,Dunkerque,Ligue 2,Lamia Municipal Stadium,38.91,22.43111
2025-12-12,19:30,Germany,Union Berlin,RB Leipzig,Bundesliga,Stadion An der Alten Försterei,52.45722,13.56806
2025-12-12,19:30,Italy,Palermo,Sampdoria,Serie B,Stadio Ennio Tardini,44.795,10.33833
2025-12-12,19:45,Italy,Lecce,Pisa,Serie A,Stadio Via del mare,40.36528,18.20889
2025-12-12,19:45,France,Angers,Nantes,Ligue 1,Stade Raymond Kopa,47.460458,-0.530741
2025-12-12,19:45,Belgium,Standard,Oud-Heverlee Leuven,Belgian Pro League,Stade Maurice Dufrasne,50.61,5.54333
2025-12-12,20:00,Belgium,West Brom,Sheffield United,Championship,Het Kuipje,51.094817,4.928806
2025-12-12,20:00,Spain,Sociedad,Girona,La Liga,Anoeta,43.30139,-1.97361
2025-12-13,11:30,Turkey,Rizespor,Eyupspor,Super Lig,Rize City Stadium,41.04202,40.5733
2025-12-13,12:00,Germany,Magdeburg,Holstein Kiel,2. Bundesliga,WWK Arena,48.32306,10.88611
2025-12-13,12:30,Croatia,Norwich,Southampton,Championship,ŠRC Velika Gorica,45.724,16.0732
2025-12-13,13:00,Spain,Ath Madrid,Valencia,La Liga,Santiago Bernabéu,40.45306,-3.68835
2025-12-13,13:00,Italy,Grenoble,Montpellier,Ligue 2,Stadio Luigi Ferraris,44.41639,8.9525
2025-12-13,13:00,France,Red Star,Reims,Ligue 2,Stade Francis-Le Blé,48.402932,-4.461694
2025-12-13,14:00,Italy,Torino,Cremonese,Serie A,Stadio Olimpico Grande Torino,45.04167,7.65
2025-12-13,14:00,Italy,Spezia,Modena,Serie B,Stadio Pier Luigi Penzo,45.4277611,12.3637306
2025-12-13,14:00,Austria,Sudtirol,Bari,Serie B,Tivoli Stadion Tirol,47.25583,11.41083
2025-12-13,14:00,Italy,Venezia,Monza,Serie B,Stadio Pier Luigi Penzo,45.4277611,12.3637306
2025-12-13,14:00,Turkey,Kayserispor,Alanyaspor,Super Lig,RHG Enertürk Enerji Stadium,38.73722,35.42306
2025-12-13,14:30,Germany,Ein Frankfurt,Augsburg,Bundesliga,Deutsche Bank Park,50.068056,8.645806
2025-12-13,14:30,Germany,Hoffenheim,Hamburg,Bundesliga,PreZero Arena,49.23806,8.8875
2025-12-13,14:30,Germany,St Pauli,Heidenheim,Bundesliga,Millerntor-Stadion,53.554583,9.967667
2025-12-13,15:00,England,Chelsea,Everton,Premier League,Stamford Bridge,51.481666666667,-0.19111111111111
2025-12-13,15:00,England,Liverpool,Brighton,Premier League,Anfield,53.4308,-2.9608
2025-12-13,15:00,England,Leicester,Ipswich,Championship,King Power Stadium,52.620277777778,-1.1422222222222
2025-12-13,15:00,Portugal,Portsmouth,Blackburn,Championship,Estádio do Dragão,41.1618,-8.5839
2025-12-13,15:00,Belgium,Cercle Brugge,Mechelen,Belgian Pro League,Jan Breydel Stadium,51.19333,3.18056
2025-12-13,15:00,Greece,Levadeiakos,Larisa,Super League Greece,Levadia Municipal Stadium,38.4358972,22.8828444
2025-12-13,15:15,Spain,Mallorca,Elche,La Liga,Mallorca Son Moix,39.59,2.63
2025-12-13,15:15,Spain,Valladolid,Andorra,Segunda Division,José Zorrilla,41.64444,-4.76111
2025-12-13,15:30,Portugal,Casa Pia,Gil Vicente,Primeira Liga,Estádio Municipal de Rio Maior[A],39.34444,-8.93528
2025-12-13,16:00,France,Rennes,Brest,Ligue 1,Roazhon Park,48.1075,-1.71278
2025-12-13,17:00,Italy,Parma,Lazio,Serie A,Stadio Ennio Tardini,44.795,10.33833
2025-12-13,17:00,Turkey,Antalyaspor,Galatasaray,Super Lig,Corendon Airlines Park,36.888278,30.668444
2025-12-13,17:30,Spain,Barcelona,Osasuna,La Liga,Olímpic Lluís Companys,41.36472,2.15556
2025-12-13,17:30,Denmark,Santander,Leganes,Segunda Division,Cepheus Park Randers,56.46594,10.010262
2025-12-13,17:30,Germany,Leverkusen,FC Koln,Bundesliga,BayArena,51.03833,7.00222
2025-12-13,17:45,Netherlands,Groningen,Volendam,Eredivisie,Euroborg,53.20611,6.59139
2025-12-13,18:00,Portugal,Rio Ave,Guimaraes,Primeira Liga,Estádio dos Arcos,41.36278,-8.74028
2025-12-13,18:30,England,Cesena,Mantova,Serie B,Stamford Bridge,51.481666666667,-0.19111111111111
2025-12-13,19:00,France,St Etienne,Bastia,Ligue 2,Stade Geoffroy Guichard,45.46083,4.39028
2025-12-13,19:00,Netherlands,PSV Eindhoven,Heracles,Eredivisie,Philips Stadion,51.44167,5.4675
2025-12-13,19:45,Italy,Atalanta,Cagliari,Serie A,Gewiss Stadium,45.70889,9.68083
2025-12-13,19:45,Belgium,Anderlecht,St Truiden,Belgian Pro League,Lotto Park,50.83417,4.29833
2025-12-13,20:00,England,Arsenal,Wolves,Premier League,Emirates Stadium,51.55667,-0.10611
2025-12-13,20:00,Spain,Getafe,Espanol,La Liga,Coliseum,40.32556,-3.71472
2025-12-13,20:00,Portugal,Zaragoza,Cadiz,Segunda Division,Estádio Municipal de Braga,41.5625,-8.43
2025-12-13,20:00,Netherlands,Zwolle,For Sittard,Eredivisie,MAC³PARK Stadion,52.51722,6.12083
2025-12-14,11:15,Netherlands,Sparta Rotterdam,Heerenveen,Eredivisie,Spartastadion Het Kasteel,51.919485,4.433619
2025-12-14,11:30,Italy,Milan,Sassuolo,Serie A,San Siro,45.47806,9.12389
2025-12-14,11:30,Turkey,Gaziantep,Goztep,Super Lig,Gaziantep Stadium,37.12389,37.3825
2025-12-14,12:30,Belgium,Gent,Antwerp,Belgian Pro League,Planet Group Arena,51.01611,3.73417
2025-12-14,13:00,Spain,Sevilla,Oviedo,La Liga,Ramón Sánchez-Pizjuán,37.384,-5.9705
2025-12-14,13:30,Netherlands,Ajax,Feyenoord,Eredivisie,Johan Cruyff Arena,52.31417,4.94194
2025-12-14,13:30,Netherlands,Twente,Go Ahead Eagles,Eredivisie,De Grolsch Veste,52.23667,6.8375
2025-12-14,14:00,England,Crystal Palace,Man City,Premier League,Selhurst Park,51.39833,-0.08556
2025-12-14,14:00,England,Nott'm Forest,Tottenham,Premier League,City Ground,52.94,-1.13278
2025-12-14,14:00,England,West Ham,Aston Villa,Premier League,London Stadium,51.5386,-0.0164
2025-12-14,14:00,Italy,Fiorentina,Verona,Serie A,Stadio Artemio Franchi,43.78083,11.28222
2025-12-14,14:00,Italy,Udinese,Napoli,Serie A,Stadio Friuli,46.0816,13.2001
2025-12-14,14:00,Portugal,Carrarese,Virtus Entella,Serie B,Estádio de São Luís,37.022861,-7.928444
2025-12-14,14:00,France,Lyon,Le Havre,Ligue 1,Groupama Stadium,45.765224,4.982131
2025-12-14,14:30,Germany,Freiburg,Dortmund,Bundesliga,Europa-Park Stadion,48.0216,7.8297
2025-12-14,15:00,Belgium,Dender,Club Brugge,Belgian Pro League,Van Roystadion,50.883683,4.071185
2025-12-14,15:15,Spain,Celta,Ath Bilbao,La Liga,Balaídos,42.2118,-8.7397
2025-12-14,15:30,Portugal,Famalicao,Estoril,Primeira Liga,Estádio Municipal de Famalicão,41.40139,-8.5225
2025-12-14,15:30,Greece,Panetolikos,AEK,Super League Greece,Panetolikos Stadium,38.63,21.41167
2025-12-14,15:45,Netherlands,NAC Breda,Utrecht,Eredivisie,Rat Verlegh Stadion,51.595,4.75028
2025-12-14,16:00,Greece,Atromitos,PAOK,Super League Greece,Peristeri Stadium,38.00472,23.68972
2025-12-14,16:15,Italy,Pescara,Frosinone,Serie B,Stadio Ennio Tardini,44.795,10.33833
2025-12-14,16:15,France,Auxerre,Lille,Ligue 1,Stade Abbé Deschamps,47.7867528,3.5886639
2025-12-14,16:15,France,Lens,Nice,Ligue 1,Stade Bollaert-Delelis,50.43278,2.815
2025-12-14,16:15,France,Strasbourg,Lorient,Ligue 1,Stade de la Meinau,48.56,7.755
2025-12-14,16:30,England,Brentford,Leeds,Premier League,Brentford Community Stadium,51.49083,-0.28861
2025-12-14,16:30,Germany,Bayern Munich,Mainz,Bundesliga,Allianz Arena,48.218775,11.624752777778
2025-12-14,17:00,Italy,Genoa,Inter,Serie A,Stadio Luigi Ferraris,44.41639,8.9525
2025-12-14,17:00,Turkey,Samsunspor,Buyuksehyr,Super Lig,Samsun 19 Mayıs Stadium,41.22778,36.4575
2025-12-14,17:00,Turkey,Trabzonspor,Besiktas,Super Lig,Papara Park,40.99917,39.64583
2025-12-14,17:30,Spain,Almeria,Burgos,Segunda Division,Mestalla,39.47472,-0.35833
2025-12-14,17:30,Belgium,Charleroi,St. Gilloise,Belgian Pro League,Stade du Pays de Charleroi,50.414609,4.453787
2025-12-14,18:00,Portugal,Moreirense,Benfica,Primeira Liga,Estádio Comendador Joaquim de Almeida Freitas,41.37806,-8.35472
2025-12-14,18:00,Greece,Aris,Olympiakos,Super League Greece,Kleanthis Vikelidis Stadium,40.6,22.96944
2025-12-14,18:15,Belgium,Genk,Westerlo,Belgian Pro League,Cegeka Arena,51.005,5.53333
2025-12-14,18:30,Germany,Werder Bremen,Stuttgart,Bundesliga,Weserstadion,53.06639,8.8375
2025-12-14,19:00,Greece,Panathinaikos,Volos NFC,Super League Greece,Athens Olympic Stadium,38.03606806,23.7876
2025-12-14,19:45,Italy,Bologna,Juventus,Serie A,Stadio Renato Dall'Ara,44.49222,11.30972
2025-12-14,19:45,France,Marseille,Monaco,Ligue 1,Orange Vélodrome,43.26972,5.39583
2025-12-14,20:00,Spain,Alaves,Real Madrid,La Liga,Mendizorrotza,42.8371111,-2.6880444
2025-12-14,20:30,Portugal,Arouca,Alverca,Primeira Liga,Estádio Municipal de Arouca,40.933,-8.2503
2025-12-15,17:00,Turkey,Fenerbahce,Konyaspor,Super Lig,Ülker Stadium,40.98778,29.03694
2025-12-15,17:30,Portugal,Nacional,Tondela,Primeira Liga,Estádio da Madeira,32.670625,-16.883525
2025-12-15,18:45,Portugal,Sp Braga,Santa Clara,Primeira Liga,Estádio Municipal de Braga,41.5625,-8.43
2025-12-15,19:45,Italy,Roma,Como,Serie A,Stadio Olimpico,41.93389,12.45472
2025-12-15,19:45,Italy,Boulogne,Troyes,Ligue 2,Stadio Renato Dall'Ara,44.49222,11.30972
2025-12-15,20:00,England,Man United,Bournemouth,Premier League,Old Trafford,53.463055555556,-2.2913888888889
2025-12-15,20:00,Spain,Vallecano,Betis,La Liga,Vallecas,40.39194,-3.65889
2025-12-15,20:45,Portugal,Porto,Estrela,Primeira Liga,Estádio do Dragão,41.1618,-8.5839
2025-12-19,17:00,Turkey,Kocaelispor,Antalyaspor,Super Lig,RHG Enertürk Enerji Stadium,38.73722,35.42306
2025-12-19,19:30,Germany,Dortmund,M'gladbach,Bundesliga,Signal Iduna Park,51.4925,7.45167
2025-12-19,19:30,Greece,Bari,Catanzaro,Serie B,Kleanthis Vikelidis Stadium,40.6,22.96944
2025-12-19,19:45,Belgium,Charleroi,Genk,Belgian Pro League,Stade du Pays de Charleroi,50.414609,4.453787
2025-12-19,20:00,Spain,Valencia,Mallorca,La Liga,Mestalla,39.47472,-0.35833
2025-12-19,20:15,Portugal,Estoril,Sp Braga,Primeira Liga,Estádio António Coimbra da Mota,38.71583,-9.40639
2025-12-20,11:30,Turkey,Konyaspor,Kayserispor,Super Lig,Konya Metropolitan Municipality Stadium,37.946,32.488
2025-12-20,12:00,Germany,Bochum,Karlsruhe,2. Bundesliga,Vonovia Ruhrstadion,51.49,7.23667
2025-12-20,12:00,Netherlands,Fortuna Dusseldorf,Greuther Furth,2. Bundesliga,Fortuna Sittard Stadion,50.992069,5.843675
2025-12-20,12:30,England,Newcastle,Chelsea,Premier League,St James' Park,54.975555555556,-1.6216666666667
2025-12-20,12:30,Portugal,Preston,Norwich,Championship,Estádio do Dragão,41.1618,-8.5839
2025-12-20,12:30,England,Southampton,Coventry,Championship,St Mary's Stadium,50.90583,-1.39111
2025-12-20,14:00,England,Cesena,Juve Stabia,Serie B,Stamford Bridge,51.481666666667,-0.19111111111111
2025-12-20,14:00,Italy,Modena,Venezia,Serie B,Stadio Brianteo,45.58278,9.30806
2025-12-20,14:00,Italy,Monza,Carrarese,Serie B,Stadio Brianteo,45.58278,9.30806
2025-12-20,14:00,Greece,Padova,Sampdoria,Serie B,Toumba Stadium,40.61389,22.9725
2025-12-20,14:00,Turkey,Eyupspor,Fenerbahce,Super Lig,Recep Tayyip Erdoğan Stadium,41.03278,28.9725
2025-12-20,14:00,Greece,Asteras Tripolis,Aris,Super League Greece,Theodoros Kolokotronis Stadium,37.5025,22.38861
2025-12-20,14:30,Germany,Augsburg,Werder Bremen,Bundesliga,WWK Arena,48.32306,10.88611
2025-12-20,14:30,Germany,Stuttgart,Hoffenheim,Bundesliga,MHPArena,48.79222,9.23194
2025-12-20,14:30,Germany,Wolfsburg,Freiburg,Bundesliga,Volkswagen Arena,52.43278,10.80389
2025-12-20,15:00,England,Bournemouth,Burnley,Premier League,Dean Court,50.73528,-1.83833
2025-12-20,15:00,England,Brighton,Sunderland,Premier League,Falmer Stadium,50.861822222222,-0.083277777777778
2025-12-20,15:00,England,Man City,West Ham,Premier League,City of Manchester Stadium,53.483055555556,-2.2002777777778
2025-12-20,15:00,England,Wolves,Brentford,Premier League,Molineux Stadium,52.59028,-2.13028
2025-12-20,15:00,England,Bristol City,Middlesbrough,Championship,King Power Stadium,52.620277777778,-1.1422222222222
2025-12-20,15:00,Belgium,Charlton,Oxford,Championship,Stade du Pays de Charleroi,50.414609,4.453787
2025-12-20,15:00,England,Ipswich,Sheffield Weds,Championship,Portman Road,52.055,1.14528
2025-12-20,15:00,England,Sheffield United,Birmingham,Championship,Old Trafford,53.463055555556,-2.2913888888889
2025-12-20,15:00,England,Watford,Stoke,Championship,Brentford Community Stadium,51.49083,-0.28861
2025-12-20,15:00,Belgium,Dender,Standard,Belgian Pro League,Van Roystadion,50.883683,4.071185
2025-12-20,15:15,Spain,Levante,Sociedad,La Liga,Municipal de Butarque,40.3404,-3.7607
2025-12-20,15:30,Netherlands,Heracles,Heerenveen,Eredivisie,Asito Stadion[3],52.33889,6.65056
2025-12-20,16:00,Greece,Volos NFC,Panetolikos,Super League Greece,Panthessaliko Stadium,39.3875,22.93111
2025-12-20,17:00,Italy,Lazio,Cremonese,Serie A,Stadio Olimpico,41.93389,12.45472
2025-12-20,17:00,Turkey,Besiktas,Rizespor,Super Lig,Tüpraş Stadium,41.03917,28.99472
2025-12-20,17:15,Belgium,Westerlo,RAAL La Louviere,Belgian Pro League,Het Kuipje,51.094817,4.928806
2025-12-20,17:30,England,Tottenham,Liverpool,Premier League,Tottenham Hotspur Stadium,51.6044,-0.0664
2025-12-20,17:30,Spain,Osasuna,Alaves,La Liga,El Sadar,42.79667,-1.63694
2025-12-20,17:30,Spain,Leganes,Sp Gijon,Segunda Division,Municipal de Butarque,40.3404,-3.7607
2025-12-20,17:30,Germany,RB Leipzig,Leverkusen,Bundesliga,Red Bull Arena,51.34583,12.34833
2025-12-20,18:00,Portugal,Gil Vicente,Rio Ave,Primeira Liga,Estádio Cidade de Barcelos,41.551,-8.623
2025-12-20,18:30,Italy,Pescara,Reggiana,Serie B,Stadio Ennio Tardini,44.795,10.33833
2025-12-20,18:30,Greece,Olympiakos,Kifisia,Super League Greece,Karaiskakis Stadium,37.94611,23.66444
2025-12-20,19:30,Germany,Holstein Kiel,Dresden,2. Bundesliga,Holstein-Stadion,54.34917,10.12361
2025-12-20,19:45,Italy,Juventus,Roma,Serie A,Juventus Stadium,45.10944,7.64111
2025-12-20,20:00,England,Everton,Arsenal,Premier League,Goodison Park,53.438888888889,-2.9663888888889
2025-12-20,20:00,Spain,Real Madrid,Sevilla,La Liga,Santiago Bernabéu,40.45306,-3.68835
2025-12-20,20:00,Spain,Las Palmas,Cultural Leonesa,Segunda Division,Gran Canaria,28.10028,-15.45667
2025-12-20,20:00,Netherlands,NAC Breda,Telstar,Eredivisie,Rat Verlegh Stadion,51.595,4.75028
2025-12-20,20:30,Portugal,Estrela,Moreirense,Primeira Liga,Estádio José Gomes,38.75194,-9.22806
2025-12-21,11:15,Netherlands,Utrecht,PSV Eindhoven,Eredivisie,Stadion Galgenwaard,52.07833,5.14583
2025-12-21,11:30,Italy,Cagliari,Pisa,Serie A,Unipol Domus,39.2,9.1375
2025-12-21,11:30,Turkey,Alanyaspor,Karagumruk,Super Lig,Alanya Oba Stadium,36.5626,32.0792
2025-12-21,12:30,Belgium,Club Brugge,Gent,Belgian Pro League,Jan Breydel Stadium,51.19333,3.18056
2025-12-21,13:00,Spain,Girona,Ath Madrid,La Liga,Montilivi,41.96139,2.82861
2025-12-21,13:30,Netherlands,Feyenoord,Twente,Eredivisie,De Kuip,51.89389,4.52306
2025-12-21,13:30,Netherlands,Go Ahead Eagles,Groningen,Eredivisie,De Adelaarshorst,52.260416,6.172578
2025-12-21,14:30,Germany,Mainz,St Pauli,Bundesliga,Mewa Arena,49.98417,8.22417
2025-12-21,15:00,Belgium,St Truiden,Mechelen,Belgian Pro League,Stayen,50.813474,5.166256
2025-12-21,15:15,Spain,Villarreal,Barcelona,La Liga,La Cerámica,39.94417,-0.10361
2025-12-21,15:15,Denmark,Mirandes,Cordoba,Segunda Division,Cepheus Park Randers,56.46594,10.010262
2025-12-21,15:15,Spain,Sociedad B,Ceuta,Segunda Division,Anoeta,43.30139,-1.97361
2025-12-21,15:30,Portugal,AVS,Nacional,Primeira Liga,Estádio do CD Aves,41.366932,-8.411789
2025-12-21,15:30,Greece,Larisa,Atromitos,Super League Greece,Kleanthis Vikelidis Stadium,40.6,22.96944
2025-12-21,15:45,Netherlands,For Sittard,AZ Alkmaar,Eredivisie,Fortuna Sittard Stadion,50.992069,5.843675
2025-12-21,16:30,England,Aston Villa,Man United,Premier League,Villa Park,52.509166666667,-1.8847222222222
2025-12-21,16:30,Germany,Heidenheim,Bayern Munich,Bundesliga,Voith-Arena,48.66861,10.13944
2025-12-21,17:00,Italy,Fiorentina,Udinese,Serie A,Stadio Artemio Franchi,43.78083,11.28222
2025-12-21,17:00,Turkey,Galatasaray,Kasimpasa,Super Lig,Rams Park,41.10278,28.99056
2025-12-21,17:00,Turkey,Goztep,Samsunspor,Super Lig,Gürsel Aksel Stadium,38.396821,27.07595
2025-12-21,17:30,Spain,Granada,Albacete,Segunda Division,Montilivi,41.96139,2.82861
2025-12-21,17:30,Belgium,Antwerp,Anderlecht,Belgian Pro League,Bosuilstadion,51.2325,4.47222
2025-12-21,17:30,Greece,PAOK,Panathinaikos,Super League Greece,Toumba Stadium,40.61389,22.9725
2025-12-21,18:15,Belgium,Oud-Heverlee Leuven,Cercle Brugge,Belgian Pro League,Den Dreef,50.86833,4.69417
2025-12-21,19:45,Italy,Genoa,Atalanta,Serie A,Stadio Luigi Ferraris,44.41639,8.9525
2025-12-21,20:00,Spain,Betis,Getafe,La Liga,Benito Villamarín,37.35639,-5.98139
2025-12-21,20:30,Portugal,Santa Clara,Arouca,Primeira Liga,Estádio de São Miguel,37.763694,-25.622611
2025-12-22,14:00,Turkey,Buyuksehyr,Gaziantep,Super Lig,Başakşehir Fatih Terim Stadium,41.12278,28.80861
2025-12-22,16:00,Greece,Panserraikos,Levadeiakos,Super League Greece,Serres Municipal Stadium,41.0847,23.5466
2025-12-22,18:45,Portugal,Alverca,Porto,Primeira Liga,Estádio Municipal de Arouca,40.933,-8.2503
2025-12-22,20:00,England,Fulham,Nott'm Forest,Premier League,Craven Cottage,51.475,-0.22166666666667
2025-12-22,20:00,Spain,Ath Bilbao,Espanol,La Liga,San Mamés,43.2643,-2.9504
2025-12-22,20:45,Portugal,Benfica,Famalicao,Primeira Liga,Estádio da Luz,38.7527,-9.1847
2025-12-23,20:45,Portugal,Guimaraes,Sp Lisbon,Primeira Liga,Estádio D. Afonso Henriques,41.44583,-8.30111
2025-12-26,12:30,Belgium,Genk,Club Brugge,Belgian Pro League,Cegeka Arena,51.005,5.53333
2025-12-26,15:00,England,Leicester,Watford,Championship,King Power Stadium,52.620277777778,-1.1422222222222
2025-12-26,15:00,Croatia,Norwich,Charlton,Championship,ŠRC Velika Gorica,45.724,16.0732
2025-12-26,15:00,Portugal,Portsmouth,QPR,Championship,Estádio do Dragão,41.1618,-8.5839
2025-12-26,15:00,Belgium,West Brom,Bristol City,Championship,Het Kuipje,51.094817,4.928806
2025-12-26,15:00,Belgium,Cercle Brugge,St. Gilloise,Belgian Pro League,Jan Breydel Stadium,51.19333,3.18056
2025-12-26,16:15,Italy,Modena,Monza,Serie B,Stadio Brianteo,45.58278,9.30806
2025-12-26,17:30,Belgium,Standard,St Truiden,Belgian Pro League,Stade Maurice Dufrasne,50.61,5.54333
2025-12-26,19:45,Belgium,Anderlecht,Charleroi,Belgian Pro League,Lotto Park,50.83417,4.29833
2025-12-26,20:00,England,Man United,Newcastle,Premier League,Old Trafford,53.463055555556,-2.2913888888889
2025-12-27,11:30,Italy,Parma,Fiorentina,Serie A,Stadio Ennio Tardini,44.795,10.33833
2025-12-27,11:30,Italy,Spezia,Pescara,Serie B,Stadio Pier Luigi Penzo,45.4277611,12.3637306
2025-12-27,12:30,England,Nott'm Forest,Man City,Premier League,City Ground,52.94,-1.13278
2025-12-27,12:30,Belgium,Antwerp,Waregem,Belgian Pro League,Bosuilstadion,51.2325,4.47222
2025-12-27,14:00,Italy,Lecce,Como,Serie A,Stadio Via del mare,40.36528,18.20889
2025-12-27,14:00,Italy,Torino,Cagliari,Serie A,Stadio Olimpico Grande Torino,45.04167,7.65
2025-12-27,14:00,Portugal,Carrarese,Mantova,Serie B,Estádio de São Luís,37.022861,-7.928444
2025-12-27,14:00,Italy,Empoli,Frosinone,Serie B,Stadio Carlo Castellani - Computer Gross Arena,43.72639,10.955
2025-12-27,14:00,Turkey,Sampdoria,Reggiana,Serie B,Samsun 19 Mayıs Stadium,41.22778,36.4575
2025-12-27,14:00,Italy,Venezia,Virtus Entella,Serie B,Stadio Pier Luigi Penzo,45.4277611,12.3637306
2025-12-27,15:00,England,Arsenal,Brighton,Premier League,Emirates Stadium,51.55667,-0.10611
2025-12-27,15:00,England,Brentford,Bournemouth,Premier League,Brentford Community Stadium,51.49083,-0.28861
2025-12-27,15:00,England,Liverpool,Wolves,Premier League,Anfield,53.4308,-2.9608
2025-12-27,15:00,England,West Ham,Fulham,Premier League,London Stadium,51.5386,-0.0164
2025-12-27,16:15,Italy,Palermo,Padova,Serie B,Stadio Ennio Tardini,44.795,10.33833
2025-12-27,17:00,Italy,Udinese,Lazio,Serie A,Stadio Friuli,46.0816,13.2001
2025-12-27,17:15,Belgium,Mechelen,Dender,Belgian Pro League,AFAS-stadion Achter de Kazerne,51.037184,4.486397
2025-12-27,17:30,England,Chelsea,Aston Villa,Premier League,Stamford Bridge,51.481666666667,-0.19111111111111
2025-12-27,18:00,Portugal,Famalicao,Estrela,Primeira Liga,Estádio Municipal de Famalicão,41.40139,-8.5225
2025-12-27,18:30,Greece,Bari,Avellino,Serie B,Kleanthis Vikelidis Stadium,40.6,22.96944
2025-12-27,19:45,Belgium,Gent,Westerlo,Belgian Pro League,Planet Group Arena,51.01611,3.73417
2025-12-27,20:30,Portugal,Estoril,Alverca,Primeira Liga,Estádio António Coimbra da Mota,38.71583,-9.40639
2025-12-28,11:30,Italy,Milan,Verona,Serie A,San Siro,45.47806,9.12389
2025-12-28,15:30,Portugal,Arouca,Gil Vicente,Primeira Liga,Estádio Municipal de Arouca,40.933,-8.2503
2025-12-28,15:30,Portugal,Casa Pia,Guimaraes,Primeira Liga,Estádio Municipal de Rio Maior[A],39.34444,-8.93528
2025-12-28,16:30,England,Crystal Palace,Tottenham,Premier League,Selhurst Park,51.39833,-0.08556
2025-12-28,17:00,Italy,Bologna,Sassuolo,Serie A,Stadio Renato Dall'Ara,44.49222,11.30972
2025-12-28,18:00,Portugal,Sp Braga,Benfica,Primeira Liga,Estádio Municipal de Braga,41.5625,-8.43
2025-12-28,19:45,Italy,Atalanta,Inter,Serie A,Gewiss Stadium,45.70889,9.68083
2025-12-29,19:45,England,Leicester,Derby,Championship,King Power Stadium,52.620277777778,-1.1422222222222
2025-12-29,19:45,Croatia,Norwich,Watford,Championship,ŠRC Velika Gorica,45.724,16.0732
2025-12-29,19:45,Portugal,Portsmouth,Charlton,Championship,Estádio do Dragão,41.1618,-8.5839
2025-12-29,19:45,Belgium,West Brom,QPR,Championship,Het Kuipje,51.094817,4.928806
2025-12-29,19:45,Italy,Roma,Genoa,Serie A,Stadio Olimpico,41.93389,12.45472
2025-12-29,20:15,Portugal,Porto,AVS,Primeira Liga,Estádio do Dragão,41.1618,-8.5839
2025-12-30,19:30,England,Chelsea,Bournemouth,Premier League,Stamford Bridge,51.481666666667,-0.19111111111111
2025-12-30,19:30,England,Nott'm Forest,Everton,Premier League,City Ground,52.94,-1.13278
2025-12-30,19:30,England,West Ham,Brighton,Premier League,London Stadium,51.5386,-0.0164
2025-12-30,20:15,England,Arsenal,Aston Villa,Premier League,Emirates Stadium,51.55667,-0.10611
2025-12-30,20:15,England,Man United,Wolves,Premier League,Old Trafford,53.463055555556,-2.2913888888889
2026-01-01,15:00,England,Bristol City,Portsmouth,Championship,King Power Stadium,52.620277777778,-1.1422222222222
2026-01-01,15:00,Belgium,Charlton,Coventry,Championship,Stade du Pays de Charleroi,50.414609,4.453787
2026-01-01,15:00,England,Ipswich,Oxford,Championship,Portman Road,52.055,1.14528
2026-01-01,15:00,Portugal,Preston,Sheffield Weds,Championship,Estádio do Dragão,41.1618,-8.5839
2026-01-01,15:00,England,Southampton,Millwall,Championship,St Mary's Stadium,50.90583,-1.39111
2026-01-01,15:00,England,Watford,Birmingham,Championship,Brentford Community Stadium,51.49083,-0.28861
2026-01-01,17:30,England,Crystal Palace,Fulham,Premier League,Selhurst Park,51.39833,-0.08556
2026-01-01,17:30,England,Liverpool,Leeds,Premier League,Anfield,53.4308,-2.9608
2026-01-01,17:30,England,Sheffield United,Leicester,Championship,Old Trafford,53.463055555556,-2.2913888888889
2026-01-01,20:00,England,Brentford,Tottenham,Premier League,Brentford Community Stadium,51.49083,-0.28861
2026-01-02,18:45,Portugal,Gil Vicente,Sp Lisbon,Primeira Liga,Estádio Cidade de Barcelos,41.551,-8.623
2026-01-02,19:45,Italy,Cagliari,Milan,Serie A,Unipol Domus,39.2,9.1375
2026-01-02,19:45,France,Toulouse,Lens,Ligue 1,Stadium de Toulouse,43.58306,1.43417
2026-01-02,20:00,Spain,Vallecano,Getafe,La Liga,Vallecas,40.39194,-3.65889
2026-01-02,20:45,Portugal,Guimaraes,Nacional,Primeira Liga,Estádio D. Afonso Henriques,41.44583,-8.30111
2026-01-03,11:30,Italy,Como,Udinese,Serie A,Stadio Giuseppe Sinigaglia,45.81389,9.07222
2026-01-03,12:30,England,Aston Villa,Nott'm Forest,Premier League,Villa Park,52.509166666667,-1.8847222222222
2026-01-03,13:00,Spain,Celta,Valencia,La Liga,Balaídos,42.2118,-8.7397
2026-01-03,14:00,Italy,Genoa,Pisa,Serie A,Stadio Luigi Ferraris,44.41639,8.9525
2026-01-03,15:00,England,Brighton,Burnley,Premier League,Falmer Stadium,50.861822222222,-0.083277777777778
2026-01-03,15:00,England,Wolves,West Ham,Premier League,Molineux Stadium,52.59028,-2.13028
2026-01-03,15:15,Spain,Osasuna,Ath Bilbao,La Liga,El Sadar,42.79667,-1.63694
2026-01-03,15:15,Spain,Almeria,Granada,Segunda Division,Mestalla,39.47472,-0.35833
2026-01-03,16:00,France,Monaco,Lyon,Ligue 1,Stade Louis II,43.7275,7.41556
2026-01-03,17:00,Italy,Juventus,Lecce,Serie A,Juventus Stadium,45.10944,7.64111
2026-01-03,17:30,England,Bournemouth,Arsenal,Premier League,Dean Court,50.73528,-1.83833
2026-01-03,17:30,Spain,Valladolid,Santander,Segunda Division,José Zorrilla,41.64444,-4.76111
2026-01-03,18:00,France,Nice,Strasbourg,Ligue 1,Allianz Riviera,43.70528,7.1925
2026-01-03,18:00,Portugal,Benfica,Estoril,Primeira Liga,Estádio da Luz,38.7527,-9.1847
2026-01-03,18:00,Portugal,Estrela,Sp Braga,Primeira Liga,Estádio José Gomes,38.75194,-9.22806
2026-01-03,19:00,Portugal,Amiens,Nancy,Ligue 2,Estádio Comendador Joaquim de Almeida Freitas,41.37806,-8.35472
2026-01-03,19:00,Portugal,Bastia,Grenoble,Ligue 2,Estádio do Bessa,41.16222,-8.64278
2026-01-03,19:00,France,Le Mans,St Etienne,Ligue 2,Stade Bollaert-Delelis,50.43278,2.815
2026-01-03,19:00,France,Reims,Annecy,Ligue 2,Stade Auguste Delaune,49.24667,4.025
2026-01-03,19:45,Italy,Atalanta,Roma,Serie A,Gewiss Stadium,45.70889,9.68083
2026-01-03,20:00,Spain,Espanol,Barcelona,La Liga,RCDE Stadium,41.34778,2.07556
2026-01-03,20:05,France,Lille,Rennes,Ligue 1,Decathlon Arena Pierre Mauroy Stadium,50.6119,3.1304
2026-01-03,20:30,Portugal,AVS,Moreirense,Primeira Liga,Estádio do CD Aves,41.366932,-8.411789
2026-01-04,11:30,Italy,Lazio,Napoli,Serie A,Stadio Olimpico,41.93389,12.45472
2026-01-04,13:00,Spain,Sevilla,Levante,La Liga,Ramón Sánchez-Pizjuán,37.384,-5.9705
2026-01-04,14:00,Italy,Fiorentina,Cremonese,Serie A,Stadio Artemio Franchi,43.78083,11.28222
2026-01-04,14:00,France,Marseille,Nantes,Ligue 1,Orange Vélodrome,43.26972,5.39583
2026-01-04,15:00,England,Everton,Brentford,Premier League,Goodison Park,53.438888888889,-2.9663888888889
2026-01-04,15:00,England,Newcastle,Crystal Palace,Premier League,St James' Park,54.975555555556,-1.6216666666667
2026-01-04,15:00,England,Tottenham,Sunderland,Premier League,Tottenham Hotspur Stadium,51.6044,-0.0664
2026-01-04,15:00,England,Bristol City,Preston,Championship,King Power Stadium,52.620277777778,-1.1422222222222
2026-01-04,15:00,Croatia,Norwich,Stoke,Championship,ŠRC Velika Gorica,45.724,16.0732
2026-01-04,15:15,England,Fulham,Liverpool,Premier League,Craven Cottage,51.475,-0.22166666666667
2026-01-04,15:15,Spain,Real Madrid,Betis,La Liga,Santiago Bernabéu,40.45306,-3.68835
2026-01-04,15:30,Portugal,Rio Ave,Casa Pia,Primeira Liga,Estádio dos Arcos,41.36278,-8.74028
2026-01-04,16:15,France,Brest,Auxerre,Ligue 1,Stade Francis-Le Blé,48.402932,-4.461694
2026-01-04,16:15,France,Le Havre,Angers,Ligue 1,Stade Océane,49.49889,0.16972
2026-01-04,17:00,Italy,Verona,Torino,Serie A,Stadio Marcantonio Bentegodi,45.43528,10.96861
2026-01-04,17:30,England,Man City,Chelsea,Premier League,City of Manchester Stadium,53.483055555556,-2.2002777777778
2026-01-04,17:30,Spain,Alaves,Oviedo,La Liga,Mendizorrotza,42.8371111,-2.6880444
2026-01-04,17:30,Spain,Mallorca,Girona,La Liga,Mallorca Son Moix,39.59,2.63
2026-01-04,17:30,Portugal,Zaragoza,Las Palmas,Segunda Division,Estádio Municipal de Braga,41.5625,-8.43
2026-01-04,18:00,Portugal,Santa Clara,Porto,Primeira Liga,Estádio de São Miguel,37.763694,-25.622611
2026-01-04,19:45,France,Paris SG,Paris FC,Ligue 1,Parc des Princes,48.84138888888889,2.2530555555555556
2026-01-04,20:00,Spain,Sociedad,Ath Madrid,La Liga,Anoeta,43.30139,-1.97361
2026-01-04,20:30,Portugal,Alverca,Famalicao,Primeira Liga,Estádio Municipal de Arouca,40.933,-8.2503
2026-01-05,19:45,France,Montpellier,Dunkerque,Ligue 2,Stade de la Mosson,43.62222,3.81194
2026-01-05,20:00,England,Leicester,West Brom,Championship,King Power Stadium,52.620277777778,-1.1422222222222
2026-01-06,17:00,Italy,Lecce,Roma,Serie A,Stadio Via del mare,40.36528,18.20889
2026-01-06,20:00,England,West Ham,Nott'm Forest,Premier League,London Stadium,51.5386,-0.0164
2026-01-07,17:30,Italy,Bologna,Atalanta,Serie A,Stadio Renato Dall'Ara,44.49222,11.30972
2026-01-07,17:30,Italy,Napoli,Verona,Serie A,Stadio Diego Armando Maradona,40.828,14.193
2026-01-07,19:30,England,Bournemouth,Tottenham,Premier League,Dean Court,50.73528,-1.83833
2026-01-07,19:30,England,Brentford,Sunderland,Premier League,Brentford Community Stadium,51.49083,-0.28861
2026-01-07,19:30,England,Crystal Palace,Aston Villa,Premier League,Selhurst Park,51.39833,-0.08556
2026-01-07,19:30,England,Everton,Wolves,Premier League,Goodison Park,53.438888888889,-2.9663888888889
2026-01-07,19:30,England,Fulham,Chelsea,Premier League,Craven Cottage,51.475,-0.22166666666667
2026-01-07,19:30,England,Man City,Brighton,Premier League,City of Manchester Stadium,53.483055555556,-2.2002777777778
2026-01-07,19:45,Italy,Lazio,Fiorentina,Serie A,Stadio Olimpico,41.93389,12.45472
2026-01-07,19:45,Italy,Parma,Inter,Serie A,Stadio Ennio Tardini,44.795,10.33833
2026-01-07,19:45,Italy,Torino,Udinese,Serie A,Stadio Olimpico Grande Torino,45.04167,7.65
2026-01-07,20:15,England,Newcastle,Leeds,Premier League,St James' Park,54.975555555556,-1.6216666666667
2026-01-08,19:45,Italy,Milan,Genoa,Serie A,San Siro,45.47806,9.12389
2026-01-08,20:00,England,Arsenal,Liverpool,Premier League,Emirates Stadium,51.55667,-0.10611
2026-01-09,19:30,Germany,Ein Frankfurt,Dortmund,Bundesliga,Deutsche Bank Park,50.068056,8.645806
2026-01-09,20:00,Spain,Getafe,Sociedad,La Liga,Coliseum,40.32556,-3.71472
2026-01-10,13:00,Denmark,Mirandes,Almeria,Segunda Division,Cepheus Park Randers,56.46594,10.010262
2026-01-10,14:00,Italy,Como,Bologna,Serie A,Stadio Giuseppe Sinigaglia,45.81389,9.07222
2026-01-10,14:00,Italy,Udinese,Pisa,Serie A,Stadio Friuli,46.0816,13.2001
2026-01-10,14:00,Portugal,Carrarese,Bari,Serie B,Estádio de São Luís,37.022861,-7.928444
2026-01-10,14:00,Austria,Sudtirol,Spezia,Serie B,Tivoli Stadion Tirol,47.25583,11.41083
2026-01-10,14:30,Germany,Freiburg,Hamburg,Bundesliga,Europa-Park Stadion,48.0216,7.8297
2026-01-10,14:30,Germany,Heidenheim,FC Koln,Bundesliga,Voith-Arena,48.66861,10.13944
2026-01-10,14:30,Germany,Union Berlin,Mainz,Bundesliga,Stadion An der Alten Försterei,52.45722,13.56806
2026-01-10,15:15,Spain,Villarreal,Alaves,La Liga,La Cerámica,39.94417,-0.10361
2026-01-10,15:15,Spain,Sociedad B,Albacete,Segunda Division,Anoeta,43.30139,-1.97361
2026-01-10,17:00,Italy,Roma,Sassuolo,Serie A,Stadio Olimpico,41.93389,12.45472
2026-01-10,17:30,Spain,Girona,Osasuna,La Liga,Montilivi,41.96139,2.82861
2026-01-10,17:30,Spain,Las Palmas,La Coruna,Segunda Division,Gran Canaria,28.10028,-15.45667
2026-01-10,17:30,Germany,Leverkusen,Stuttgart,Bundesliga,BayArena,51.03833,7.00222
2026-01-10,17:30,Greece,Atromitos,Olympiakos,Super League Greece,Peristeri Stadium,38.00472,23.68972
2026-01-10,17:30,Greece,Panetolikos,PAOK,Super League Greece,Panetolikos Stadium,38.63,21.41167
2026-01-10,17:45,Netherlands,Twente,Zwolle,Eredivisie,De Grolsch Veste,52.23667,6.8375
2026-01-10,18:30,England,Cesena,Empoli,Serie B,Stamford Bridge,51.481666666667,-0.19111111111111
2026-01-10,19:00,Netherlands,PSV Eindhoven,Excelsior,Eredivisie,Philips Stadion,51.44167,5.4675
2026-01-10,19:45,Italy,Atalanta,Torino,Serie A,Gewiss Stadium,45.70889,9.68083
2026-01-10,20:00,Spain,Valencia,Elche,La Liga,Mestalla,39.47472,-0.35833
2026-01-10,20:00,Denmark,Santander,Zaragoza,Segunda Division,Cepheus Park Randers,56.46594,10.010262
2026-01-10,20:00,Netherlands,Groningen,NAC Breda,Eredivisie,Euroborg,53.20611,6.59139
2026-01-11,11:15,Netherlands,Heerenveen,Feyenoord,Eredivisie,Abe Lenstra Stadion,52.95861,5.93611
2026-01-11,11:30,Italy,Lecce,Parma,Serie A,Stadio Via del mare,40.36528,18.20889
2026-01-11,13:00,Spain,Vallecano,Mallorca,La Liga,Vallecas,40.39194,-3.65889
2026-01-11,13:00,Spain,Leganes,Valladolid,Segunda Division,Municipal de Butarque,40.3404,-3.7607
2026-01-11,13:30,Netherlands,Go Ahead Eagles,For Sittard,Eredivisie,De Adelaarshorst,52.260416,6.172578
2026-01-11,14:00,Italy,Fiorentina,Milan,Serie A,Stadio Artemio Franchi,43.78083,11.28222
2026-01-11,14:00,Greece,Levadeiakos,Volos NFC,Super League Greece,Levadia Municipal Stadium,38.4358972,22.8828444
2026-01-11,15:15,Spain,Levante,Espanol,La Liga,Municipal de Butarque,40.3404,-3.7607
2026-01-11,15:15,Spain,Granada,Castellon,Segunda Division,Montilivi,41.96139,2.82861
2026-01-11,15:30,Portugal,Nacional,Santa Clara,Primeira Liga,Estádio da Madeira,32.670625,-16.883525
2026-01-11,15:45,Netherlands,Sparta Rotterdam,Heracles,Eredivisie,Spartastadion Het Kasteel,51.919485,4.433619
2026-01-11,16:15,Greece,Padova,Modena,Serie B,Toumba Stadium,40.61389,22.9725
2026-01-11,16:30,Germany,Bayern Munich,Wolfsburg,Bundesliga,Allianz Arena,48.218775,11.624752777778
2026-01-11,17:00,Italy,Verona,Lazio,Serie A,Stadio Marcantonio Bentegodi,45.43528,10.96861
2026-01-11,17:30,Greece,Aris,AEK,Super League Greece,Kleanthis Vikelidis Stadium,40.6,22.96944
2026-01-11,18:00,Portugal,Moreirense,Tondela,Primeira Liga,Estádio Comendador Joaquim de Almeida Freitas,41.37806,-8.35472
2026-01-11,19:00,Greece,Panathinaikos,Panserraikos,Super League Greece,Athens Olympic Stadium,38.03606806,23.7876
2026-01-12,17:30,Italy,Genoa,Cagliari,Serie A,Stadio Luigi Ferraris,44.41639,8.9525
2026-01-12,19:45,Italy,Juventus,Cremonese,Serie A,Juventus Stadium,45.10944,7.64111
2026-01-12,20:00,Spain,Sevilla,Celta,La Liga,Ramón Sánchez-Pizjuán,37.384,-5.9705
2026-01-13,17:30,Germany,Stuttgart,Ein Frankfurt,Bundesliga,MHPArena,48.79222,9.23194
2026-01-13,19:30,Germany,Dortmund,Werder Bremen,Bundesliga,Signal Iduna Park,51.4925,7.45167
2026-01-13,19:30,Germany,Mainz,Heidenheim,Bundesliga,Mewa Arena,49.98417,8.22417
2026-01-14,17:30,Germany,Wolfsburg,St Pauli,Bundesliga,Volkswagen Arena,52.43278,10.80389
2026-01-14,17:30,Italy,Napoli,Parma,Serie A,Stadio Diego Armando Maradona,40.828,14.193
2026-01-14,19:30,Germany,Hoffenheim,M'gladbach,Bundesliga,PreZero Arena,49.23806,8.8875
2026-01-14,19:30,Germany,RB Leipzig,Freiburg,Bundesliga,Red Bull Arena,51.34583,12.34833
2026-01-15,17:30,Italy,Verona,Bologna,Serie A,Stadio Marcantonio Bentegodi,45.43528,10.96861
2026-01-15,19:30,Germany,Augsburg,Union Berlin,Bundesliga,WWK Arena,48.32306,10.88611
2026-01-15,19:45,Italy,Como,Milan,Serie A,Stadio Giuseppe Sinigaglia,45.81389,9.07222
2026-01-16,17:30,Netherlands,Fortuna Dusseldorf,Bielefeld,2. Bundesliga,Fortuna Sittard Stadion,50.992069,5.843675
2026-01-16,18:00,France,Monaco,Lorient,Ligue 1,Stade Louis II,43.7275,7.41556
2026-01-16,19:00,Netherlands,Annecy,Amiens,Ligue 2,Goffertstadion,51.8225,5.83667
2026-01-16,19:00,Italy,Boulogne,Montpellier,Ligue 2,Stadio Renato Dall'Ara,44.49222,11.30972
2026-01-16,19:00,Greece,Laval,Bastia,Ligue 2,Lamia Municipal Stadium,38.91,22.43111
2026-01-16,19:30,Germany,Werder Bremen,Ein Frankfurt,Bundesliga,Weserstadion,53.06639,8.8375
2026-01-16,19:30,Turkey,Sampdoria,Virtus Entella,Serie B,Samsun 19 Mayıs Stadium,41.22778,36.4575
2026-01-16,19:45,Belgium,Club Brugge,RAAL La Louviere,Belgian Pro League,Jan Breydel Stadium,51.19333,3.18056
2026-01-16,20:00,Belgium,West Brom,Middlesbrough,Championship,Het Kuipje,51.094817,4.928806
2026-01-16,20:00,Spain,Espanol,Girona,La Liga,RCDE Stadium,41.34778,2.07556
2026-01-16,20:00,France,Paris SG,Lille,Ligue 1,Parc des Princes,48.84138888888889,2.2530555555555556
2026-01-17,12:30,England,Man United,Man City,Premier League,Old Trafford,53.463055555556,-2.2913888888889
2026-01-17,12:30,England,Ipswich,Blackburn,Championship,Portman Road,52.055,1.14528
2026-01-17,12:30,England,Watford,Millwall,Championship,Brentford Community Stadium,51.49083,-0.28861
2026-01-17,13:00,Spain,Real Madrid,Levante,La Liga,Santiago Bernabéu,40.45306,-3.68835
2026-01-17,13:00,Italy,Grenoble,Red Star,Ligue 2,Stadio Luigi Ferraris,44.41639,8.9525
2026-01-17,13:30,Greece,Panserraikos,Kifisia,Super League Greece,Serres Municipal Stadium,41.0847,23.5466
2026-01-17,14:00,Italy,Udinese,Inter,Serie A,Stadio Friuli,46.0816,13.2001
2026-01-17,14:00,Italy,Empoli,Sudtirol,Serie B,Stadio Carlo Castellani - Computer Gross Arena,43.72639,10.955
2026-01-17,14:00,Italy,Monza,Frosinone,Serie B,Stadio Brianteo,45.58278,9.30806
2026-01-17,14:00,Greece,Padova,Mantova,Serie B,Toumba Stadium,40.61389,22.9725
2026-01-17,14:00,Italy,Venezia,Catanzaro,Serie B,Stadio Pier Luigi Penzo,45.4277611,12.3637306
2026-01-17,14:00,Turkey,Buyuksehyr,Karagumruk,Super Lig,Başakşehir Fatih Terim Stadium,41.12278,28.80861
2026-01-17,14:30,Germany,Dortmund,St Pauli,Bundesliga,Signal Iduna Park,51.4925,7.45167
2026-01-17,14:30,Germany,Hoffenheim,Leverkusen,Bundesliga,PreZero Arena,49.23806,8.8875
2026-01-17,14:30,Germany,Wolfsburg,Heidenheim,Bundesliga,Volkswagen Arena,52.43278,10.80389
2026-01-17,15:00,England,Chelsea,Brentford,Premier League,Stamford Bridge,51.481666666667,-0.19111111111111
2026-01-17,15:00,England,Liverpool,Burnley,Premier League,Anfield,53.4308,-2.9608
2026-01-17,15:00,England,Tottenham,West Ham,Premier League,Tottenham Hotspur Stadium,51.6044,-0.0664
2026-01-17,15:00,Belgium,Charlton,Sheffield United,Championship,Stade du Pays de Charleroi,50.414609,4.453787
2026-01-17,15:00,Portugal,Preston,Derby,Championship,Estádio do Dragão,41.1618,-8.5839
2026-01-17,15:00,England,Southampton,Hull,Championship,St Mary's Stadium,50.90583,-1.39111
2026-01-17,15:15,Spain,Mallorca,Ath Bilbao,La Liga,Mallorca Son Moix,39.59,2.63
2026-01-17,15:30,Netherlands,Ajax,Go Ahead Eagles,Eredivisie,Johan Cruyff Arena,52.31417,4.94194
2026-01-17,15:30,Portugal,Gil Vicente,Nacional,Primeira Liga,Estádio Cidade de Barcelos,41.551,-8.623
2026-01-17,16:00,France,Lens,Auxerre,Ligue 1,Stade Bollaert-Delelis,50.43278,2.815
2026-01-17,17:00,Italy,Napoli,Sassuolo,Serie A,Stadio Diego Armando Maradona,40.828,14.193
2026-01-17,17:00,Turkey,Galatasaray,Gaziantep,Super Lig,Rams Park,41.10278,28.99056
2026-01-17,17:15,Belgium,Westerlo,Cercle Brugge,Belgian Pro League,Het Kuipje,51.094817,4.928806
2026-01-17,17:30,England,Nott'm Forest,Arsenal,Premier League,City Ground,52.94,-1.13278
2026-01-17,17:30,Spain,Osasuna,Oviedo,La Liga,El Sadar,42.79667,-1.63694
2026-01-17,17:30,Portugal,Zaragoza,Sociedad B,Segunda Division,Estádio Municipal de Braga,41.5625,-8.43
2026-01-17,17:30,Germany,RB Leipzig,Bayern Munich,Bundesliga,Red Bull Arena,51.34583,12.34833
2026-01-17,17:45,Netherlands,Zwolle,AZ Alkmaar,Eredivisie,MAC³PARK Stadion,52.51722,6.12083
2026-01-17,18:00,France,Toulouse,Nice,Ligue 1,Stadium de Toulouse,43.58306,1.43417
2026-01-17,18:00,Portugal,Alverca,Moreirense,Primeira Liga,Estádio Municipal de Arouca,40.933,-8.2503
2026-01-17,18:00,Portugal,AVS,Arouca,Primeira Liga,Estádio do CD Aves,41.366932,-8.411789
2026-01-17,18:30,Greece,Bari,Juve Stabia,Serie B,Kleanthis Vikelidis Stadium,40.6,22.96944
2026-01-17,19:00,Netherlands,For Sittard,PSV Eindhoven,Eredivisie,Fortuna Sittard Stadion,50.992069,5.843675
2026-01-17,19:45,Italy,Cagliari,Juventus,Serie A,Unipol Domus,39.2,9.1375
2026-01-17,19:55,France,St Etienne,Clermont,Ligue 2,Stade Geoffroy Guichard,45.46083,4.39028
2026-01-17,20:00,Spain,Betis,Villarreal,La Liga,Benito Villamarín,37.35639,-5.98139
2026-01-17,20:00,Spain,Almeria,La Coruna,Segunda Division,Mestalla,39.47472,-0.35833
2026-01-17,20:00,Netherlands,NAC Breda,Nijmegen,Eredivisie,Rat Verlegh Stadion,51.595,4.75028
2026-01-17,20:05,France,Angers,Marseille,Ligue 1,Stade Raymond Kopa,47.460458,-0.530741
2026-01-17,20:30,Portugal,Rio Ave,Benfica,Primeira Liga,Estádio dos Arcos,41.36278,-8.74028
2026-01-18,11:15,Netherlands,Heerenveen,Groningen,Eredivisie,Abe Lenstra Stadion,52.95861,5.93611
2026-01-18,11:30,Italy,Parma,Genoa,Serie A,Stadio Ennio Tardini,44.795,10.33833
2026-01-18,12:30,Germany,Bochum,Darmstadt,2. Bundesliga,Vonovia Ruhrstadion,51.49,7.23667
2026-01-18,12:30,Germany,Holstein Kiel,Paderborn,2. Bundesliga,Holstein-Stadion,54.34917,10.12361
2026-01-18,12:30,Belgium,Gent,Anderlecht,Belgian Pro League,Planet Group Arena,51.01611,3.73417
2026-01-18,13:00,Spain,Getafe,Valencia,La Liga,Coliseum,40.32556,-3.71472
2026-01-18,13:00,Denmark,Mirandes,Andorra,Segunda Division,Cepheus Park Randers,56.46594,10.010262
2026-01-18,13:30,Netherlands,Heracles,Twente,Eredivisie,Asito Stadion[3],52.33889,6.65056
2026-01-18,14:00,England,Wolves,Newcastle,Premier League,Molineux Stadium,52.59028,-2.13028
2026-01-18,14:00,Italy,Bologna,Fiorentina,Serie A,Stadio Renato Dall'Ara,44.49222,11.30972
2026-01-18,14:00,Italy,Pescara,Modena,Serie B,Stadio Ennio Tardini,44.795,10.33833
2026-01-18,14:00,France,Strasbourg,Metz,Ligue 1,Stade de la Meinau,48.56,7.755
2026-01-18,14:00,Turkey,Kocaelispor,Trabzonspor,Super Lig,RHG Enertürk Enerji Stadium,38.73722,35.42306
2026-01-18,14:30,Germany,Stuttgart,Union Berlin,Bundesliga,MHPArena,48.79222,9.23194
2026-01-18,15:00,Belgium,Dender,Antwerp,Belgian Pro League,Van Roystadion,50.883683,4.071185
2026-01-18,15:00,Greece,Larisa,Aris,Super League Greece,Kleanthis Vikelidis Stadium,40.6,22.96944
2026-01-18,15:15,Spain,Ath Madrid,Alaves,La Liga,Santiago Bernabéu,40.45306,-3.68835
2026-01-18,15:15,Denmark,Santander,Las Palmas,Segunda Division,Cepheus Park Randers,56.46594,10.010262
2026-01-18,15:30,Portugal,Santa Clara,Famalicao,Primeira Liga,Estádio de São Miguel,37.763694,-25.622611
2026-01-18,15:45,Netherlands,Feyenoord,Sparta Rotterdam,Eredivisie,De Kuip,51.89389,4.52306
2026-01-18,16:15,Italy,Palermo,Spezia,Serie B,Stadio Ennio Tardini,44.795,10.33833
2026-01-18,16:15,France,Nantes,Paris FC,Ligue 1,Stade de la Beaujoire,47.256,-1.525
2026-01-18,16:15,France,Rennes,Le Havre,Ligue 1,Roazhon Park,48.1075,-1.71278
2026-01-18,16:30,England,Aston Villa,Everton,Premier League,Villa Park,52.509166666667,-1.8847222222222
2026-01-18,16:30,Germany,Augsburg,Freiburg,Bundesliga,WWK Arena,48.32306,10.88611
2026-01-18,17:00,Italy,Torino,Roma,Serie A,Stadio Olimpico Grande Torino,45.04167,7.65
2026-01-18,17:00,Turkey,Alanyaspor,Fenerbahce,Super Lig,Alanya Oba Stadium,36.5626,32.0792
2026-01-18,17:00,Greece,PAOK,OFI Crete,Super League Greece,Toumba Stadium,40.61389,22.9725
2026-01-18,17:30,Spain,Celta,Vallecano,La Liga,Balaídos,42.2118,-8.7397
2026-01-18,17:30,Belgium,Charleroi,Standard,Belgian Pro League,Stade du Pays de Charleroi,50.414609,4.453787
2026-01-18,18:15,Belgium,St Truiden,Oud-Heverlee Leuven,Belgian Pro League,Stayen,50.813474,5.166256
2026-01-18,19:45,Italy,Milan,Lecce,Serie A,San Siro,45.47806,9.12389
2026-01-18,19:45,France,Lyon,Brest,Ligue 1,Groupama Stadium,45.765224,4.982131
2026-01-18,20:00,Spain,Sociedad,Barcelona,La Liga,Anoeta,43.30139,-1.97361
2026-01-18,20:30,Portugal,Guimaraes,Porto,Primeira Liga,Estádio D. Afonso Henriques,41.44583,-8.30111
2026-01-19,14:00,Turkey,Konyaspor,Eyupspor,Super Lig,Konya Metropolitan Municipality Stadium,37.946,32.488
2026-01-19,16:00,Greece,Panetolikos,Levadeiakos,Super League Greece,Panetolikos Stadium,38.63,21.41167
2026-01-19,17:00,Turkey,Besiktas,Kayserispor,Super Lig,Tüpraş Stadium,41.03917,28.99472
2026-01-19,17:00,Turkey,Goztep,Rizespor,Super Lig,Gürsel Aksel Stadium,38.396821,27.07595
2026-01-19,18:00,Greece,Volos NFC,Atromitos,Super League Greece,Panthessaliko Stadium,39.3875,22.93111
2026-01-19,19:30,Spain,Granada,Eibar,Segunda Division,Montilivi,41.96139,2.82861
2026-01-19,19:45,Italy,Lazio,Como,Serie A,Stadio Olimpico,41.93389,12.45472
2026-01-19,20:00,England,Brighton,Bournemouth,Premier League,Falmer Stadium,50.861822222222,-0.083277777777778
2026-01-19,20:15,Portugal,Estrela,Estoril,Primeira Liga,Estádio José Gomes,38.75194,-9.22806
2026-01-20,19:45,Belgium,Charlton,Derby,Championship,Stade du Pays de Charleroi,50.414609,4.453787
2026-01-20,19:45,England,Ipswich,Bristol City,Championship,Portman Road,52.055,1.14528
2026-01-20,19:45,Portugal,Preston,Hull,Championship,Estádio do Dragão,41.1618,-8.5839
2026-01-20,19:45,Belgium,West Brom,Norwich,Championship,Het Kuipje,51.094817,4.928806
2026-01-21,19:45,England,Southampton,Sheffield United,Championship,St Mary's Stadium,50.90583,-1.39111
2026-01-21,19:45,England,Watford,Portsmouth,Championship,Brentford Community Stadium,51.49083,-0.28861
